#pragma once

#include <cstdint>

// 320x240 RGB565 artwork.
// Generated from a source PNG by scripts/build_splash_image.py
// (Pillow LANCZOS resample + (R5<<11)|(G6<<5)|B5 packing).
// 153,600 bytes; lives in flash on Teensy via constexpr.

namespace core::mapping_prompt {

constexpr int kW = 320;
constexpr int kH = 240;

inline constexpr uint16_t kImage[kW * kH] = {
    0x0000, 0x0000, 0x0000, 0x0000, 0x0000, 0x0000, 0x0000, 0x0000, 0x0000, 0x0000, 0x0000, 0x0000, 0x0000, 0x0000, 0x0000, 0x0000,
    0x0000, 0x0000, 0x0000, 0x0000, 0x0000, 0x0000, 0x0000, 0x0000, 0x0000, 0x0000, 0x0000, 0x0000, 0x0000, 0x0000, 0x0000, 0x0000,
    0x0000, 0x0000, 0x0000, 0x0000, 0x0000, 0x0000, 0x0000, 0x0000, 0x0000, 0x0000, 0x0000, 0x0000, 0x0000, 0x0000, 0x0000, 0x0000,
    0x0000, 0x0000, 0x0000, 0x0000, 0x0000, 0x0000, 0x0000, 0x0000, 0x0000, 0x0000, 0x0000, 0x0000, 0x0000, 0x0000, 0x0000, 0x0000,
    0x0000, 0x0000, 0x0000, 0x0000, 0x0000, 0x0000, 0x0000, 0x0000, 0x0000, 0x0000, 0x0000, 0x0000, 0x0000, 0x0000, 0x0000, 0x0000,
    0x0000, 0x0000, 0x0000, 0x0000, 0x0000, 0x0000, 0x0000, 0x0000, 0x0000, 0x0000, 0x0000, 0x0000, 0x0000, 0x0000, 0x0000, 0x0000,
    0x0000, 0x0000, 0x0000, 0x0000, 0x0000, 0x0000, 0x0000, 0x0000, 0x0000, 0x0000, 0x0000, 0x0000, 0x0000, 0x0000, 0x0000, 0x0000,
    0x0000, 0x0000, 0x0000, 0x0000, 0x0000, 0x0000, 0x0000, 0x0000, 0x0000, 0x0000, 0x0000, 0x0000, 0x0000, 0x0000, 0x0000, 0x0000,
    0x0000, 0x0000, 0x0000, 0x0000, 0x0000, 0x0000, 0x0000, 0x0000, 0x0000, 0x0000, 0x0000, 0x0000, 0x0000, 0x0000, 0x0000, 0x0000,
    0x0000, 0x0000, 0x0000, 0x0000, 0x0000, 0x0000, 0x0000, 0x0000, 0x0000, 0x0000, 0x0000, 0x0000, 0x0000, 0x0000, 0x0000, 0x0000,
    0x0000, 0x0000, 0x0000, 0x0000, 0x0000, 0x0000, 0x0000, 0x0000, 0x0000, 0x0000, 0x0000, 0x0000, 0x0000, 0x0000, 0x0000, 0x0000,
    0x0000, 0x0000, 0x0000, 0x0000, 0x0000, 0x0000, 0x0000, 0x0000, 0x0000, 0x0000, 0x0000, 0x0000, 0x0000, 0x0000, 0x0000, 0x0000,
    0x0000, 0x0000, 0x0000, 0x0000, 0x0000, 0x0000, 0x0000, 0x0000, 0x0000, 0x0000, 0x0000, 0x0000, 0x0000, 0x0000, 0x0000, 0x0000,
    0x0000, 0x0000, 0x0000, 0x0000, 0x0000, 0x0000, 0x0000, 0x0000, 0x0000, 0x0000, 0x0000, 0x0000, 0x0000, 0x0000, 0x0000, 0x0000,
    0x0000, 0x0000, 0x0000, 0x0000, 0x0000, 0x0000, 0x0000, 0x0000, 0x0000, 0x0000, 0x0000, 0x0000, 0x0000, 0x0000, 0x0000, 0x0000,
    0x0000, 0x0000, 0x0000, 0x0000, 0x0000, 0x0000, 0x0000, 0x0000, 0x0000, 0x0000, 0x0000, 0x0000, 0x0000, 0x0000, 0x0000, 0x0000,
    0x0000, 0x0000, 0x0000, 0x0000, 0x0000, 0x0000, 0x0000, 0x0000, 0x0000, 0x0000, 0x0000, 0x0000, 0x0000, 0x0000, 0x0000, 0x0000,
    0x0000, 0x0000, 0x0000, 0x0000, 0x0000, 0x0000, 0x0000, 0x0000, 0x0000, 0x0000, 0x0000, 0x0000, 0x0000, 0x0000, 0x0000, 0x0000,
    0x0000, 0x0000, 0x0000, 0x0000, 0x0000, 0x0000, 0x0000, 0x0000, 0x0000, 0x0000, 0x0000, 0x0000, 0x0000, 0x0000, 0x0000, 0x0000,
    0x0000, 0x0000, 0x0000, 0x0000, 0x0000, 0x0000, 0x0000, 0x0000, 0x0000, 0x0000, 0x0000, 0x0000, 0x0000, 0x0000, 0x0000, 0x0000,
    0x0000, 0x0000, 0x0000, 0x0000, 0x0000, 0x0000, 0x0000, 0x0000, 0x0000, 0x0000, 0x0000, 0x0000, 0x0000, 0x0000, 0x0000, 0x0000,
    0x0000, 0x0000, 0x0000, 0x0000, 0x0000, 0x0000, 0x0000, 0x0000, 0x0000, 0x0000, 0x0000, 0x0000, 0x0000, 0x0000, 0x0000, 0x0000,
    0x0000, 0x0000, 0x0000, 0x0000, 0x0000, 0x0000, 0x0000, 0x0000, 0x0000, 0x0000, 0x0000, 0x0000, 0x0000, 0x0000, 0x0000, 0x0000,
    0x0000, 0x0000, 0x0000, 0x0000, 0x0000, 0x0000, 0x0000, 0x0000, 0x0000, 0x0000, 0x0000, 0x0000, 0x0000, 0x0000, 0x0000, 0x0000,
    0x0000, 0x0000, 0x0000, 0x0000, 0x0000, 0x0000, 0x0000, 0x0000, 0x0000, 0x0000, 0x0000, 0x0000, 0x0000, 0x0000, 0x0000, 0x0000,
    0x0000, 0x0000, 0x0000, 0x0000, 0x0000, 0x0000, 0x0000, 0x0000, 0x0000, 0x0000, 0x0000, 0x0000, 0x0000, 0x0000, 0x0000, 0x0000,
    0x0000, 0x0000, 0x0000, 0x0000, 0x0000, 0x0000, 0x0000, 0x0000, 0x0000, 0x0000, 0x0000, 0x0000, 0x0000, 0x0000, 0x0000, 0x0000,
    0x0000, 0x0000, 0x0000, 0x0000, 0x0000, 0x0000, 0x0000, 0x0000, 0x0000, 0x0000, 0x0000, 0x0000, 0x0000, 0x0000, 0x0000, 0x0000,
    0x0000, 0x0000, 0x0000, 0x0000, 0x0000, 0x0000, 0x0000, 0x0000, 0x0000, 0x0000, 0x0000, 0x0000, 0x0000, 0x0000, 0x0000, 0x0000,
    0x0000, 0x0000, 0x0000, 0x0000, 0x0000, 0x0000, 0x0000, 0x0000, 0x0000, 0x0000, 0x0000, 0x0000, 0x0000, 0x0000, 0x0000, 0x0000,
    0x0000, 0x0000, 0x0000, 0x0000, 0x0000, 0x0000, 0x0000, 0x0000, 0x0000, 0x0000, 0x0000, 0x0000, 0x0000, 0x0000, 0x0000, 0x0000,
    0x0000, 0x0000, 0x0000, 0x0000, 0x0000, 0x0000, 0x0000, 0x0000, 0x0000, 0x0000, 0x0000, 0x0000, 0x0000, 0x0000, 0x0000, 0x0000,
    0x0000, 0x0000, 0x0000, 0x0000, 0x0000, 0x0000, 0x0000, 0x0000, 0x0000, 0x0000, 0x0000, 0x0000, 0x0000, 0x0000, 0x0000, 0x0000,
    0x0000, 0x0000, 0x0000, 0x0000, 0x0000, 0x0000, 0x0000, 0x0000, 0x0000, 0x0000, 0x0000, 0x0000, 0x0000, 0x0000, 0x0000, 0x0000,
    0x0000, 0x0000, 0x0000, 0x0000, 0x0000, 0x0000, 0x0000, 0x0000, 0x0000, 0x0000, 0x0000, 0x0000, 0x0000, 0x0000, 0x0000, 0x0000,
    0x0000, 0x0000, 0x0000, 0x0000, 0x0000, 0x0000, 0x0000, 0x0000, 0x0000, 0x0000, 0x0000, 0x0000, 0x0000, 0x0000, 0x0000, 0x0000,
    0x0000, 0x0000, 0x0000, 0x0000, 0x0000, 0x0000, 0x0000, 0x0000, 0x0000, 0x0000, 0x0000, 0x0000, 0x0000, 0x0000, 0x0000, 0x0000,
    0x0000, 0x0000, 0x0000, 0x0000, 0x0000, 0x0000, 0x0000, 0x0000, 0x0000, 0x0000, 0x0000, 0x0000, 0x0000, 0x0000, 0x0000, 0x0000,
    0x0000, 0x0000, 0x0000, 0x0000, 0x0000, 0x0000, 0x0000, 0x0000, 0x0000, 0x0000, 0x0000, 0x0000, 0x0000, 0x0000, 0x0000, 0x0000,
    0x0000, 0x0000, 0x0000, 0x0000, 0x0000, 0x0000, 0x0000, 0x0000, 0x0000, 0x0000, 0x0000, 0x0000, 0x0000, 0x0000, 0x0000, 0x0000,
    0x0000, 0x0000, 0x0000, 0x0000, 0x0000, 0x0000, 0x0000, 0x0000, 0x0000, 0x0000, 0x0000, 0x0000, 0x0000, 0x0000, 0x0000, 0x0000,
    0x0000, 0x0000, 0x0000, 0x0000, 0x0000, 0x0000, 0x0000, 0x0000, 0x0000, 0x0000, 0x0000, 0x0000, 0x0000, 0x0000, 0x0000, 0x0000,
    0x0000, 0x0000, 0x0000, 0x0000, 0x0000, 0x0000, 0x0000, 0x0000, 0x0000, 0x0000, 0x0000, 0x0000, 0x0000, 0x0000, 0x0000, 0x0000,
    0x0000, 0x0000, 0x0000, 0x0000, 0x0000, 0x0000, 0x0000, 0x0000, 0x0000, 0x0000, 0x0000, 0x0000, 0x0000, 0x0000, 0x0000, 0x0000,
    0x0000, 0x0000, 0x0000, 0x0000, 0x0000, 0x0000, 0x0000, 0x0000, 0x0000, 0x0000, 0x0000, 0x0000, 0x0000, 0x0000, 0x0000, 0x0000,
    0x0000, 0x0000, 0x0000, 0x0000, 0x0000, 0x0000, 0x0000, 0x0000, 0x0000, 0x0000, 0x0000, 0x0000, 0x0000, 0x0000, 0x0000, 0x0000,
    0x0000, 0x0000, 0x0000, 0x0000, 0x0000, 0x0000, 0x0000, 0x0000, 0x0000, 0x0000, 0x0000, 0x0000, 0x0000, 0x0000, 0x0000, 0x0000,
    0x0000, 0x0000, 0x0000, 0x0000, 0x0000, 0x0000, 0x0000, 0x0000, 0x0000, 0x0000, 0x0000, 0x0000, 0x0000, 0x0000, 0x0000, 0x0000,
    0x0000, 0x0000, 0x0000, 0x0000, 0x0000, 0x0000, 0x0000, 0x0000, 0x0000, 0x0000, 0x0000, 0x0000, 0x0000, 0x0000, 0x0000, 0x0000,
    0x0000, 0x0000, 0x0000, 0x0000, 0x0000, 0x0000, 0x0000, 0x0000, 0x0000, 0x0000, 0x0000, 0x0000, 0x0000, 0x0000, 0x0000, 0x0000,
    0x0000, 0x0000, 0x0000, 0x0000, 0x0000, 0x0000, 0x0000, 0x0000, 0x0000, 0x0000, 0x0000, 0x0000, 0x0000, 0x0000, 0x0000, 0x0000,
    0x0000, 0x0000, 0x0000, 0x0000, 0x0000, 0x0000, 0x0000, 0x0000, 0x0000, 0x0000, 0x0000, 0x0000, 0x0000, 0x0000, 0x0000, 0x0000,
    0x0000, 0x0000, 0x0000, 0x0000, 0x0000, 0x0000, 0x0000, 0x0000, 0x0000, 0x0000, 0x0000, 0x0000, 0x0000, 0x0000, 0x0000, 0x0000,
    0x0000, 0x0000, 0x0000, 0x0000, 0x0000, 0x0000, 0x0000, 0x0000, 0x0000, 0x0000, 0x0000, 0x0000, 0x0000, 0x0000, 0x0000, 0x0000,
    0x0000, 0x0000, 0x0000, 0x0000, 0x0000, 0x0000, 0x0000, 0x0000, 0x0000, 0x0000, 0x0000, 0x0000, 0x0000, 0x0000, 0x0000, 0x0000,
    0x0000, 0x0000, 0x0000, 0x0000, 0x0000, 0x0000, 0x0000, 0x0000, 0x0000, 0x0000, 0x0000, 0x0000, 0x0000, 0x0000, 0x0000, 0x0000,
    0x0000, 0x0000, 0x0000, 0x0000, 0x0000, 0x0000, 0x0000, 0x0000, 0x0000, 0x0000, 0x0000, 0x0000, 0x0000, 0x0000, 0x0000, 0x0000,
    0x0000, 0x0000, 0x0000, 0x0000, 0x0000, 0x0000, 0x0000, 0x0000, 0x0000, 0x0000, 0x0000, 0x0000, 0x0000, 0x0000, 0x0000, 0x0000,
    0x0000, 0x0000, 0x0000, 0x0000, 0x0000, 0x0000, 0x0000, 0x0000, 0x0000, 0x0000, 0x0000, 0x0000, 0x0000, 0x0000, 0x0000, 0x0000,
    0x0000, 0x0000, 0x0000, 0x0000, 0x0000, 0x0000, 0x0000, 0x0000, 0x0000, 0x0000, 0x0000, 0x0000, 0x0000, 0x0000, 0x0000, 0x0000,
    0x0000, 0x0000, 0x0000, 0x0000, 0x0000, 0x0000, 0x0000, 0x0000, 0x0000, 0x0000, 0x0000, 0x0000, 0x0000, 0x0000, 0x0000, 0x0000,
    0x0000, 0x0000, 0x0000, 0x0000, 0x0000, 0x0000, 0x0000, 0x0000, 0x0000, 0x0000, 0x0000, 0x0000, 0x0000, 0x0000, 0x0000, 0x0000,
    0x0000, 0x0000, 0x0000, 0x0000, 0x0000, 0x0000, 0x0000, 0x0000, 0x0000, 0x0000, 0x0000, 0x0000, 0x0000, 0x0000, 0x0000, 0x0000,
    0x0000, 0x0000, 0x0000, 0x0000, 0x0000, 0x0000, 0x0000, 0x0000, 0x0000, 0x0000, 0x0000, 0x0000, 0x0000, 0x0000, 0x0000, 0x0000,
    0x0000, 0x0000, 0x0000, 0x0000, 0x0000, 0x0000, 0x0000, 0x0000, 0x0000, 0x0000, 0x0000, 0x0000, 0x0000, 0x0000, 0x0000, 0x0000,
    0x0000, 0x0000, 0x0000, 0x0000, 0x0000, 0x0000, 0x0000, 0x0000, 0x0000, 0x0000, 0x0000, 0x0000, 0x0000, 0x0000, 0x0000, 0x0000,
    0x0000, 0x0000, 0x0000, 0x0000, 0x0000, 0x0000, 0x0000, 0x0000, 0x0000, 0x0000, 0x0000, 0x0000, 0x0000, 0x0000, 0x0000, 0x0000,
    0x0000, 0x0000, 0x0000, 0x0000, 0x0000, 0x0000, 0x0000, 0x0000, 0x0000, 0x0000, 0x0000, 0x0000, 0x0000, 0x0000, 0x0000, 0x0000,
    0x0000, 0x0000, 0x0000, 0x0000, 0x0000, 0x0000, 0x0000, 0x0000, 0x0000, 0x0000, 0x0000, 0x0000, 0x0000, 0x0000, 0x0000, 0x0000,
    0x0000, 0x0000, 0x0000, 0x0000, 0x0000, 0x0000, 0x0000, 0x0000, 0x0000, 0x0000, 0x0000, 0x0000, 0x0000, 0x0000, 0x0000, 0x0000,
    0x0000, 0x0000, 0x0000, 0x0000, 0x0000, 0x0000, 0x0000, 0x0000, 0x0000, 0x0000, 0x0000, 0x0000, 0x0000, 0x0000, 0x0000, 0x0000,
    0x0000, 0x0000, 0x0000, 0x0000, 0x0000, 0x0000, 0x0000, 0x0000, 0x0000, 0x0000, 0x0000, 0x0000, 0x0000, 0x0000, 0x0000, 0x0000,
    0x0000, 0x0000, 0x0000, 0x0000, 0x0000, 0x0000, 0x0000, 0x0000, 0x0000, 0x0000, 0x0000, 0x0000, 0x0000, 0x0000, 0x0000, 0x0000,
    0x0000, 0x0000, 0x0000, 0x0000, 0x0000, 0x0000, 0x0000, 0x0000, 0x0000, 0x0000, 0x0000, 0x0000, 0x0000, 0x0000, 0x0000, 0x0000,
    0x0000, 0x0000, 0x0000, 0x0000, 0x0000, 0x0000, 0x0000, 0x0000, 0x0000, 0x0000, 0x0000, 0x0000, 0x0000, 0x0000, 0x0000, 0x0000,
    0x0000, 0x0000, 0x0000, 0x0000, 0x0000, 0x0000, 0x0000, 0x0000, 0x0000, 0x0000, 0x0000, 0x0000, 0x0000, 0x0000, 0x0000, 0x0000,
    0x0000, 0x0000, 0x0000, 0x0000, 0x0000, 0x0000, 0x0000, 0x0000, 0x0000, 0x0000, 0x0000, 0x0000, 0x0000, 0x0000, 0x0000, 0x0000,
    0x0000, 0x0000, 0x0000, 0x0000, 0x0000, 0x0000, 0x0000, 0x0000, 0x0000, 0x0000, 0x0000, 0x0000, 0x0000, 0x0000, 0x0000, 0x0000,
    0x0000, 0x0000, 0x0000, 0x0000, 0x0000, 0x0000, 0x0000, 0x0000, 0x0000, 0x0000, 0x0000, 0x0000, 0x0000, 0x0000, 0x0000, 0x0000,
    0x0000, 0x0000, 0x0000, 0x0000, 0x0000, 0x0000, 0x0000, 0x0000, 0x0000, 0x0000, 0x0000, 0x0000, 0x0000, 0x0000, 0x0000, 0x0000,
    0x0000, 0x0000, 0x0000, 0x0000, 0x0000, 0x0000, 0x0000, 0x0000, 0x0000, 0x0000, 0x0000, 0x0000, 0x0000, 0x0000, 0x0000, 0x0000,
    0x0000, 0x0000, 0x0000, 0x0000, 0x0000, 0x0000, 0x0000, 0x0000, 0x0000, 0x0000, 0x0000, 0x0000, 0x0000, 0x0000, 0x0000, 0x0000,
    0x0000, 0x0000, 0x0000, 0x0000, 0x0000, 0x0000, 0x0000, 0x0000, 0x0000, 0x0000, 0x0000, 0x0000, 0x0000, 0x0000, 0x0000, 0x0000,
    0x0000, 0x0000, 0x0000, 0x0000, 0x0000, 0x0000, 0x0000, 0x0000, 0x0000, 0x0000, 0x0000, 0x0000, 0x0000, 0x0000, 0x0000, 0x0000,
    0x0000, 0x0000, 0x0000, 0x0000, 0x0000, 0x0000, 0x0000, 0x0000, 0x0000, 0x0000, 0x0000, 0x0000, 0x0000, 0x0000, 0x0000, 0x0000,
    0x0000, 0x0000, 0x0000, 0x0000, 0x0000, 0x0000, 0x0000, 0x0000, 0x0000, 0x0000, 0x0000, 0x0000, 0x0000, 0x0000, 0x0000, 0x0000,
    0x0000, 0x0000, 0x0000, 0x0000, 0x0000, 0x0000, 0x0000, 0x0000, 0x0000, 0x0000, 0x0000, 0x0000, 0x0000, 0x0000, 0x0000, 0x0000,
    0x0000, 0x0000, 0x0000, 0x0000, 0x0000, 0x0000, 0x0000, 0x0000, 0x0000, 0x0000, 0x0000, 0x0000, 0x0000, 0x0000, 0x0000, 0x0000,
    0x0000, 0x0000, 0x0000, 0x0000, 0x0000, 0x0000, 0x0000, 0x0000, 0x0000, 0x0000, 0x0000, 0x0000, 0x0000, 0x0000, 0x0000, 0x0000,
    0x0000, 0x0000, 0x0000, 0x0000, 0x0000, 0x0000, 0x0000, 0x0000, 0x0000, 0x0000, 0x0000, 0x0000, 0x0000, 0x0000, 0x0000, 0x0000,
    0x0000, 0x0000, 0x0000, 0x0000, 0x0000, 0x0000, 0x0000, 0x0000, 0x0000, 0x0000, 0x0000, 0x0000, 0x0000, 0x0000, 0x0000, 0x0000,
    0x0000, 0x0000, 0x0000, 0x0000, 0x0000, 0x0000, 0x0000, 0x0000, 0x0000, 0x0000, 0x0000, 0x0000, 0x0000, 0x0000, 0x0000, 0x0000,
    0x0000, 0x0000, 0x0000, 0x0000, 0x0000, 0x0000, 0x0000, 0x0000, 0x0000, 0x0000, 0x0000, 0x0000, 0x0000, 0x0000, 0x0000, 0x0000,
    0x0000, 0x0000, 0x0000, 0x0000, 0x0000, 0x0000, 0x0000, 0x0000, 0x0000, 0x0000, 0x0000, 0x0000, 0x0000, 0x0000, 0x0000, 0x0000,
    0x0000, 0x0000, 0x0000, 0x0000, 0x0000, 0x0000, 0x0000, 0x0000, 0x0000, 0x0000, 0x0000, 0x0000, 0x0000, 0x0000, 0x0000, 0x0000,
    0x0000, 0x0000, 0x0000, 0x0000, 0x0000, 0x0000, 0x0000, 0x0000, 0x0000, 0x0000, 0x0000, 0x0000, 0x0000, 0x0000, 0x0000, 0x0000,
    0x0000, 0x0000, 0x0000, 0x0000, 0x0000, 0x0000, 0x0000, 0x0000, 0x0000, 0x0000, 0x0000, 0x0000, 0x0000, 0x0000, 0x0000, 0x0000,
    0x0000, 0x0000, 0x0000, 0x0000, 0x0000, 0x0000, 0x0000, 0x0000, 0x0000, 0x0000, 0x0000, 0x0000, 0x0000, 0x0000, 0x0000, 0x0000,
    0x0000, 0x0000, 0x0000, 0x0000, 0x0000, 0x0000, 0x0000, 0x0000, 0x0000, 0x0000, 0x0000, 0x0000, 0x0000, 0x0000, 0x0000, 0x0000,
    0x0000, 0x0000, 0x0000, 0x0000, 0x0000, 0x0000, 0x0000, 0x0000, 0x0000, 0x0000, 0x0000, 0x0000, 0x0000, 0x0000, 0x0000, 0x0000,
    0x0000, 0x0000, 0x0000, 0x0000, 0x0000, 0x0000, 0x0000, 0x0000, 0x0000, 0x0000, 0x0000, 0x0000, 0x0000, 0x0000, 0x0000, 0x0000,
    0x0000, 0x0000, 0x0000, 0x0000, 0x0000, 0x0000, 0x0000, 0x0000, 0x0000, 0x0000, 0x0000, 0x0000, 0x0000, 0x0000, 0x0000, 0x0000,
    0x0000, 0x0000, 0x0000, 0x0000, 0x0000, 0x0000, 0x0000, 0x0000, 0x0000, 0x0000, 0x0000, 0x0000, 0x0000, 0x0000, 0x0000, 0x0000,
    0x0000, 0x0000, 0x0000, 0x0000, 0x0000, 0x0000, 0x0000, 0x0000, 0x0000, 0x0000, 0x0000, 0x0000, 0x0000, 0x0000, 0x0000, 0x0000,
    0x0000, 0x0000, 0x0000, 0x0000, 0x0000, 0x0000, 0x0000, 0x0000, 0x0000, 0x0000, 0x0000, 0x0000, 0x0000, 0x0000, 0x0000, 0x0000,
    0x0000, 0x0000, 0x0000, 0x0000, 0x0000, 0x0000, 0x0000, 0x0000, 0x0000, 0x0000, 0x0000, 0x0000, 0x0000, 0x0000, 0x0000, 0x0000,
    0x0000, 0x0000, 0x0000, 0x0000, 0x0000, 0x0000, 0x0000, 0x0000, 0x0000, 0x0000, 0x0000, 0x0000, 0x0000, 0x0000, 0x0000, 0x0000,
    0x0000, 0x0000, 0x0000, 0x0000, 0x0000, 0x0000, 0x0000, 0x0000, 0x0000, 0x0000, 0x0000, 0x0000, 0x0000, 0x0000, 0x0000, 0x0000,
    0x0000, 0x0000, 0x0000, 0x0000, 0x0000, 0x0000, 0x0000, 0x0000, 0x0000, 0x0000, 0x0000, 0x0000, 0x0000, 0x0000, 0x0000, 0x0000,
    0x0000, 0x0000, 0x0000, 0x0000, 0x0000, 0x0000, 0x0000, 0x0000, 0x0000, 0x0000, 0x0000, 0x0000, 0x0000, 0x0000, 0x0000, 0x0000,
    0x0000, 0x0000, 0x0000, 0x0000, 0x0000, 0x0000, 0x0000, 0x0000, 0x0000, 0x0000, 0x0000, 0x0000, 0x0000, 0x0000, 0x0000, 0x0000,
    0x0000, 0x0000, 0x0000, 0x0000, 0x0000, 0x0000, 0x0000, 0x0000, 0x0000, 0x0000, 0x0000, 0x0000, 0x0000, 0x0000, 0x0000, 0x0000,
    0x0000, 0x0000, 0x0000, 0x0000, 0x0000, 0x0000, 0x0000, 0x0000, 0x0000, 0x0000, 0x0000, 0x0000, 0x0000, 0x0000, 0x0000, 0x0000,
    0x0000, 0x0000, 0x0000, 0x0000, 0x0000, 0x0000, 0x0000, 0x0000, 0x0000, 0x0000, 0x0000, 0x0000, 0x0000, 0x0000, 0x0000, 0x0000,
    0x0000, 0x0000, 0x0000, 0x0000, 0x0000, 0x0000, 0x0000, 0x0000, 0x0000, 0x0000, 0x0000, 0x0000, 0x0000, 0x0000, 0x0000, 0x0000,
    0x0000, 0x0000, 0x0000, 0x0000, 0x0000, 0x0000, 0x0000, 0x0000, 0x0000, 0x0000, 0x0000, 0x0000, 0x0000, 0x0000, 0x0000, 0x0000,
    0x0000, 0x0000, 0x0000, 0x0000, 0x0000, 0x0000, 0x0000, 0x0000, 0x0000, 0x0000, 0x0000, 0x0000, 0x0000, 0x0000, 0x0000, 0x0000,
    0x0000, 0x0000, 0x0000, 0x0000, 0x0000, 0x0000, 0x0000, 0x0000, 0x0000, 0x0000, 0x0000, 0x0000, 0x0000, 0x0000, 0x0000, 0x0000,
    0x0000, 0x0000, 0x0000, 0x0000, 0x0000, 0x0000, 0x0000, 0x0000, 0x0000, 0x0000, 0x0000, 0x0000, 0x0000, 0x0000, 0x0000, 0x0000,
    0x0000, 0x0000, 0x0000, 0x0000, 0x0000, 0x0000, 0x0000, 0x0000, 0x0000, 0x0000, 0x0000, 0x0000, 0x0000, 0x0000, 0x0000, 0x0000,
    0x0000, 0x0000, 0x0000, 0x0000, 0x0000, 0x0000, 0x0000, 0x0000, 0x0000, 0x0000, 0x0000, 0x0000, 0x0000, 0x0000, 0x0000, 0x0000,
    0x0000, 0x0000, 0x0000, 0x0000, 0x0000, 0x0000, 0x0000, 0x0000, 0x0000, 0x0000, 0x0000, 0x0000, 0x0000, 0x0000, 0x0000, 0x0000,
    0x0000, 0x0000, 0x0000, 0x0000, 0x0000, 0x0000, 0x0000, 0x0000, 0x0000, 0x0000, 0x0000, 0x0000, 0x0000, 0x0000, 0x0000, 0x0000,
    0x0000, 0x0000, 0x0000, 0x0000, 0x0000, 0x0000, 0x0000, 0x0000, 0x0000, 0x0000, 0x0000, 0x0000, 0x0000, 0x0000, 0x0000, 0x0000,
    0x0000, 0x0000, 0x0000, 0x0000, 0x0000, 0x0000, 0x0000, 0x0000, 0x0000, 0x0000, 0x0000, 0x0000, 0x0000, 0x0000, 0x0000, 0x0000,
    0x0000, 0x0000, 0x0000, 0x0000, 0x0000, 0x0000, 0x0000, 0x0000, 0x0000, 0x0000, 0x0000, 0x0000, 0x0000, 0x0000, 0x0000, 0x0000,
    0x0000, 0x0000, 0x0000, 0x0000, 0x0000, 0x0000, 0x0000, 0x0000, 0x0000, 0x0000, 0x0000, 0x0000, 0x0000, 0x0000, 0x0000, 0x0000,
    0x0000, 0x0000, 0x0000, 0x0000, 0x0000, 0x0000, 0x0000, 0x0000, 0x0000, 0x0000, 0x0000, 0x0000, 0x0000, 0x0000, 0x0000, 0x0000,
    0x0000, 0x0000, 0x0000, 0x0000, 0x0000, 0x0000, 0x0000, 0x0000, 0x0000, 0x0000, 0x0000, 0x0000, 0x0000, 0x0000, 0x0000, 0x0000,
    0x0000, 0x0000, 0x0000, 0x0000, 0x0000, 0x0000, 0x0000, 0x0000, 0x0000, 0x0000, 0x0000, 0x0000, 0x0000, 0x0000, 0x0000, 0x0000,
    0x0000, 0x0000, 0x0000, 0x0000, 0x0000, 0x0000, 0x0000, 0x0000, 0x0000, 0x0000, 0x0000, 0x0000, 0x0000, 0x0000, 0x0000, 0x0000,
    0x0000, 0x0000, 0x0000, 0x0000, 0x0000, 0x0000, 0x0000, 0x0000, 0x0000, 0x0000, 0x0000, 0x0000, 0x0000, 0x0000, 0x0000, 0x0000,
    0x0000, 0x0000, 0x0000, 0x0000, 0x0000, 0x0000, 0x0000, 0x0000, 0x0000, 0x0000, 0x0000, 0x0000, 0x0000, 0x0000, 0x0000, 0x0000,
    0x0000, 0x0000, 0x0000, 0x0000, 0x0000, 0x0000, 0x0000, 0x0000, 0x0000, 0x0000, 0x0000, 0x0000, 0x0000, 0x0000, 0x0000, 0x0000,
    0x0000, 0x0000, 0x0000, 0x0000, 0x0000, 0x0000, 0x0000, 0x0000, 0x0000, 0x0000, 0x0000, 0x0000, 0x0000, 0x0000, 0x0000, 0x0000,
    0x0000, 0x0000, 0x0000, 0x0000, 0x0000, 0x0000, 0x0000, 0x0000, 0x0000, 0x0000, 0x0000, 0x0000, 0x0000, 0x0000, 0x0000, 0x0000,
    0x0000, 0x0000, 0x0000, 0x0000, 0x0000, 0x0000, 0x0000, 0x0000, 0x0000, 0x0000, 0x0000, 0x0000, 0x0000, 0x0000, 0x0000, 0x0000,
    0x0000, 0x0000, 0x0000, 0x0000, 0x0000, 0x0000, 0x0000, 0x0000, 0x0000, 0x0000, 0x0000, 0x0000, 0x0000, 0x0000, 0x0000, 0x0000,
    0x0000, 0x0000, 0x0000, 0x0000, 0x0000, 0x0000, 0x0000, 0x0000, 0x0000, 0x0000, 0x0000, 0x0000, 0x0000, 0x0000, 0x0000, 0x0000,
    0x0000, 0x0000, 0x0000, 0x0000, 0x0000, 0x0000, 0x0000, 0x0000, 0x0000, 0x0000, 0x0000, 0x0000, 0x0000, 0x0000, 0x0000, 0x0000,
    0x0000, 0x0000, 0x0000, 0x0000, 0x0000, 0x0000, 0x0000, 0x0000, 0x0000, 0x0000, 0x0000, 0x0000, 0x0000, 0x0000, 0x0000, 0x0000,
    0x0000, 0x0000, 0x0000, 0x0000, 0x0000, 0x0000, 0x0000, 0x0000, 0x0000, 0x0000, 0x0000, 0x0000, 0x0000, 0x0000, 0x0000, 0x0000,
    0x0000, 0x0000, 0x0000, 0x0000, 0x0000, 0x0000, 0x0000, 0x0000, 0x0000, 0x0000, 0x0000, 0x0000, 0x0000, 0x0000, 0x0000, 0x0000,
    0x0000, 0x0000, 0x0000, 0x0000, 0x0000, 0x0000, 0x0000, 0x0000, 0x0000, 0x0000, 0x0000, 0x0000, 0x0000, 0x0000, 0x0000, 0x0000,
    0x0000, 0x0000, 0x0000, 0x0000, 0x0000, 0x0000, 0x0000, 0x0000, 0x0000, 0x0000, 0x0000, 0x0000, 0x0000, 0x0000, 0x0000, 0x0000,
    0x0000, 0x0000, 0x0000, 0x0000, 0x0000, 0x0000, 0x0000, 0x0000, 0x0000, 0x0000, 0x0000, 0x0000, 0x0000, 0x0000, 0x0000, 0x0000,
    0x0000, 0x0000, 0x0000, 0x0000, 0x0000, 0x0000, 0x0000, 0x0000, 0x0000, 0x0000, 0x0000, 0x0000, 0x0000, 0x0000, 0x0000, 0x0000,
    0x0000, 0x0000, 0x0000, 0x0000, 0x0000, 0x0000, 0x0000, 0x0000, 0x0000, 0x0000, 0x0000, 0x0000, 0x0000, 0x0000, 0x0000, 0x0000,
    0x0000, 0x0000, 0x0000, 0x0000, 0x0000, 0x0000, 0x0000, 0x0000, 0x0000, 0x0000, 0x0000, 0x0000, 0x0000, 0x0000, 0x0000, 0x0000,
    0x0000, 0x0000, 0x0000, 0x0000, 0x0000, 0x0000, 0x0000, 0x0000, 0x0000, 0x0000, 0x0000, 0x0000, 0x0000, 0x0000, 0x0000, 0x0000,
    0x0000, 0x0000, 0x0000, 0x0000, 0x0000, 0x0000, 0x0000, 0x0000, 0x0000, 0x0000, 0x0000, 0x0000, 0x0000, 0x0000, 0x0000, 0x0000,
    0x0000, 0x0000, 0x0000, 0x0000, 0x0000, 0x0000, 0x0000, 0x0000, 0x0000, 0x0000, 0x0000, 0x0000, 0x0000, 0x0000, 0x0000, 0x0000,
    0x0000, 0x0000, 0x0000, 0x0000, 0x0000, 0x0000, 0x0000, 0x0000, 0x0000, 0x0000, 0x0000, 0x0000, 0x0000, 0x0000, 0x0000, 0x0000,
    0x0000, 0x0000, 0x0000, 0x0000, 0x0000, 0x0000, 0x0000, 0x0000, 0x0000, 0x0000, 0x0000, 0x0000, 0x0000, 0x0000, 0x0000, 0x0000,
    0x0000, 0x0000, 0x0000, 0x0000, 0x0000, 0x0000, 0x0000, 0x0000, 0x0000, 0x0000, 0x0000, 0x0000, 0x0000, 0x0000, 0x0000, 0x0000,
    0x0000, 0x0000, 0x0000, 0x0000, 0x0000, 0x0000, 0x0000, 0x0000, 0x0000, 0x0000, 0x0000, 0x0000, 0x0000, 0x0000, 0x0000, 0x0000,
    0x0000, 0x0000, 0x0000, 0x0000, 0x0000, 0x0000, 0x0000, 0x0000, 0x0000, 0x0000, 0x0000, 0x0000, 0x0000, 0x0000, 0x0000, 0x0000,
    0x0000, 0x0000, 0x0000, 0x0000, 0x0000, 0x0000, 0x0000, 0x0000, 0x0000, 0x0000, 0x0000, 0x0000, 0x0000, 0x0000, 0x0000, 0x0000,
    0x0000, 0x0000, 0x0000, 0x0000, 0x0000, 0x0000, 0x0000, 0x0000, 0x0000, 0x0000, 0x0000, 0x0000, 0x0000, 0x0000, 0x0000, 0x0000,
    0x0000, 0x0000, 0x0000, 0x0000, 0x0000, 0x0000, 0x0000, 0x0000, 0x0000, 0x0000, 0x0000, 0x0000, 0x0000, 0x0000, 0x0000, 0x0000,
    0x0000, 0x0000, 0x0000, 0x0000, 0x0000, 0x0000, 0x0000, 0x0000, 0x0000, 0x0000, 0x0000, 0x0000, 0x0000, 0x0000, 0x0000, 0x0000,
    0x0000, 0x0000, 0x0000, 0x0000, 0x0000, 0x0000, 0x0000, 0x0000, 0x0000, 0x0000, 0x0000, 0x0000, 0x0000, 0x0000, 0x0000, 0x0000,
    0x0000, 0x0000, 0x0000, 0x0000, 0x0000, 0x0000, 0x0000, 0x0000, 0x0000, 0x0000, 0x0000, 0x0000, 0x0000, 0x0000, 0x0000, 0x0000,
    0x0000, 0x0000, 0x0000, 0x0000, 0x0000, 0x0000, 0x0000, 0x0000, 0x0000, 0x0000, 0x0000, 0x0000, 0x0000, 0x0000, 0x0000, 0x0000,
    0x0000, 0x0000, 0x0000, 0x0000, 0x0000, 0x0000, 0x0000, 0x0000, 0x0000, 0x0000, 0x0000, 0x0000, 0x0000, 0x0000, 0x0000, 0x0000,
    0x0000, 0x0000, 0x0000, 0x0000, 0x0000, 0x0000, 0x0000, 0x0000, 0x0000, 0x0000, 0x0000, 0x0000, 0x0000, 0x0000, 0x0000, 0x0000,
    0x0000, 0x0000, 0x0000, 0x0000, 0x0000, 0x0000, 0x0000, 0x0000, 0x0000, 0x0000, 0x0000, 0x0000, 0x0000, 0x0000, 0x0000, 0x0000,
    0x0000, 0x0000, 0x0000, 0x0000, 0x0000, 0x0000, 0x0000, 0x0000, 0x0000, 0x0000, 0x0000, 0x0000, 0x0000, 0x0000, 0x0000, 0x0000,
    0x0000, 0x0000, 0x0000, 0x0000, 0x0000, 0x0000, 0x0000, 0x0000, 0x0000, 0x0000, 0x0000, 0x0000, 0x0000, 0x0000, 0x0000, 0x0000,
    0x0000, 0x0000, 0x0000, 0x0000, 0x0000, 0x0000, 0x0000, 0x0000, 0x0000, 0x0000, 0x0000, 0x0000, 0x0000, 0x0000, 0x0000, 0x0000,
    0x0000, 0x0000, 0x0000, 0x0000, 0x0000, 0x0000, 0x0000, 0x0000, 0x0000, 0x0000, 0x0000, 0x0000, 0x0000, 0x0000, 0x0000, 0x0000,
    0x0000, 0x0000, 0x0000, 0x0000, 0x0000, 0x0000, 0x0000, 0x0000, 0x0000, 0x0000, 0x0000, 0x0000, 0x0000, 0x0000, 0x0000, 0x0000,
    0x0000, 0x0000, 0x0000, 0x0000, 0x0000, 0x0000, 0x0000, 0x0000, 0x0000, 0x0000, 0x0000, 0x0000, 0x0000, 0x0000, 0x0000, 0x0000,
    0x0000, 0x0000, 0x0000, 0x0000, 0x0000, 0x0000, 0x0000, 0x0000, 0x0000, 0x0000, 0x0000, 0x0000, 0x0000, 0x0000, 0x0000, 0x0000,
    0x0000, 0x0000, 0x0000, 0x0000, 0x0000, 0x0000, 0x0000, 0x0000, 0x0000, 0x0000, 0x0000, 0x0000, 0x0000, 0x0000, 0x0000, 0x0000,
    0x0000, 0x0000, 0x0000, 0x0000, 0x0000, 0x0000, 0x0000, 0x0000, 0x0000, 0x0000, 0x0000, 0x0000, 0x0000, 0x0000, 0x0000, 0x0000,
    0x0000, 0x0000, 0x0000, 0x0000, 0x0000, 0x0000, 0x0000, 0x0000, 0x0000, 0x0000, 0x0000, 0x0000, 0x0000, 0x0000, 0x0000, 0x0000,
    0x0000, 0x0000, 0x0000, 0x0000, 0x0000, 0x0000, 0x0000, 0x0000, 0x0000, 0x0000, 0x0000, 0x0000, 0x0000, 0x0000, 0x0000, 0x0000,
    0x0000, 0x0000, 0x0000, 0x0000, 0x0000, 0x0000, 0x0000, 0x0000, 0x0000, 0x0000, 0x0000, 0x0000, 0x0000, 0x0000, 0x0000, 0x0000,
    0x0000, 0x0000, 0x0000, 0x0000, 0x0000, 0x0000, 0x0000, 0x0000, 0x0000, 0x0000, 0x0000, 0x0000, 0x0000, 0x0000, 0x0000, 0x0000,
    0x0000, 0x0000, 0x0000, 0x0000, 0x0000, 0x0000, 0x0000, 0x0000, 0x0000, 0x0000, 0x0000, 0x0000, 0x0000, 0x0000, 0x0000, 0x0000,
    0x0000, 0x0000, 0x0000, 0x0000, 0x0000, 0x0000, 0x0000, 0x0000, 0x0000, 0x0000, 0x0000, 0x0000, 0x0000, 0x0000, 0x0000, 0x0000,
    0x0000, 0x0000, 0x0000, 0x0000, 0x0000, 0x0000, 0x0000, 0x0000, 0x0000, 0x0000, 0x0000, 0x0000, 0x0000, 0x0000, 0x0000, 0x0000,
    0x0000, 0x0000, 0x0000, 0x0000, 0x0000, 0x0000, 0x0000, 0x0000, 0x0000, 0x0000, 0x0000, 0x0000, 0x0000, 0x0000, 0x0000, 0x0000,
    0x0000, 0x0000, 0x0000, 0x0000, 0x0000, 0x0000, 0x0000, 0x0000, 0x0000, 0x0000, 0x0000, 0x0000, 0x0000, 0x0000, 0x0000, 0x0000,
    0x0000, 0x0000, 0x0000, 0x0000, 0x0000, 0x0000, 0x0000, 0x0000, 0x0000, 0x0000, 0x0000, 0x0000, 0x0000, 0x0000, 0x0000, 0x0000,
    0x0000, 0x0000, 0x0000, 0x0000, 0x0000, 0x0000, 0x0000, 0x0000, 0x0000, 0x0000, 0x0000, 0x0000, 0x0000, 0x0000, 0x0000, 0x0000,
    0x0000, 0x0000, 0x0000, 0x0000, 0x0000, 0x0000, 0x0000, 0x0000, 0x0000, 0x0000, 0x0000, 0x0000, 0x0000, 0x0000, 0x0000, 0x0000,
    0x0000, 0x0000, 0x0000, 0x0000, 0x0000, 0x0000, 0x0000, 0x0000, 0x0000, 0x0000, 0x0000, 0x0000, 0x0000, 0x0000, 0x0000, 0x0000,
    0x0000, 0x0000, 0x0000, 0x0000, 0x0000, 0x0000, 0x0000, 0x0000, 0x0000, 0x0000, 0x0000, 0x0000, 0x0000, 0x0000, 0x0000, 0x0000,
    0x0000, 0x0000, 0x0000, 0x0000, 0x0000, 0x0000, 0x0000, 0x0000, 0x0000, 0x0000, 0x0000, 0x0000, 0x0000, 0x0000, 0x0000, 0x0000,
    0x0000, 0x0000, 0x0000, 0x0000, 0x0000, 0x0000, 0x0000, 0x0000, 0x0000, 0x0000, 0x0000, 0x0000, 0x0000, 0x0000, 0x0000, 0x0000,
    0x0000, 0x0000, 0x0000, 0x0000, 0x0000, 0x0000, 0x0000, 0x0000, 0x0000, 0x0000, 0x0000, 0x0000, 0x0000, 0x0000, 0x0000, 0x0000,
    0x0000, 0x0000, 0x0000, 0x0000, 0x0000, 0x0000, 0x0000, 0x0000, 0x0000, 0x0000, 0x0000, 0x0000, 0x0000, 0x0000, 0x0000, 0x0000,
    0x0000, 0x0000, 0x0000, 0x0000, 0x0000, 0x0000, 0x0000, 0x0000, 0x0000, 0x0000, 0x0000, 0x0000, 0x0000, 0x0000, 0x0000, 0x0000,
    0x0000, 0x0000, 0x0000, 0x0000, 0x0000, 0x0000, 0x0000, 0x0000, 0x0000, 0x0000, 0x0000, 0x0000, 0x0000, 0x0000, 0x0000, 0x0000,
    0x0000, 0x0000, 0x0000, 0x0000, 0x0000, 0x0000, 0x0000, 0x0000, 0x0000, 0x0000, 0x0000, 0x0000, 0x0000, 0x0000, 0x0000, 0x0000,
    0x0000, 0x0000, 0x0000, 0x0000, 0x0000, 0x0000, 0x0000, 0x0000, 0x0000, 0x0000, 0x0000, 0x0000, 0x0000, 0x0000, 0x0000, 0x0000,
    0x0000, 0x0000, 0x0000, 0x0000, 0x0000, 0x0000, 0x0000, 0x0000, 0x0000, 0x0000, 0x0000, 0x0000, 0x0000, 0x0000, 0x0000, 0x0000,
    0x0000, 0x0000, 0x0000, 0x0000, 0x0000, 0x0000, 0x0000, 0x0000, 0x0000, 0x0000, 0x0000, 0x0000, 0x0000, 0x0000, 0x0000, 0x0000,
    0x0000, 0x0000, 0x0000, 0x0000, 0x0000, 0x0000, 0x0000, 0x0000, 0x0000, 0x0000, 0x0000, 0x0000, 0x0000, 0x0000, 0x0000, 0x0000,
    0x0000, 0x0000, 0x0000, 0x0000, 0x0000, 0x0000, 0x0000, 0x0000, 0x0000, 0x0000, 0x0000, 0x0000, 0x0000, 0x0000, 0x0000, 0x0000,
    0x0000, 0x0000, 0x0000, 0x0000, 0x0000, 0x0000, 0x0000, 0x0000, 0x0000, 0x0000, 0x0000, 0x0000, 0x0000, 0x0000, 0x0000, 0x0000,
    0x0000, 0x0000, 0x0000, 0x0000, 0x0000, 0x0000, 0x0000, 0x0000, 0x0000, 0x0000, 0x0000, 0x0000, 0x0000, 0x0000, 0x0000, 0x0000,
    0x0000, 0x0000, 0x0000, 0x0000, 0x0000, 0x0000, 0x0000, 0x0000, 0x0000, 0x0000, 0x0000, 0x0000, 0x0000, 0x0000, 0x0000, 0x0000,
    0x0000, 0x0000, 0x0000, 0x0000, 0x0000, 0x0000, 0x0000, 0x0000, 0x0000, 0x0000, 0x0000, 0x0000, 0x0000, 0x0000, 0x0000, 0x0000,
    0x0000, 0x0000, 0x0000, 0x0000, 0x0000, 0x0000, 0x0000, 0x0000, 0x0000, 0x0000, 0x0000, 0x0000, 0x0000, 0x0000, 0x0000, 0x0000,
    0x0000, 0x0000, 0x0000, 0x0000, 0x0000, 0x0000, 0x0000, 0x0000, 0x0000, 0x0000, 0x0000, 0x0000, 0x0000, 0x0000, 0x0000, 0x0000,
    0x0000, 0x0000, 0x0000, 0x0000, 0x0000, 0x0000, 0x0000, 0x0000, 0x0000, 0x0000, 0x0000, 0x0000, 0x0000, 0x0000, 0x0000, 0x0000,
    0x0000, 0x0000, 0x0000, 0x0000, 0x0000, 0x0000, 0x0000, 0x0000, 0x0000, 0x0000, 0x0000, 0x0000, 0x0000, 0x0000, 0x0000, 0x0000,
    0x0000, 0x0000, 0x0000, 0x0000, 0x0000, 0x0000, 0x0000, 0x0000, 0x0000, 0x0000, 0x0000, 0x0000, 0x0000, 0x0000, 0x0000, 0x0000,
    0x0000, 0x0000, 0x0000, 0x0000, 0x0000, 0x0000, 0x0000, 0x0000, 0x0000, 0x0000, 0x0000, 0x0000, 0x0000, 0x0000, 0x0000, 0x0000,
    0x0000, 0x0000, 0x0000, 0x0000, 0x0000, 0x0000, 0x0000, 0x0000, 0x0000, 0x0000, 0x0000, 0x0000, 0x0000, 0x0000, 0x0000, 0x0000,
    0x0000, 0x0000, 0x0000, 0x0000, 0x0000, 0x0000, 0x0000, 0x0000, 0x0000, 0x0000, 0x0000, 0x0000, 0x0000, 0x0000, 0x0000, 0x0000,
    0x0000, 0x0000, 0x0000, 0x0000, 0x0000, 0x0000, 0x0000, 0x0000, 0x0000, 0x0000, 0x0000, 0x0000, 0x0000, 0x0000, 0x0000, 0x0000,
    0x0000, 0x0000, 0x0000, 0x0000, 0x0000, 0x0000, 0x0000, 0x0000, 0x0000, 0x0000, 0x0000, 0x0000, 0x0000, 0x0000, 0x0000, 0x0000,
    0x0000, 0x0000, 0x0000, 0x0000, 0x0000, 0x0000, 0x0000, 0x0000, 0x0000, 0x0000, 0x0000, 0x0000, 0x0000, 0x0000, 0x0000, 0x0000,
    0x0000, 0x0000, 0x0000, 0x0000, 0x0000, 0x0000, 0x0000, 0x0000, 0x0000, 0x0000, 0x0000, 0x0000, 0x0000, 0x0000, 0x0000, 0x0000,
    0x0000, 0x0000, 0x0000, 0x0000, 0x0000, 0x0000, 0x0000, 0x0000, 0x0000, 0x0000, 0x0000, 0x0000, 0x0000, 0x0000, 0x0000, 0x0000,
    0x0000, 0x0000, 0x0000, 0x0000, 0x0000, 0x0000, 0x0000, 0x0000, 0x0000, 0x0000, 0x0000, 0x0000, 0x0000, 0x0000, 0x0000, 0x0000,
    0x0000, 0x0000, 0x0000, 0x0000, 0x0000, 0x0000, 0x0000, 0x0000, 0x0000, 0x0000, 0x0000, 0x0000, 0x0000, 0x0000, 0x0000, 0x0000,
    0x0000, 0x0000, 0x0000, 0x0000, 0x0000, 0x0000, 0x0000, 0x0000, 0x0000, 0x0000, 0x0000, 0x0000, 0x0000, 0x0000, 0x0000, 0x0000,
    0x0000, 0x0000, 0x0000, 0x0000, 0x0000, 0x0000, 0x0000, 0x0000, 0x0000, 0x0000, 0x0000, 0x0000, 0x0000, 0x0000, 0x0000, 0x0000,
    0x0000, 0x0000, 0x0000, 0x0000, 0x0000, 0x0000, 0x0000, 0x0000, 0x0000, 0x0000, 0x0000, 0x0000, 0x0000, 0x0000, 0x0000, 0x0000,
    0x0000, 0x0000, 0x0000, 0x0000, 0x0000, 0x0000, 0x0000, 0x0000, 0x0000, 0x0000, 0x0000, 0x0000, 0x0000, 0x0000, 0x0000, 0x0000,
    0x0000, 0x0000, 0x0000, 0x0000, 0x0000, 0x0000, 0x0000, 0x0000, 0x0000, 0x0000, 0x0000, 0x0000, 0x0000, 0x0000, 0x0000, 0x0000,
    0x0000, 0x0000, 0x0000, 0x0000, 0x0000, 0x0000, 0x0000, 0x0000, 0x0000, 0x0000, 0x0000, 0x0000, 0x0000, 0x0000, 0x0000, 0x0000,
    0x0000, 0x0000, 0x0000, 0x0000, 0x0000, 0x0000, 0x0000, 0x0000, 0x0000, 0x0000, 0x0000, 0x0000, 0x0000, 0x0000, 0x0000, 0x0000,
    0x0000, 0x0000, 0x0000, 0x0000, 0x0000, 0x0000, 0x0000, 0x0000, 0x0000, 0x0000, 0x0000, 0x0000, 0x0000, 0x0000, 0x0000, 0x0000,
    0x0000, 0x0000, 0x0000, 0x0000, 0x0000, 0x0000, 0x0000, 0x0000, 0x0000, 0x0000, 0x0000, 0x0000, 0x0000, 0x0000, 0x0000, 0x0000,
    0x0000, 0x0000, 0x0000, 0x0000, 0x0000, 0x0000, 0x0000, 0x0000, 0x0000, 0x0000, 0x0000, 0x0000, 0x0000, 0x0000, 0x0000, 0x0000,
    0x0000, 0x0000, 0x0000, 0x0000, 0x0000, 0x0000, 0x0000, 0x0000, 0x0000, 0x0000, 0x0000, 0x0000, 0x0000, 0x0000, 0x0000, 0x0000,
    0x0000, 0x0000, 0x0000, 0x0000, 0x0000, 0x0000, 0x0000, 0x0000, 0x0000, 0x0000, 0x0000, 0x0000, 0x0000, 0x0000, 0x0000, 0x0000,
    0x0000, 0x0000, 0x0000, 0x0000, 0x0000, 0x0000, 0x0000, 0x0000, 0x0000, 0x0000, 0x0000, 0x0000, 0x0000, 0x0000, 0x0000, 0x0000,
    0x0000, 0x0000, 0x0000, 0x0000, 0x0000, 0x0000, 0x0000, 0x0000, 0x0000, 0x0000, 0x0000, 0x0000, 0x0000, 0x0000, 0x0000, 0x0000,
    0x0000, 0x0000, 0x0000, 0x0000, 0x0000, 0x0000, 0x0000, 0x0000, 0x0000, 0x0000, 0x0000, 0x0000, 0x0000, 0x0000, 0x0000, 0x0000,
    0x0000, 0x0000, 0x0000, 0x0000, 0x0000, 0x0000, 0x0000, 0x0000, 0x0000, 0x0000, 0x0000, 0x0000, 0x0000, 0x0000, 0x0000, 0x0000,
    0x0000, 0x0000, 0x0000, 0x0000, 0x0000, 0x0000, 0x0000, 0x0000, 0x0000, 0x0000, 0x0000, 0x0000, 0x0000, 0x0000, 0x0000, 0x0000,
    0x0000, 0x0000, 0x0000, 0x0000, 0x0000, 0x0000, 0x0000, 0x0000, 0x0000, 0x0000, 0x0000, 0x0000, 0x0000, 0x0000, 0x0000, 0x0000,
    0x0000, 0x0000, 0x0000, 0x0000, 0x0000, 0x0000, 0x0000, 0x0000, 0x0000, 0x0000, 0x0000, 0x0000, 0x0000, 0x0000, 0x0000, 0x0000,
    0x0000, 0x0000, 0x0000, 0x0000, 0x0000, 0x0000, 0x0000, 0x0000, 0x0000, 0x0000, 0x0000, 0x0000, 0x0000, 0x0000, 0x0000, 0x0000,
    0x0000, 0x0000, 0x0000, 0x0000, 0x0000, 0x0000, 0x0000, 0x0000, 0x0000, 0x0000, 0x0000, 0x0000, 0x0000, 0x0000, 0x0000, 0x0000,
    0x0000, 0x0000, 0x0000, 0x0000, 0x0000, 0x0000, 0x0000, 0x0000, 0x0000, 0x0000, 0x0000, 0x0000, 0x0000, 0x0000, 0x0000, 0x0000,
    0x0000, 0x0000, 0x0000, 0x0000, 0x0000, 0x0000, 0x0000, 0x0000, 0x0000, 0x0000, 0x0000, 0x0000, 0x0000, 0x0000, 0x0000, 0x0000,
    0x0000, 0x0000, 0x0000, 0x0000, 0x0000, 0x0000, 0x0000, 0x0000, 0x0000, 0x0000, 0x0000, 0x0000, 0x0000, 0x0000, 0x0000, 0x0000,
    0x0000, 0x0000, 0x0000, 0x0000, 0x0000, 0x0000, 0x0000, 0x0000, 0x0000, 0x0000, 0x0000, 0x0000, 0x0000, 0x0000, 0x0000, 0x0000,
    0x0000, 0x0000, 0x0000, 0x0000, 0x0000, 0x0000, 0x0000, 0x0000, 0x0000, 0x0000, 0x0000, 0x0000, 0x0000, 0x0000, 0x0000, 0x0000,
    0x0000, 0x0000, 0x0000, 0x0000, 0x0000, 0x0000, 0x0000, 0x0000, 0x0000, 0x0000, 0x0000, 0x0000, 0x0000, 0x0000, 0x0000, 0x0000,
    0x0000, 0x0000, 0x0000, 0x0000, 0x0000, 0x0000, 0x0000, 0x0000, 0x0000, 0x0000, 0x0000, 0x0000, 0x0000, 0x0000, 0x0000, 0x0000,
    0x0000, 0x0000, 0x0000, 0x0000, 0x0000, 0x0000, 0x0000, 0x0000, 0x0000, 0x0000, 0x0000, 0x0000, 0x0000, 0x0000, 0x0000, 0x0000,
    0x0000, 0x0000, 0x0000, 0x0000, 0x0000, 0x0000, 0x0000, 0x0000, 0x0000, 0x0000, 0x0000, 0x0000, 0x0000, 0x0000, 0x0000, 0x0000,
    0x0000, 0x0000, 0x0000, 0x0000, 0x0000, 0x0000, 0x0000, 0x0000, 0x0000, 0x0000, 0x0000, 0x0000, 0x0000, 0x0000, 0x0000, 0x0000,
    0x0000, 0x0000, 0x0000, 0x0000, 0x0000, 0x0000, 0x0000, 0x0000, 0x0000, 0x0000, 0x0000, 0x0000, 0x0000, 0x0000, 0x0000, 0x0000,
    0x0000, 0x0000, 0x0000, 0x0000, 0x0000, 0x0000, 0x0000, 0x0000, 0x0000, 0x0000, 0x0000, 0x0000, 0x0000, 0x0000, 0x0000, 0x0000,
    0x0000, 0x0000, 0x0000, 0x0000, 0x0000, 0x0000, 0x0000, 0x0000, 0x0000, 0x0000, 0x0000, 0x0000, 0x0000, 0x0000, 0x0000, 0x0000,
    0x0000, 0x0000, 0x0000, 0x0000, 0x0000, 0x0000, 0x0000, 0x0000, 0x0000, 0x0000, 0x0000, 0x0000, 0x0000, 0x0000, 0x0000, 0x0000,
    0x0000, 0x0000, 0x0000, 0x0000, 0x0000, 0x0000, 0x0000, 0x0000, 0x0000, 0x0000, 0x0000, 0x0000, 0x0000, 0x0000, 0x0000, 0x0000,
    0x0000, 0x0000, 0x0000, 0x0000, 0x0000, 0x0000, 0x0000, 0x0000, 0x0000, 0x0000, 0x0000, 0x0000, 0x0000, 0x0000, 0x0000, 0x0000,
    0x0000, 0x0000, 0x0000, 0x0000, 0x0000, 0x0000, 0x0000, 0x0000, 0x0000, 0x0000, 0x0000, 0x0000, 0x0000, 0x0000, 0x0000, 0x0000,
    0x0000, 0x0000, 0x0000, 0x0000, 0x0000, 0x0000, 0x0000, 0x0000, 0x0000, 0x0000, 0x0000, 0x0000, 0x0000, 0x0000, 0x0000, 0x0000,
    0x0000, 0x0000, 0x0000, 0x0000, 0x0000, 0x0000, 0x0000, 0x0000, 0x0000, 0x0000, 0x0000, 0x0000, 0x0000, 0x0000, 0x0000, 0x0000,
    0x0000, 0x0000, 0x0000, 0x0000, 0x0000, 0x0000, 0x0000, 0x0000, 0x0000, 0x0000, 0x0000, 0x0000, 0x0000, 0x0000, 0x0000, 0x0000,
    0x0000, 0x0000, 0x0000, 0x0000, 0x0000, 0x0000, 0x0000, 0x0000, 0x0000, 0x0000, 0x0000, 0x0000, 0x0000, 0x0000, 0x0000, 0x0000,
    0x0000, 0x0000, 0x0000, 0x0000, 0x4007, 0x4807, 0x4807, 0x4807, 0x4807, 0x4807, 0x4807, 0x4807, 0x4807, 0x4007, 0x4007, 0x4807,
    0x4807, 0x4807, 0x4807, 0x4807, 0x4807, 0x4807, 0x4006, 0x4006, 0x4006, 0x4006, 0x4006, 0x4006, 0x4006, 0x4006, 0x4006, 0x4006,
    0x3806, 0x3806, 0x3806, 0x3806, 0x3806, 0x3806, 0x3806, 0x3806, 0x3806, 0x3806, 0x3806, 0x3806, 0x3806, 0x3806, 0x3806, 0x3806,
    0x3006, 0x3006, 0x3006, 0x3006, 0x3005, 0x3006, 0x3006, 0x3005, 0x3005, 0x3005, 0x3005, 0x3005, 0x3005, 0x2805, 0x2805, 0x3005,
    0x3006, 0x2805, 0x2805, 0x2805, 0x2805, 0x2805, 0x2805, 0x2805, 0x2805, 0x2805, 0x2805, 0x2805, 0x2805, 0x2005, 0x2805, 0x2805,
    0x2005, 0x2005, 0x2005, 0x2005, 0x2005, 0x2005, 0x2005, 0x2005, 0x2005, 0x2005, 0x2005, 0x2005, 0x2005, 0x2005, 0x2005, 0x2005,
    0x2005, 0x2005, 0x2005, 0x2005, 0x2005, 0x2005, 0x2005, 0x2005, 0x2005, 0x2005, 0x2005, 0x2005, 0x2005, 0x2005, 0x2005, 0x2005,
    0x2005, 0x2005, 0x2005, 0x2005, 0x2005, 0x2005, 0x2005, 0x2005, 0x2004, 0x2005, 0x2005, 0x2005, 0x2005, 0x2005, 0x2005, 0x2005,
    0x2005, 0x2005, 0x2005, 0x2005, 0x2005, 0x2005, 0x2005, 0x2005, 0x2005, 0x2005, 0x2005, 0x2005, 0x2005, 0x2005, 0x2005, 0x2005,
    0x2005, 0x2004, 0x2004, 0x2004, 0x2005, 0x2005, 0x2005, 0x2005, 0x2005, 0x2005, 0x2005, 0x2005, 0x2005, 0x2005, 0x2005, 0x2005,
    0x2005, 0x2005, 0x2005, 0x2005, 0x2005, 0x2005, 0x2005, 0x2005, 0x2005, 0x2005, 0x2005, 0x2005, 0x2005, 0x2005, 0x2005, 0x2005,
    0x2005, 0x2005, 0x2005, 0x2005, 0x2005, 0x2005, 0x2005, 0x2005, 0x2005, 0x2805, 0x2805, 0x2805, 0x2805, 0x2805, 0x2805, 0x2805,
    0x2805, 0x2805, 0x2805, 0x2805, 0x2805, 0x2805, 0x2805, 0x2806, 0x3006, 0x2806, 0x3006, 0x3806, 0x3806, 0x3806, 0x4006, 0x4006,
    0x4006, 0x4007, 0x4807, 0x4807, 0x4807, 0x4807, 0x4807, 0x4807, 0x4007, 0x4007, 0x4807, 0x4007, 0x0000, 0x0000, 0x0000, 0x0000,
    0x0000, 0x0000, 0x0000, 0x0000, 0x0000, 0x0000, 0x0000, 0x0000, 0x0000, 0x0000, 0x0000, 0x0000, 0x0000, 0x0000, 0x0000, 0x0000,
    0x0000, 0x0000, 0x0000, 0x0000, 0x0000, 0x0000, 0x0000, 0x0000, 0x0000, 0x0000, 0x0000, 0x0000, 0x0000, 0x0000, 0x0000, 0x0000,
    0x0000, 0x0000, 0x0000, 0x0000, 0x0000, 0x0000, 0x0000, 0x0000, 0x0000, 0x0000, 0x0000, 0x0000, 0x0000, 0x0000, 0x0000, 0x0000,
    0x0000, 0x0000, 0x0000, 0x0000, 0x0000, 0x0000, 0x0000, 0x0000, 0x0000, 0x0000, 0x0000, 0x0000, 0x0000, 0x0000, 0x0000, 0x0000,
    0x0000, 0x0000, 0x0000, 0x0000, 0x0000, 0x0000, 0x0000, 0x0000, 0x0000, 0x0000, 0x0000, 0x0000, 0x0000, 0x0000, 0x0000, 0x0000,
    0x0000, 0x0000, 0x0000, 0x0000, 0x0000, 0x0000, 0x0000, 0x0000, 0x0000, 0x0000, 0x0000, 0x0000, 0x0000, 0x0000, 0x0000, 0x0000,
    0x0000, 0x0000, 0x2803, 0x980E, 0x800C, 0x702B, 0x682A, 0x682A, 0x682A, 0x682A, 0x682A, 0x682A, 0x682A, 0x680A, 0x680A, 0x680A,
    0x680A, 0x680A, 0x680A, 0x680A, 0x680A, 0x680A, 0x680A, 0x680A, 0x680A, 0x680A, 0x680A, 0x680A, 0x680A, 0x600A, 0x6009, 0x6009,
    0x6009, 0x6009, 0x5809, 0x5809, 0x5809, 0x5809, 0x5809, 0x5809, 0x5809, 0x5809, 0x5009, 0x5009, 0x5009, 0x5009, 0x5009, 0x5009,
    0x5009, 0x5009, 0x5009, 0x5009, 0x4809, 0x4809, 0x4809, 0x4808, 0x4808, 0x4808, 0x4808, 0x4008, 0x4008, 0x4008, 0x4008, 0x4008,
    0x4008, 0x4008, 0x4008, 0x4008, 0x4008, 0x4008, 0x4008, 0x4008, 0x3808, 0x3808, 0x3808, 0x3808, 0x3808, 0x3808, 0x3808, 0x3808,
    0x3808, 0x3808, 0x3808, 0x3808, 0x3808, 0x3808, 0x3808, 0x3807, 0x3807, 0x3808, 0x3808, 0x3007, 0x3007, 0x3007, 0x3007, 0x3007,
    0x3007, 0x3007, 0x3007, 0x3007, 0x3007, 0x3007, 0x3007, 0x3807, 0x3007, 0x3007, 0x3007, 0x3807, 0x3007, 0x3007, 0x3007, 0x3007,
    0x3007, 0x3007, 0x3007, 0x3007, 0x3007, 0x3007, 0x3007, 0x3007, 0x3007, 0x3007, 0x3007, 0x3008, 0x3008, 0x3808, 0x3808, 0x3808,
    0x3808, 0x3008, 0x3008, 0x3007, 0x3007, 0x3007, 0x3007, 0x3007, 0x3007, 0x3007, 0x3007, 0x3007, 0x3007, 0x3007, 0x3007, 0x3007,
    0x3007, 0x3007, 0x3007, 0x3007, 0x3007, 0x3007, 0x3007, 0x3007, 0x3007, 0x3007, 0x3007, 0x3007, 0x3007, 0x3007, 0x3007, 0x3007,
    0x3007, 0x3007, 0x3007, 0x3007, 0x3007, 0x3007, 0x3007, 0x3007, 0x3007, 0x3007, 0x3007, 0x3007, 0x3007, 0x3808, 0x3808, 0x3808,
    0x3807, 0x3807, 0x3808, 0x3808, 0x3808, 0x3808, 0x3808, 0x3808, 0x3808, 0x3808, 0x3808, 0x3808, 0x3808, 0x3808, 0x3808, 0x3808,
    0x3808, 0x4008, 0x3808, 0x4008, 0x4008, 0x4008, 0x4008, 0x4008, 0x4808, 0x4008, 0x4809, 0x5809, 0x5009, 0x5809, 0x5809, 0x5809,
    0x680A, 0x680A, 0x680A, 0x680A, 0x680A, 0x680A, 0x680A, 0x680A, 0x682A, 0x682A, 0x682B, 0x802C, 0x982F, 0x1802, 0x0000, 0x0000,
    0x0000, 0x0000, 0x0000, 0x0000, 0x0000, 0x0000, 0x0000, 0x0000, 0x0000, 0x0000, 0x0000, 0x0000, 0x0000, 0x0000, 0x0000, 0x0000,
    0x0000, 0x0000, 0x0000, 0x0000, 0x0000, 0x0000, 0x0000, 0x0000, 0x0000, 0x0000, 0x0000, 0x0000, 0x0000, 0x0000, 0x0000, 0x0000,
    0x0000, 0x0000, 0x0000, 0x0000, 0x0000, 0x0000, 0x0000, 0x0000, 0x0000, 0x0000, 0x0000, 0x0000, 0x0000, 0x0000, 0x0000, 0x0000,
    0x0000, 0x0000, 0x0000, 0x0000, 0x0000, 0x0000, 0x0000, 0x0000, 0x0000, 0x0000, 0x0000, 0x0000, 0x0000, 0x0000, 0x0000, 0x0000,
    0x0000, 0x0000, 0x0000, 0x0000, 0x0000, 0x0000, 0x0000, 0x0000, 0x0000, 0x0000, 0x0000, 0x0000, 0x0000, 0x0000, 0x0000, 0x0000,
    0x0000, 0x0000, 0x0000, 0x0000, 0x0000, 0x0000, 0x0000, 0x0000, 0x0000, 0x0000, 0x0000, 0x0000, 0x0000, 0x0000, 0x0000, 0x0000,
    0x0000, 0x2803, 0xB811, 0x4005, 0x0000, 0x0000, 0x0000, 0x0000, 0x0000, 0x0000, 0x0000, 0x0000, 0x0000, 0x0000, 0x0000, 0x0000,
    0x0000, 0x0000, 0x0000, 0x0000, 0x0000, 0x0000, 0x0000, 0x0000, 0x0000, 0x0000, 0x0000, 0x0000, 0x0000, 0x0000, 0x0000, 0x0000,
    0x0000, 0x0000, 0x0000, 0x0000, 0x0000, 0x0000, 0x0000, 0x0000, 0x0000, 0x0000, 0x0000, 0x0000, 0x0000, 0x0000, 0x0000, 0x0000,
    0x0000, 0x0000, 0x0000, 0x0000, 0x0000, 0x0000, 0x0000, 0x0000, 0x0000, 0x0000, 0x0000, 0x0000, 0x0000, 0x0000, 0x0000, 0x0000,
    0x0000, 0x0000, 0x0000, 0x0000, 0x0000, 0x0000, 0x0000, 0x0000, 0x0000, 0x0000, 0x0000, 0x0000, 0x0000, 0x0000, 0x0000, 0x0000,
    0x0000, 0x0000, 0x0000, 0x0000, 0x0000, 0x0000, 0x0000, 0x0000, 0x0000, 0x0000, 0x0000, 0x0000, 0x0000, 0x0000, 0x0000, 0x0000,
    0x0000, 0x0000, 0x0000, 0x0000, 0x0000, 0x0000, 0x0000, 0x0000, 0x0000, 0x0000, 0x0000, 0x0000, 0x0000, 0x0000, 0x0000, 0x0000,
    0x0000, 0x0000, 0x0000, 0x0000, 0x0000, 0x0000, 0x0000, 0x0000, 0x0000, 0x0000, 0x0000, 0x0000, 0x0000, 0x0000, 0x0000, 0x0000,
    0x0000, 0x0000, 0x0000, 0x0000, 0x0000, 0x0000, 0x0000, 0x0000, 0x0000, 0x0000, 0x0000, 0x0000, 0x0000, 0x0000, 0x0000, 0x0000,
    0x0000, 0x0000, 0x0000, 0x0000, 0x0000, 0x0000, 0x0000, 0x0000, 0x0000, 0x0000, 0x0000, 0x0000, 0x0000, 0x0000, 0x0000, 0x0000,
    0x0000, 0x0000, 0x0000, 0x0000, 0x0000, 0x0000, 0x0000, 0x0000, 0x0000, 0x0000, 0x0000, 0x0000, 0x0000, 0x0000, 0x0000, 0x0000,
    0x0000, 0x0000, 0x0000, 0x0000, 0x0000, 0x0000, 0x0000, 0x0000, 0x0000, 0x0000, 0x0000, 0x0000, 0x0000, 0x0000, 0x0000, 0x0000,
    0x0000, 0x0000, 0x0000, 0x0000, 0x0000, 0x0000, 0x0000, 0x0000, 0x0000, 0x0000, 0x0000, 0x0000, 0x0000, 0x0000, 0x0000, 0x0000,
    0x0000, 0x0000, 0x0000, 0x0000, 0x0000, 0x0000, 0x0000, 0x0000, 0x0000, 0x0000, 0x0000, 0x0000, 0x3805, 0xA810, 0x2804, 0x0000,
    0x0000, 0x0000, 0x0000, 0x0000, 0x0000, 0x0000, 0x0000, 0x0000, 0x0000, 0x0000, 0x0000, 0x0000, 0x0000, 0x0000, 0x0000, 0x0000,
    0x0000, 0x0000, 0x0000, 0x0000, 0x0000, 0x0000, 0x0000, 0x0000, 0x0000, 0x0000, 0x0000, 0x0000, 0x0000, 0x0000, 0x0000, 0x0000,
    0x0000, 0x0000, 0x0000, 0x0000, 0x0000, 0x0000, 0x0000, 0x0000, 0x0000, 0x0000, 0x0000, 0x0000, 0x0000, 0x0000, 0x0000, 0x0000,
    0x0000, 0x0000, 0x0000, 0x0000, 0x0000, 0x0000, 0x0000, 0x0000, 0x0000, 0x0000, 0x0000, 0x0000, 0x0000, 0x0000, 0x0000, 0x0000,
    0x0000, 0x0000, 0x0000, 0x0000, 0x0000, 0x0000, 0x0000, 0x0000, 0x0000, 0x0000, 0x0000, 0x0000, 0x0000, 0x0000, 0x0000, 0x0000,
    0x0000, 0x0000, 0x0000, 0x0000, 0x0000, 0x0000, 0x0000, 0x0000, 0x0000, 0x0000, 0x0000, 0x0000, 0x0000, 0x0000, 0x0000, 0x0000,
    0x0000, 0xA010, 0x3806, 0x0000, 0x0000, 0x0000, 0x0801, 0x0801, 0x0801, 0x0001, 0x0001, 0x0801, 0x0801, 0x0801, 0x0801, 0x0801,
    0x0801, 0x0801, 0x0801, 0x0801, 0x0001, 0x0001, 0x0001, 0x0801, 0x0000, 0x0000, 0x0000, 0x0000, 0x0000, 0x0000, 0x0000, 0x0000,
    0x0000, 0x0000, 0x0000, 0x0000, 0x0000, 0x0000, 0x0000, 0x0000, 0x0000, 0x0000, 0x0000, 0x0000, 0x0000, 0x0000, 0x0000, 0x0000,
    0x0000, 0x0000, 0x0000, 0x0000, 0x0000, 0x0000, 0x0000, 0x0000, 0x0000, 0x0000, 0x0000, 0x0000, 0x0000, 0x0000, 0x0000, 0x0000,
    0x0000, 0x0000, 0x0000, 0x0000, 0x0000, 0x0000, 0x0000, 0x0000, 0x0000, 0x0000, 0x0000, 0x0000, 0x0000, 0x0000, 0x0000, 0x0000,
    0x0000, 0x0000, 0x0000, 0x0000, 0x0000, 0x0000, 0x0000, 0x0000, 0x0000, 0x0000, 0x0000, 0x0000, 0x0000, 0x0000, 0x0000, 0x0000,
    0x0000, 0x0000, 0x0000, 0x0000, 0x0000, 0x0000, 0x0000, 0x0000, 0x0000, 0x0000, 0x0000, 0x0000, 0x0000, 0x0000, 0x0000, 0x0000,
    0x0000, 0x0000, 0x0000, 0x0000, 0x0000, 0x0000, 0x0000, 0x0000, 0x0000, 0x0000, 0x0000, 0x0000, 0x0000, 0x0000, 0x0000, 0x0000,
    0x0000, 0x0000, 0x0000, 0x0000, 0x0000, 0x0000, 0x0000, 0x0000, 0x0000, 0x0000, 0x0000, 0x0000, 0x0000, 0x0000, 0x0000, 0x0000,
    0x0000, 0x0000, 0x0000, 0x0000, 0x0000, 0x0000, 0x0000, 0x0000, 0x0000, 0x0000, 0x0000, 0x0000, 0x0000, 0x0000, 0x0000, 0x0000,
    0x0000, 0x0000, 0x0000, 0x0000, 0x0000, 0x0000, 0x0000, 0x0000, 0x0000, 0x0000, 0x0000, 0x0000, 0x0000, 0x0000, 0x0000, 0x0000,
    0x0000, 0x0000, 0x0000, 0x0000, 0x0000, 0x0000, 0x0000, 0x0000, 0x0000, 0x0000, 0x0000, 0x0000, 0x0000, 0x0000, 0x0000, 0x0000,
    0x0000, 0x0000, 0x0000, 0x0000, 0x0000, 0x0000, 0x0000, 0x0000, 0x0000, 0x0001, 0x0001, 0x0000, 0x0000, 0x0000, 0x0001, 0x0001,
    0x0000, 0x0000, 0x0801, 0x0801, 0x0801, 0x0001, 0x0000, 0x0000, 0x0801, 0x0801, 0x0000, 0x0000, 0x0000, 0x2804, 0xA831, 0x0801,
    0x0000, 0x0000, 0x0000, 0x0000, 0x0000, 0x0000, 0x0000, 0x0000, 0x0000, 0x0000, 0x0000, 0x0000, 0x0000, 0x0000, 0x0000, 0x0000,
    0x0000, 0x0000, 0x0000, 0x0000, 0x0000, 0x0000, 0x0000, 0x0000, 0x0000, 0x0000, 0x0000, 0x0000, 0x0000, 0x0000, 0x0000, 0x0000,
    0x0000, 0x0000, 0x0000, 0x0000, 0x0000, 0x0000, 0x0000, 0x0000, 0x0000, 0x0000, 0x0000, 0x0000, 0x0000, 0x0000, 0x0000, 0x0000,
    0x0000, 0x0000, 0x0000, 0x0000, 0x0000, 0x0000, 0x0000, 0x0000, 0x0000, 0x0000, 0x0000, 0x0000, 0x0000, 0x0000, 0x0000, 0x0000,
    0x0000, 0x0000, 0x0000, 0x0000, 0x0000, 0x0000, 0x0000, 0x0000, 0x0000, 0x0000, 0x0000, 0x0000, 0x0000, 0x0000, 0x0000, 0x0000,
    0x0000, 0x0000, 0x0000, 0x0000, 0x0000, 0x0000, 0x0000, 0x0000, 0x0000, 0x0000, 0x0000, 0x0000, 0x0000, 0x0000, 0x0000, 0x0000,
    0x5008, 0x600A, 0x0000, 0x0000, 0x0000, 0x2005, 0x400A, 0x3809, 0x3808, 0x3008, 0x3008, 0x3008, 0x3008, 0x3008, 0x3008, 0x3008,
    0x3008, 0x3808, 0x3809, 0x3008, 0x3008, 0x3008, 0x3008, 0x3809, 0x0802, 0x0000, 0x0000, 0x0000, 0x0000, 0x0000, 0x0000, 0x0000,
    0x0000, 0x0000, 0x0000, 0x0000, 0x0000, 0x0000, 0x0000, 0x0000, 0x0000, 0x0000, 0x0000, 0x0000, 0x0000, 0x0000, 0x0000, 0x0000,
    0x0000, 0x0000, 0x0000, 0x0000, 0x0000, 0x0000, 0x0000, 0x0000, 0x0000, 0x0000, 0x0000, 0x0000, 0x0000, 0x0000, 0x0000, 0x0000,
    0x0000, 0x0000, 0x0000, 0x0000, 0x0000, 0x0000, 0x0000, 0x0000, 0x0000, 0x0000, 0x0000, 0x0000, 0x0000, 0x0000, 0x0000, 0x0000,
    0x0000, 0x0000, 0x0000, 0x0000, 0x0000, 0x0000, 0x0000, 0x0000, 0x0000, 0x0000, 0x0000, 0x0000, 0x0000, 0x0000, 0x0000, 0x0000,
    0x0000, 0x0000, 0x0000, 0x0000, 0x0000, 0x0000, 0x0000, 0x0000, 0x0000, 0x0000, 0x0000, 0x0000, 0x0000, 0x0000, 0x0000, 0x0000,
    0x0000, 0x0000, 0x0000, 0x0000, 0x0000, 0x0000, 0x0000, 0x0000, 0x0000, 0x0000, 0x0000, 0x0000, 0x0000, 0x0000, 0x0000, 0x0000,
    0x0000, 0x0000, 0x0000, 0x0000, 0x0000, 0x0000, 0x0000, 0x0000, 0x0000, 0x0000, 0x0000, 0x0000, 0x0000, 0x0000, 0x0000, 0x0000,
    0x0000, 0x0000, 0x0000, 0x0000, 0x0000, 0x0000, 0x0000, 0x0000, 0x0000, 0x0000, 0x0000, 0x0000, 0x0000, 0x0000, 0x0000, 0x0000,
    0x0000, 0x0000, 0x0000, 0x0000, 0x0000, 0x0000, 0x0000, 0x0000, 0x0000, 0x0000, 0x0000, 0x0000, 0x0000, 0x0000, 0x0000, 0x0000,
    0x0000, 0x0000, 0x0000, 0x0000, 0x0000, 0x0000, 0x0000, 0x0000, 0x0000, 0x0000, 0x0000, 0x0000, 0x0000, 0x0000, 0x0000, 0x0000,
    0x0000, 0x0000, 0x0000, 0x0000, 0x0000, 0x0000, 0x0000, 0x0000, 0x2808, 0x3008, 0x3008, 0x3008, 0x3008, 0x3008, 0x3008, 0x3008,
    0x3008, 0x3008, 0x3809, 0x3809, 0x3808, 0x3008, 0x3008, 0x3008, 0x3008, 0x3809, 0x1804, 0x0000, 0x0000, 0x0000, 0x680B, 0x600A,
    0x0000, 0x0000, 0x0000, 0x0000, 0x0000, 0x0000, 0x0000, 0x0000, 0x0000, 0x0000, 0x0000, 0x0000, 0x0000, 0x0000, 0x0000, 0x0000,
    0x0000, 0x0000, 0x0000, 0x0000, 0x0000, 0x0000, 0x0000, 0x0000, 0x0000, 0x0000, 0x0000, 0x0000, 0x0000, 0x0000, 0x0000, 0x0000,
    0x0000, 0x0000, 0x0000, 0x0000, 0x0000, 0x0000, 0x0000, 0x0000, 0x0000, 0x0000, 0x0000, 0x0000, 0x0000, 0x0000, 0x0000, 0x0000,
    0x0000, 0x0000, 0x0000, 0x0000, 0x0000, 0x0000, 0x0000, 0x0000, 0x0000, 0x0000, 0x0000, 0x0000, 0x0000, 0x0000, 0x0000, 0x0000,
    0x0000, 0x0000, 0x0000, 0x0000, 0x0000, 0x0000, 0x0000, 0x0000, 0x0000, 0x0000, 0x0000, 0x0000, 0x0000, 0x0000, 0x0000, 0x0000,
    0x0000, 0x0000, 0x0000, 0x0000, 0x0000, 0x0000, 0x0000, 0x0000, 0x0000, 0x0000, 0x0000, 0x0000, 0x0000, 0x0000, 0x0000, 0x0000,
    0x680A, 0x4006, 0x0000, 0x0000, 0x0000, 0x0000, 0x0000, 0x0000, 0x0000, 0x0000, 0x0000, 0x0000, 0x0000, 0x0000, 0x0000, 0x0000,
    0x0000, 0x0000, 0x0000, 0x0000, 0x0000, 0x0000, 0x0000, 0x0000, 0x0000, 0x0000, 0x0000, 0x0000, 0x0000, 0x0000, 0x0000, 0x0000,
    0x0000, 0x0000, 0x0000, 0x0000, 0x0000, 0x0000, 0x0000, 0x0000, 0x0000, 0x0000, 0x0000, 0x0000, 0x0000, 0x0000, 0x0000, 0x0000,
    0x0000, 0x0000, 0x0000, 0x0000, 0x0000, 0x0000, 0x0000, 0x0000, 0x0000, 0x0000, 0x0000, 0x0000, 0x0000, 0x0000, 0x0000, 0x0000,
    0x0000, 0x0000, 0x0000, 0x0000, 0x0000, 0x0000, 0x0000, 0x0000, 0x0000, 0x0000, 0x0000, 0x0000, 0x0000, 0x0000, 0x0000, 0x0000,
    0x0000, 0x0000, 0x0000, 0x0000, 0x0000, 0x0000, 0x0000, 0x0000, 0x0000, 0x0000, 0x0000, 0x0000, 0x0000, 0x0000, 0x0000, 0x0000,
    0x0000, 0x0000, 0x0000, 0x0000, 0x0000, 0x0000, 0x0000, 0x0000, 0x0000, 0x0000, 0x0000, 0x0000, 0x0000, 0x0000, 0x0000, 0x0000,
    0x0000, 0x0000, 0x0000, 0x0000, 0x0000, 0x0000, 0x0000, 0x0000, 0x0000, 0x0000, 0x0000, 0x0000, 0x0000, 0x0000, 0x0000, 0x0000,
    0x0000, 0x0000, 0x0000, 0x0000, 0x0000, 0x0000, 0x0000, 0x0000, 0x0000, 0x0000, 0x0000, 0x0000, 0x0000, 0x0000, 0x0000, 0x0000,
    0x0000, 0x0000, 0x0000, 0x0000, 0x0000, 0x0000, 0x0000, 0x0000, 0x0000, 0x0000, 0x0000, 0x0000, 0x0000, 0x0000, 0x0000, 0x0000,
    0x0000, 0x0000, 0x0000, 0x0000, 0x0000, 0x0000, 0x0000, 0x0000, 0x0000, 0x0000, 0x0000, 0x0000, 0x0000, 0x0000, 0x0000, 0x0000,
    0x0000, 0x0000, 0x0000, 0x0000, 0x0000, 0x0000, 0x0000, 0x0000, 0x0000, 0x0000, 0x0000, 0x0000, 0x0000, 0x0000, 0x0000, 0x0000,
    0x0000, 0x0000, 0x0000, 0x0000, 0x0000, 0x0000, 0x0000, 0x0000, 0x0000, 0x0000, 0x0000, 0x0000, 0x0000, 0x0000, 0x0000, 0x0000,
    0x0000, 0x0000, 0x0000, 0x0000, 0x0000, 0x0000, 0x0000, 0x0000, 0x0000, 0x0000, 0x0000, 0x0000, 0x0000, 0x0000, 0x4007, 0x780C,
    0x0000, 0x0000, 0x0000, 0x0000, 0x0000, 0x0000, 0x0000, 0x0000, 0x0000, 0x0000, 0x0000, 0x0000, 0x0000, 0x0000, 0x0000, 0x0000,
    0x0000, 0x0000, 0x0000, 0x0000, 0x0000, 0x0000, 0x0000, 0x0000, 0x0000, 0x0000, 0x0000, 0x0000, 0x0000, 0x0000, 0x0000, 0x0000,
    0x0000, 0x0000, 0x0000, 0x0000, 0x0000, 0x0000, 0x0000, 0x0000, 0x0000, 0x0000, 0x0000, 0x0000, 0x0000, 0x0000, 0x0000, 0x0000,
    0x0000, 0x0000, 0x0000, 0x0000, 0x0000, 0x0000, 0x0000, 0x0000, 0x0000, 0x0000, 0x0000, 0x0000, 0x0000, 0x0000, 0x0000, 0x0000,
    0x0000, 0x0000, 0x0000, 0x0000, 0x0000, 0x0000, 0x0000, 0x0000, 0x0000, 0x0000, 0x0000, 0x0000, 0x0000, 0x0000, 0x0000, 0x0000,
    0x0000, 0x0000, 0x0000, 0x0000, 0x0000, 0x0000, 0x0000, 0x0000, 0x0000, 0x0000, 0x0000, 0x0000, 0x0000, 0x0000, 0x0000, 0x0000,
    0x680A, 0x4807, 0x0000, 0x0000, 0x0000, 0x1804, 0x3007, 0x2806, 0x2806, 0x3007, 0x2806, 0x0000, 0x0000, 0x0000, 0x0000, 0x0000,
    0x0000, 0x0000, 0x0000, 0x0000, 0x0000, 0x0000, 0x0000, 0x0000, 0x0000, 0x0000, 0x0000, 0x0000, 0x0000, 0x0000, 0x0000, 0x0000,
    0x0000, 0x0000, 0x0000, 0x0000, 0x0000, 0x0000, 0x0000, 0x0000, 0x0000, 0x0000, 0x0000, 0x0000, 0x0000, 0x0000, 0x0000, 0x0000,
    0x0000, 0x0000, 0x0000, 0x0000, 0x0000, 0x0000, 0x0000, 0x0000, 0x0000, 0x0000, 0x0000, 0x0000, 0x0000, 0x0000, 0x0000, 0x0000,
    0x0000, 0x0000, 0x0000, 0x0000, 0x0000, 0x0000, 0x0000, 0x0000, 0x0000, 0x0000, 0x0000, 0x0000, 0x0000, 0x0000, 0x0000, 0x0000,
    0x0000, 0x0000, 0x0000, 0x0000, 0x0000, 0x0000, 0x0000, 0x0000, 0x0000, 0x0000, 0x0000, 0x0000, 0x0000, 0x0000, 0x0000, 0x0000,
    0x0000, 0x0000, 0x0000, 0x0000, 0x0000, 0x0000, 0x0000, 0x0000, 0x0000, 0x0000, 0x0000, 0x0000, 0x0000, 0x0000, 0x0000, 0x0000,
    0x0000, 0x0000, 0x0000, 0x0000, 0x0000, 0x0000, 0x0000, 0x0000, 0x0000, 0x0000, 0x0000, 0x0000, 0x0000, 0x0000, 0x0000, 0x0000,
    0x0000, 0x0000, 0x0000, 0x0000, 0x0000, 0x0000, 0x0000, 0x0000, 0x0000, 0x0000, 0x0000, 0x0000, 0x0000, 0x0000, 0x0000, 0x0000,
    0x0000, 0x0000, 0x0000, 0x0000, 0x0000, 0x0000, 0x0000, 0x0000, 0x0000, 0x0000, 0x0000, 0x0000, 0x0000, 0x0000, 0x0000, 0x0000,
    0x0000, 0x0000, 0x0000, 0x0000, 0x0000, 0x0000, 0x0000, 0x0000, 0x0000, 0x0000, 0x0000, 0x0000, 0x0000, 0x0000, 0x0000, 0x0000,
    0x0000, 0x0000, 0x0000, 0x0000, 0x0000, 0x0000, 0x0000, 0x0000, 0x0000, 0x0000, 0x0000, 0x0000, 0x0000, 0x0000, 0x0000, 0x0000,
    0x0000, 0x0000, 0x0000, 0x0000, 0x0000, 0x0000, 0x0000, 0x0000, 0x0000, 0x0000, 0x0000, 0x0000, 0x0000, 0x0000, 0x0000, 0x0000,
    0x0000, 0x0000, 0x0000, 0x0000, 0x0000, 0x3007, 0x3008, 0x3007, 0x2806, 0x3006, 0x1803, 0x0000, 0x0000, 0x0000, 0x4808, 0x700B,
    0x0000, 0x0000, 0x0000, 0x0000, 0x0000, 0x0000, 0x0000, 0x0000, 0x0000, 0x0000, 0x0000, 0x0000, 0x0000, 0x0000, 0x0000, 0x0000,
    0x0000, 0x0000, 0x0000, 0x0000, 0x0000, 0x0000, 0x0000, 0x0000, 0x0000, 0x0000, 0x0000, 0x0000, 0x0000, 0x0000, 0x0000, 0x0000,
    0x0000, 0x0000, 0x0000, 0x0000, 0x0000, 0x0000, 0x0000, 0x0000, 0x0000, 0x0000, 0x0000, 0x0000, 0x0000, 0x0000, 0x0000, 0x0000,
    0x0000, 0x0000, 0x0000, 0x0000, 0x0000, 0x0000, 0x0000, 0x0000, 0x0000, 0x0000, 0x0000, 0x0000, 0x0000, 0x0000, 0x0000, 0x0000,
    0x0000, 0x0000, 0x0000, 0x0000, 0x0000, 0x0000, 0x0000, 0x0000, 0x0000, 0x0000, 0x0000, 0x0000, 0x0000, 0x0000, 0x0000, 0x0000,
    0x0000, 0x0000, 0x0000, 0x0000, 0x0000, 0x0000, 0x0000, 0x0000, 0x0000, 0x0000, 0x0000, 0x0000, 0x0000, 0x0000, 0x0000, 0x0000,
    0x680A, 0x4806, 0x0000, 0x0000, 0x0000, 0x0000, 0x0801, 0x0801, 0x0801, 0x0802, 0x0801, 0x0000, 0x0000, 0x0000, 0x0000, 0x0000,
    0x0000, 0x0000, 0x0000, 0x0000, 0x0000, 0x0000, 0x0000, 0x0000, 0x0000, 0x0000, 0x0000, 0x0000, 0x0000, 0x0000, 0x0000, 0x0000,
    0x0000, 0x0000, 0x0000, 0x0000, 0x0000, 0x0000, 0x0000, 0x0000, 0x0000, 0x0000, 0x0000, 0x0000, 0x0000, 0x0000, 0x0000, 0x0000,
    0x0000, 0x0000, 0x0000, 0x0000, 0x0000, 0x0000, 0x0000, 0x0000, 0x0000, 0x0000, 0x0000, 0x0000, 0x0000, 0x0000, 0x0000, 0x0000,
    0x0000, 0x0000, 0x0000, 0x0000, 0x0000, 0x0000, 0x0000, 0x0000, 0x0000, 0x0000, 0x0000, 0x0000, 0x0000, 0x0000, 0x0000, 0x0000,
    0x0000, 0x0000, 0x0000, 0x0000, 0x0000, 0x0000, 0x0000, 0x0000, 0x0000, 0x0000, 0x0000, 0x0000, 0x0000, 0x0000, 0x0000, 0x0000,
    0x0000, 0x0000, 0x0000, 0x0000, 0x0000, 0x0000, 0x0000, 0x0000, 0x0000, 0x0000, 0x0000, 0x0000, 0x0000, 0x0000, 0x0000, 0x0000,
    0x0000, 0x0000, 0x0000, 0x0000, 0x0000, 0x0000, 0x0000, 0x0000, 0x0000, 0x0000, 0x0000, 0x0000, 0x0000, 0x0000, 0x0000, 0x0000,
    0x0000, 0x0000, 0x0000, 0x0000, 0x0000, 0x0000, 0x0000, 0x0000, 0x0000, 0x0000, 0x0000, 0x0000, 0x0000, 0x0000, 0x0000, 0x0000,
    0x0000, 0x0000, 0x0000, 0x0000, 0x0000, 0x0000, 0x0000, 0x0000, 0x0000, 0x0000, 0x0000, 0x0000, 0x0000, 0x0000, 0x0000, 0x0000,
    0x0000, 0x0000, 0x0000, 0x0000, 0x0000, 0x0000, 0x0000, 0x0000, 0x0000, 0x0000, 0x0000, 0x0000, 0x0000, 0x0000, 0x0000, 0x0000,
    0x0000, 0x0000, 0x0000, 0x0000, 0x0000, 0x0000, 0x0000, 0x0000, 0x0000, 0x0000, 0x0000, 0x0000, 0x0000, 0x0000, 0x0000, 0x0000,
    0x0000, 0x0000, 0x0000, 0x0000, 0x0000, 0x0000, 0x0000, 0x0000, 0x0000, 0x0000, 0x0000, 0x0000, 0x0000, 0x0000, 0x0000, 0x0000,
    0x0000, 0x0000, 0x0000, 0x0000, 0x0000, 0x0802, 0x0802, 0x0801, 0x0801, 0x0801, 0x0001, 0x0000, 0x0000, 0x0000, 0x4808, 0x700C,
    0x0000, 0x0000, 0x0000, 0x0000, 0x0000, 0x0000, 0x0000, 0x0000, 0x0000, 0x0000, 0x0000, 0x0000, 0x0000, 0x0000, 0x0000, 0x0000,
    0x0000, 0x0000, 0x0000, 0x0000, 0x0000, 0x0000, 0x0000, 0x0000, 0x0000, 0x0000, 0x0000, 0x0000, 0x0000, 0x0000, 0x0000, 0x0000,
    0x0000, 0x0000, 0x0000, 0x0000, 0x0000, 0x0000, 0x0000, 0x0000, 0x0000, 0x0000, 0x0000, 0x0000, 0x0000, 0x0000, 0x0000, 0x0000,
    0x0000, 0x0000, 0x0000, 0x0000, 0x0000, 0x0000, 0x0000, 0x0000, 0x0000, 0x0000, 0x0000, 0x0000, 0x0000, 0x0000, 0x0000, 0x0000,
    0x0000, 0x0000, 0x0000, 0x0000, 0x0000, 0x0000, 0x0000, 0x0000, 0x0000, 0x0000, 0x0000, 0x0000, 0x0000, 0x0000, 0x0000, 0x0000,
    0x0000, 0x0000, 0x0000, 0x0000, 0x0000, 0x0000, 0x0000, 0x0000, 0x0000, 0x0000, 0x0000, 0x0000, 0x0000, 0x0000, 0x0000, 0x0000,
    0x680A, 0x4807, 0x0000, 0x0000, 0x0000, 0x0000, 0x0000, 0x0000, 0x0000, 0x0000, 0x0000, 0x0000, 0x0000, 0x0000, 0x0000, 0x0000,
    0x0000, 0x0000, 0x0000, 0x0000, 0x0000, 0x0000, 0x0000, 0x0000, 0x0000, 0x0000, 0x0000, 0x0000, 0x0000, 0x0000, 0x0000, 0x0000,
    0x0000, 0x0000, 0x0000, 0x0000, 0x0000, 0x0000, 0x0000, 0x0000, 0x0000, 0x0000, 0x0000, 0x0000, 0x0000, 0x0000, 0x0000, 0x0000,
    0x0000, 0x0000, 0x0000, 0x0000, 0x0000, 0x0000, 0x0000, 0x0000, 0x0000, 0x0000, 0x0000, 0x0000, 0x0000, 0x0000, 0x0000, 0x0000,
    0x0000, 0x0000, 0x0000, 0x0000, 0x0000, 0x0000, 0x0000, 0x0000, 0x0000, 0x0000, 0x0000, 0x0000, 0x0000, 0x0000, 0x0000, 0x0000,
    0x0000, 0x0000, 0x0000, 0x0000, 0x0000, 0x0000, 0x0000, 0x0000, 0x0000, 0x0000, 0x0000, 0x0000, 0x0000, 0x0000, 0x0000, 0x0000,
    0x0000, 0x0000, 0x0000, 0x0000, 0x0000, 0x0000, 0x0000, 0x0000, 0x0000, 0x0000, 0x0000, 0x0000, 0x0000, 0x0000, 0x0000, 0x0000,
    0x0000, 0x0000, 0x0000, 0x0000, 0x0000, 0x0000, 0x0000, 0x0000, 0x0000, 0x0000, 0x0000, 0x0000, 0x0000, 0x0000, 0x0000, 0x0000,
    0x0000, 0x0000, 0x0000, 0x0000, 0x0000, 0x0000, 0x0000, 0x0000, 0x0000, 0x0000, 0x0000, 0x0000, 0x0000, 0x0000, 0x0000, 0x0000,
    0x0000, 0x0000, 0x0000, 0x0000, 0x0000, 0x0000, 0x0000, 0x0000, 0x0000, 0x0000, 0x0000, 0x0000, 0x0000, 0x0000, 0x0000, 0x0000,
    0x0000, 0x0000, 0x0000, 0x0000, 0x0000, 0x0000, 0x0000, 0x0000, 0x0000, 0x0000, 0x0000, 0x0000, 0x0000, 0x0000, 0x0000, 0x0000,
    0x0000, 0x0000, 0x0000, 0x0000, 0x0000, 0x0000, 0x0000, 0x0000, 0x0000, 0x0000, 0x0000, 0x0000, 0x0000, 0x0000, 0x0000, 0x0000,
    0x0000, 0x0000, 0x0000, 0x0000, 0x0000, 0x0000, 0x0000, 0x0000, 0x0000, 0x0000, 0x0000, 0x0000, 0x0000, 0x0000, 0x0000, 0x0000,
    0x0000, 0x0000, 0x0000, 0x0000, 0x0000, 0x0000, 0x0000, 0x0000, 0x0000, 0x0000, 0x0000, 0x0000, 0x0000, 0x0000, 0x4807, 0x700B,
    0x0000, 0x0000, 0x0000, 0x0000, 0x0000, 0x0000, 0x0000, 0x0000, 0x0000, 0x0000, 0x0000, 0x0000, 0x0000, 0x0000, 0x0000, 0x0000,
    0x0000, 0x0000, 0x0000, 0x0000, 0x0000, 0x0000, 0x0000, 0x0000, 0x0000, 0x0000, 0x0000, 0x0000, 0x0000, 0x0000, 0x0000, 0x0000,
    0x0000, 0x0000, 0x0000, 0x0000, 0x0000, 0x0000, 0x0000, 0x0000, 0x0000, 0x0000, 0x0000, 0x0000, 0x0000, 0x0000, 0x0000, 0x0000,
    0x0000, 0x0000, 0x0000, 0x0000, 0x0000, 0x0000, 0x0000, 0x0000, 0x0000, 0x0000, 0x0000, 0x0000, 0x0000, 0x0000, 0x0000, 0x0000,
    0x0000, 0x0000, 0x0000, 0x0000, 0x0000, 0x0000, 0x0000, 0x0000, 0x0000, 0x0000, 0x0000, 0x0000, 0x0000, 0x0000, 0x0000, 0x0000,
    0x0000, 0x0000, 0x0000, 0x0000, 0x0000, 0x0000, 0x0000, 0x0000, 0x0000, 0x0000, 0x0000, 0x0000, 0x0000, 0x0000, 0x0000, 0x0000,
    0x680A, 0x4807, 0x0000, 0x0000, 0x0000, 0x0000, 0x0000, 0x0000, 0x0000, 0x0000, 0x0000, 0x0000, 0x0000, 0x0000, 0x0000, 0x0000,
    0x0000, 0x0000, 0x0000, 0x0000, 0x0000, 0x0000, 0x0000, 0x0000, 0x0000, 0x0000, 0x0000, 0x0000, 0x0000, 0x0000, 0x0000, 0x0000,
    0x0000, 0x0000, 0x0000, 0x0000, 0x0000, 0x0000, 0x0000, 0x0000, 0x0000, 0x0000, 0x0000, 0x0000, 0x0000, 0x0000, 0x0000, 0x0000,
    0x0000, 0x0000, 0x0000, 0x0000, 0x0000, 0x0000, 0x0000, 0x0000, 0x0000, 0x0000, 0x0000, 0x0000, 0x0000, 0x0000, 0x0000, 0x0000,
    0x0000, 0x0000, 0x0000, 0x0000, 0x0000, 0x0000, 0x0000, 0x0000, 0x0000, 0x0000, 0x0000, 0x0000, 0x0000, 0x0000, 0x0000, 0x0000,
    0x0000, 0x0000, 0x0000, 0x0000, 0x0000, 0x0000, 0x0000, 0x0000, 0x0000, 0x0000, 0x0000, 0x0000, 0x0000, 0x0000, 0x0000, 0x0000,
    0x0000, 0x0000, 0x0000, 0x0000, 0x0000, 0x0000, 0x0000, 0x0000, 0x0000, 0x0000, 0x0000, 0x0000, 0x0000, 0x0000, 0x0000, 0x0000,
    0x0000, 0x0000, 0x0000, 0x0000, 0x0000, 0x0000, 0x0000, 0x0000, 0x0000, 0x0000, 0x0000, 0x0000, 0x0000, 0x0000, 0x0000, 0x0000,
    0x0000, 0x0000, 0x0000, 0x0000, 0x0000, 0x0000, 0x0000, 0x0000, 0x0000, 0x0000, 0x0000, 0x0000, 0x0000, 0x0000, 0x0000, 0x0000,
    0x0000, 0x0000, 0x0000, 0x0000, 0x0000, 0x0000, 0x0000, 0x0000, 0x0000, 0x0000, 0x0000, 0x0000, 0x0000, 0x0000, 0x0000, 0x0000,
    0x0000, 0x0000, 0x0000, 0x0000, 0x0000, 0x0000, 0x0000, 0x0000, 0x0000, 0x0000, 0x0000, 0x0000, 0x0000, 0x0000, 0x0000, 0x0000,
    0x0000, 0x0000, 0x0000, 0x0000, 0x0000, 0x0000, 0x0000, 0x0000, 0x0000, 0x0000, 0x0000, 0x0000, 0x0000, 0x0000, 0x0000, 0x0000,
    0x0000, 0x0000, 0x0000, 0x0000, 0x0000, 0x0000, 0x0000, 0x0000, 0x0000, 0x0000, 0x0000, 0x0000, 0x0000, 0x0000, 0x0000, 0x0000,
    0x0000, 0x0000, 0x0000, 0x0000, 0x0000, 0x0000, 0x0000, 0x0000, 0x0000, 0x0000, 0x0000, 0x0000, 0x0000, 0x0000, 0x4807, 0x700B,
    0x0000, 0x0000, 0x0000, 0x0000, 0x0000, 0x0000, 0x0000, 0x0000, 0x0000, 0x0000, 0x0000, 0x0000, 0x0000, 0x0000, 0x0000, 0x0000,
    0x0000, 0x0000, 0x0000, 0x0000, 0x0000, 0x0000, 0x0000, 0x0000, 0x0000, 0x0000, 0x0000, 0x0000, 0x0000, 0x0000, 0x0000, 0x0000,
    0x0000, 0x0000, 0x0000, 0x0000, 0x0000, 0x0000, 0x0000, 0x0000, 0x0000, 0x0000, 0x0000, 0x0000, 0x0000, 0x0000, 0x0000, 0x0000,
    0x0000, 0x0000, 0x0000, 0x0000, 0x0000, 0x0000, 0x0000, 0x0000, 0x0000, 0x0000, 0x0000, 0x0000, 0x0000, 0x0000, 0x0000, 0x0000,
    0x0000, 0x0000, 0x0000, 0x0000, 0x0000, 0x0000, 0x0000, 0x0000, 0x0000, 0x0000, 0x0000, 0x0000, 0x0000, 0x0000, 0x0000, 0x0000,
    0x0000, 0x0000, 0x0000, 0x0000, 0x0000, 0x0000, 0x0000, 0x0000, 0x0000, 0x0000, 0x0000, 0x0000, 0x0000, 0x0000, 0x0000, 0x0000,
    0x680A, 0x4806, 0x0000, 0x0000, 0x0000, 0x3007, 0x1803, 0x0000, 0x0000, 0x0000, 0x0000, 0x0000, 0x0000, 0x0000, 0x0000, 0x0000,
    0x0000, 0x0000, 0x0000, 0x0000, 0x0000, 0x0000, 0x0000, 0x0000, 0x0000, 0x0000, 0x0000, 0x0000, 0x0000, 0x0000, 0x0000, 0x0000,
    0x0000, 0x0000, 0x0000, 0x0000, 0x0000, 0x0000, 0x0000, 0x0000, 0x0000, 0x0000, 0x0000, 0x0000, 0x0000, 0x0000, 0x0000, 0x0000,
    0x0000, 0x0000, 0x0000, 0x0000, 0x0000, 0x0000, 0x0000, 0x0000, 0x0000, 0x0000, 0x0000, 0x0000, 0x0000, 0x0000, 0x0000, 0x0000,
    0x0000, 0x0000, 0x0000, 0x0000, 0x0000, 0x0000, 0x0000, 0x0000, 0x0000, 0x0000, 0x0000, 0x0000, 0x0000, 0x0000, 0x0000, 0x0000,
    0x0000, 0x0000, 0x0000, 0x0000, 0x0000, 0x0000, 0x0000, 0x0000, 0x0000, 0x0000, 0x0000, 0x0000, 0x0000, 0x0000, 0x0000, 0x0000,
    0x0000, 0x0000, 0x0000, 0x0000, 0x0000, 0x0000, 0x0000, 0x0000, 0x0000, 0x0000, 0x0000, 0x0000, 0x0000, 0x0000, 0x0000, 0x0000,
    0x0000, 0x0000, 0x0000, 0x0000, 0x0000, 0x0000, 0x0000, 0x0000, 0x0000, 0x0000, 0x0000, 0x0000, 0x0000, 0x0000, 0x0000, 0x0000,
    0x0000, 0x0000, 0x0000, 0x0000, 0x0000, 0x0000, 0x0000, 0x0000, 0x0000, 0x0000, 0x0000, 0x0000, 0x0000, 0x0000, 0x0000, 0x0000,
    0x0000, 0x0000, 0x0000, 0x0000, 0x0000, 0x0000, 0x0000, 0x0000, 0x0000, 0x0000, 0x0000, 0x0000, 0x0000, 0x0000, 0x0000, 0x0000,
    0x0000, 0x0000, 0x0000, 0x0000, 0x0000, 0x0000, 0x0000, 0x0000, 0x0000, 0x0000, 0x0000, 0x0000, 0x0000, 0x0000, 0x0000, 0x0000,
    0x0000, 0x0000, 0x0000, 0x0000, 0x0000, 0x0000, 0x0000, 0x0000, 0x0000, 0x0000, 0x0000, 0x0000, 0x0000, 0x0000, 0x0000, 0x0000,
    0x0000, 0x0000, 0x0000, 0x0000, 0x0000, 0x0000, 0x0000, 0x0000, 0x0000, 0x0000, 0x0000, 0x0000, 0x0000, 0x0000, 0x0000, 0x0000,
    0x0000, 0x0000, 0x0000, 0x0000, 0x0000, 0x0000, 0x0000, 0x0000, 0x0000, 0x1002, 0x2806, 0x0000, 0x0000, 0x0000, 0x4807, 0x700B,
    0x0000, 0x0000, 0x0000, 0x0000, 0x0000, 0x0000, 0x0000, 0x0000, 0x0000, 0x0000, 0x0000, 0x0000, 0x0000, 0x0000, 0x0000, 0x0000,
    0x0000, 0x0000, 0x0000, 0x0000, 0x0000, 0x0000, 0x0000, 0x0000, 0x0000, 0x0000, 0x0000, 0x0000, 0x0000, 0x0000, 0x0000, 0x0000,
    0x0000, 0x0000, 0x0000, 0x0000, 0x0000, 0x0000, 0x0000, 0x0000, 0x0000, 0x0000, 0x0000, 0x0000, 0x0000, 0x0000, 0x0000, 0x0000,
    0x0000, 0x0000, 0x0000, 0x0000, 0x0000, 0x0000, 0x0000, 0x0000, 0x0000, 0x0000, 0x0000, 0x0000, 0x0000, 0x0000, 0x0000, 0x0000,
    0x0000, 0x0000, 0x0000, 0x0000, 0x0000, 0x0000, 0x0000, 0x0000, 0x0000, 0x0000, 0x0000, 0x0000, 0x0000, 0x0000, 0x0000, 0x0000,
    0x0000, 0x0000, 0x0000, 0x0000, 0x0000, 0x0000, 0x0000, 0x0000, 0x0000, 0x0000, 0x0000, 0x0000, 0x0000, 0x0000, 0x0000, 0x0000,
    0x680A, 0x4806, 0x0000, 0x0000, 0x0000, 0x1002, 0x0801, 0x0000, 0x0000, 0x0000, 0x0000, 0x0000, 0x0000, 0x0000, 0x0000, 0x0000,
    0x0000, 0x0000, 0x0000, 0x0000, 0x0000, 0x0000, 0x0000, 0x0000, 0x0000, 0x0000, 0x0000, 0x0000, 0x0000, 0x0000, 0x0000, 0x0000,
    0x0000, 0x0000, 0x0000, 0x0000, 0x0000, 0x0000, 0x0000, 0x0000, 0x0000, 0x0000, 0x0000, 0x0000, 0x0000, 0x0000, 0x0000, 0x0000,
    0x0000, 0x0000, 0x0000, 0x0000, 0x0000, 0x0000, 0x0000, 0x0000, 0x0000, 0x0000, 0x0000, 0x0000, 0x0000, 0x0000, 0x0000, 0x0000,
    0x0000, 0x0000, 0x0000, 0x0000, 0x0000, 0x0000, 0x0000, 0x0000, 0x0000, 0x0000, 0x0000, 0x0000, 0x0000, 0x0000, 0x0000, 0x0000,
    0x0000, 0x0000, 0x0000, 0x0000, 0x0000, 0x0000, 0x0000, 0x0000, 0x0000, 0x0000, 0x0000, 0x0000, 0x0000, 0x0000, 0x0000, 0x0000,
    0x0000, 0x0000, 0x0000, 0x0000, 0x0000, 0x0000, 0x0000, 0x0000, 0x0000, 0x0000, 0x0000, 0x0000, 0x0000, 0x0000, 0x0000, 0x0000,
    0x0000, 0x0000, 0x0000, 0x0000, 0x0000, 0x0000, 0x0000, 0x0000, 0x0000, 0x0000, 0x0000, 0x0000, 0x0000, 0x0000, 0x0000, 0x0000,
    0x0000, 0x0000, 0x0000, 0x0000, 0x0000, 0x0000, 0x0000, 0x0000, 0x0000, 0x0000, 0x0000, 0x0000, 0x0000, 0x0000, 0x0000, 0x0000,
    0x0000, 0x0000, 0x0000, 0x0000, 0x0000, 0x0000, 0x0000, 0x0000, 0x0000, 0x0000, 0x0000, 0x0000, 0x0000, 0x0000, 0x0000, 0x0000,
    0x0000, 0x0000, 0x0000, 0x0000, 0x0000, 0x0000, 0x0000, 0x0000, 0x0000, 0x0000, 0x0000, 0x0000, 0x0000, 0x0000, 0x0000, 0x0000,
    0x0000, 0x0000, 0x0000, 0x0000, 0x0000, 0x0000, 0x0000, 0x0000, 0x0000, 0x0000, 0x0000, 0x0000, 0x0000, 0x0000, 0x0000, 0x0000,
    0x0000, 0x0000, 0x0000, 0x0000, 0x0000, 0x0000, 0x0000, 0x0000, 0x0000, 0x0000, 0x0000, 0x0000, 0x0000, 0x0000, 0x0000, 0x0000,
    0x0000, 0x0000, 0x0000, 0x0000, 0x0000, 0x0000, 0x0000, 0x0000, 0x0000, 0x0801, 0x1002, 0x0000, 0x0000, 0x0000, 0x4807, 0x700C,
    0x0000, 0x0000, 0x0000, 0x0000, 0x0000, 0x0000, 0x0000, 0x0000, 0x0000, 0x0000, 0x0000, 0x0000, 0x0000, 0x0000, 0x0000, 0x0000,
    0x0000, 0x0000, 0x0000, 0x0000, 0x0000, 0x0000, 0x0000, 0x0000, 0x0000, 0x0000, 0x0000, 0x0000, 0x0000, 0x0000, 0x0000, 0x0000,
    0x0000, 0x0000, 0x0000, 0x0000, 0x0000, 0x0000, 0x0000, 0x0000, 0x0000, 0x0000, 0x0000, 0x0000, 0x0000, 0x0000, 0x0000, 0x0000,
    0x0000, 0x0000, 0x0000, 0x0000, 0x0000, 0x0000, 0x0000, 0x0000, 0x0000, 0x0000, 0x0000, 0x0000, 0x0000, 0x0000, 0x0000, 0x0000,
    0x0000, 0x0000, 0x0000, 0x0000, 0x0000, 0x0000, 0x0000, 0x0000, 0x0000, 0x0000, 0x0000, 0x0000, 0x0000, 0x0000, 0x0000, 0x0000,
    0x0000, 0x0000, 0x0000, 0x0000, 0x0000, 0x0000, 0x0000, 0x0000, 0x0000, 0x0000, 0x0000, 0x0000, 0x0000, 0x0000, 0x0000, 0x0000,
    0x680A, 0x4807, 0x0000, 0x0000, 0x0000, 0x0801, 0x0001, 0x0000, 0x0000, 0x0000, 0x0000, 0x0000, 0x0000, 0x0000, 0x0000, 0x0000,
    0x0000, 0x0000, 0x0000, 0x0000, 0x0000, 0x0000, 0x0000, 0x0000, 0x0000, 0x0000, 0x0000, 0x0000, 0x0000, 0x0000, 0x0000, 0x0000,
    0x0000, 0x0000, 0x0000, 0x0000, 0x0000, 0x0000, 0x0000, 0x0000, 0x0000, 0x0000, 0x0000, 0x0000, 0x0000, 0x0000, 0x0000, 0x0000,
    0x0000, 0x0000, 0x0000, 0x0000, 0x0000, 0x0000, 0x0000, 0x0000, 0x0000, 0x0000, 0x0000, 0x0000, 0x0000, 0x0000, 0x0000, 0x0000,
    0x0000, 0x0000, 0x0000, 0x0000, 0x0000, 0x0000, 0x0000, 0x0000, 0x0000, 0x0000, 0x0000, 0x0000, 0x0000, 0x0000, 0x0000, 0x0000,
    0x0000, 0x0000, 0x0000, 0x0000, 0x0000, 0x0000, 0x0000, 0x0000, 0x0000, 0x0000, 0x0000, 0x0000, 0x0000, 0x0000, 0x0000, 0x0000,
    0x0000, 0x0000, 0x0000, 0x0000, 0x0000, 0x0000, 0x0000, 0x0000, 0x0000, 0x0000, 0x0000, 0x0000, 0x0000, 0x0000, 0x0000, 0x0000,
    0x0000, 0x0000, 0x0000, 0x0000, 0x0000, 0x0000, 0x0000, 0x0000, 0x0000, 0x0000, 0x0000, 0x0000, 0x0000, 0x0000, 0x0000, 0x0000,
    0x0000, 0x0000, 0x0000, 0x0000, 0x0000, 0x0000, 0x0000, 0x0000, 0x0000, 0x0000, 0x0000, 0x0000, 0x0000, 0x0000, 0x0000, 0x0000,
    0x0000, 0x0000, 0x0000, 0x0000, 0x0000, 0x0000, 0x0000, 0x0000, 0x0000, 0x0000, 0x0000, 0x0000, 0x0000, 0x0000, 0x0000, 0x0000,
    0x0000, 0x0000, 0x0000, 0x0000, 0x0000, 0x0000, 0x0000, 0x0000, 0x0000, 0x0000, 0x0000, 0x0000, 0x0000, 0x0000, 0x0000, 0x0000,
    0x0000, 0x0000, 0x0000, 0x0000, 0x0000, 0x0000, 0x0000, 0x0000, 0x0000, 0x0000, 0x0000, 0x0000, 0x0000, 0x0000, 0x0000, 0x0000,
    0x0000, 0x0000, 0x0000, 0x0000, 0x0000, 0x0000, 0x0000, 0x0000, 0x0000, 0x0000, 0x0000, 0x0000, 0x0000, 0x0000, 0x0000, 0x0000,
    0x0000, 0x0000, 0x0000, 0x0000, 0x0000, 0x0000, 0x0000, 0x0000, 0x0000, 0x0000, 0x0000, 0x0000, 0x0000, 0x0000, 0x4807, 0x700C,
    0x0000, 0x0000, 0x0000, 0x0000, 0x0000, 0x0000, 0x0000, 0x0000, 0x0000, 0x0000, 0x0000, 0x0000, 0x0000, 0x0000, 0x0000, 0x0000,
    0x0000, 0x0000, 0x0000, 0x0000, 0x0000, 0x0000, 0x0000, 0x0000, 0x0000, 0x0000, 0x0000, 0x0000, 0x0000, 0x0000, 0x0000, 0x0000,
    0x0000, 0x0000, 0x0000, 0x0000, 0x0000, 0x0000, 0x0000, 0x0000, 0x0000, 0x0000, 0x0000, 0x0000, 0x0000, 0x0000, 0x0000, 0x0000,
    0x0000, 0x0000, 0x0000, 0x0000, 0x0000, 0x0000, 0x0000, 0x0000, 0x0000, 0x0000, 0x0000, 0x0000, 0x0000, 0x0000, 0x0000, 0x0000,
    0x0000, 0x0000, 0x0000, 0x0000, 0x0000, 0x0000, 0x0000, 0x0000, 0x0000, 0x0000, 0x0000, 0x0000, 0x0000, 0x0000, 0x0000, 0x0000,
    0x0000, 0x0000, 0x0000, 0x0000, 0x0000, 0x0000, 0x0000, 0x0000, 0x0000, 0x0000, 0x0000, 0x0000, 0x0000, 0x0000, 0x0000, 0x0000,
    0x680A, 0x4807, 0x0000, 0x0000, 0x0000, 0x0001, 0x0000, 0x0000, 0x0000, 0x0000, 0x0000, 0x0000, 0x0000, 0x0000, 0x0000, 0x0000,
    0x0000, 0x0000, 0x0000, 0x0000, 0x0000, 0x0000, 0x0000, 0x0000, 0x0000, 0x0000, 0x0000, 0x0000, 0x0000, 0x0000, 0x0000, 0x0000,
    0x0000, 0x0000, 0x0000, 0x0000, 0x0000, 0x0000, 0x0000, 0x0000, 0x0000, 0x0000, 0x1001, 0x1001, 0x1002, 0x1002, 0x1002, 0x1002,
    0x1002, 0x0801, 0x0000, 0x0000, 0x0000, 0x0000, 0x0801, 0x1002, 0x1002, 0x1002, 0x1002, 0x1002, 0x1002, 0x0801, 0x0000, 0x0000,
    0x0000, 0x0000, 0x0000, 0x1002, 0x1001, 0x1002, 0x1002, 0x1002, 0x1002, 0x1002, 0x1002, 0x1002, 0x0800, 0x0000, 0x0000, 0x0000,
    0x0000, 0x0801, 0x1002, 0x1001, 0x1001, 0x1002, 0x1002, 0x0000, 0x0000, 0x0000, 0x0000, 0x0000, 0x0000, 0x0000, 0x1002, 0x1002,
    0x1002, 0x1002, 0x1002, 0x1002, 0x0000, 0x0000, 0x0000, 0x0000, 0x0000, 0x0000, 0x0000, 0x0000, 0x0000, 0x0000, 0x0000, 0x0000,
    0x0000, 0x0000, 0x0000, 0x0000, 0x0000, 0x0000, 0x0000, 0x1022, 0x1022, 0x0822, 0x0000, 0x0000, 0x0000, 0x0000, 0x0000, 0x0000,
    0x0000, 0x0000, 0x0000, 0x0000, 0x0000, 0x0000, 0x0000, 0x0000, 0x0000, 0x0000, 0x1022, 0x1022, 0x0801, 0x0000, 0x0000, 0x0000,
    0x0000, 0x0821, 0x1022, 0x0821, 0x0000, 0x0000, 0x0000, 0x0000, 0x0001, 0x1022, 0x1022, 0x1022, 0x1042, 0x1022, 0x0801, 0x0000,
    0x0000, 0x0000, 0x0000, 0x0801, 0x1022, 0x1022, 0x1022, 0x1022, 0x1022, 0x1022, 0x1022, 0x1843, 0x1022, 0x0000, 0x0000, 0x0000,
    0x0801, 0x1002, 0x1002, 0x1022, 0x1022, 0x1022, 0x1002, 0x1022, 0x1022, 0x0801, 0x0000, 0x0000, 0x0000, 0x0000, 0x0000, 0x0000,
    0x0000, 0x0000, 0x0000, 0x0000, 0x0000, 0x0000, 0x0000, 0x0000, 0x0000, 0x0000, 0x0000, 0x0000, 0x0000, 0x0000, 0x0000, 0x0000,
    0x0000, 0x0000, 0x0000, 0x0000, 0x0000, 0x0000, 0x0000, 0x0000, 0x0000, 0x0800, 0x1001, 0x0000, 0x0000, 0x0000, 0x4807, 0x700C,
    0x0000, 0x0000, 0x0000, 0x0000, 0x0000, 0x0000, 0x0000, 0x0000, 0x0000, 0x0000, 0x0000, 0x0000, 0x0000, 0x0000, 0x0000, 0x0000,
    0x0000, 0x0000, 0x0000, 0x0000, 0x0000, 0x0000, 0x0000, 0x0000, 0x0000, 0x0000, 0x0000, 0x0000, 0x0000, 0x0000, 0x0000, 0x0000,
    0x0000, 0x0000, 0x0000, 0x0000, 0x0000, 0x0000, 0x0000, 0x0000, 0x0000, 0x0000, 0x0000, 0x0000, 0x0000, 0x0000, 0x0000, 0x0000,
    0x0000, 0x0000, 0x0000, 0x0000, 0x0000, 0x0000, 0x0000, 0x0000, 0x0000, 0x0000, 0x0000, 0x0000, 0x0000, 0x0000, 0x0000, 0x0000,
    0x0000, 0x0000, 0x0000, 0x0000, 0x0000, 0x0000, 0x0000, 0x0000, 0x0000, 0x0000, 0x0000, 0x0000, 0x0000, 0x0000, 0x0000, 0x0000,
    0x0000, 0x0000, 0x0000, 0x0000, 0x0000, 0x0000, 0x0000, 0x0000, 0x0000, 0x0000, 0x0000, 0x0000, 0x0000, 0x0000, 0x0000, 0x0000,
    0x680A, 0x4807, 0x0000, 0x0000, 0x0000, 0x1804, 0x1002, 0x0000, 0x0000, 0x0000, 0x0000, 0x0000, 0x0000, 0x0000, 0x0000, 0x0000,
    0x0000, 0x0000, 0x0000, 0x0000, 0x0000, 0x0000, 0x0000, 0x0000, 0x0000, 0x0000, 0x0000, 0x0000, 0x0000, 0x0000, 0x0000, 0x0000,
    0x0000, 0x0000, 0x0000, 0x0000, 0x0000, 0x0000, 0x0000, 0x0000, 0x0000, 0x4007, 0xE018, 0xD017, 0xD817, 0xD817, 0xD016, 0xD816,
    0xE018, 0x600A, 0x0000, 0x0000, 0x0000, 0x1002, 0xC816, 0xE018, 0xD016, 0xD016, 0xD817, 0xD817, 0xE018, 0xB814, 0x0000, 0x0000,
    0x0000, 0x0000, 0x2805, 0xD818, 0xD817, 0xD817, 0xD818, 0xD817, 0xD016, 0xD016, 0xD016, 0xE019, 0x5809, 0x0000, 0x0000, 0x0000,
    0x0000, 0x9010, 0xD817, 0xC815, 0xC815, 0xD016, 0xE018, 0x3806, 0x0000, 0x0000, 0x0000, 0x0000, 0x0000, 0x1002, 0xD037, 0xD899,
    0xD8B8, 0xD898, 0xD899, 0xC8B6, 0x1002, 0x0000, 0x0000, 0x0000, 0x0000, 0x0000, 0x0000, 0x0000, 0x0000, 0x0000, 0x0000, 0x0000,
    0x0000, 0x0000, 0x0000, 0x0000, 0x0000, 0x0000, 0x2845, 0xDA5B, 0xE2BC, 0xB216, 0x0000, 0x0000, 0x0000, 0x0000, 0x0000, 0x0000,
    0x0000, 0x0000, 0x0000, 0x0000, 0x0000, 0x0000, 0x0000, 0x0000, 0x0000, 0x2064, 0xDABA, 0xEB1D, 0x718E, 0x0000, 0x0000, 0x0000,
    0x0000, 0xA1F4, 0xEAFD, 0xB256, 0x0000, 0x0000, 0x0000, 0x0000, 0x50EB, 0xE2FC, 0xDABA, 0xDA7B, 0xDA9B, 0xEAFD, 0x818F, 0x0000,
    0x0000, 0x0000, 0x0000, 0x91B2, 0xE2BC, 0xDA7B, 0xE27B, 0xE29B, 0xE29C, 0xE29C, 0xE27B, 0xE29B, 0xE31C, 0x40C8, 0x0000, 0x0000,
    0xA955, 0xE1DC, 0xD9BA, 0xD9DB, 0xD9BA, 0xD97A, 0xD99A, 0xD9FA, 0xE1FC, 0xA153, 0x0000, 0x0000, 0x0000, 0x0000, 0x0000, 0x0000,
    0x0000, 0x0000, 0x0000, 0x0000, 0x0000, 0x0000, 0x0000, 0x0000, 0x0000, 0x0000, 0x0000, 0x0000, 0x0000, 0x0000, 0x0000, 0x0000,
    0x0000, 0x0000, 0x0000, 0x0000, 0x0000, 0x0000, 0x0000, 0x0000, 0x0000, 0x1002, 0x2005, 0x0000, 0x0000, 0x0000, 0x4808, 0x700C,
    0x0000, 0x0000, 0x0000, 0x0000, 0x0000, 0x0000, 0x0000, 0x0000, 0x0000, 0x0000, 0x0000, 0x0000, 0x0000, 0x0000, 0x0000, 0x0000,
    0x0000, 0x0000, 0x0000, 0x0000, 0x0000, 0x0000, 0x0000, 0x0000, 0x0000, 0x0000, 0x0000, 0x0000, 0x0000, 0x0000, 0x0000, 0x0000,
    0x0000, 0x0000, 0x0000, 0x0000, 0x0000, 0x0000, 0x0000, 0x0000, 0x0000, 0x0000, 0x0000, 0x0000, 0x0000, 0x0000, 0x0000, 0x0000,
    0x0000, 0x0000, 0x0000, 0x0000, 0x0000, 0x0000, 0x0000, 0x0000, 0x0000, 0x0000, 0x0000, 0x0000, 0x0000, 0x0000, 0x0000, 0x0000,
    0x0000, 0x0000, 0x0000, 0x0000, 0x0000, 0x0000, 0x0000, 0x0000, 0x0000, 0x0000, 0x0000, 0x0000, 0x0000, 0x0000, 0x0000, 0x0000,
    0x0000, 0x0000, 0x0000, 0x0000, 0x0000, 0x0000, 0x0000, 0x0000, 0x0000, 0x0000, 0x0000, 0x0000, 0x0000, 0x0000, 0x0000, 0x0000,
    0x680A, 0x4807, 0x0000, 0x0000, 0x0000, 0x1002, 0x0801, 0x0000, 0x0000, 0x0000, 0x0000, 0x0000, 0x0000, 0x0000, 0x0000, 0x0000,
    0x0000, 0x0000, 0x0000, 0x0000, 0x0000, 0x0000, 0x0000, 0x0000, 0x0000, 0x0000, 0x0000, 0x0000, 0x0000, 0x0000, 0x0000, 0x0000,
    0x0000, 0x0000, 0x0000, 0x0000, 0x0000, 0x0000, 0x0000, 0x0000, 0x0000, 0x4808, 0xF81B, 0xF81A, 0xF81B, 0xF81A, 0xF81A, 0xF81B,
    0xF81C, 0xB012, 0x1021, 0x0000, 0x0000, 0x1002, 0xD818, 0xF81A, 0xF81A, 0xF81B, 0xF81B, 0xF81C, 0xF83D, 0xE839, 0x2003, 0x0000,
    0x0000, 0x0000, 0x3005, 0xF01A, 0xF81A, 0xF81B, 0xF81C, 0xF81B, 0xF81B, 0xF81C, 0xF83C, 0xF83E, 0x600A, 0x0000, 0x0000, 0x0000,
    0x0801, 0xC816, 0xF81D, 0xF01A, 0xF01A, 0xF81B, 0xF81D, 0x600A, 0x0000, 0x0000, 0x0000, 0x0000, 0x0000, 0x1803, 0xF03B, 0xF87D,
    0xF87C, 0xF87C, 0xF8BD, 0xF8DC, 0x2804, 0x0000, 0x0000, 0x0000, 0x0000, 0x0000, 0x0000, 0x0000, 0x0000, 0x0000, 0x0000, 0x0000,
    0x0000, 0x0000, 0x0000, 0x0000, 0x0000, 0x0000, 0x2866, 0xFABF, 0xFB3F, 0xC218, 0x0000, 0x0000, 0x0000, 0x0000, 0x0000, 0x0000,
    0x0000, 0x0000, 0x0000, 0x0000, 0x0000, 0x0000, 0x0000, 0x0000, 0x0000, 0x2885, 0xF31D, 0xFBDF, 0x81F0, 0x0000, 0x0000, 0x0000,
    0x0000, 0xB216, 0xFB5F, 0xCAB9, 0x0000, 0x0020, 0x0821, 0x0000, 0x694D, 0xFB3F, 0xFB1F, 0xFB1F, 0xFB1F, 0xFB9F, 0xAA15, 0x0000,
    0x0000, 0x0000, 0x0000, 0xAA16, 0xFB5F, 0xFADF, 0xFABF, 0xFABE, 0xFADE, 0xFAFF, 0xFAFF, 0xFB1F, 0xFB7F, 0x50C9, 0x0000, 0x0000,
    0xC178, 0xFA3F, 0xFA1E, 0xF9FF, 0xF9DF, 0xF9BF, 0xF9DF, 0xFA1F, 0xFA5F, 0xC197, 0x0000, 0x0000, 0x0000, 0x0000, 0x0000, 0x0000,
    0x0000, 0x0000, 0x0000, 0x0000, 0x0000, 0x0000, 0x0000, 0x0000, 0x0000, 0x0000, 0x0000, 0x0000, 0x0000, 0x0000, 0x0000, 0x0000,
    0x0000, 0x0000, 0x0000, 0x0000, 0x0000, 0x0000, 0x0000, 0x0000, 0x0000, 0x0000, 0x0001, 0x0000, 0x0000, 0x0000, 0x4808, 0x700C,
    0x0000, 0x0000, 0x0000, 0x0000, 0x0000, 0x0000, 0x0000, 0x0000, 0x0000, 0x0000, 0x0000, 0x0000, 0x0000, 0x0000, 0x0000, 0x0000,
    0x0000, 0x0000, 0x0000, 0x0000, 0x0000, 0x0000, 0x0000, 0x0000, 0x0000, 0x0000, 0x0000, 0x0000, 0x0000, 0x0000, 0x0000, 0x0000,
    0x0000, 0x0000, 0x0000, 0x0000, 0x0000, 0x0000, 0x0000, 0x0000, 0x0000, 0x0000, 0x0000, 0x0000, 0x0000, 0x0000, 0x0000, 0x0000,
    0x0000, 0x0000, 0x0000, 0x0000, 0x0000, 0x0000, 0x0000, 0x0000, 0x0000, 0x0000, 0x0000, 0x0000, 0x0000, 0x0000, 0x0000, 0x0000,
    0x0000, 0x0000, 0x0000, 0x0000, 0x0000, 0x0000, 0x0000, 0x0000, 0x0000, 0x0000, 0x0000, 0x0000, 0x0000, 0x0000, 0x0000, 0x0000,
    0x0000, 0x0000, 0x0000, 0x0000, 0x0000, 0x0000, 0x0000, 0x0000, 0x0000, 0x0000, 0x0000, 0x0000, 0x0000, 0x0000, 0x0000, 0x0000,
    0x680B, 0x4807, 0x0000, 0x0000, 0x0000, 0x0000, 0x0000, 0x0000, 0x0000, 0x0000, 0x0000, 0x0000, 0x0000, 0x0000, 0x0000, 0x0000,
    0x0000, 0x0000, 0x0000, 0x0000, 0x0000, 0x0000, 0x0000, 0x0000, 0x0000, 0x0000, 0x0000, 0x0000, 0x0000, 0x0000, 0x0000, 0x0000,
    0x0000, 0x0000, 0x0000, 0x0000, 0x0000, 0x0000, 0x0000, 0x0000, 0x0000, 0x4007, 0xF81A, 0xF81A, 0x900F, 0x5008, 0x5809, 0x5008,
    0x880E, 0xF01A, 0xE017, 0x5008, 0x0000, 0x1002, 0xD017, 0xF81A, 0xB012, 0x5008, 0x5809, 0x580A, 0x582A, 0xC816, 0xE039, 0x900F,
    0x0000, 0x0000, 0x2805, 0xE819, 0xF81B, 0xA831, 0x5809, 0x5809, 0x5009, 0x580A, 0x580A, 0x580A, 0x1803, 0x0000, 0x0000, 0x780D,
    0xD818, 0xD837, 0x600A, 0x5009, 0x5009, 0x5009, 0x9811, 0xE819, 0xB813, 0x1802, 0x0000, 0x0801, 0xB013, 0xD858, 0xB834, 0x5008,
    0x5009, 0x5029, 0x5069, 0xB8B5, 0xD8B9, 0x9891, 0x0000, 0x0000, 0x0000, 0x0000, 0x0000, 0x0000, 0x0000, 0x0000, 0x0000, 0x0000,
    0x0000, 0x0000, 0x0000, 0x0000, 0x0000, 0x796F, 0xD2BA, 0xB216, 0x510A, 0xD2BA, 0xCAF9, 0x38C7, 0x0000, 0x0000, 0x0000, 0x0000,
    0x0000, 0x0000, 0x0000, 0x0000, 0x0000, 0x0000, 0x0000, 0x0000, 0x0000, 0x2885, 0xF35D, 0xF37E, 0xE33C, 0x91F1, 0x0000, 0x0000,
    0x0000, 0xAA15, 0xFB1F, 0xC278, 0x0000, 0x0000, 0x38A8, 0xD2BA, 0xEB1C, 0x81B0, 0x510A, 0x612B, 0x592B, 0x718E, 0xE2BC, 0xD299,
    0x48E9, 0x0000, 0x0000, 0x38A7, 0x612C, 0x590B, 0x692D, 0xEA9C, 0xFADF, 0xB216, 0x590A, 0x592B, 0x590B, 0x1843, 0x0000, 0x0000,
    0xB956, 0xFA1F, 0xD1B9, 0x60AB, 0x58AA, 0x58AA, 0x58AA, 0x50AA, 0x58CB, 0x4088, 0x0000, 0x0000, 0x0000, 0x0000, 0x0000, 0x0000,
    0x0000, 0x0000, 0x0000, 0x0000, 0x0000, 0x0000, 0x0000, 0x0000, 0x0000, 0x0000, 0x0000, 0x0000, 0x0000, 0x0000, 0x0000, 0x0000,
    0x0000, 0x0000, 0x0000, 0x0000, 0x0000, 0x0000, 0x0000, 0x0000, 0x0000, 0x0000, 0x0000, 0x0000, 0x0000, 0x0000, 0x4808, 0x700C,
    0x0000, 0x0000, 0x0000, 0x0000, 0x0000, 0x0000, 0x0000, 0x0000, 0x0000, 0x0000, 0x0000, 0x0000, 0x0000, 0x0000, 0x0000, 0x0000,
    0x0000, 0x0000, 0x0000, 0x0000, 0x0000, 0x0000, 0x0000, 0x0000, 0x0000, 0x0000, 0x0000, 0x0000, 0x0000, 0x0000, 0x0000, 0x0000,
    0x0000, 0x0000, 0x0000, 0x0000, 0x0000, 0x0000, 0x0000, 0x0000, 0x0000, 0x0000, 0x0000, 0x0000, 0x0000, 0x0000, 0x0000, 0x0000,
    0x0000, 0x0000, 0x0000, 0x0000, 0x0000, 0x0000, 0x0000, 0x0000, 0x0000, 0x0000, 0x0000, 0x0000, 0x0000, 0x0000, 0x0000, 0x0000,
    0x0000, 0x0000, 0x0000, 0x0000, 0x0000, 0x0000, 0x0000, 0x0000, 0x0000, 0x0000, 0x0000, 0x0000, 0x0000, 0x0000, 0x0000, 0x0000,
    0x0000, 0x0000, 0x0000, 0x0000, 0x0000, 0x0000, 0x0000, 0x0000, 0x0000, 0x0000, 0x0000, 0x0000, 0x0000, 0x0000, 0x0000, 0x0000,
    0x700B, 0x4807, 0x0000, 0x0000, 0x0000, 0x1804, 0x0802, 0x0000, 0x0000, 0x0000, 0x0000, 0x0000, 0x0000, 0x0000, 0x0000, 0x0000,
    0x0000, 0x0000, 0x0000, 0x0000, 0x0000, 0x0000, 0x0000, 0x0000, 0x0000, 0x0000, 0x0000, 0x0000, 0x0000, 0x0000, 0x0000, 0x0000,
    0x0000, 0x0000, 0x0000, 0x0000, 0x0000, 0x0000, 0x0000, 0x0000, 0x0000, 0x4007, 0xF019, 0xF81B, 0x5008, 0x0000, 0x0000, 0x0000,
    0x3807, 0xE839, 0xF83B, 0x600A, 0x0000, 0x1803, 0xE018, 0xF81C, 0x880F, 0x0000, 0x0000, 0x0000, 0x0000, 0xA812, 0xF81C, 0xB014,
    0x0000, 0x0000, 0x3006, 0xF03A, 0xF81B, 0x600A, 0x0000, 0x0000, 0x0000, 0x0000, 0x0000, 0x0000, 0x0000, 0x0000, 0x0000, 0x9810,
    0xF81B, 0xC015, 0x0000, 0x0000, 0x0000, 0x0000, 0x700B, 0xF81D, 0xF81A, 0x2003, 0x0000, 0x1002, 0xD018, 0xF83D, 0xA833, 0x0000,
    0x0000, 0x0000, 0x0000, 0xA072, 0xF8DF, 0xD898, 0x0000, 0x0000, 0x0000, 0x0000, 0x0000, 0x0000, 0x0000, 0x0000, 0x0000, 0x0000,
    0x0000, 0x0000, 0x0000, 0x0000, 0x0000, 0xA1B4, 0xFB3F, 0xA213, 0x0000, 0xEB1D, 0xFB5F, 0x38C7, 0x0000, 0x0000, 0x0000, 0x0000,
    0x0000, 0x0000, 0x0000, 0x0000, 0x0000, 0x0000, 0x0000, 0x0000, 0x0000, 0x2885, 0xF31D, 0xF31D, 0xFB5F, 0xBA56, 0x0000, 0x0820,
    0x0000, 0xB276, 0xFB9F, 0xCA98, 0x0000, 0x0000, 0x40A9, 0xFB1F, 0xFB7F, 0x40C7, 0x0000, 0x0000, 0x0000, 0x1823, 0xEA7D, 0xFB3F,
    0x694C, 0x0000, 0x0000, 0x0000, 0x0000, 0x0000, 0x0821, 0xE2DC, 0xFB5F, 0x81B0, 0x0000, 0x0000, 0x0000, 0x0000, 0x0000, 0x0000,
    0xB977, 0xF9FF, 0xC197, 0x0000, 0x0000, 0x0000, 0x0000, 0x0000, 0x0000, 0x0000, 0x0000, 0x0000, 0x0000, 0x0000, 0x0000, 0x0000,
    0x0000, 0x0000, 0x0000, 0x0000, 0x0000, 0x0000, 0x0000, 0x0000, 0x0000, 0x0000, 0x0000, 0x0000, 0x0000, 0x0000, 0x0000, 0x0000,
    0x0000, 0x0000, 0x0000, 0x0000, 0x0000, 0x0000, 0x0000, 0x0000, 0x0000, 0x0801, 0x1002, 0x0000, 0x0000, 0x0000, 0x4807, 0x700B,
    0x0000, 0x0000, 0x0000, 0x0000, 0x0000, 0x0000, 0x0000, 0x0000, 0x0000, 0x0000, 0x0000, 0x0000, 0x0000, 0x0000, 0x0000, 0x0000,
    0x0000, 0x0000, 0x0000, 0x0000, 0x0000, 0x0000, 0x0000, 0x0000, 0x0000, 0x0000, 0x0000, 0x0000, 0x0000, 0x0000, 0x0000, 0x0000,
    0x0000, 0x0000, 0x0000, 0x0000, 0x0000, 0x0000, 0x0000, 0x0000, 0x0000, 0x0000, 0x0000, 0x0000, 0x0000, 0x0000, 0x0000, 0x0000,
    0x0000, 0x0000, 0x0000, 0x0000, 0x0000, 0x0000, 0x0000, 0x0000, 0x0000, 0x0000, 0x0000, 0x0000, 0x0000, 0x0000, 0x0000, 0x0000,
    0x0000, 0x0000, 0x0000, 0x0000, 0x0000, 0x0000, 0x0000, 0x0000, 0x0000, 0x0000, 0x0000, 0x0000, 0x0000, 0x0000, 0x0000, 0x0000,
    0x0000, 0x0000, 0x0000, 0x0000, 0x0000, 0x0000, 0x0000, 0x0000, 0x0000, 0x0000, 0x0000, 0x0000, 0x0000, 0x0000, 0x0000, 0x0000,
    0x700B, 0x4807, 0x0000, 0x0000, 0x0000, 0x2005, 0x1003, 0x0000, 0x0000, 0x0000, 0x0000, 0x0000, 0x0000, 0x0000, 0x0000, 0x0000,
    0x0000, 0x0000, 0x0000, 0x0000, 0x0000, 0x0000, 0x0000, 0x0000, 0x0000, 0x0000, 0x0000, 0x0000, 0x0000, 0x0000, 0x0000, 0x0000,
    0x0000, 0x0000, 0x0000, 0x0000, 0x0000, 0x0000, 0x0000, 0x0000, 0x0000, 0x4808, 0xF01A, 0xF81A, 0x5809, 0x0000, 0x0801, 0x0000,
    0x5009, 0xF039, 0xF039, 0x5809, 0x0000, 0x1803, 0xE018, 0xF81C, 0x900F, 0x0000, 0x0801, 0x0800, 0x0800, 0xB834, 0xF83C, 0xB013,
    0x0000, 0x0000, 0x3006, 0xF03A, 0xF81B, 0x680B, 0x0000, 0x0801, 0x0000, 0x0000, 0x0000, 0x0000, 0x0000, 0x0000, 0x0000, 0x9010,
    0xF83A, 0xC034, 0x0000, 0x0000, 0x0821, 0x0020, 0x4007, 0x880E, 0x780C, 0x1002, 0x0000, 0x0801, 0xC035, 0xF85B, 0xA032, 0x0000,
    0x0000, 0x0800, 0x0000, 0x582A, 0x8850, 0x682C, 0x0000, 0x0000, 0x0000, 0x0000, 0x0000, 0x0000, 0x0000, 0x0000, 0x0000, 0x0000,
    0x0000, 0x0000, 0x0000, 0x0000, 0x3065, 0xDA7B, 0xDABB, 0x40E8, 0x0000, 0x714D, 0xF2DE, 0x99F2, 0x0821, 0x0000, 0x0000, 0x0000,
    0x0000, 0x0000, 0x0000, 0x0000, 0x0000, 0x0000, 0x0000, 0x0000, 0x0000, 0x2885, 0xF31D, 0xF33E, 0xF35E, 0xDADA, 0x694C, 0x0800,
    0x0000, 0xB296, 0xFBBF, 0xCAB8, 0x0000, 0x0000, 0x40A8, 0xFABE, 0xFB1E, 0x48E9, 0x0000, 0x0800, 0x0000, 0x2865, 0xEA9D, 0xFB1F,
    0x612C, 0x0000, 0x0000, 0x0000, 0x0000, 0x0000, 0x1843, 0xE2BC, 0xFB3F, 0x89B1, 0x0000, 0x0000, 0x0000, 0x0000, 0x0000, 0x0000,
    0xC197, 0xF9FF, 0xC177, 0x0821, 0x0000, 0x0000, 0x0800, 0x0800, 0x0000, 0x0000, 0x0000, 0x0000, 0x0000, 0x0000, 0x0000, 0x0000,
    0x0000, 0x0000, 0x0000, 0x0000, 0x0000, 0x0000, 0x0000, 0x0000, 0x0000, 0x0000, 0x0000, 0x0000, 0x0000, 0x0000, 0x0000, 0x0000,
    0x0000, 0x0000, 0x0000, 0x0000, 0x0000, 0x0000, 0x0000, 0x0000, 0x0000, 0x1002, 0x2005, 0x0000, 0x0000, 0x0000, 0x4807, 0x700B,
    0x0000, 0x0000, 0x0000, 0x0000, 0x0000, 0x0000, 0x0000, 0x0000, 0x0000, 0x0000, 0x0000, 0x0000, 0x0000, 0x0000, 0x0000, 0x0000,
    0x0000, 0x0000, 0x0000, 0x0000, 0x0000, 0x0000, 0x0000, 0x0000, 0x0000, 0x0000, 0x0000, 0x0000, 0x0000, 0x0000, 0x0000, 0x0000,
    0x0000, 0x0000, 0x0000, 0x0000, 0x0000, 0x0000, 0x0000, 0x0000, 0x0000, 0x0000, 0x0000, 0x0000, 0x0000, 0x0000, 0x0000, 0x0000,
    0x0000, 0x0000, 0x0000, 0x0000, 0x0000, 0x0000, 0x0000, 0x0000, 0x0000, 0x0000, 0x0000, 0x0000, 0x0000, 0x0000, 0x0000, 0x0000,
    0x0000, 0x0000, 0x0000, 0x0000, 0x0000, 0x0000, 0x0000, 0x0000, 0x0000, 0x0000, 0x0000, 0x0000, 0x0000, 0x0000, 0x0000, 0x0000,
    0x0000, 0x0000, 0x0000, 0x0000, 0x0000, 0x0000, 0x0000, 0x0000, 0x0000, 0x0000, 0x0000, 0x0000, 0x0000, 0x0000, 0x0000, 0x0000,
    0x680B, 0x4807, 0x0000, 0x0000, 0x0000, 0x0000, 0x0000, 0x0000, 0x0000, 0x0000, 0x0000, 0x0000, 0x0000, 0x0000, 0x0000, 0x0000,
    0x0000, 0x0000, 0x0000, 0x0000, 0x0000, 0x0000, 0x0000, 0x0000, 0x0000, 0x0000, 0x0000, 0x0000, 0x0000, 0x0000, 0x0000, 0x0000,
    0x0000, 0x0000, 0x0000, 0x0000, 0x0000, 0x0000, 0x0000, 0x0000, 0x0000, 0x4808, 0xF81A, 0xF81A, 0x4807, 0x0000, 0x0000, 0x0000,
    0x4828, 0xF85A, 0xF83B, 0x600A, 0x0000, 0x1002, 0xD017, 0xF81C, 0x880F, 0x0000, 0x0000, 0x0000, 0x0000, 0xC054, 0xF89D, 0xC035,
    0x0000, 0x0000, 0x2805, 0xE819, 0xF83C, 0x680B, 0x0000, 0x0000, 0x0000, 0x0000, 0x0000, 0x0000, 0x0000, 0x0000, 0x0000, 0xA011,
    0xF83C, 0xE037, 0xB032, 0x6009, 0x0020, 0x0020, 0x0000, 0x0000, 0x0000, 0x0000, 0x0000, 0x0801, 0xC837, 0xF85B, 0xC876, 0x9090,
    0x1002, 0x0000, 0x0000, 0x0000, 0x0000, 0x0000, 0x0000, 0x0000, 0x0000, 0x0000, 0x0000, 0x0000, 0x0000, 0x0000, 0x0000, 0x0000,
    0x0000, 0x0000, 0x0000, 0x0000, 0x48A9, 0xFAFF, 0xDA7A, 0x0000, 0x0000, 0x2865, 0xFB1F, 0xF2FD, 0x0821, 0x0000, 0x0000, 0x0000,
    0x0000, 0x0000, 0x0000, 0x0000, 0x0000, 0x0000, 0x0000, 0x0000, 0x0000, 0x2885, 0xF33D, 0xF33E, 0xF33E, 0xFB9F, 0xD2F9, 0x0000,
    0x0000, 0xB255, 0xFB5F, 0xCAB8, 0x0000, 0x0000, 0x40C9, 0xFADF, 0xFAFE, 0x40C8, 0x0000, 0x0000, 0x0000, 0x2865, 0xEABD, 0xFB1F,
    0x612C, 0x0000, 0x0000, 0x0000, 0x0000, 0x0000, 0x1843, 0xE27B, 0xFB1F, 0x8991, 0x0000, 0x0000, 0x0000, 0x0000, 0x0000, 0x0000,
    0xC177, 0xFA1F, 0xC197, 0x0000, 0x0000, 0x0000, 0x0000, 0x0000, 0x0000, 0x0000, 0x0000, 0x0000, 0x0000, 0x0000, 0x0000, 0x0000,
    0x0000, 0x0000, 0x0000, 0x0000, 0x0000, 0x0000, 0x0000, 0x0000, 0x0000, 0x0000, 0x0000, 0x0000, 0x0000, 0x0000, 0x0000, 0x0000,
    0x0000, 0x0000, 0x0000, 0x0000, 0x0000, 0x0000, 0x0000, 0x0000, 0x0000, 0x0000, 0x0000, 0x0000, 0x0000, 0x0000, 0x4807, 0x700B,
    0x0000, 0x0000, 0x0000, 0x0000, 0x0000, 0x0000, 0x0000, 0x0000, 0x0000, 0x0000, 0x0000, 0x0000, 0x0000, 0x0000, 0x0000, 0x0000,
    0x0000, 0x0000, 0x0000, 0x0000, 0x0000, 0x0000, 0x0000, 0x0000, 0x0000, 0x0000, 0x0000, 0x0000, 0x0000, 0x0000, 0x0000, 0x0000,
    0x0000, 0x0000, 0x0000, 0x0000, 0x0000, 0x0000, 0x0000, 0x0000, 0x0000, 0x0000, 0x0000, 0x0000, 0x0000, 0x0000, 0x0000, 0x0000,
    0x0000, 0x0000, 0x0000, 0x0000, 0x0000, 0x0000, 0x0000, 0x0000, 0x0000, 0x0000, 0x0000, 0x0000, 0x0000, 0x0000, 0x0000, 0x0000,
    0x0000, 0x0000, 0x0000, 0x0000, 0x0000, 0x0000, 0x0000, 0x0000, 0x0000, 0x0000, 0x0000, 0x0000, 0x0000, 0x0000, 0x0000, 0x0000,
    0x0000, 0x0000, 0x0000, 0x0000, 0x0000, 0x0000, 0x0000, 0x0000, 0x0000, 0x0000, 0x0000, 0x0000, 0x0000, 0x0000, 0x0000, 0x0000,
    0x680A, 0x4807, 0x0000, 0x0000, 0x0000, 0x0000, 0x0000, 0x0000, 0x0000, 0x0000, 0x0000, 0x0000, 0x0000, 0x0000, 0x0000, 0x0000,
    0x0000, 0x0000, 0x0000, 0x0000, 0x0000, 0x0000, 0x0000, 0x0000, 0x0000, 0x0000, 0x0000, 0x0000, 0x0000, 0x0000, 0x0000, 0x0000,
    0x0000, 0x0000, 0x0000, 0x0000, 0x0000, 0x0000, 0x0000, 0x0000, 0x0000, 0x4007, 0xF81A, 0xF81A, 0x700C, 0x2804, 0x3005, 0x2804,
    0x682B, 0xF87C, 0xF05A, 0x5029, 0x0000, 0x1002, 0xD017, 0xF03A, 0xD036, 0x9830, 0x9830, 0x882F, 0x882F, 0xE038, 0xF85B, 0x9811,
    0x0000, 0x0000, 0x2805, 0xE019, 0xF01A, 0xC836, 0x9851, 0xA031, 0x9030, 0xA031, 0x5809, 0x0000, 0x0000, 0x0000, 0x0000, 0x3806,
    0x600A, 0xC835, 0xF83B, 0xD056, 0x9090, 0x3826, 0x0000, 0x0000, 0x0000, 0x0000, 0x0000, 0x0801, 0x9010, 0xB032, 0xE098, 0xF8DB,
    0xA0D1, 0x90B0, 0x4847, 0x0000, 0x0000, 0x0000, 0x0000, 0x0000, 0x0000, 0x0000, 0x0000, 0x0000, 0x0000, 0x0000, 0x0000, 0x0000,
    0x0000, 0x0000, 0x0000, 0x58EB, 0xC238, 0xE27C, 0x58EA, 0x0801, 0x0000, 0x1042, 0x99F3, 0xF2FE, 0xA1F3, 0x1843, 0x0000, 0x0000,
    0x0000, 0x0000, 0x0000, 0x0000, 0x0000, 0x0000, 0x0000, 0x0000, 0x0000, 0x2885, 0xF31D, 0xFB5E, 0xF35D, 0xEB7D, 0xE35B, 0x89F0,
    0x0821, 0xAA15, 0xFB3F, 0xCAB8, 0x0800, 0x0000, 0x40C9, 0xFADF, 0xFAFE, 0x40C8, 0x0000, 0x0000, 0x0000, 0x2865, 0xF2DD, 0xFB3F,
    0x612C, 0x0000, 0x0000, 0x0000, 0x0000, 0x0000, 0x1843, 0xE25B, 0xFADF, 0x8990, 0x0000, 0x0000, 0x0000, 0x0000, 0x0000, 0x0000,
    0xB977, 0xF9FF, 0xE21B, 0xA193, 0x9972, 0x9952, 0x9972, 0x9151, 0x1022, 0x0000, 0x0000, 0x0000, 0x0000, 0x0000, 0x0000, 0x0000,
    0x0000, 0x0000, 0x0000, 0x0000, 0x0000, 0x0000, 0x0000, 0x0000, 0x0000, 0x0000, 0x0000, 0x0000, 0x0000, 0x0000, 0x0000, 0x0000,
    0x0000, 0x0000, 0x0000, 0x0000, 0x0000, 0x0000, 0x0000, 0x0000, 0x0000, 0x0000, 0x0000, 0x0000, 0x0000, 0x0000, 0x4808, 0x700C,
    0x0000, 0x0000, 0x0000, 0x0000, 0x0000, 0x0000, 0x0000, 0x0000, 0x0000, 0x0000, 0x0000, 0x0000, 0x0000, 0x0000, 0x0000, 0x0000,
    0x0000, 0x0000, 0x0000, 0x0000, 0x0000, 0x0000, 0x0000, 0x0000, 0x0000, 0x0000, 0x0000, 0x0000, 0x0000, 0x0000, 0x0000, 0x0000,
    0x0000, 0x0000, 0x0000, 0x0000, 0x0000, 0x0000, 0x0000, 0x0000, 0x0000, 0x0000, 0x0000, 0x0000, 0x0000, 0x0000, 0x0000, 0x0000,
    0x0000, 0x0000, 0x0000, 0x0000, 0x0000, 0x0000, 0x0000, 0x0000, 0x0000, 0x0000, 0x0000, 0x0000, 0x0000, 0x0000, 0x0000, 0x0000,
    0x0000, 0x0000, 0x0000, 0x0000, 0x0000, 0x0000, 0x0000, 0x0000, 0x0000, 0x0000, 0x0000, 0x0000, 0x0000, 0x0000, 0x0000, 0x0000,
    0x0000, 0x0000, 0x0000, 0x0000, 0x0000, 0x0000, 0x0000, 0x0000, 0x0000, 0x0000, 0x0000, 0x0000, 0x0000, 0x0000, 0x0000, 0x0000,
    0x680A, 0x4807, 0x0000, 0x0000, 0x0000, 0x2806, 0x1003, 0x0000, 0x0000, 0x0000, 0x0000, 0x0000, 0x0000, 0x0000, 0x0000, 0x0000,
    0x0000, 0x0000, 0x0000, 0x0000, 0x0000, 0x0000, 0x0000, 0x0000, 0x0000, 0x0000, 0x0000, 0x0000, 0x0000, 0x0000, 0x0000, 0x0000,
    0x0000, 0x0000, 0x0000, 0x0000, 0x0000, 0x0000, 0x0000, 0x0000, 0x0000, 0x4007, 0xF01A, 0xF019, 0xF01A, 0xF03A, 0xF019, 0xE819,
    0xE839, 0xD036, 0x680B, 0x0000, 0x0020, 0x1002, 0xD817, 0xF039, 0xF83A, 0xF83C, 0xF81B, 0xF81B, 0xF81B, 0xE819, 0x5829, 0x0000,
    0x0000, 0x0000, 0x2805, 0xE819, 0xE018, 0xF81B, 0xF83D, 0xF83D, 0xF83D, 0xF83F, 0x9810, 0x0000, 0x0000, 0x0000, 0x0000, 0x0000,
    0x0000, 0xB053, 0xF039, 0xF83A, 0xF85D, 0x9850, 0x5029, 0x0801, 0x0000, 0x0000, 0x0000, 0x0000, 0x0000, 0x0000, 0xD8B7, 0xF91B,
    0xF91C, 0xF8FE, 0xA092, 0x5029, 0x0800, 0x0000, 0x0000, 0x0000, 0x0000, 0x0000, 0x0000, 0x0000, 0x0000, 0x0000, 0x0000, 0x0000,
    0x0000, 0x0000, 0x0000, 0x9173, 0xFB1F, 0xCA79, 0x0000, 0x0000, 0x0000, 0x0000, 0x50EA, 0xFB3F, 0xFB3F, 0x3086, 0x0000, 0x0000,
    0x0000, 0x0000, 0x0000, 0x0000, 0x0000, 0x0000, 0x0000, 0x0000, 0x0000, 0x2885, 0xEB1D, 0xFBBF, 0x81F0, 0x4909, 0xFBBF, 0xFB3E,
    0x0000, 0xA214, 0xFB9F, 0xCAD8, 0x0000, 0x0000, 0x40A8, 0xFA9F, 0xFAFF, 0x48C8, 0x0000, 0x0000, 0x0000, 0x2865, 0xF2DD, 0xFB3F,
    0x612C, 0x0000, 0x0000, 0x0000, 0x0000, 0x0000, 0x1843, 0xE25B, 0xFADF, 0x8991, 0x0000, 0x0000, 0x0000, 0x0000, 0x0000, 0x0000,
    0xC177, 0xF9DE, 0xF9DD, 0xFA5F, 0xFA5F, 0xFA5F, 0xFA5F, 0xFA3F, 0x2044, 0x0000, 0x0000, 0x0000, 0x0000, 0x0000, 0x0000, 0x0000,
    0x0000, 0x0000, 0x0000, 0x0000, 0x0000, 0x0000, 0x0000, 0x0000, 0x0000, 0x0000, 0x0000, 0x0000, 0x0000, 0x0000, 0x0000, 0x0000,
    0x0000, 0x0000, 0x0000, 0x0000, 0x0000, 0x0000, 0x0000, 0x0000, 0x0000, 0x1002, 0x2005, 0x0000, 0x0000, 0x0000, 0x4807, 0x700C,
    0x0000, 0x0000, 0x0000, 0x0000, 0x0000, 0x0000, 0x0000, 0x0000, 0x0000, 0x0000, 0x0000, 0x0000, 0x0000, 0x0000, 0x0000, 0x0000,
    0x0000, 0x0000, 0x0000, 0x0000, 0x0000, 0x0000, 0x0000, 0x0000, 0x0000, 0x0000, 0x0000, 0x0000, 0x0000, 0x0000, 0x0000, 0x0000,
    0x0000, 0x0000, 0x0000, 0x0000, 0x0000, 0x0000, 0x0000, 0x0000, 0x0000, 0x0000, 0x0000, 0x0000, 0x0000, 0x0000, 0x0000, 0x0000,
    0x0000, 0x0000, 0x0000, 0x0000, 0x0000, 0x0000, 0x0000, 0x0000, 0x0000, 0x0000, 0x0000, 0x0000, 0x0000, 0x0000, 0x0000, 0x0000,
    0x0000, 0x0000, 0x0000, 0x0000, 0x0000, 0x0000, 0x0000, 0x0000, 0x0000, 0x0000, 0x0000, 0x0000, 0x0000, 0x0000, 0x0000, 0x0000,
    0x0000, 0x0000, 0x0000, 0x0000, 0x0000, 0x0000, 0x0000, 0x0000, 0x0000, 0x0000, 0x0000, 0x0000, 0x0000, 0x0000, 0x0000, 0x0000,
    0x680A, 0x4807, 0x0000, 0x0000, 0x0000, 0x1805, 0x1002, 0x0000, 0x0000, 0x0000, 0x0000, 0x0000, 0x0000, 0x0000, 0x0000, 0x0000,
    0x0000, 0x0000, 0x0000, 0x0000, 0x0000, 0x0000, 0x0000, 0x0000, 0x0000, 0x0000, 0x0000, 0x0000, 0x0000, 0x0000, 0x0000, 0x0000,
    0x0000, 0x0000, 0x0000, 0x0000, 0x0000, 0x0000, 0x0000, 0x0000, 0x0000, 0x4007, 0xF81A, 0xE819, 0xF81B, 0xF81C, 0xF81B, 0xF81B,
    0xF83D, 0x5809, 0x0000, 0x0000, 0x0000, 0x1002, 0xE018, 0xF83A, 0xE038, 0xD817, 0xE818, 0xF01A, 0xE037, 0x9810, 0x0000, 0x0000,
    0x0000, 0x0000, 0x3005, 0xF01A, 0xF01A, 0xD016, 0xB013, 0xB813, 0xB033, 0xB834, 0x600B, 0x0000, 0x0000, 0x0000, 0x0000, 0x0000,
    0x0000, 0x2004, 0x3004, 0x680B, 0xA812, 0xE038, 0xF85B, 0x682B, 0x3005, 0x0801, 0x0000, 0x0000, 0x0000, 0x0800, 0x3826, 0x3846,
    0x908F, 0xC095, 0xF89C, 0xF87C, 0x4047, 0x2023, 0x0000, 0x0000, 0x0000, 0x0000, 0x0000, 0x0000, 0x0000, 0x0000, 0x0000, 0x0000,
    0x0000, 0x0000, 0x0000, 0x8971, 0xFADF, 0xDA9A, 0x40C8, 0x3086, 0x30A6, 0x3086, 0x8190, 0xFAFF, 0xF2DD, 0x2885, 0x0000, 0x0000,
    0x0000, 0x0000, 0x0000, 0x0000, 0x0000, 0x0000, 0x0000, 0x0000, 0x0000, 0x2885, 0xF31D, 0xFB9F, 0x718E, 0x2064, 0xE31C, 0xEB1D,
    0x40E7, 0xBAB7, 0xFBBF, 0xC298, 0x0000, 0x0000, 0x40A8, 0xFABF, 0xFB1F, 0x48C8, 0x0000, 0x0000, 0x0000, 0x2865, 0xF2BD, 0xFB1F,
    0x612C, 0x0000, 0x0000, 0x0000, 0x0000, 0x0000, 0x1843, 0xE23B, 0xFABF, 0x8971, 0x0000, 0x0000, 0x0000, 0x0000, 0x0000, 0x0000,
    0xC177, 0xF9FE, 0xE99B, 0xB155, 0xB175, 0xB1B5, 0xB195, 0xB174, 0x1823, 0x0000, 0x0000, 0x0000, 0x0000, 0x0000, 0x0000, 0x0000,
    0x0000, 0x0000, 0x0000, 0x0000, 0x0000, 0x0000, 0x0000, 0x0000, 0x0000, 0x0000, 0x0000, 0x0000, 0x0000, 0x0000, 0x0000, 0x0000,
    0x0000, 0x0000, 0x0000, 0x0000, 0x0000, 0x0000, 0x0000, 0x0000, 0x0000, 0x0801, 0x0802, 0x0000, 0x0000, 0x0000, 0x4808, 0x780C,
    0x0000, 0x0000, 0x0000, 0x0000, 0x0000, 0x0000, 0x0000, 0x0000, 0x0000, 0x0000, 0x0000, 0x0000, 0x0000, 0x0000, 0x0000, 0x0000,
    0x0000, 0x0000, 0x0000, 0x0000, 0x0000, 0x0000, 0x0000, 0x0000, 0x0000, 0x0000, 0x0000, 0x0000, 0x0000, 0x0000, 0x0000, 0x0000,
    0x0000, 0x0000, 0x0000, 0x0000, 0x0000, 0x0000, 0x0000, 0x0000, 0x0000, 0x0000, 0x0000, 0x0000, 0x0000, 0x0000, 0x0000, 0x0000,
    0x0000, 0x0000, 0x0000, 0x0000, 0x0000, 0x0000, 0x0000, 0x0000, 0x0000, 0x0000, 0x0000, 0x0000, 0x0000, 0x0000, 0x0000, 0x0000,
    0x0000, 0x0000, 0x0000, 0x0000, 0x0000, 0x0000, 0x0000, 0x0000, 0x0000, 0x0000, 0x0000, 0x0000, 0x0000, 0x0000, 0x0000, 0x0000,
    0x0000, 0x0000, 0x0000, 0x0000, 0x0000, 0x0000, 0x0000, 0x0000, 0x0000, 0x0000, 0x0000, 0x0000, 0x0000, 0x0000, 0x0000, 0x0000,
    0x680B, 0x4807, 0x0000, 0x0000, 0x0000, 0x0000, 0x0000, 0x0000, 0x0000, 0x0000, 0x0000, 0x0000, 0x0000, 0x0000, 0x0000, 0x0000,
    0x0000, 0x0000, 0x0000, 0x0000, 0x0000, 0x0000, 0x0000, 0x0000, 0x0000, 0x0000, 0x0000, 0x0000, 0x0000, 0x0000, 0x0000, 0x0000,
    0x0000, 0x0000, 0x0000, 0x0000, 0x0000, 0x0000, 0x0000, 0x0000, 0x0000, 0x4007, 0xF81A, 0xF81A, 0x9830, 0x600A, 0x600A, 0x580A,
    0x680C, 0x2804, 0x0000, 0x0000, 0x0000, 0x1003, 0xE038, 0xF83C, 0x9830, 0x1002, 0xC035, 0xF83C, 0x782C, 0x0000, 0x0000, 0x0000,
    0x0000, 0x0000, 0x2805, 0xE819, 0xF83C, 0x702C, 0x0000, 0x0000, 0x0000, 0x0000, 0x0000, 0x0020, 0x0000, 0x0000, 0x0000, 0x0000,
    0x0000, 0x0000, 0x0000, 0x0000, 0x0000, 0x700C, 0xB034, 0xF85C, 0xF03A, 0x2003, 0x0000, 0x0000, 0x0000, 0x0000, 0x0000, 0x0000,
    0x0000, 0x1001, 0x788D, 0xC0B6, 0xF91D, 0xC0F7, 0x0000, 0x0000, 0x0000, 0x0000, 0x0000, 0x0000, 0x0000, 0x0000, 0x0000, 0x0000,
    0x0000, 0x0000, 0x0000, 0x9152, 0xFA5F, 0xF25D, 0xFABF, 0xFADF, 0xFADF, 0xFABF, 0xFA9E, 0xF27E, 0xF29D, 0x2885, 0x0000, 0x0000,
    0x0000, 0x0000, 0x0000, 0x0000, 0x0000, 0x0000, 0x0000, 0x0000, 0x0000, 0x2885, 0xEB3D, 0xFB5F, 0x81AF, 0x0000, 0x48C9, 0xFB3F,
    0xFB3E, 0xF33E, 0xFB5F, 0xC278, 0x0000, 0x0000, 0x40C8, 0xFADF, 0xFAFE, 0x40C8, 0x0000, 0x0000, 0x0000, 0x2065, 0xF29D, 0xFAFF,
    0x612C, 0x0000, 0x0000, 0x0000, 0x0000, 0x0000, 0x1843, 0xDA1B, 0xFA9F, 0x8971, 0x0000, 0x0000, 0x0000, 0x0000, 0x0000, 0x0000,
    0xC157, 0xF9FF, 0xC177, 0x0000, 0x0000, 0x0000, 0x0000, 0x0000, 0x0000, 0x0000, 0x0000, 0x0000, 0x0000, 0x0000, 0x0000, 0x0000,
    0x0000, 0x0000, 0x0000, 0x0000, 0x0000, 0x0000, 0x0000, 0x0000, 0x0000, 0x0000, 0x0000, 0x0000, 0x0000, 0x0000, 0x0000, 0x0000,
    0x0000, 0x0000, 0x0000, 0x0000, 0x0000, 0x0000, 0x0000, 0x0000, 0x0000, 0x0000, 0x0000, 0x0000, 0x0000, 0x0000, 0x4808, 0x700C,
    0x0000, 0x0000, 0x0000, 0x0000, 0x0000, 0x0000, 0x0000, 0x0000, 0x0000, 0x0000, 0x0000, 0x0000, 0x0000, 0x0000, 0x0000, 0x0000,
    0x0000, 0x0000, 0x0000, 0x0000, 0x0000, 0x0000, 0x0000, 0x0000, 0x0000, 0x0000, 0x0000, 0x0000, 0x0000, 0x0000, 0x0000, 0x0000,
    0x0000, 0x0000, 0x0000, 0x0000, 0x0000, 0x0000, 0x0000, 0x0000, 0x0000, 0x0000, 0x0000, 0x0000, 0x0000, 0x0000, 0x0000, 0x0000,
    0x0000, 0x0000, 0x0000, 0x0000, 0x0000, 0x0000, 0x0000, 0x0000, 0x0000, 0x0000, 0x0000, 0x0000, 0x0000, 0x0000, 0x0000, 0x0000,
    0x0000, 0x0000, 0x0000, 0x0000, 0x0000, 0x0000, 0x0000, 0x0000, 0x0000, 0x0000, 0x0000, 0x0000, 0x0000, 0x0000, 0x0000, 0x0000,
    0x0000, 0x0000, 0x0000, 0x0000, 0x0000, 0x0000, 0x0000, 0x0000, 0x0000, 0x0000, 0x0000, 0x0000, 0x0000, 0x0000, 0x0000, 0x0000,
    0x680B, 0x4807, 0x0000, 0x0000, 0x0000, 0x0000, 0x0000, 0x0000, 0x0000, 0x0000, 0x0000, 0x0000, 0x0000, 0x0000, 0x0000, 0x0000,
    0x0000, 0x0000, 0x0000, 0x0000, 0x0000, 0x0000, 0x0000, 0x0000, 0x0000, 0x0000, 0x0000, 0x0000, 0x0000, 0x0000, 0x0000, 0x0000,
    0x0000, 0x0000, 0x0000, 0x0000, 0x0000, 0x0000, 0x0000, 0x0000, 0x0000, 0x4007, 0xF81A, 0xF83B, 0x5008, 0x0000, 0x0000, 0x0000,
    0x0000, 0x0000, 0x0000, 0x0000, 0x0000, 0x1003, 0xE018, 0xF81C, 0x880F, 0x0000, 0xB033, 0xF01A, 0x800D, 0x0801, 0x0000, 0x0000,
    0x0000, 0x0000, 0x2805, 0xE819, 0xF83B, 0x700C, 0x0000, 0x0000, 0x0000, 0x0000, 0x0000, 0x0000, 0x0000, 0x0000, 0x0000, 0x0000,
    0x1001, 0x0801, 0x0000, 0x0000, 0x0000, 0x0000, 0x602B, 0xF85D, 0xE839, 0x2003, 0x0000, 0x0000, 0x0801, 0x0801, 0x0801, 0x0000,
    0x0000, 0x0000, 0x0000, 0x90D1, 0xF95E, 0xC0D7, 0x0000, 0x0000, 0x0000, 0x0000, 0x0000, 0x0000, 0x0000, 0x0000, 0x0000, 0x0000,
    0x0000, 0x0000, 0x0000, 0x9172, 0xFA7F, 0xEA5C, 0xE23B, 0xE23B, 0xE25B, 0xE25B, 0xEA7C, 0xF2BE, 0xF2BE, 0x2885, 0x0000, 0x0000,
    0x0000, 0x0000, 0x0000, 0x0000, 0x0000, 0x0000, 0x0000, 0x0000, 0x0000, 0x2885, 0xEB1D, 0xFB7F, 0x81D0, 0x0000, 0x38A7, 0xEADC,
    0xF2BD, 0xF2DD, 0xFB3F, 0xCA78, 0x0000, 0x0000, 0x48C9, 0xFAFF, 0xFAFE, 0x40C8, 0x0000, 0x0000, 0x0000, 0x2865, 0xEABD, 0xFAFF,
    0x610C, 0x0000, 0x0000, 0x0000, 0x0000, 0x0000, 0x1843, 0xE21B, 0xFA7F, 0x8951, 0x0000, 0x0000, 0x0000, 0x0000, 0x0000, 0x0000,
    0xB917, 0xF99F, 0xC957, 0x0801, 0x0020, 0x0000, 0x0000, 0x0000, 0x0000, 0x0000, 0x0000, 0x0000, 0x0000, 0x0000, 0x0000, 0x0000,
    0x0000, 0x0000, 0x0000, 0x0000, 0x0000, 0x0000, 0x0000, 0x0000, 0x0000, 0x0000, 0x0000, 0x0000, 0x0000, 0x0000, 0x0000, 0x0000,
    0x0000, 0x0000, 0x0000, 0x0000, 0x0000, 0x0000, 0x0000, 0x0000, 0x0000, 0x0000, 0x0000, 0x0000, 0x0000, 0x0000, 0x4808, 0x700C,
    0x0000, 0x0000, 0x0000, 0x0000, 0x0000, 0x0000, 0x0000, 0x0000, 0x0000, 0x0000, 0x0000, 0x0000, 0x0000, 0x0000, 0x0000, 0x0000,
    0x0000, 0x0000, 0x0000, 0x0000, 0x0000, 0x0000, 0x0000, 0x0000, 0x0000, 0x0000, 0x0000, 0x0000, 0x0000, 0x0000, 0x0000, 0x0000,
    0x0000, 0x0000, 0x0000, 0x0000, 0x0000, 0x0000, 0x0000, 0x0000, 0x0000, 0x0000, 0x0000, 0x0000, 0x0000, 0x0000, 0x0000, 0x0000,
    0x0000, 0x0000, 0x0000, 0x0000, 0x0000, 0x0000, 0x0000, 0x0000, 0x0000, 0x0000, 0x0000, 0x0000, 0x0000, 0x0000, 0x0000, 0x0000,
    0x0000, 0x0000, 0x0000, 0x0000, 0x0000, 0x0000, 0x0000, 0x0000, 0x0000, 0x0000, 0x0000, 0x0000, 0x0000, 0x0000, 0x0000, 0x0000,
    0x0000, 0x0000, 0x0000, 0x0000, 0x0000, 0x0000, 0x0000, 0x0000, 0x0000, 0x0000, 0x0000, 0x0000, 0x0000, 0x0000, 0x0000, 0x0000,
    0x680A, 0x4807, 0x0000, 0x0000, 0x0000, 0x2807, 0x1803, 0x0000, 0x0000, 0x0000, 0x0000, 0x0000, 0x0000, 0x0000, 0x0000, 0x0000,
    0x0000, 0x0000, 0x0000, 0x0000, 0x0000, 0x0000, 0x0000, 0x0000, 0x0000, 0x0000, 0x0000, 0x0000, 0x0000, 0x0000, 0x0000, 0x0000,
    0x0000, 0x0000, 0x0000, 0x0000, 0x0000, 0x0000, 0x0000, 0x0000, 0x0000, 0x4007, 0xF019, 0xF019, 0x5009, 0x0000, 0x0000, 0x0000,
    0x0000, 0x0000, 0x0000, 0x0000, 0x0000, 0x1002, 0xD817, 0xF81B, 0x880F, 0x0000, 0x1001, 0x600A, 0xF01A, 0xB814, 0x0000, 0x0000,
    0x0000, 0x0000, 0x3006, 0xE819, 0xF81A, 0x600A, 0x0000, 0x0000, 0x0000, 0x0000, 0x0000, 0x0000, 0x0000, 0x0000, 0x0000, 0x800E,
    0xE019, 0xA011, 0x0000, 0x0000, 0x0000, 0x0000, 0x602B, 0xF83C, 0xE038, 0x2003, 0x0000, 0x0001, 0xA813, 0xE039, 0x804E, 0x0000,
    0x0000, 0x0000, 0x0000, 0x98D2, 0xF93D, 0xC0D6, 0x0000, 0x0000, 0x0000, 0x0000, 0x0000, 0x0000, 0x0000, 0x0000, 0x0000, 0x0000,
    0x0000, 0x0000, 0x0000, 0x91B2, 0xFAFF, 0xD25A, 0x1843, 0x1002, 0x1022, 0x1021, 0x714E, 0xFAFF, 0xF2FE, 0x2885, 0x0000, 0x0000,
    0x0000, 0x0000, 0x0000, 0x0000, 0x0000, 0x0000, 0x0000, 0x0000, 0x0000, 0x2885, 0xEAFD, 0xFB7F, 0x81AF, 0x0000, 0x0000, 0x2064,
    0xE29B, 0xFADE, 0xFB3F, 0xCAB9, 0x0800, 0x0000, 0x40C8, 0xFABE, 0xFB1E, 0x40C8, 0x0000, 0x0000, 0x0000, 0x2064, 0xF2FD, 0xFB1F,
    0x610C, 0x0000, 0x0000, 0x0000, 0x0000, 0x0000, 0x1823, 0xE1FB, 0xFA7F, 0x8951, 0x0000, 0x0000, 0x0000, 0x0000, 0x0000, 0x0000,
    0xB8D6, 0xF91F, 0xC0F7, 0x0000, 0x0000, 0x0000, 0x0000, 0x0000, 0x0000, 0x0000, 0x0000, 0x0000, 0x0000, 0x0000, 0x0000, 0x0000,
    0x0000, 0x0000, 0x0000, 0x0000, 0x0000, 0x0000, 0x0000, 0x0000, 0x0000, 0x0000, 0x0000, 0x0000, 0x0000, 0x0000, 0x0000, 0x0000,
    0x0000, 0x0000, 0x0000, 0x0000, 0x0000, 0x0000, 0x0000, 0x0000, 0x0000, 0x1002, 0x2805, 0x0000, 0x0000, 0x0000, 0x4808, 0x780C,
    0x0000, 0x0000, 0x0000, 0x0000, 0x0000, 0x0000, 0x0000, 0x0000, 0x0000, 0x0000, 0x0000, 0x0000, 0x0000, 0x0000, 0x0000, 0x0000,
    0x0000, 0x0000, 0x0000, 0x0000, 0x0000, 0x0000, 0x0000, 0x0000, 0x0000, 0x0000, 0x0000, 0x0000, 0x0000, 0x0000, 0x0000, 0x0000,
    0x0000, 0x0000, 0x0000, 0x0000, 0x0000, 0x0000, 0x0000, 0x0000, 0x0000, 0x0000, 0x0000, 0x0000, 0x0000, 0x0000, 0x0000, 0x0000,
    0x0000, 0x0000, 0x0000, 0x0000, 0x0000, 0x0000, 0x0000, 0x0000, 0x0000, 0x0000, 0x0000, 0x0000, 0x0000, 0x0000, 0x0000, 0x0000,
    0x0000, 0x0000, 0x0000, 0x0000, 0x0000, 0x0000, 0x0000, 0x0000, 0x0000, 0x0000, 0x0000, 0x0000, 0x0000, 0x0000, 0x0000, 0x0000,
    0x0000, 0x0000, 0x0000, 0x0000, 0x0000, 0x0000, 0x0000, 0x0000, 0x0000, 0x0000, 0x0000, 0x0000, 0x0000, 0x0000, 0x0000, 0x0000,
    0x680A, 0x4806, 0x0000, 0x0000, 0x0000, 0x0802, 0x0001, 0x0000, 0x0000, 0x0000, 0x0000, 0x0000, 0x0000, 0x0000, 0x0000, 0x0000,
    0x0000, 0x0000, 0x0000, 0x0000, 0x0000, 0x0000, 0x0000, 0x0000, 0x0000, 0x0000, 0x0000, 0x0000, 0x0000, 0x0000, 0x0000, 0x0000,
    0x0000, 0x0000, 0x0000, 0x0000, 0x0000, 0x0000, 0x0000, 0x0000, 0x0000, 0x4007, 0xF019, 0xF81A, 0x5008, 0x0000, 0x0000, 0x0000,
    0x0000, 0x0000, 0x0000, 0x0000, 0x0000, 0x1002, 0xD016, 0xF83B, 0x880F, 0x0000, 0x0000, 0x5008, 0xF81C, 0xD017, 0x1803, 0x0801,
    0x0000, 0x0020, 0x3006, 0xF03A, 0xF03A, 0x682B, 0x1001, 0x1802, 0x1802, 0x1802, 0x1002, 0x1002, 0x0800, 0x0000, 0x0000, 0xA012,
    0xF83E, 0xC015, 0x1802, 0x1002, 0x1802, 0x1002, 0x702D, 0xF83C, 0xF03A, 0x2003, 0x0000, 0x0801, 0xD018, 0xF83F, 0xA051, 0x1001,
    0x1802, 0x1802, 0x1022, 0xA0D3, 0xF95F, 0xD0F8, 0x0000, 0x0000, 0x0000, 0x0000, 0x0000, 0x0000, 0x0000, 0x0000, 0x0000, 0x0000,
    0x0000, 0x0000, 0x0000, 0x9192, 0xFADF, 0xD219, 0x0000, 0x0000, 0x0000, 0x0000, 0x60EC, 0xFA9F, 0xF2BD, 0x2885, 0x0000, 0x0000,
    0x0000, 0x0000, 0x0000, 0x0000, 0x0000, 0x0000, 0x0000, 0x0000, 0x0000, 0x2885, 0xEAFD, 0xFB5F, 0x79AF, 0x0000, 0x0000, 0x1022,
    0xEADD, 0xFB1E, 0xFB7F, 0xCAD8, 0x0000, 0x0000, 0x40C8, 0xFADF, 0xFB5F, 0x590A, 0x1022, 0x1843, 0x1022, 0x38A7, 0xF2BE, 0xFB3F,
    0x690D, 0x0000, 0x0000, 0x0000, 0x0000, 0x0000, 0x1823, 0xD9FB, 0xFA5F, 0x8130, 0x0000, 0x0000, 0x0000, 0x0000, 0x0000, 0x0000,
    0xB8D6, 0xF91E, 0xC8D7, 0x1822, 0x1002, 0x1002, 0x1822, 0x1802, 0x1002, 0x0801, 0x0000, 0x0000, 0x0000, 0x0000, 0x0000, 0x0000,
    0x0000, 0x0000, 0x0000, 0x0000, 0x0000, 0x0000, 0x0000, 0x0000, 0x0000, 0x0000, 0x0000, 0x0000, 0x0000, 0x0000, 0x0000, 0x0000,
    0x0000, 0x0000, 0x0000, 0x0000, 0x0000, 0x0000, 0x0000, 0x0000, 0x0000, 0x0801, 0x1002, 0x0000, 0x0000, 0x0000, 0x4808, 0x700C,
    0x0000, 0x0000, 0x0000, 0x0000, 0x0000, 0x0000, 0x0000, 0x0000, 0x0000, 0x0000, 0x0000, 0x0000, 0x0000, 0x0000, 0x0000, 0x0000,
    0x0000, 0x0000, 0x0000, 0x0000, 0x0000, 0x0000, 0x0000, 0x0000, 0x0000, 0x0000, 0x0000, 0x0000, 0x0000, 0x0000, 0x0000, 0x0000,
    0x0000, 0x0000, 0x0000, 0x0000, 0x0000, 0x0000, 0x0000, 0x0000, 0x0000, 0x0000, 0x0000, 0x0000, 0x0000, 0x0000, 0x0000, 0x0000,
    0x0000, 0x0000, 0x0000, 0x0000, 0x0000, 0x0000, 0x0000, 0x0000, 0x0000, 0x0000, 0x0000, 0x0000, 0x0000, 0x0000, 0x0000, 0x0000,
    0x0000, 0x0000, 0x0000, 0x0000, 0x0000, 0x0000, 0x0000, 0x0000, 0x0000, 0x0000, 0x0000, 0x0000, 0x0000, 0x0000, 0x0000, 0x0000,
    0x0000, 0x0000, 0x0000, 0x0000, 0x0000, 0x0000, 0x0000, 0x0000, 0x0000, 0x0000, 0x0000, 0x0000, 0x0000, 0x0000, 0x0000, 0x0000,
    0x680A, 0x4806, 0x0000, 0x0000, 0x0000, 0x0000, 0x0000, 0x0000, 0x0000, 0x0000, 0x0000, 0x0000, 0x0000, 0x0000, 0x0000, 0x0000,
    0x0000, 0x0000, 0x0000, 0x0000, 0x0000, 0x0000, 0x0000, 0x0000, 0x0000, 0x0000, 0x0000, 0x0000, 0x0000, 0x0000, 0x0000, 0x0000,
    0x0000, 0x0000, 0x0000, 0x0000, 0x0000, 0x0000, 0x0000, 0x0000, 0x0000, 0x4007, 0xE818, 0xF81A, 0x5809, 0x0000, 0x0000, 0x0000,
    0x0000, 0x0000, 0x0000, 0x0000, 0x0000, 0x1002, 0xD016, 0xF83B, 0x9010, 0x0000, 0x0000, 0x1002, 0x4007, 0xB814, 0xE039, 0x9811,
    0x0000, 0x0000, 0x2805, 0xE839, 0xE819, 0xE018, 0xD016, 0xD016, 0xD817, 0xD817, 0xD817, 0xE019, 0x5009, 0x0000, 0x0000, 0x4007,
    0x700C, 0xD057, 0xE038, 0xD036, 0xD037, 0xD838, 0xF05A, 0xC035, 0x600A, 0x1021, 0x0020, 0x0000, 0x4808, 0x602A, 0xD057, 0xD878,
    0xD8B9, 0xD8D9, 0xD0D8, 0xE0DA, 0x9090, 0x4849, 0x0000, 0x0000, 0x0000, 0x0000, 0x0000, 0x0000, 0x0000, 0x0000, 0x0000, 0x0000,
    0x0000, 0x0000, 0x0000, 0x8951, 0xFA5F, 0xC9F8, 0x0801, 0x0000, 0x0000, 0x0000, 0x610D, 0xFADF, 0xEA9D, 0x2885, 0x0000, 0x0000,
    0x0000, 0x0000, 0x0000, 0x0000, 0x0000, 0x0000, 0x0000, 0x0000, 0x0000, 0x2885, 0xEAFC, 0xFB5F, 0x81AF, 0x0000, 0x0840, 0x0821,
    0x48C8, 0xCA98, 0xFB3F, 0xC258, 0x0000, 0x0000, 0x1843, 0x610C, 0x99F3, 0xEA9C, 0xDA7B, 0xE2BB, 0xDA9B, 0xEA9D, 0xCA18, 0x690D,
    0x2845, 0x0000, 0x0000, 0x0000, 0x0000, 0x0000, 0x1023, 0xD9FA, 0xFA5F, 0x8130, 0x0000, 0x0000, 0x0000, 0x0000, 0x0000, 0x0000,
    0xB8B5, 0xF91D, 0xE8DA, 0xD878, 0xD078, 0xD878, 0xE079, 0xD878, 0xE059, 0xA032, 0x0000, 0x0000, 0x0000, 0x0000, 0x0000, 0x0000,
    0x0000, 0x0000, 0x0000, 0x0000, 0x0000, 0x0000, 0x0000, 0x0000, 0x0000, 0x0000, 0x0000, 0x0000, 0x0000, 0x0000, 0x0000, 0x0000,
    0x0000, 0x0000, 0x0000, 0x0000, 0x0000, 0x0000, 0x0000, 0x0000, 0x0000, 0x0000, 0x0000, 0x0000, 0x0000, 0x0000, 0x4807, 0x700B,
    0x0000, 0x0000, 0x0000, 0x0000, 0x0000, 0x0000, 0x0000, 0x0000, 0x0000, 0x0000, 0x0000, 0x0000, 0x0000, 0x0000, 0x0000, 0x0000,
    0x0000, 0x0000, 0x0000, 0x0000, 0x0000, 0x0000, 0x0000, 0x0000, 0x0000, 0x0000, 0x0000, 0x0000, 0x0000, 0x0000, 0x0000, 0x0000,
    0x0000, 0x0000, 0x0000, 0x0000, 0x0000, 0x0000, 0x0000, 0x0000, 0x0000, 0x0000, 0x0000, 0x0000, 0x0000, 0x0000, 0x0000, 0x0000,
    0x0000, 0x0000, 0x0000, 0x0000, 0x0000, 0x0000, 0x0000, 0x0000, 0x0000, 0x0000, 0x0000, 0x0000, 0x0000, 0x0000, 0x0000, 0x0000,
    0x0000, 0x0000, 0x0000, 0x0000, 0x0000, 0x0000, 0x0000, 0x0000, 0x0000, 0x0000, 0x0000, 0x0000, 0x0000, 0x0000, 0x0000, 0x0000,
    0x0000, 0x0000, 0x0000, 0x0000, 0x0000, 0x0000, 0x0000, 0x0000, 0x0000, 0x0000, 0x0000, 0x0000, 0x0000, 0x0000, 0x0000, 0x0000,
    0x680A, 0x4806, 0x0000, 0x0000, 0x0000, 0x2806, 0x1003, 0x0000, 0x0000, 0x0000, 0x0000, 0x0000, 0x0000, 0x0000, 0x0000, 0x0000,
    0x0000, 0x0000, 0x0000, 0x0000, 0x0000, 0x0000, 0x0000, 0x0000, 0x0000, 0x0000, 0x0000, 0x0000, 0x0000, 0x0000, 0x0000, 0x0000,
    0x0000, 0x0000, 0x0000, 0x0000, 0x0000, 0x0000, 0x0000, 0x0000, 0x0000, 0x4808, 0xF81B, 0xF81C, 0x5809, 0x0000, 0x0000, 0x0000,
    0x0000, 0x0000, 0x0000, 0x0000, 0x0000, 0x1002, 0xE818, 0xF83D, 0x9810, 0x0000, 0x0000, 0x0000, 0x0000, 0xC014, 0xF81E, 0xC014,
    0x0000, 0x0000, 0x2805, 0xF01A, 0xF81B, 0xF81C, 0xF81B, 0xF81A, 0xF01A, 0xF81A, 0xF81A, 0xF81E, 0x600A, 0x0000, 0x0000, 0x0000,
    0x0000, 0xD036, 0xF83D, 0xF81A, 0xF83A, 0xF83B, 0xF83D, 0x3806, 0x0000, 0x0000, 0x0000, 0x0000, 0x0000, 0x0000, 0xE059, 0xF87D,
    0xF8DC, 0xF8FC, 0xF8DD, 0xE0BB, 0x1002, 0x0000, 0x0000, 0x0000, 0x0000, 0x0000, 0x0000, 0x0000, 0x0000, 0x0000, 0x0000, 0x0000,
    0x0000, 0x0000, 0x0000, 0x9953, 0xFA9F, 0xDA1A, 0x0801, 0x0000, 0x0000, 0x0000, 0x690E, 0xFB1F, 0xFADF, 0x2865, 0x0000, 0x0000,
    0x0000, 0x0000, 0x0000, 0x0000, 0x0000, 0x0000, 0x0000, 0x0000, 0x0000, 0x2886, 0xFB3F, 0xFB7F, 0x89B1, 0x0000, 0x0820, 0x0000,
    0x0000, 0xBA36, 0xFB5F, 0xD27A, 0x0000, 0x0000, 0x0000, 0x0000, 0x610B, 0xFADF, 0xFABF, 0xFAFF, 0xFB1F, 0xFB1F, 0x9171, 0x0000,
    0x0000, 0x0000, 0x0000, 0x0000, 0x0000, 0x0000, 0x1823, 0xE9DC, 0xFA7F, 0x9151, 0x0000, 0x0000, 0x0000, 0x0000, 0x0000, 0x0000,
    0xC056, 0xF8BE, 0xF8BD, 0xF89D, 0xF87C, 0xF85C, 0xF85C, 0xF85C, 0xF85D, 0xC035, 0x0000, 0x0000, 0x0000, 0x0000, 0x0000, 0x0000,
    0x0000, 0x0000, 0x0000, 0x0000, 0x0000, 0x0000, 0x0000, 0x0000, 0x0000, 0x0000, 0x0000, 0x0000, 0x0000, 0x0000, 0x0000, 0x0000,
    0x0000, 0x0000, 0x0000, 0x0000, 0x0000, 0x0000, 0x0000, 0x0000, 0x0000, 0x0801, 0x1803, 0x0000, 0x0000, 0x0000, 0x4807, 0x700B,
    0x0000, 0x0000, 0x0000, 0x0000, 0x0000, 0x0000, 0x0000, 0x0000, 0x0000, 0x0000, 0x0000, 0x0000, 0x0000, 0x0000, 0x0000, 0x0000,
    0x0000, 0x0000, 0x0000, 0x0000, 0x0000, 0x0000, 0x0000, 0x0000, 0x0000, 0x0000, 0x0000, 0x0000, 0x0000, 0x0000, 0x0000, 0x0000,
    0x0000, 0x0000, 0x0000, 0x0000, 0x0000, 0x0000, 0x0000, 0x0000, 0x0000, 0x0000, 0x0000, 0x0000, 0x0000, 0x0000, 0x0000, 0x0000,
    0x0000, 0x0000, 0x0000, 0x0000, 0x0000, 0x0000, 0x0000, 0x0000, 0x0000, 0x0000, 0x0000, 0x0000, 0x0000, 0x0000, 0x0000, 0x0000,
    0x0000, 0x0000, 0x0000, 0x0000, 0x0000, 0x0000, 0x0000, 0x0000, 0x0000, 0x0000, 0x0000, 0x0000, 0x0000, 0x0000, 0x0000, 0x0000,
    0x0000, 0x0000, 0x0000, 0x0000, 0x0000, 0x0000, 0x0000, 0x0000, 0x0000, 0x0000, 0x0000, 0x0000, 0x0000, 0x0000, 0x0000, 0x0000,
    0x680A, 0x4806, 0x0000, 0x0000, 0x0000, 0x1003, 0x0801, 0x0000, 0x0000, 0x0000, 0x0000, 0x0000, 0x0000, 0x0000, 0x0000, 0x0000,
    0x0000, 0x0000, 0x0000, 0x0000, 0x0000, 0x0000, 0x0000, 0x0000, 0x0000, 0x0000, 0x0000, 0x0000, 0x0000, 0x0000, 0x0000, 0x0000,
    0x0000, 0x0000, 0x0000, 0x0000, 0x0000, 0x0000, 0x0000, 0x0000, 0x0000, 0x1803, 0x680B, 0x600A, 0x2003, 0x0000, 0x0000, 0x0000,
    0x0000, 0x0000, 0x0000, 0x0000, 0x0000, 0x0801, 0x600A, 0x680B, 0x3006, 0x0000, 0x0000, 0x0000, 0x0000, 0x4808, 0x600A, 0x4007,
    0x0000, 0x0000, 0x1002, 0x600A, 0x600A, 0x600A, 0x600A, 0x600A, 0x580A, 0x5809, 0x5809, 0x600A, 0x2003, 0x0000, 0x0000, 0x0000,
    0x0000, 0x5009, 0x680B, 0x580A, 0x5809, 0x600A, 0x600A, 0x1002, 0x0000, 0x0000, 0x0000, 0x0000, 0x0000, 0x0801, 0x580A, 0x602B,
    0x604B, 0x604B, 0x584A, 0x502A, 0x0801, 0x0000, 0x0000, 0x0000, 0x0000, 0x0000, 0x0000, 0x0000, 0x0000, 0x0000, 0x0000, 0x0000,
    0x0000, 0x0000, 0x0000, 0x3868, 0x70ED, 0x58AA, 0x0000, 0x0000, 0x0000, 0x0000, 0x2845, 0x690D, 0x690C, 0x1022, 0x0000, 0x0000,
    0x0000, 0x0000, 0x0000, 0x0000, 0x0000, 0x0000, 0x0000, 0x0000, 0x0000, 0x1022, 0x610C, 0x692D, 0x3086, 0x0000, 0x0000, 0x0000,
    0x0000, 0x48C9, 0x694D, 0x50EA, 0x0000, 0x0000, 0x0000, 0x0000, 0x2845, 0x690D, 0x60EC, 0x60EC, 0x610C, 0x690C, 0x3886, 0x0000,
    0x0000, 0x0000, 0x0000, 0x0000, 0x0000, 0x0000, 0x0801, 0x58AB, 0x68CD, 0x3866, 0x0000, 0x0000, 0x0000, 0x0000, 0x0000, 0x0000,
    0x5009, 0x682B, 0x602B, 0x602B, 0x602A, 0x602A, 0x602A, 0x582A, 0x602B, 0x4808, 0x0000, 0x0000, 0x0000, 0x0000, 0x0000, 0x0000,
    0x0000, 0x0000, 0x0000, 0x0000, 0x0000, 0x0000, 0x0000, 0x0000, 0x0000, 0x0000, 0x0000, 0x0000, 0x0000, 0x0000, 0x0000, 0x0000,
    0x0000, 0x0000, 0x0000, 0x0000, 0x0000, 0x0000, 0x0000, 0x0000, 0x0000, 0x0801, 0x1003, 0x0000, 0x0000, 0x0000, 0x4807, 0x700B,
    0x0000, 0x0000, 0x0000, 0x0000, 0x0000, 0x0000, 0x0000, 0x0000, 0x0000, 0x0000, 0x0000, 0x0000, 0x0000, 0x0000, 0x0000, 0x0000,
    0x0000, 0x0000, 0x0000, 0x0000, 0x0000, 0x0000, 0x0000, 0x0000, 0x0000, 0x0000, 0x0000, 0x0000, 0x0000, 0x0000, 0x0000, 0x0000,
    0x0000, 0x0000, 0x0000, 0x0000, 0x0000, 0x0000, 0x0000, 0x0000, 0x0000, 0x0000, 0x0000, 0x0000, 0x0000, 0x0000, 0x0000, 0x0000,
    0x0000, 0x0000, 0x0000, 0x0000, 0x0000, 0x0000, 0x0000, 0x0000, 0x0000, 0x0000, 0x0000, 0x0000, 0x0000, 0x0000, 0x0000, 0x0000,
    0x0000, 0x0000, 0x0000, 0x0000, 0x0000, 0x0000, 0x0000, 0x0000, 0x0000, 0x0000, 0x0000, 0x0000, 0x0000, 0x0000, 0x0000, 0x0000,
    0x0000, 0x0000, 0x0000, 0x0000, 0x0000, 0x0000, 0x0000, 0x0000, 0x0000, 0x0000, 0x0000, 0x0000, 0x0000, 0x0000, 0x0000, 0x0000,
    0x680A, 0x4806, 0x0000, 0x0000, 0x0000, 0x0001, 0x0000, 0x0000, 0x0000, 0x0000, 0x0000, 0x0000, 0x0000, 0x0000, 0x0000, 0x0000,
    0x0000, 0x0000, 0x0000, 0x0000, 0x0000, 0x0000, 0x0000, 0x0000, 0x0000, 0x0000, 0x0000, 0x0000, 0x0000, 0x0000, 0x0000, 0x0000,
    0x0000, 0x0000, 0x0000, 0x0000, 0x0000, 0x0000, 0x0000, 0x0000, 0x0000, 0x0000, 0x0000, 0x0000, 0x0000, 0x0000, 0x0000, 0x0000,
    0x0000, 0x0000, 0x0000, 0x0000, 0x0000, 0x0000, 0x0000, 0x0000, 0x0000, 0x0000, 0x0000, 0x0000, 0x0000, 0x0000, 0x0000, 0x0000,
    0x0000, 0x0000, 0x0000, 0x0000, 0x0000, 0x0000, 0x0000, 0x0000, 0x0000, 0x0000, 0x0000, 0x0000, 0x0000, 0x0000, 0x0000, 0x0000,
    0x0000, 0x0000, 0x0000, 0x0000, 0x0000, 0x0000, 0x0000, 0x0000, 0x0000, 0x0000, 0x0000, 0x0000, 0x0000, 0x0000, 0x0000, 0x0000,
    0x0000, 0x0000, 0x0000, 0x0000, 0x0000, 0x0000, 0x0000, 0x0000, 0x0000, 0x0000, 0x0000, 0x0000, 0x0000, 0x0000, 0x0000, 0x0000,
    0x0000, 0x0000, 0x0000, 0x0000, 0x0000, 0x0000, 0x0000, 0x0000, 0x0000, 0x0000, 0x0000, 0x0000, 0x0000, 0x0000, 0x0000, 0x0000,
    0x0000, 0x0000, 0x0000, 0x0000, 0x0000, 0x0000, 0x0000, 0x0000, 0x0000, 0x0000, 0x0000, 0x0000, 0x0000, 0x0000, 0x0000, 0x0000,
    0x0000, 0x0000, 0x0000, 0x0000, 0x0000, 0x0000, 0x0000, 0x0000, 0x0000, 0x0000, 0x0000, 0x0000, 0x0000, 0x0000, 0x0000, 0x0000,
    0x0000, 0x0000, 0x0000, 0x0000, 0x0000, 0x0000, 0x0000, 0x0000, 0x0000, 0x0000, 0x0000, 0x0000, 0x0000, 0x0000, 0x0000, 0x0000,
    0x0000, 0x0000, 0x0000, 0x0000, 0x0000, 0x0000, 0x0000, 0x0000, 0x0000, 0x0000, 0x0000, 0x0000, 0x0000, 0x0000, 0x0000, 0x0000,
    0x0000, 0x0000, 0x0000, 0x0000, 0x0000, 0x0000, 0x0000, 0x0000, 0x0000, 0x0000, 0x0000, 0x0000, 0x0000, 0x0000, 0x0000, 0x0000,
    0x0000, 0x0000, 0x0000, 0x0000, 0x0000, 0x0000, 0x0000, 0x0000, 0x0000, 0x0000, 0x0801, 0x0000, 0x0000, 0x0000, 0x4807, 0x700B,
    0x0000, 0x0000, 0x0000, 0x0000, 0x0000, 0x0000, 0x0000, 0x0000, 0x0000, 0x0000, 0x0000, 0x0000, 0x0000, 0x0000, 0x0000, 0x0000,
    0x0000, 0x0000, 0x0000, 0x0000, 0x0000, 0x0000, 0x0000, 0x0000, 0x0000, 0x0000, 0x0000, 0x0000, 0x0000, 0x0000, 0x0000, 0x0000,
    0x0000, 0x0000, 0x0000, 0x0000, 0x0000, 0x0000, 0x0000, 0x0000, 0x0000, 0x0000, 0x0000, 0x0000, 0x0000, 0x0000, 0x0000, 0x0000,
    0x0000, 0x0000, 0x0000, 0x0000, 0x0000, 0x0000, 0x0000, 0x0000, 0x0000, 0x0000, 0x0000, 0x0000, 0x0000, 0x0000, 0x0000, 0x0000,
    0x0000, 0x0000, 0x0000, 0x0000, 0x0000, 0x0000, 0x0000, 0x0000, 0x0000, 0x0000, 0x0000, 0x0000, 0x0000, 0x0000, 0x0000, 0x0000,
    0x0000, 0x0000, 0x0000, 0x0000, 0x0000, 0x0000, 0x0000, 0x0000, 0x0000, 0x0000, 0x0000, 0x0000, 0x0000, 0x0000, 0x0000, 0x0000,
    0x680A, 0x4806, 0x0000, 0x0000, 0x0000, 0x2005, 0x1003, 0x0000, 0x0000, 0x0000, 0x0000, 0x0000, 0x0000, 0x0000, 0x0000, 0x0000,
    0x0000, 0x0000, 0x0000, 0x0000, 0x0000, 0x0000, 0x0000, 0x0000, 0x0000, 0x0000, 0x0000, 0x0000, 0x0000, 0x0000, 0x0000, 0x0000,
    0x0000, 0x0000, 0x0000, 0x0000, 0x0000, 0x0000, 0x0000, 0x0000, 0x0000, 0x0000, 0x0000, 0x0000, 0x0000, 0x0000, 0x0000, 0x0000,
    0x0000, 0x0000, 0x0000, 0x0000, 0x0000, 0x0000, 0x0000, 0x0000, 0x0000, 0x0000, 0x0000, 0x0000, 0x0000, 0x0000, 0x0000, 0x0000,
    0x0000, 0x0000, 0x0000, 0x0000, 0x0000, 0x0000, 0x0000, 0x0000, 0x0000, 0x0000, 0x0000, 0x0000, 0x0000, 0x0000, 0x0000, 0x0000,
    0x0000, 0x0000, 0x0000, 0x0000, 0x0000, 0x0000, 0x0000, 0x0000, 0x0000, 0x0000, 0x0000, 0x0000, 0x0000, 0x0000, 0x0000, 0x0000,
    0x0000, 0x0000, 0x0000, 0x0000, 0x0000, 0x0000, 0x0000, 0x0000, 0x0000, 0x0000, 0x0000, 0x0000, 0x0000, 0x0000, 0x0000, 0x0000,
    0x0000, 0x0000, 0x0000, 0x0000, 0x0000, 0x0000, 0x0000, 0x0000, 0x0000, 0x0000, 0x0000, 0x0000, 0x0000, 0x0000, 0x0000, 0x0000,
    0x0000, 0x0000, 0x0000, 0x0000, 0x0000, 0x0000, 0x0000, 0x0000, 0x0000, 0x0000, 0x0000, 0x0000, 0x0000, 0x0000, 0x0000, 0x0000,
    0x0000, 0x0000, 0x0000, 0x0000, 0x0000, 0x0000, 0x0000, 0x0000, 0x0000, 0x0000, 0x0000, 0x0000, 0x0000, 0x0000, 0x0000, 0x0000,
    0x0000, 0x0000, 0x0000, 0x0000, 0x0000, 0x0000, 0x0000, 0x0000, 0x0000, 0x0000, 0x0000, 0x0000, 0x0000, 0x0000, 0x0000, 0x0000,
    0x0000, 0x0000, 0x0000, 0x0000, 0x0000, 0x0000, 0x0000, 0x0000, 0x0000, 0x0000, 0x0000, 0x0000, 0x0000, 0x0000, 0x0000, 0x0000,
    0x0000, 0x0000, 0x0000, 0x0000, 0x0000, 0x0000, 0x0000, 0x0000, 0x0000, 0x0000, 0x0000, 0x0000, 0x0000, 0x0000, 0x0000, 0x0000,
    0x0000, 0x0000, 0x0000, 0x0000, 0x0000, 0x0000, 0x0000, 0x0000, 0x0000, 0x0801, 0x1003, 0x0000, 0x0000, 0x0000, 0x4807, 0x700B,
    0x0000, 0x0000, 0x0000, 0x0000, 0x0000, 0x0000, 0x0000, 0x0000, 0x0000, 0x0000, 0x0000, 0x0000, 0x0000, 0x0000, 0x0000, 0x0000,
    0x0000, 0x0000, 0x0000, 0x0000, 0x0000, 0x0000, 0x0000, 0x0000, 0x0000, 0x0000, 0x0000, 0x0000, 0x0000, 0x0000, 0x0000, 0x0000,
    0x0000, 0x0000, 0x0000, 0x0000, 0x0000, 0x0000, 0x0000, 0x0000, 0x0000, 0x0000, 0x0000, 0x0000, 0x0000, 0x0000, 0x0000, 0x0000,
    0x0000, 0x0000, 0x0000, 0x0000, 0x0000, 0x0000, 0x0000, 0x0000, 0x0000, 0x0000, 0x0000, 0x0000, 0x0000, 0x0000, 0x0000, 0x0000,
    0x0000, 0x0000, 0x0000, 0x0000, 0x0000, 0x0000, 0x0000, 0x0000, 0x0000, 0x0000, 0x0000, 0x0000, 0x0000, 0x0000, 0x0000, 0x0000,
    0x0000, 0x0000, 0x0000, 0x0000, 0x0000, 0x0000, 0x0000, 0x0000, 0x0000, 0x0000, 0x0000, 0x0000, 0x0000, 0x0000, 0x0000, 0x0000,
    0x680A, 0x4006, 0x0000, 0x0000, 0x0000, 0x1002, 0x0801, 0x0000, 0x0000, 0x0000, 0x0000, 0x0000, 0x0000, 0x0000, 0x0000, 0x0000,
    0x0000, 0x0000, 0x0000, 0x0000, 0x0000, 0x0000, 0x0000, 0x0000, 0x0000, 0x0000, 0x0000, 0x0000, 0x0000, 0x0000, 0x0000, 0x0000,
    0x0000, 0x0000, 0x0000, 0x0000, 0x0000, 0x0000, 0x0000, 0x0000, 0x0000, 0x0000, 0x0000, 0x0000, 0x0000, 0x0000, 0x0000, 0x0000,
    0x0000, 0x0000, 0x0000, 0x0000, 0x0000, 0x0000, 0x0000, 0x0000, 0x0000, 0x0000, 0x0000, 0x0000, 0x0000, 0x0000, 0x0000, 0x0000,
    0x0000, 0x0000, 0x0000, 0x0000, 0x0000, 0x0000, 0x0000, 0x0000, 0x0000, 0x0000, 0x0000, 0x0000, 0x0000, 0x0000, 0x0000, 0x0000,
    0x0000, 0x0000, 0x0000, 0x0000, 0x0000, 0x0000, 0x0000, 0x0000, 0x0000, 0x0000, 0x0000, 0x0000, 0x0000, 0x0000, 0x0000, 0x0000,
    0x0000, 0x0000, 0x0000, 0x0000, 0x0000, 0x0000, 0x0000, 0x0000, 0x0000, 0x0000, 0x0000, 0x0000, 0x0000, 0x0000, 0x0000, 0x0000,
    0x0000, 0x0000, 0x0000, 0x0000, 0x0000, 0x0000, 0x0000, 0x0000, 0x0000, 0x0000, 0x0000, 0x0000, 0x0000, 0x0000, 0x0000, 0x0000,
    0x0000, 0x0000, 0x0000, 0x0000, 0x0000, 0x0000, 0x0000, 0x0000, 0x0000, 0x0000, 0x0000, 0x0000, 0x0000, 0x0000, 0x0000, 0x0000,
    0x0000, 0x0000, 0x0000, 0x0000, 0x0000, 0x0000, 0x0000, 0x0000, 0x0000, 0x0000, 0x0000, 0x0000, 0x0000, 0x0000, 0x0000, 0x0000,
    0x0000, 0x0000, 0x0000, 0x0000, 0x0000, 0x0000, 0x0000, 0x0000, 0x0000, 0x0000, 0x0000, 0x0000, 0x0000, 0x0000, 0x0000, 0x0000,
    0x0000, 0x0000, 0x0000, 0x0000, 0x0000, 0x0000, 0x0000, 0x0000, 0x0000, 0x0000, 0x0000, 0x0000, 0x0000, 0x0000, 0x0000, 0x0000,
    0x0000, 0x0000, 0x0000, 0x0000, 0x0000, 0x0000, 0x0000, 0x0000, 0x0000, 0x0000, 0x0000, 0x0000, 0x0000, 0x0000, 0x0000, 0x0000,
    0x0000, 0x0000, 0x0000, 0x0000, 0x0000, 0x0000, 0x0000, 0x0000, 0x0000, 0x0000, 0x0001, 0x0000, 0x0000, 0x0000, 0x4807, 0x700B,
    0x0000, 0x0000, 0x0000, 0x0000, 0x0000, 0x0000, 0x0000, 0x0000, 0x0000, 0x0000, 0x0000, 0x0000, 0x0000, 0x0000, 0x0000, 0x0000,
    0x0000, 0x0000, 0x0000, 0x0000, 0x0000, 0x0000, 0x0000, 0x0000, 0x0000, 0x0000, 0x0000, 0x0000, 0x0000, 0x0000, 0x0000, 0x0000,
    0x0000, 0x0000, 0x0000, 0x0000, 0x0000, 0x0000, 0x0000, 0x0000, 0x0000, 0x0000, 0x0000, 0x0000, 0x0000, 0x0000, 0x0000, 0x0000,
    0x0000, 0x0000, 0x0000, 0x0000, 0x0000, 0x0000, 0x0000, 0x0000, 0x0000, 0x0000, 0x0000, 0x0000, 0x0000, 0x0000, 0x0000, 0x0000,
    0x0000, 0x0000, 0x0000, 0x0000, 0x0000, 0x0000, 0x0000, 0x0000, 0x0000, 0x0000, 0x0000, 0x0000, 0x0000, 0x0000, 0x0000, 0x0000,
    0x0000, 0x0000, 0x0000, 0x0000, 0x0000, 0x0000, 0x0000, 0x0000, 0x0000, 0x0000, 0x0000, 0x0000, 0x0000, 0x0000, 0x0000, 0x0000,
    0x680A, 0x4806, 0x0000, 0x0000, 0x0000, 0x0802, 0x0001, 0x0000, 0x0000, 0x0000, 0x0000, 0x0000, 0x0000, 0x0000, 0x0000, 0x0000,
    0x0000, 0x0000, 0x0000, 0x0000, 0x0000, 0x0000, 0x0000, 0x0000, 0x0000, 0x0000, 0x0000, 0x0000, 0x0000, 0x0000, 0x0000, 0x0000,
    0x0000, 0x0000, 0x0000, 0x0000, 0x0000, 0x0000, 0x0000, 0x0000, 0x0000, 0x0000, 0x0000, 0x0000, 0x0000, 0x0000, 0x0000, 0x0000,
    0x0000, 0x0000, 0x0000, 0x0000, 0x0000, 0x0000, 0x0000, 0x0000, 0x0000, 0x0000, 0x0000, 0x0000, 0x0000, 0x0000, 0x0000, 0x0000,
    0x0000, 0x0000, 0x0000, 0x0000, 0x0000, 0x0000, 0x0000, 0x0000, 0x0000, 0x0000, 0x0000, 0x0000, 0x0000, 0x0000, 0x0000, 0x0000,
    0x0000, 0x0000, 0x0000, 0x0000, 0x0000, 0x0000, 0x0000, 0x0000, 0x0000, 0x0000, 0x0000, 0x0000, 0x0000, 0x0000, 0x0000, 0x0000,
    0x0000, 0x0000, 0x0000, 0x0000, 0x0000, 0x0000, 0x0000, 0x0000, 0x0000, 0x0000, 0x0000, 0x0000, 0x0000, 0x0000, 0x0000, 0x0000,
    0x0000, 0x0000, 0x0000, 0x0000, 0x0000, 0x0000, 0x0000, 0x0000, 0x0000, 0x0000, 0x0000, 0x0000, 0x0000, 0x0000, 0x0000, 0x0000,
    0x0000, 0x0000, 0x0000, 0x0000, 0x0000, 0x0000, 0x0000, 0x0000, 0x0000, 0x0000, 0x0000, 0x0000, 0x0000, 0x0000, 0x0000, 0x0000,
    0x0000, 0x0000, 0x0000, 0x0000, 0x0000, 0x0000, 0x0000, 0x0000, 0x0000, 0x0000, 0x0000, 0x0000, 0x0000, 0x0000, 0x0000, 0x0000,
    0x0000, 0x0000, 0x0000, 0x0000, 0x0000, 0x0000, 0x0000, 0x0000, 0x0000, 0x0000, 0x0000, 0x0000, 0x0000, 0x0000, 0x0000, 0x0000,
    0x0000, 0x0000, 0x0000, 0x0000, 0x0000, 0x0000, 0x0000, 0x0000, 0x0000, 0x0000, 0x0000, 0x0000, 0x0000, 0x0000, 0x0000, 0x0000,
    0x0000, 0x0000, 0x0000, 0x0000, 0x0000, 0x0000, 0x0000, 0x0000, 0x0000, 0x0000, 0x0000, 0x0000, 0x0000, 0x0000, 0x0000, 0x0000,
    0x0000, 0x0000, 0x0000, 0x0000, 0x0000, 0x0000, 0x0000, 0x0000, 0x0000, 0x0001, 0x1002, 0x0000, 0x0000, 0x0000, 0x4807, 0x700B,
    0x0000, 0x0000, 0x0000, 0x0000, 0x0000, 0x0000, 0x0000, 0x0000, 0x0000, 0x0000, 0x0000, 0x0000, 0x0000, 0x0000, 0x0000, 0x0000,
    0x0000, 0x0000, 0x0000, 0x0000, 0x0000, 0x0000, 0x0000, 0x0000, 0x0000, 0x0000, 0x0000, 0x0000, 0x0000, 0x0000, 0x0000, 0x0000,
    0x0000, 0x0000, 0x0000, 0x0000, 0x0000, 0x0000, 0x0000, 0x0000, 0x0000, 0x0000, 0x0000, 0x0000, 0x0000, 0x0000, 0x0000, 0x0000,
    0x0000, 0x0000, 0x0000, 0x0000, 0x0000, 0x0000, 0x0000, 0x0000, 0x0000, 0x0000, 0x0000, 0x0000, 0x0000, 0x0000, 0x0000, 0x0000,
    0x0000, 0x0000, 0x0000, 0x0000, 0x0000, 0x0000, 0x0000, 0x0000, 0x0000, 0x0000, 0x0000, 0x0000, 0x0000, 0x0000, 0x0000, 0x0000,
    0x0000, 0x0000, 0x0000, 0x0000, 0x0000, 0x0000, 0x0000, 0x0000, 0x0000, 0x0000, 0x0000, 0x0000, 0x0000, 0x0000, 0x0000, 0x0000,
    0x680A, 0x4806, 0x0000, 0x0000, 0x0000, 0x2806, 0x1003, 0x0000, 0x0000, 0x0000, 0x0000, 0x0000, 0x0000, 0x0000, 0x0000, 0x0000,
    0x0000, 0x0000, 0x0000, 0x0000, 0x0000, 0x0000, 0x0000, 0x0000, 0x0000, 0x0000, 0x0000, 0x0000, 0x0000, 0x0000, 0x0000, 0x0000,
    0x0000, 0x0000, 0x0000, 0x0000, 0x0000, 0x0000, 0x0000, 0x0000, 0x0000, 0x0000, 0x0000, 0x0000, 0x0000, 0x0000, 0x0000, 0x0000,
    0x0000, 0x0000, 0x0000, 0x0000, 0x0000, 0x0000, 0x0000, 0x0000, 0x0000, 0x0000, 0x0000, 0x0000, 0x0000, 0x0000, 0x0000, 0x0000,
    0x0000, 0x0000, 0x0000, 0x0000, 0x0000, 0x0000, 0x0000, 0x0000, 0x0000, 0x0000, 0x0000, 0x0000, 0x0000, 0x0000, 0x0000, 0x0000,
    0x0000, 0x0000, 0x0000, 0x0000, 0x0000, 0x0000, 0x0000, 0x0000, 0x0000, 0x0000, 0x0000, 0x0000, 0x0000, 0x0000, 0x0000, 0x0000,
    0x0000, 0x0000, 0x0000, 0x0000, 0x0000, 0x0000, 0x0000, 0x0000, 0x0000, 0x0000, 0x0000, 0x0000, 0x0000, 0x0000, 0x0000, 0x0000,
    0x0000, 0x0000, 0x0000, 0x0000, 0x0000, 0x0000, 0x0000, 0x0000, 0x0000, 0x0000, 0x0000, 0x0000, 0x0000, 0x0000, 0x0000, 0x0000,
    0x0000, 0x0000, 0x0000, 0x0000, 0x0000, 0x0000, 0x0000, 0x0000, 0x0000, 0x0000, 0x0000, 0x0000, 0x0000, 0x0000, 0x0000, 0x0000,
    0x0000, 0x0000, 0x0000, 0x0000, 0x0000, 0x0000, 0x0000, 0x0000, 0x0000, 0x0000, 0x0000, 0x0000, 0x0000, 0x0000, 0x0000, 0x0000,
    0x0000, 0x0000, 0x0000, 0x0000, 0x0000, 0x0000, 0x0000, 0x0000, 0x0000, 0x0000, 0x0000, 0x0000, 0x0000, 0x0000, 0x0000, 0x0000,
    0x0000, 0x0000, 0x0000, 0x0000, 0x0000, 0x0000, 0x0000, 0x0000, 0x0000, 0x0000, 0x0000, 0x0000, 0x0000, 0x0000, 0x0000, 0x0000,
    0x0000, 0x0000, 0x0000, 0x0000, 0x0000, 0x0000, 0x0000, 0x0000, 0x0000, 0x0000, 0x0000, 0x0000, 0x0000, 0x0000, 0x0000, 0x0000,
    0x0000, 0x0000, 0x0000, 0x0000, 0x0000, 0x0000, 0x0000, 0x0000, 0x0000, 0x0802, 0x1804, 0x0000, 0x0000, 0x0000, 0x4807, 0x700B,
    0x0000, 0x0000, 0x0000, 0x0000, 0x0000, 0x0000, 0x0000, 0x0000, 0x0000, 0x0000, 0x0000, 0x0000, 0x0000, 0x0000, 0x0000, 0x0000,
    0x0000, 0x0000, 0x0000, 0x0000, 0x0000, 0x0000, 0x0000, 0x0000, 0x0000, 0x0000, 0x0000, 0x0000, 0x0000, 0x0000, 0x0000, 0x0000,
    0x0000, 0x0000, 0x0000, 0x0000, 0x0000, 0x0000, 0x0000, 0x0000, 0x0000, 0x0000, 0x0000, 0x0000, 0x0000, 0x0000, 0x0000, 0x0000,
    0x0000, 0x0000, 0x0000, 0x0000, 0x0000, 0x0000, 0x0000, 0x0000, 0x0000, 0x0000, 0x0000, 0x0000, 0x0000, 0x0000, 0x0000, 0x0000,
    0x0000, 0x0000, 0x0000, 0x0000, 0x0000, 0x0000, 0x0000, 0x0000, 0x0000, 0x0000, 0x0000, 0x0000, 0x0000, 0x0000, 0x0000, 0x0000,
    0x0000, 0x0000, 0x0000, 0x0000, 0x0000, 0x0000, 0x0000, 0x0000, 0x0000, 0x0000, 0x0000, 0x0000, 0x0000, 0x0000, 0x0000, 0x0000,
    0x680A, 0x4806, 0x0000, 0x0000, 0x0000, 0x0000, 0x0000, 0x0000, 0x0000, 0x0000, 0x0000, 0x0000, 0x0000, 0x0000, 0x0000, 0x0000,
    0x0000, 0x0000, 0x0000, 0x0000, 0x0000, 0x0000, 0x0000, 0x0000, 0x0000, 0x0000, 0x0000, 0x0000, 0x0000, 0x0000, 0x0000, 0x0000,
    0x0000, 0x0000, 0x0000, 0x0000, 0x0000, 0x0000, 0x0000, 0x0000, 0x0000, 0x0000, 0x0000, 0x0000, 0x0000, 0x0000, 0x0000, 0x0000,
    0x0000, 0x0000, 0x0000, 0x0000, 0x0000, 0x0000, 0x0000, 0x0000, 0x0000, 0x0000, 0x0000, 0x0000, 0x0000, 0x0000, 0x0000, 0x0000,
    0x0000, 0x0000, 0x0000, 0x0000, 0x0000, 0x0000, 0x0000, 0x0000, 0x0000, 0x0000, 0x0000, 0x0000, 0x00A3, 0x01E8, 0x01A7, 0x0166,
    0x01A8, 0x0209, 0x00E4, 0x0000, 0x0000, 0x0145, 0x01C8, 0x01A8, 0x0166, 0x0000, 0x0000, 0x0000, 0x0000, 0x0000, 0x0000, 0x0000,
    0x0000, 0x0000, 0x0000, 0x0105, 0x0126, 0x0000, 0x0000, 0x0020, 0x0187, 0x0041, 0x0000, 0x0000, 0x0000, 0x01A7, 0x0187, 0x0000,
    0x0000, 0x0000, 0x0041, 0x01A7, 0x01A8, 0x01A8, 0x01E9, 0x0062, 0x0000, 0x0000, 0x0104, 0x01A7, 0x01A7, 0x01C8, 0x0187, 0x0000,
    0x0000, 0x0000, 0x0104, 0x01E8, 0x0166, 0x01A8, 0x0166, 0x0000, 0x0000, 0x0167, 0x0125, 0x0000, 0x0000, 0x0062, 0x01A7, 0x0041,
    0x0000, 0x0000, 0x01A7, 0x01C8, 0x0209, 0x00C3, 0x0000, 0x0000, 0x0000, 0x0000, 0x0000, 0x0000, 0x0000, 0x0000, 0x0000, 0x0000,
    0x0000, 0x0000, 0x0000, 0x0000, 0x0000, 0x0000, 0x0000, 0x0000, 0x0000, 0x0000, 0x0000, 0x0000, 0x0000, 0x0000, 0x0000, 0x0000,
    0x0000, 0x0000, 0x0000, 0x0000, 0x0000, 0x0000, 0x0000, 0x0000, 0x0000, 0x0000, 0x0000, 0x0000, 0x0000, 0x0000, 0x0000, 0x0000,
    0x0000, 0x0000, 0x0000, 0x0000, 0x0000, 0x0000, 0x0000, 0x0000, 0x0000, 0x0000, 0x0000, 0x0000, 0x0000, 0x0000, 0x0000, 0x0000,
    0x0000, 0x0000, 0x0000, 0x0000, 0x0000, 0x0000, 0x0000, 0x0000, 0x0000, 0x0000, 0x0000, 0x0000, 0x0000, 0x0000, 0x4807, 0x700B,
    0x0000, 0x0000, 0x0000, 0x0000, 0x0000, 0x0000, 0x0000, 0x0000, 0x0000, 0x0000, 0x0000, 0x0000, 0x0000, 0x0000, 0x0000, 0x0000,
    0x0000, 0x0000, 0x0000, 0x0000, 0x0000, 0x0000, 0x0000, 0x0000, 0x0000, 0x0000, 0x0000, 0x0000, 0x0000, 0x0000, 0x0000, 0x0000,
    0x0000, 0x0000, 0x0000, 0x0000, 0x0000, 0x0000, 0x0000, 0x0000, 0x0000, 0x0000, 0x0000, 0x0000, 0x0000, 0x0000, 0x0000, 0x0000,
    0x0000, 0x0000, 0x0000, 0x0000, 0x0000, 0x0000, 0x0000, 0x0000, 0x0000, 0x0000, 0x0000, 0x0000, 0x0000, 0x0000, 0x0000, 0x0000,
    0x0000, 0x0000, 0x0000, 0x0000, 0x0000, 0x0000, 0x0000, 0x0000, 0x0000, 0x0000, 0x0000, 0x0000, 0x0000, 0x0000, 0x0000, 0x0000,
    0x0000, 0x0000, 0x0000, 0x0000, 0x0000, 0x0000, 0x0000, 0x0000, 0x0000, 0x0000, 0x0000, 0x0000, 0x0000, 0x0000, 0x0000, 0x0000,
    0x680A, 0x4806, 0x0000, 0x0000, 0x0000, 0x0000, 0x0000, 0x0000, 0x0000, 0x0000, 0x0000, 0x0000, 0x0000, 0x0000, 0x0000, 0x0000,
    0x0000, 0x0000, 0x0000, 0x0000, 0x0000, 0x0000, 0x0000, 0x0000, 0x0000, 0x0000, 0x0000, 0x0000, 0x0000, 0x0000, 0x0000, 0x0000,
    0x0000, 0x0000, 0x0000, 0x0000, 0x0000, 0x0000, 0x0000, 0x0000, 0x0000, 0x0000, 0x0000, 0x0000, 0x0000, 0x0000, 0x0000, 0x0000,
    0x0000, 0x0000, 0x0000, 0x0000, 0x0000, 0x0000, 0x0000, 0x0000, 0x0000, 0x0000, 0x0000, 0x0000, 0x0000, 0x0000, 0x0000, 0x0000,
    0x0000, 0x0000, 0x0000, 0x0000, 0x0000, 0x0000, 0x0000, 0x0000, 0x0000, 0x0000, 0x0000, 0x0000, 0x0167, 0x03F2, 0x03D1, 0x0475,
    0x03F2, 0x0434, 0x01C8, 0x0000, 0x0146, 0x0434, 0x03D2, 0x0391, 0x0413, 0x01A8, 0x0000, 0x0000, 0x0000, 0x0000, 0x0000, 0x0000,
    0x0000, 0x0000, 0x0000, 0x032F, 0x0413, 0x0020, 0x0000, 0x0146, 0x0538, 0x0125, 0x0000, 0x0000, 0x00C4, 0x0453, 0x0412, 0x0082,
    0x0000, 0x0000, 0x0104, 0x0517, 0x03F3, 0x03B1, 0x0453, 0x036F, 0x0062, 0x0000, 0x02EE, 0x0496, 0x0391, 0x03D2, 0x0453, 0x01E8,
    0x0000, 0x0000, 0x022A, 0x0433, 0x0475, 0x0433, 0x02CD, 0x0000, 0x0000, 0x03F2, 0x03F2, 0x0000, 0x0000, 0x0125, 0x04D6, 0x0082,
    0x0000, 0x01E8, 0x04B6, 0x0413, 0x0433, 0x0413, 0x00E4, 0x0000, 0x0000, 0x0000, 0x0000, 0x0000, 0x0000, 0x0000, 0x0000, 0x0000,
    0x0000, 0x0000, 0x0000, 0x0000, 0x0000, 0x0000, 0x0000, 0x0000, 0x0000, 0x0000, 0x0000, 0x0000, 0x0000, 0x0000, 0x0000, 0x0000,
    0x0000, 0x0000, 0x0000, 0x0000, 0x0000, 0x0000, 0x0000, 0x0000, 0x0000, 0x0000, 0x0000, 0x0000, 0x0000, 0x0000, 0x0000, 0x0000,
    0x0000, 0x0000, 0x0000, 0x0000, 0x0000, 0x0000, 0x0000, 0x0000, 0x0000, 0x0000, 0x0000, 0x0000, 0x0000, 0x0000, 0x0000, 0x0000,
    0x0000, 0x0000, 0x0000, 0x0000, 0x0000, 0x0000, 0x0000, 0x0000, 0x0000, 0x0000, 0x0000, 0x0000, 0x0000, 0x0000, 0x4807, 0x700B,
    0x0000, 0x0000, 0x0000, 0x0000, 0x0000, 0x0000, 0x0000, 0x0000, 0x0000, 0x0000, 0x0000, 0x0000, 0x0000, 0x0000, 0x0000, 0x0000,
    0x0000, 0x0000, 0x0000, 0x0000, 0x0000, 0x0000, 0x0000, 0x0000, 0x0000, 0x0000, 0x0000, 0x0000, 0x0000, 0x0000, 0x0000, 0x0000,
    0x0000, 0x0000, 0x0000, 0x0000, 0x0000, 0x0000, 0x0000, 0x0000, 0x0000, 0x0000, 0x0000, 0x0000, 0x0000, 0x0000, 0x0000, 0x0000,
    0x0000, 0x0000, 0x0000, 0x0000, 0x0000, 0x0000, 0x0000, 0x0000, 0x0000, 0x0000, 0x0000, 0x0000, 0x0000, 0x0000, 0x0000, 0x0000,
    0x0000, 0x0000, 0x0000, 0x0000, 0x0000, 0x0000, 0x0000, 0x0000, 0x0000, 0x0000, 0x0000, 0x0000, 0x0000, 0x0000, 0x0000, 0x0000,
    0x0000, 0x0000, 0x0000, 0x0000, 0x0000, 0x0000, 0x0000, 0x0000, 0x0000, 0x0000, 0x0000, 0x0000, 0x0000, 0x0000, 0x0000, 0x0000,
    0x680A, 0x4806, 0x0000, 0x0000, 0x0000, 0x2005, 0x1003, 0x0000, 0x0000, 0x0000, 0x0000, 0x0000, 0x0000, 0x0000, 0x0000, 0x0000,
    0x0000, 0x0000, 0x0000, 0x0000, 0x0000, 0x0000, 0x0000, 0x0000, 0x0000, 0x0000, 0x0000, 0x0000, 0x0000, 0x0000, 0x0000, 0x0000,
    0x0000, 0x0000, 0x0000, 0x0000, 0x0000, 0x0000, 0x0000, 0x0000, 0x0000, 0x0000, 0x0000, 0x0000, 0x0000, 0x0000, 0x0000, 0x0000,
    0x0000, 0x0000, 0x0000, 0x0000, 0x0000, 0x0000, 0x0000, 0x0000, 0x0000, 0x0000, 0x0000, 0x0000, 0x0000, 0x0000, 0x0000, 0x0000,
    0x0000, 0x0000, 0x0000, 0x0000, 0x0000, 0x0000, 0x0000, 0x0000, 0x0000, 0x0000, 0x0000, 0x0000, 0x0000, 0x0000, 0x0082, 0x0434,
    0x00C3, 0x0000, 0x0000, 0x0000, 0x03B1, 0x02AC, 0x0000, 0x0000, 0x01C8, 0x0434, 0x0020, 0x0000, 0x0000, 0x0000, 0x0000, 0x0000,
    0x0000, 0x0000, 0x0000, 0x028C, 0x04F8, 0x0209, 0x0041, 0x03D2, 0x04F7, 0x0104, 0x0000, 0x0000, 0x030E, 0x026C, 0x02AD, 0x024B,
    0x0000, 0x0000, 0x00E4, 0x04D6, 0x00C3, 0x0000, 0x0000, 0x0475, 0x020A, 0x0000, 0x030E, 0x0371, 0x0000, 0x0000, 0x0167, 0x0474,
    0x0041, 0x0000, 0x0000, 0x0021, 0x0455, 0x0167, 0x0000, 0x0000, 0x0000, 0x030E, 0x04F6, 0x01C8, 0x0000, 0x0125, 0x04B5, 0x0082,
    0x0041, 0x04D6, 0x0166, 0x0000, 0x0000, 0x0391, 0x030E, 0x0000, 0x0000, 0x0000, 0x0000, 0x0000, 0x0000, 0x0000, 0x0000, 0x0000,
    0x0000, 0x0000, 0x0000, 0x0000, 0x0000, 0x0000, 0x0000, 0x0000, 0x0000, 0x0000, 0x0000, 0x0000, 0x0000, 0x0000, 0x0000, 0x0000,
    0x0000, 0x0000, 0x0000, 0x0000, 0x0000, 0x0000, 0x0000, 0x0000, 0x0000, 0x0000, 0x0000, 0x0000, 0x0000, 0x0000, 0x0000, 0x0000,
    0x0000, 0x0000, 0x0000, 0x0000, 0x0000, 0x0000, 0x0000, 0x0000, 0x0000, 0x0000, 0x0000, 0x0000, 0x0000, 0x0000, 0x0000, 0x0000,
    0x0000, 0x0000, 0x0000, 0x0000, 0x0000, 0x0000, 0x0000, 0x0000, 0x0000, 0x0802, 0x1804, 0x0000, 0x0000, 0x0000, 0x4807, 0x700B,
    0x0000, 0x0000, 0x0000, 0x0000, 0x0000, 0x0000, 0x0000, 0x0000, 0x0000, 0x0000, 0x0000, 0x0000, 0x0000, 0x0000, 0x0000, 0x0000,
    0x0000, 0x0000, 0x0000, 0x0000, 0x0000, 0x0000, 0x0000, 0x0000, 0x0000, 0x0000, 0x0000, 0x0000, 0x0000, 0x0000, 0x0000, 0x0000,
    0x0000, 0x0000, 0x0000, 0x0000, 0x0000, 0x0000, 0x0000, 0x0000, 0x0000, 0x0000, 0x0000, 0x0000, 0x0000, 0x0000, 0x0000, 0x0000,
    0x0000, 0x0000, 0x0000, 0x0000, 0x0000, 0x0000, 0x0000, 0x0000, 0x0000, 0x0000, 0x0000, 0x0000, 0x0000, 0x0000, 0x0000, 0x0000,
    0x0000, 0x0000, 0x0000, 0x0000, 0x0000, 0x0000, 0x0000, 0x0000, 0x0000, 0x0000, 0x0000, 0x0000, 0x0000, 0x0000, 0x0000, 0x0000,
    0x0000, 0x0000, 0x0000, 0x0000, 0x0000, 0x0000, 0x0000, 0x0000, 0x0000, 0x0000, 0x0000, 0x0000, 0x0000, 0x0000, 0x0000, 0x0000,
    0x680A, 0x4806, 0x0000, 0x0000, 0x0000, 0x2005, 0x1003, 0x0000, 0x0000, 0x0000, 0x0000, 0x0000, 0x0000, 0x0000, 0x0000, 0x0000,
    0x0000, 0x0000, 0x0000, 0x0000, 0x0000, 0x0000, 0x0000, 0x0000, 0x0000, 0x0000, 0x0000, 0x0000, 0x0000, 0x0000, 0x0000, 0x0000,
    0x0000, 0x0000, 0x0000, 0x0000, 0x0000, 0x0000, 0x0000, 0x0000, 0x0000, 0x0000, 0x0000, 0x0000, 0x0000, 0x0000, 0x0000, 0x0000,
    0x0000, 0x0000, 0x0000, 0x0000, 0x0000, 0x0000, 0x0000, 0x0000, 0x0000, 0x0000, 0x0000, 0x0000, 0x0000, 0x0000, 0x0000, 0x0000,
    0x0000, 0x0000, 0x0000, 0x0000, 0x0000, 0x0000, 0x0000, 0x0000, 0x0000, 0x0000, 0x0000, 0x0000, 0x0000, 0x0000, 0x00A3, 0x0475,
    0x00E4, 0x0000, 0x0000, 0x0000, 0x0390, 0x028B, 0x0000, 0x0000, 0x01A7, 0x03F2, 0x0020, 0x0000, 0x0000, 0x0000, 0x0000, 0x0000,
    0x0000, 0x0000, 0x0000, 0x028B, 0x04B6, 0x03F2, 0x020A, 0x04B6, 0x0475, 0x00E4, 0x0000, 0x00C4, 0x04D7, 0x00E4, 0x0105, 0x03F3,
    0x0041, 0x0000, 0x00C4, 0x04B5, 0x0082, 0x0000, 0x0000, 0x0434, 0x020A, 0x0000, 0x034F, 0x03B1, 0x0000, 0x0000, 0x0166, 0x04D6,
    0x0041, 0x0000, 0x0000, 0x0041, 0x0475, 0x0187, 0x0000, 0x0000, 0x0000, 0x032E, 0x0538, 0x0433, 0x0000, 0x0145, 0x04D6, 0x0082,
    0x0041, 0x0453, 0x0125, 0x0000, 0x0000, 0x0000, 0x0000, 0x0000, 0x0000, 0x0000, 0x0000, 0x0000, 0x0000, 0x0000, 0x0000, 0x0000,
    0x0000, 0x0000, 0x0000, 0x0000, 0x0000, 0x0000, 0x0000, 0x0000, 0x0000, 0x0000, 0x0000, 0x0000, 0x0000, 0x0000, 0x0000, 0x0000,
    0x0000, 0x0000, 0x0000, 0x0000, 0x0000, 0x0000, 0x0000, 0x0000, 0x0000, 0x0000, 0x0000, 0x0000, 0x0000, 0x0000, 0x0000, 0x0000,
    0x0000, 0x0000, 0x0000, 0x0000, 0x0000, 0x0000, 0x0000, 0x0000, 0x0000, 0x0000, 0x0000, 0x0000, 0x0000, 0x0000, 0x0000, 0x0000,
    0x0000, 0x0000, 0x0000, 0x0000, 0x0000, 0x0000, 0x0000, 0x0000, 0x0000, 0x0801, 0x1803, 0x0000, 0x0000, 0x0000, 0x4807, 0x700B,
    0x0000, 0x0000, 0x0000, 0x0000, 0x0000, 0x0000, 0x0000, 0x0000, 0x0000, 0x0000, 0x0000, 0x0000, 0x0000, 0x0000, 0x0000, 0x0000,
    0x0000, 0x0000, 0x0000, 0x0000, 0x0000, 0x0000, 0x0000, 0x0000, 0x0000, 0x0000, 0x0000, 0x0000, 0x0000, 0x0000, 0x0000, 0x0000,
    0x0000, 0x0000, 0x0000, 0x0000, 0x0000, 0x0000, 0x0000, 0x0000, 0x0000, 0x0000, 0x0000, 0x0000, 0x0000, 0x0000, 0x0000, 0x0000,
    0x0000, 0x0000, 0x0000, 0x0000, 0x0000, 0x0000, 0x0000, 0x0000, 0x0000, 0x0000, 0x0000, 0x0000, 0x0000, 0x0000, 0x0000, 0x0000,
    0x0000, 0x0000, 0x0000, 0x0000, 0x0000, 0x0000, 0x0000, 0x0000, 0x0000, 0x0000, 0x0000, 0x0000, 0x0000, 0x0000, 0x0000, 0x0000,
    0x0000, 0x0000, 0x0000, 0x0000, 0x0000, 0x0000, 0x0000, 0x0000, 0x0000, 0x0000, 0x0000, 0x0000, 0x0000, 0x0000, 0x0000, 0x0000,
    0x680A, 0x4807, 0x0000, 0x0000, 0x0000, 0x0000, 0x0000, 0x0000, 0x0000, 0x0000, 0x0000, 0x0000, 0x0000, 0x0000, 0x0000, 0x0000,
    0x0000, 0x0000, 0x0000, 0x0000, 0x0000, 0x0000, 0x0000, 0x0000, 0x0000, 0x0000, 0x0000, 0x0000, 0x0000, 0x0000, 0x0000, 0x0000,
    0x0000, 0x0000, 0x0000, 0x0000, 0x0000, 0x0000, 0x0000, 0x0000, 0x0000, 0x0000, 0x0000, 0x0000, 0x0000, 0x0000, 0x0000, 0x0000,
    0x0000, 0x0000, 0x0000, 0x0000, 0x0000, 0x0000, 0x0000, 0x0000, 0x0000, 0x0000, 0x0000, 0x0000, 0x0000, 0x0000, 0x0000, 0x0000,
    0x0000, 0x0000, 0x0000, 0x0000, 0x0000, 0x0000, 0x0000, 0x0000, 0x0000, 0x0000, 0x0000, 0x0000, 0x0000, 0x0000, 0x00C3, 0x0495,
    0x00E4, 0x0000, 0x0000, 0x0000, 0x03F2, 0x02CC, 0x0000, 0x0000, 0x01C8, 0x0434, 0x0020, 0x0000, 0x0000, 0x0000, 0x0000, 0x0000,
    0x0000, 0x0000, 0x0000, 0x030D, 0x0370, 0x024B, 0x03F4, 0x024B, 0x0496, 0x0125, 0x0000, 0x022A, 0x03D2, 0x0000, 0x0000, 0x03B2,
    0x0187, 0x0000, 0x00E4, 0x04D6, 0x01E8, 0x0146, 0x0187, 0x0495, 0x01A8, 0x0000, 0x030E, 0x03F2, 0x0125, 0x0145, 0x02AC, 0x0413,
    0x0020, 0x0000, 0x0000, 0x0041, 0x0475, 0x0187, 0x0000, 0x0020, 0x0000, 0x0391, 0x0413, 0x0433, 0x024A, 0x00E4, 0x0474, 0x0062,
    0x0041, 0x0454, 0x0125, 0x0020, 0x0125, 0x0125, 0x00A3, 0x0000, 0x0000, 0x0000, 0x0000, 0x0000, 0x0000, 0x0000, 0x0000, 0x0000,
    0x0000, 0x0000, 0x0000, 0x0000, 0x0000, 0x0000, 0x0000, 0x0000, 0x0000, 0x0000, 0x0000, 0x0000, 0x0000, 0x0000, 0x0000, 0x0000,
    0x0000, 0x0000, 0x0000, 0x0000, 0x0000, 0x0000, 0x0000, 0x0000, 0x0000, 0x0000, 0x0000, 0x0000, 0x0000, 0x0000, 0x0000, 0x0000,
    0x0000, 0x0000, 0x0000, 0x0000, 0x0000, 0x0000, 0x0000, 0x0000, 0x0000, 0x0000, 0x0000, 0x0000, 0x0000, 0x0000, 0x0000, 0x0000,
    0x0000, 0x0000, 0x0000, 0x0000, 0x0000, 0x0000, 0x0000, 0x0000, 0x0000, 0x0000, 0x0000, 0x0000, 0x0000, 0x0000, 0x4807, 0x700B,
    0x0000, 0x0000, 0x0000, 0x0000, 0x0000, 0x0000, 0x0000, 0x0000, 0x0000, 0x0000, 0x0000, 0x0000, 0x0000, 0x0000, 0x0000, 0x0000,
    0x0000, 0x0000, 0x0000, 0x0000, 0x0000, 0x0000, 0x0000, 0x0000, 0x0000, 0x0000, 0x0000, 0x0000, 0x0000, 0x0000, 0x0000, 0x0000,
    0x0000, 0x0000, 0x0000, 0x0000, 0x0000, 0x0000, 0x0000, 0x0000, 0x0000, 0x0000, 0x0000, 0x0000, 0x0000, 0x0000, 0x0000, 0x0000,
    0x0000, 0x0000, 0x0000, 0x0000, 0x0000, 0x0000, 0x0000, 0x0000, 0x0000, 0x0000, 0x0000, 0x0000, 0x0000, 0x0000, 0x0000, 0x0000,
    0x0000, 0x0000, 0x0000, 0x0000, 0x0000, 0x0000, 0x0000, 0x0000, 0x0000, 0x0000, 0x0000, 0x0000, 0x0000, 0x0000, 0x0000, 0x0000,
    0x0000, 0x0000, 0x0000, 0x0000, 0x0000, 0x0000, 0x0000, 0x0000, 0x0000, 0x0000, 0x0000, 0x0000, 0x0000, 0x0000, 0x0000, 0x0000,
    0x680A, 0x4807, 0x0000, 0x0000, 0x0000, 0x1803, 0x0801, 0x0000, 0x0000, 0x0000, 0x0000, 0x0000, 0x0000, 0x0000, 0x0000, 0x0000,
    0x0000, 0x0000, 0x0000, 0x0000, 0x0000, 0x0000, 0x0000, 0x0000, 0x0000, 0x0000, 0x0000, 0x0000, 0x0000, 0x0000, 0x0000, 0x0000,
    0x0000, 0x0000, 0x0000, 0x0000, 0x0000, 0x0000, 0x0000, 0x0000, 0x0000, 0x0000, 0x0000, 0x0000, 0x0000, 0x0000, 0x0000, 0x0000,
    0x0000, 0x0000, 0x0000, 0x0000, 0x0000, 0x0000, 0x0000, 0x0000, 0x0000, 0x0000, 0x0000, 0x0000, 0x0000, 0x0000, 0x0000, 0x0000,
    0x0000, 0x0000, 0x0000, 0x0000, 0x0000, 0x0000, 0x0000, 0x0000, 0x0000, 0x0000, 0x0000, 0x0000, 0x0000, 0x0000, 0x00C3, 0x0474,
    0x00C3, 0x0000, 0x0000, 0x0000, 0x0413, 0x02ED, 0x0000, 0x0000, 0x01C8, 0x0454, 0x0021, 0x0000, 0x0000, 0x0000, 0x0000, 0x0000,
    0x0000, 0x0000, 0x0000, 0x030D, 0x032F, 0x00A3, 0x0391, 0x0062, 0x0475, 0x00E4, 0x0020, 0x0474, 0x026B, 0x00A3, 0x00A3, 0x0370,
    0x0454, 0x0000, 0x00C3, 0x0495, 0x0454, 0x0453, 0x0454, 0x01E8, 0x0000, 0x0000, 0x02AC, 0x0495, 0x0453, 0x0495, 0x03F2, 0x0082,
    0x0000, 0x0000, 0x0000, 0x0041, 0x0413, 0x0166, 0x0000, 0x0000, 0x0000, 0x0370, 0x02CD, 0x0125, 0x0433, 0x01A8, 0x0413, 0x0062,
    0x0061, 0x04D6, 0x0146, 0x0082, 0x03F1, 0x04D6, 0x02EE, 0x0000, 0x0000, 0x0000, 0x0000, 0x0000, 0x0000, 0x0000, 0x0000, 0x0000,
    0x0000, 0x0000, 0x0000, 0x0000, 0x0000, 0x0000, 0x0000, 0x0000, 0x0000, 0x0000, 0x0000, 0x0000, 0x0000, 0x0000, 0x0000, 0x0000,
    0x0000, 0x0000, 0x0000, 0x0000, 0x0000, 0x0000, 0x0000, 0x0000, 0x0000, 0x0000, 0x0000, 0x0000, 0x0000, 0x0000, 0x0000, 0x0000,
    0x0000, 0x0000, 0x0000, 0x0000, 0x0000, 0x0000, 0x0000, 0x0000, 0x0000, 0x0000, 0x0000, 0x0000, 0x0000, 0x0000, 0x0000, 0x0000,
    0x0000, 0x0000, 0x0000, 0x0000, 0x0000, 0x0000, 0x0000, 0x0000, 0x0000, 0x0000, 0x0802, 0x0000, 0x0000, 0x0000, 0x4807, 0x700B,
    0x0000, 0x0000, 0x0000, 0x0000, 0x0000, 0x0000, 0x0000, 0x0000, 0x0000, 0x0000, 0x0000, 0x0000, 0x0000, 0x0000, 0x0000, 0x0000,
    0x0000, 0x0000, 0x0000, 0x0000, 0x0000, 0x0000, 0x0000, 0x0000, 0x0000, 0x0000, 0x0000, 0x0000, 0x0000, 0x0000, 0x0000, 0x0000,
    0x0000, 0x0000, 0x0000, 0x0000, 0x0000, 0x0000, 0x0000, 0x0000, 0x0000, 0x0000, 0x0000, 0x0000, 0x0000, 0x0000, 0x0000, 0x0000,
    0x0000, 0x0000, 0x0000, 0x0000, 0x0000, 0x0000, 0x0000, 0x0000, 0x0000, 0x0000, 0x0000, 0x0000, 0x0000, 0x0000, 0x0000, 0x0000,
    0x0000, 0x0000, 0x0000, 0x0000, 0x0000, 0x0000, 0x0000, 0x0000, 0x0000, 0x0000, 0x0000, 0x0000, 0x0000, 0x0000, 0x0000, 0x0000,
    0x0000, 0x0000, 0x0000, 0x0000, 0x0000, 0x0000, 0x0000, 0x0000, 0x0000, 0x0000, 0x0000, 0x0000, 0x0000, 0x0000, 0x0000, 0x0000,
    0x680A, 0x4807, 0x0000, 0x0000, 0x0000, 0x3808, 0x1804, 0x0000, 0x0000, 0x0000, 0x0000, 0x0000, 0x0000, 0x0000, 0x0000, 0x0000,
    0x0000, 0x0000, 0x0000, 0x0000, 0x0000, 0x0000, 0x0000, 0x0000, 0x0000, 0x0000, 0x0000, 0x0000, 0x0000, 0x0000, 0x0000, 0x0000,
    0x0000, 0x0000, 0x0000, 0x0000, 0x0000, 0x0000, 0x0000, 0x0000, 0x0000, 0x0000, 0x0000, 0x0000, 0x0000, 0x0000, 0x0000, 0x0000,
    0x0000, 0x0000, 0x0000, 0x0000, 0x0000, 0x0000, 0x0000, 0x0000, 0x0000, 0x0000, 0x0000, 0x0000, 0x0000, 0x0000, 0x0000, 0x0000,
    0x0000, 0x0000, 0x0000, 0x0000, 0x0000, 0x0000, 0x0000, 0x0000, 0x0000, 0x0000, 0x0000, 0x0000, 0x0000, 0x0000, 0x00A3, 0x0453,
    0x00C3, 0x0000, 0x0000, 0x0000, 0x03D1, 0x02AC, 0x0000, 0x0000, 0x01A8, 0x03F2, 0x0020, 0x0000, 0x0000, 0x0000, 0x0000, 0x0000,
    0x0000, 0x0000, 0x0000, 0x02CC, 0x0350, 0x0062, 0x01E9, 0x0082, 0x0413, 0x00C3, 0x0020, 0x03F2, 0x0475, 0x0475, 0x04B6, 0x04D7,
    0x0391, 0x0000, 0x00C3, 0x0494, 0x00E4, 0x0020, 0x0020, 0x0000, 0x0000, 0x0000, 0x032F, 0x03D2, 0x0020, 0x0041, 0x0020, 0x0000,
    0x0000, 0x0000, 0x0000, 0x0041, 0x03F3, 0x0166, 0x0000, 0x0000, 0x0000, 0x036F, 0x034F, 0x0000, 0x03B1, 0x0496, 0x0475, 0x00A2,
    0x0061, 0x04B5, 0x0187, 0x0000, 0x0020, 0x0390, 0x032F, 0x0000, 0x0000, 0x0000, 0x0000, 0x0000, 0x0000, 0x0000, 0x0000, 0x0000,
    0x0000, 0x0000, 0x0000, 0x0000, 0x0000, 0x0000, 0x0000, 0x0000, 0x0000, 0x0000, 0x0000, 0x0000, 0x0000, 0x0000, 0x0000, 0x0000,
    0x0000, 0x0000, 0x0000, 0x0000, 0x0000, 0x0000, 0x0000, 0x0000, 0x0000, 0x0000, 0x0000, 0x0000, 0x0000, 0x0000, 0x0000, 0x0000,
    0x0000, 0x0000, 0x0000, 0x0000, 0x0000, 0x0000, 0x0000, 0x0000, 0x0000, 0x0000, 0x0000, 0x0000, 0x0000, 0x0000, 0x0000, 0x0000,
    0x0000, 0x0000, 0x0000, 0x0000, 0x0000, 0x0000, 0x0000, 0x0000, 0x0000, 0x1803, 0x3007, 0x0000, 0x0000, 0x0000, 0x4807, 0x700B,
    0x0000, 0x0000, 0x0000, 0x0000, 0x0000, 0x0000, 0x0000, 0x0000, 0x0000, 0x0000, 0x0000, 0x0000, 0x0000, 0x0000, 0x0000, 0x0000,
    0x0000, 0x0000, 0x0000, 0x0000, 0x0000, 0x0000, 0x0000, 0x0000, 0x0000, 0x0000, 0x0000, 0x0000, 0x0000, 0x0000, 0x0000, 0x0000,
    0x0000, 0x0000, 0x0000, 0x0000, 0x0000, 0x0000, 0x0000, 0x0000, 0x0000, 0x0000, 0x0000, 0x0000, 0x0000, 0x0000, 0x0000, 0x0000,
    0x0000, 0x0000, 0x0000, 0x0000, 0x0000, 0x0000, 0x0000, 0x0000, 0x0000, 0x0000, 0x0000, 0x0000, 0x0000, 0x0000, 0x0000, 0x0000,
    0x0000, 0x0000, 0x0000, 0x0000, 0x0000, 0x0000, 0x0000, 0x0000, 0x0000, 0x0000, 0x0000, 0x0000, 0x0000, 0x0000, 0x0000, 0x0000,
    0x0000, 0x0000, 0x0000, 0x0000, 0x0000, 0x0000, 0x0000, 0x0000, 0x0000, 0x0000, 0x0000, 0x0000, 0x0000, 0x0000, 0x0000, 0x0000,
    0x680A, 0x4806, 0x0000, 0x0000, 0x0000, 0x1002, 0x0801, 0x0000, 0x0000, 0x0000, 0x0000, 0x0000, 0x0000, 0x0000, 0x0000, 0x0000,
    0x0000, 0x0000, 0x0000, 0x0000, 0x0000, 0x0000, 0x0000, 0x0000, 0x0000, 0x0000, 0x0000, 0x0000, 0x0000, 0x0000, 0x0000, 0x0000,
    0x0000, 0x0000, 0x0000, 0x0000, 0x0000, 0x0000, 0x0000, 0x0000, 0x0000, 0x0000, 0x0000, 0x0000, 0x0000, 0x0000, 0x0000, 0x0000,
    0x0000, 0x0000, 0x0000, 0x0000, 0x0000, 0x0000, 0x0000, 0x0000, 0x0000, 0x0000, 0x0000, 0x0000, 0x0000, 0x0000, 0x0000, 0x0000,
    0x0000, 0x0000, 0x0000, 0x0000, 0x0000, 0x0000, 0x0000, 0x0000, 0x0000, 0x0000, 0x0000, 0x0000, 0x0000, 0x0000, 0x00A3, 0x0454,
    0x00E3, 0x0000, 0x0000, 0x0000, 0x03D1, 0x026B, 0x0000, 0x0000, 0x0187, 0x0474, 0x0020, 0x0000, 0x0000, 0x0000, 0x0000, 0x0000,
    0x0000, 0x0000, 0x0000, 0x02CD, 0x0350, 0x0000, 0x0000, 0x0082, 0x0433, 0x00E4, 0x0020, 0x0496, 0x026B, 0x00A3, 0x00A3, 0x028C,
    0x03B2, 0x0000, 0x00E4, 0x04B6, 0x00C3, 0x0000, 0x0000, 0x0000, 0x0000, 0x0000, 0x032E, 0x0370, 0x0000, 0x0000, 0x0000, 0x0000,
    0x0000, 0x0000, 0x0000, 0x0000, 0x0434, 0x0146, 0x0000, 0x0020, 0x0000, 0x0370, 0x0390, 0x0000, 0x0105, 0x04D7, 0x0475, 0x0082,
    0x0041, 0x0495, 0x0105, 0x0000, 0x0000, 0x0390, 0x032F, 0x0000, 0x0000, 0x0000, 0x0000, 0x0000, 0x0000, 0x0000, 0x0000, 0x0000,
    0x0000, 0x0000, 0x0000, 0x0000, 0x0000, 0x0000, 0x0000, 0x0000, 0x0000, 0x0000, 0x0000, 0x0000, 0x0000, 0x0000, 0x0000, 0x0000,
    0x0000, 0x0000, 0x0000, 0x0000, 0x0000, 0x0000, 0x0000, 0x0000, 0x0000, 0x0000, 0x0000, 0x0000, 0x0000, 0x0000, 0x0000, 0x0000,
    0x0000, 0x0000, 0x0000, 0x0000, 0x0000, 0x0000, 0x0000, 0x0000, 0x0000, 0x0000, 0x0000, 0x0000, 0x0000, 0x0000, 0x0000, 0x0000,
    0x0000, 0x0000, 0x0000, 0x0000, 0x0000, 0x0000, 0x0000, 0x0000, 0x0000, 0x0801, 0x1002, 0x0000, 0x0000, 0x0000, 0x4807, 0x700B,
    0x0000, 0x0000, 0x0000, 0x0000, 0x0000, 0x0000, 0x0000, 0x0000, 0x0000, 0x0000, 0x0000, 0x0000, 0x0000, 0x0000, 0x0000, 0x0000,
    0x0000, 0x0000, 0x0000, 0x0000, 0x0000, 0x0000, 0x0000, 0x0000, 0x0000, 0x0000, 0x0000, 0x0000, 0x0000, 0x0000, 0x0000, 0x0000,
    0x0000, 0x0000, 0x0000, 0x0000, 0x0000, 0x0000, 0x0000, 0x0000, 0x0000, 0x0000, 0x0000, 0x0000, 0x0000, 0x0000, 0x0000, 0x0000,
    0x0000, 0x0000, 0x0000, 0x0000, 0x0000, 0x0000, 0x0000, 0x0000, 0x0000, 0x0000, 0x0000, 0x0000, 0x0000, 0x0000, 0x0000, 0x0000,
    0x0000, 0x0000, 0x0000, 0x0000, 0x0000, 0x0000, 0x0000, 0x0000, 0x0000, 0x0000, 0x0000, 0x0000, 0x0000, 0x0000, 0x0000, 0x0000,
    0x0000, 0x0000, 0x0000, 0x0000, 0x0000, 0x0000, 0x0000, 0x0000, 0x0000, 0x0000, 0x0000, 0x0000, 0x0000, 0x0000, 0x0000, 0x0000,
    0x680A, 0x4806, 0x0000, 0x0000, 0x0000, 0x0000, 0x0000, 0x0000, 0x0000, 0x0000, 0x0000, 0x0000, 0x0000, 0x0000, 0x0000, 0x0000,
    0x0000, 0x0000, 0x0000, 0x0000, 0x0000, 0x0000, 0x0000, 0x0000, 0x0000, 0x0000, 0x0000, 0x0000, 0x0000, 0x0000, 0x0000, 0x0000,
    0x0000, 0x0000, 0x0000, 0x0000, 0x0000, 0x0000, 0x0000, 0x0000, 0x0000, 0x0000, 0x0000, 0x0000, 0x0000, 0x0000, 0x0000, 0x0000,
    0x0000, 0x0000, 0x0000, 0x0000, 0x0000, 0x0000, 0x0000, 0x0000, 0x0000, 0x0000, 0x0000, 0x0000, 0x0000, 0x0000, 0x0000, 0x0000,
    0x0000, 0x0000, 0x0000, 0x0000, 0x0000, 0x0000, 0x0000, 0x0000, 0x0000, 0x0000, 0x0000, 0x0000, 0x0000, 0x0000, 0x00C3, 0x0495,
    0x00E3, 0x0000, 0x0000, 0x0000, 0x01E8, 0x03D1, 0x02CD, 0x02AC, 0x03B1, 0x02AD, 0x0000, 0x0000, 0x0000, 0x0000, 0x0000, 0x0000,
    0x0000, 0x0000, 0x0000, 0x030E, 0x0370, 0x0000, 0x0000, 0x0082, 0x0495, 0x0104, 0x0041, 0x04F7, 0x01A7, 0x0000, 0x0000, 0x022A,
    0x0454, 0x0000, 0x00E4, 0x04B5, 0x00A3, 0x0000, 0x0000, 0x0000, 0x0000, 0x0000, 0x032E, 0x03B1, 0x0000, 0x0000, 0x0000, 0x0000,
    0x0000, 0x0000, 0x01A7, 0x030E, 0x04B6, 0x03D1, 0x024A, 0x0020, 0x0000, 0x0370, 0x034F, 0x0000, 0x0000, 0x02CD, 0x0475, 0x0082,
    0x0000, 0x02AC, 0x03B1, 0x02AC, 0x030D, 0x04F7, 0x032F, 0x0000, 0x0000, 0x0000, 0x0000, 0x0000, 0x0000, 0x0000, 0x0000, 0x0000,
    0x0000, 0x0000, 0x0000, 0x0000, 0x0000, 0x0000, 0x0000, 0x0000, 0x0000, 0x0000, 0x0000, 0x0000, 0x0000, 0x0000, 0x0000, 0x0000,
    0x0000, 0x0000, 0x0000, 0x0000, 0x0000, 0x0000, 0x0000, 0x0000, 0x0000, 0x0000, 0x0000, 0x0000, 0x0000, 0x0000, 0x0000, 0x0000,
    0x0000, 0x0000, 0x0000, 0x0000, 0x0000, 0x0000, 0x0000, 0x0000, 0x0000, 0x0000, 0x0000, 0x0000, 0x0000, 0x0000, 0x0000, 0x0000,
    0x0000, 0x0000, 0x0000, 0x0000, 0x0000, 0x0000, 0x0000, 0x0000, 0x0000, 0x0000, 0x0000, 0x0000, 0x0000, 0x0000, 0x4807, 0x700B,
    0x0000, 0x0000, 0x0000, 0x0000, 0x0000, 0x0000, 0x0000, 0x0000, 0x0000, 0x0000, 0x0000, 0x0000, 0x0000, 0x0000, 0x0000, 0x0000,
    0x0000, 0x0000, 0x0000, 0x0000, 0x0000, 0x0000, 0x0000, 0x0000, 0x0000, 0x0000, 0x0000, 0x0000, 0x0000, 0x0000, 0x0000, 0x0000,
    0x0000, 0x0000, 0x0000, 0x0000, 0x0000, 0x0000, 0x0000, 0x0000, 0x0000, 0x0000, 0x0000, 0x0000, 0x0000, 0x0000, 0x0000, 0x0000,
    0x0000, 0x0000, 0x0000, 0x0000, 0x0000, 0x0000, 0x0000, 0x0000, 0x0000, 0x0000, 0x0000, 0x0000, 0x0000, 0x0000, 0x0000, 0x0000,
    0x0000, 0x0000, 0x0000, 0x0000, 0x0000, 0x0000, 0x0000, 0x0000, 0x0000, 0x0000, 0x0000, 0x0000, 0x0000, 0x0000, 0x0000, 0x0000,
    0x0000, 0x0000, 0x0000, 0x0000, 0x0000, 0x0000, 0x0000, 0x0000, 0x0000, 0x0000, 0x0000, 0x0000, 0x0000, 0x0000, 0x0000, 0x0000,
    0x6809, 0x4806, 0x0000, 0x0000, 0x0000, 0x0000, 0x0000, 0x0000, 0x0000, 0x0000, 0x0000, 0x0000, 0x0000, 0x0000, 0x0000, 0x0000,
    0x0000, 0x0000, 0x0000, 0x0000, 0x0000, 0x0000, 0x0000, 0x0000, 0x0000, 0x0000, 0x0000, 0x0000, 0x0000, 0x0000, 0x0000, 0x0000,
    0x0000, 0x0000, 0x0000, 0x0000, 0x0000, 0x0000, 0x0000, 0x0000, 0x0000, 0x0000, 0x0000, 0x0000, 0x0000, 0x0000, 0x0000, 0x0000,
    0x0000, 0x0000, 0x0000, 0x0000, 0x0000, 0x0000, 0x0000, 0x0000, 0x0000, 0x0000, 0x0000, 0x0000, 0x0000, 0x0000, 0x0000, 0x0000,
    0x0000, 0x0000, 0x0000, 0x0000, 0x0000, 0x0000, 0x0000, 0x0000, 0x0000, 0x0000, 0x0000, 0x0000, 0x0000, 0x0000, 0x0082, 0x02ED,
    0x0062, 0x0000, 0x0000, 0x0000, 0x0000, 0x028C, 0x0350, 0x034F, 0x02ED, 0x0000, 0x0000, 0x0000, 0x0000, 0x0000, 0x0000, 0x0000,
    0x0000, 0x0000, 0x0000, 0x01E9, 0x024A, 0x0000, 0x0000, 0x0062, 0x030E, 0x00A2, 0x0000, 0x030E, 0x0104, 0x0000, 0x0000, 0x01A8,
    0x02EE, 0x0000, 0x0082, 0x02CD, 0x0061, 0x0000, 0x0000, 0x0000, 0x0000, 0x0000, 0x022A, 0x026B, 0x0000, 0x0000, 0x0000, 0x0000,
    0x0000, 0x0000, 0x0209, 0x03B1, 0x030E, 0x034F, 0x028B, 0x0000, 0x0000, 0x024A, 0x0209, 0x0000, 0x0000, 0x0082, 0x02ED, 0x0061,
    0x0000, 0x0020, 0x030E, 0x034F, 0x034F, 0x024A, 0x01E9, 0x0000, 0x0000, 0x0000, 0x0000, 0x0000, 0x0000, 0x0000, 0x0000, 0x0000,
    0x0000, 0x0000, 0x0000, 0x0000, 0x0000, 0x0000, 0x0000, 0x0000, 0x0000, 0x0000, 0x0000, 0x0000, 0x0000, 0x0000, 0x0000, 0x0000,
    0x0000, 0x0000, 0x0000, 0x0000, 0x0000, 0x0000, 0x0000, 0x0000, 0x0000, 0x0000, 0x0000, 0x0000, 0x0000, 0x0000, 0x0000, 0x0000,
    0x0000, 0x0000, 0x0000, 0x0000, 0x0000, 0x0000, 0x0000, 0x0000, 0x0000, 0x0000, 0x0000, 0x0000, 0x0000, 0x0000, 0x0000, 0x0000,
    0x0000, 0x0000, 0x0000, 0x0000, 0x0000, 0x0000, 0x0000, 0x0000, 0x0000, 0x0000, 0x0000, 0x0000, 0x0000, 0x0000, 0x4807, 0x700B,
    0x0000, 0x0000, 0x0000, 0x0000, 0x0000, 0x0000, 0x0000, 0x0000, 0x0000, 0x0000, 0x0000, 0x0000, 0x0000, 0x0000, 0x0000, 0x0000,
    0x0000, 0x0000, 0x0000, 0x0000, 0x0000, 0x0000, 0x0000, 0x0000, 0x0000, 0x0000, 0x0000, 0x0000, 0x0000, 0x0000, 0x0000, 0x0000,
    0x0000, 0x0000, 0x0000, 0x0000, 0x0000, 0x0000, 0x0000, 0x0000, 0x0000, 0x0000, 0x0000, 0x0000, 0x0000, 0x0000, 0x0000, 0x0000,
    0x0000, 0x0000, 0x0000, 0x0000, 0x0000, 0x0000, 0x0000, 0x0000, 0x0000, 0x0000, 0x0000, 0x0000, 0x0000, 0x0000, 0x0000, 0x0000,
    0x0000, 0x0000, 0x0000, 0x0000, 0x0000, 0x0000, 0x0000, 0x0000, 0x0000, 0x0000, 0x0000, 0x0000, 0x0000, 0x0000, 0x0000, 0x0000,
    0x0000, 0x0000, 0x0000, 0x0000, 0x0000, 0x0000, 0x0000, 0x0000, 0x0000, 0x0000, 0x0000, 0x0000, 0x0000, 0x0000, 0x0000, 0x0000,
    0x6809, 0x4806, 0x0000, 0x0000, 0x0000, 0x2806, 0x1803, 0x0000, 0x0000, 0x0000, 0x0000, 0x0000, 0x0000, 0x0000, 0x0000, 0x0000,
    0x0000, 0x0000, 0x0000, 0x0000, 0x0000, 0x0000, 0x0000, 0x0000, 0x0000, 0x0000, 0x0000, 0x0000, 0x0000, 0x0000, 0x0000, 0x0000,
    0x0000, 0x0000, 0x0000, 0x0000, 0x0000, 0x0000, 0x0000, 0x0000, 0x0000, 0x0000, 0x0000, 0x0000, 0x0000, 0x0000, 0x0000, 0x0000,
    0x0000, 0x0000, 0x0000, 0x0000, 0x0000, 0x0000, 0x0000, 0x0000, 0x0000, 0x0000, 0x0000, 0x0000, 0x0000, 0x0000, 0x0000, 0x0000,
    0x0000, 0x0000, 0x0000, 0x0000, 0x0000, 0x0000, 0x0000, 0x0000, 0x0000, 0x0000, 0x0000, 0x0000, 0x0000, 0x0000, 0x0000, 0x0000,
    0x0000, 0x0000, 0x0000, 0x0000, 0x0000, 0x0000, 0x0000, 0x0000, 0x0000, 0x0000, 0x0000, 0x0000, 0x0000, 0x0000, 0x0000, 0x0000,
    0x0000, 0x0000, 0x0000, 0x0000, 0x0000, 0x0000, 0x0000, 0x0000, 0x0000, 0x0000, 0x0000, 0x0000, 0x0000, 0x0000, 0x0000, 0x0000,
    0x0000, 0x0000, 0x0000, 0x0000, 0x0000, 0x0000, 0x0000, 0x0000, 0x0000, 0x0000, 0x0000, 0x0000, 0x0000, 0x0000, 0x0000, 0x0000,
    0x0000, 0x0000, 0x0000, 0x0000, 0x0000, 0x0000, 0x0000, 0x0000, 0x0000, 0x0000, 0x0000, 0x0000, 0x0000, 0x0000, 0x0000, 0x0000,
    0x0000, 0x0000, 0x0000, 0x0000, 0x0000, 0x0000, 0x0000, 0x0000, 0x0000, 0x0000, 0x0000, 0x0000, 0x0000, 0x0000, 0x0000, 0x0000,
    0x0000, 0x0000, 0x0000, 0x0000, 0x0000, 0x0000, 0x0000, 0x0000, 0x0000, 0x0000, 0x0000, 0x0000, 0x0000, 0x0000, 0x0000, 0x0000,
    0x0000, 0x0000, 0x0000, 0x0000, 0x0000, 0x0000, 0x0000, 0x0000, 0x0000, 0x0000, 0x0000, 0x0000, 0x0000, 0x0000, 0x0000, 0x0000,
    0x0000, 0x0000, 0x0000, 0x0000, 0x0000, 0x0000, 0x0000, 0x0000, 0x0000, 0x0000, 0x0000, 0x0000, 0x0000, 0x0000, 0x0000, 0x0000,
    0x0000, 0x0000, 0x0000, 0x0000, 0x0000, 0x0000, 0x0000, 0x0000, 0x0000, 0x1003, 0x2806, 0x0000, 0x0000, 0x0000, 0x4807, 0x700B,
    0x0000, 0x0000, 0x0000, 0x0000, 0x0000, 0x0000, 0x0000, 0x0000, 0x0000, 0x0000, 0x0000, 0x0000, 0x0000, 0x0000, 0x0000, 0x0000,
    0x0000, 0x0000, 0x0000, 0x0000, 0x0000, 0x0000, 0x0000, 0x0000, 0x0000, 0x0000, 0x0000, 0x0000, 0x0000, 0x0000, 0x0000, 0x0000,
    0x0000, 0x0000, 0x0000, 0x0000, 0x0000, 0x0000, 0x0000, 0x0000, 0x0000, 0x0000, 0x0000, 0x0000, 0x0000, 0x0000, 0x0000, 0x0000,
    0x0000, 0x0000, 0x0000, 0x0000, 0x0000, 0x0000, 0x0000, 0x0000, 0x0000, 0x0000, 0x0000, 0x0000, 0x0000, 0x0000, 0x0000, 0x0000,
    0x0000, 0x0000, 0x0000, 0x0000, 0x0000, 0x0000, 0x0000, 0x0000, 0x0000, 0x0000, 0x0000, 0x0000, 0x0000, 0x0000, 0x0000, 0x0000,
    0x0000, 0x0000, 0x0000, 0x0000, 0x0000, 0x0000, 0x0000, 0x0000, 0x0000, 0x0000, 0x0000, 0x0000, 0x0000, 0x0000, 0x0000, 0x0000,
    0x6809, 0x4806, 0x0000, 0x0000, 0x0000, 0x1804, 0x0802, 0x0000, 0x0000, 0x0000, 0x0000, 0x0000, 0x0000, 0x0000, 0x0000, 0x0000,
    0x0000, 0x0000, 0x0000, 0x0000, 0x0000, 0x0000, 0x0000, 0x0000, 0x0000, 0x0000, 0x0000, 0x0000, 0x0000, 0x0000, 0x0000, 0x0000,
    0x0000, 0x0000, 0x0000, 0x0000, 0x0000, 0x0000, 0x0000, 0x0000, 0x0000, 0x0000, 0x0000, 0x0000, 0x0000, 0x0000, 0x0000, 0x0000,
    0x0000, 0x0000, 0x0000, 0x0000, 0x0000, 0x0000, 0x0000, 0x0000, 0x0000, 0x0000, 0x0000, 0x0000, 0x0000, 0x0000, 0x0000, 0x0000,
    0x0000, 0x0000, 0x0000, 0x0000, 0x0000, 0x0000, 0x0000, 0x0000, 0x0000, 0x0000, 0x0000, 0x0000, 0x0000, 0x0000, 0x0000, 0x0000,
    0x0000, 0x0000, 0x0000, 0x0000, 0x0000, 0x0000, 0x0000, 0x0000, 0x0000, 0x0000, 0x0000, 0x0000, 0x0000, 0x0000, 0x0000, 0x0000,
    0x0000, 0x0000, 0x0000, 0x0000, 0x0000, 0x0000, 0x0000, 0x0000, 0x0000, 0x0000, 0x0000, 0x0000, 0x0000, 0x0000, 0x0000, 0x0000,
    0x0000, 0x0000, 0x0000, 0x0000, 0x0000, 0x0000, 0x0000, 0x0000, 0x0000, 0x0000, 0x0000, 0x0000, 0x0000, 0x0000, 0x0000, 0x0000,
    0x0000, 0x0000, 0x0000, 0x0000, 0x0000, 0x0000, 0x0000, 0x0000, 0x0000, 0x0000, 0x0000, 0x0000, 0x0000, 0x0000, 0x0000, 0x0000,
    0x0000, 0x0000, 0x0000, 0x0000, 0x0000, 0x0000, 0x0000, 0x0000, 0x0000, 0x0000, 0x0000, 0x0000, 0x0000, 0x0000, 0x0000, 0x0000,
    0x0000, 0x0000, 0x0000, 0x0000, 0x0000, 0x0000, 0x0000, 0x0000, 0x0000, 0x0000, 0x0000, 0x0000, 0x0000, 0x0000, 0x0000, 0x0000,
    0x0000, 0x0000, 0x0000, 0x0000, 0x0000, 0x0000, 0x0000, 0x0000, 0x0000, 0x0000, 0x0000, 0x0000, 0x0000, 0x0000, 0x0000, 0x0000,
    0x0000, 0x0000, 0x0000, 0x0000, 0x0000, 0x0000, 0x0000, 0x0000, 0x0000, 0x0000, 0x0000, 0x0000, 0x0000, 0x0000, 0x0000, 0x0000,
    0x0000, 0x0000, 0x0000, 0x0000, 0x0000, 0x0000, 0x0000, 0x0000, 0x0000, 0x0801, 0x1003, 0x0000, 0x0000, 0x0000, 0x4807, 0x700B,
    0x0000, 0x0000, 0x0000, 0x0000, 0x0000, 0x0000, 0x0000, 0x0000, 0x0000, 0x0000, 0x0000, 0x0000, 0x0000, 0x0000, 0x0000, 0x0000,
    0x0000, 0x0000, 0x0000, 0x0000, 0x0000, 0x0000, 0x0000, 0x0000, 0x0000, 0x0000, 0x0000, 0x0000, 0x0000, 0x0000, 0x0000, 0x0000,
    0x0000, 0x0000, 0x0000, 0x0000, 0x0000, 0x0000, 0x0000, 0x0000, 0x0000, 0x0000, 0x0000, 0x0000, 0x0000, 0x0000, 0x0000, 0x0000,
    0x0000, 0x0000, 0x0000, 0x0000, 0x0000, 0x0000, 0x0000, 0x0000, 0x0000, 0x0000, 0x0000, 0x0000, 0x0000, 0x0000, 0x0000, 0x0000,
    0x0000, 0x0000, 0x0000, 0x0000, 0x0000, 0x0000, 0x0000, 0x0000, 0x0000, 0x0000, 0x0000, 0x0000, 0x0000, 0x0000, 0x0000, 0x0000,
    0x0000, 0x0000, 0x0000, 0x0000, 0x0000, 0x0000, 0x0000, 0x0000, 0x0000, 0x0000, 0x0000, 0x0000, 0x0000, 0x0000, 0x0000, 0x0000,
    0x6009, 0x4006, 0x0000, 0x0000, 0x0000, 0x0000, 0x0000, 0x0000, 0x0000, 0x0000, 0x0000, 0x0000, 0x0000, 0x0000, 0x0000, 0x0000,
    0x0000, 0x0000, 0x0000, 0x0000, 0x0000, 0x0000, 0x0000, 0x0000, 0x0000, 0x0000, 0x0000, 0x0000, 0x0000, 0x0000, 0x0000, 0x0000,
    0x0000, 0x0000, 0x0000, 0x0000, 0x0000, 0x0000, 0x0000, 0x0000, 0x0000, 0x0000, 0x0000, 0x0000, 0x0000, 0x0000, 0x0000, 0x0000,
    0x0000, 0x0000, 0x0000, 0x0000, 0x0000, 0x0000, 0x0000, 0x0000, 0x0000, 0x0000, 0x0000, 0x0000, 0x0000, 0x0000, 0x0000, 0x0000,
    0x0000, 0x0000, 0x0000, 0x0000, 0x0000, 0x0000, 0x0000, 0x0000, 0x0000, 0x0000, 0x0000, 0x0000, 0x0000, 0x0000, 0x0000, 0x0000,
    0x0000, 0x0000, 0x0000, 0x0000, 0x0000, 0x0000, 0x0000, 0x0000, 0x0000, 0x0000, 0x0000, 0x0000, 0x0000, 0x0000, 0x0000, 0x0000,
    0x0000, 0x0000, 0x0000, 0x0000, 0x0000, 0x0000, 0x0000, 0x0000, 0x0000, 0x0000, 0x0000, 0x0000, 0x0000, 0x0000, 0x0000, 0x0000,
    0x0000, 0x0000, 0x0000, 0x0000, 0x0000, 0x0000, 0x0000, 0x0000, 0x0000, 0x0000, 0x0000, 0x0000, 0x0000, 0x0000, 0x0000, 0x0000,
    0x0000, 0x0000, 0x0000, 0x0000, 0x0000, 0x0000, 0x0000, 0x0000, 0x0000, 0x0000, 0x0000, 0x0000, 0x0000, 0x0000, 0x0000, 0x0000,
    0x0000, 0x0000, 0x0000, 0x0000, 0x0000, 0x0000, 0x0000, 0x0000, 0x0000, 0x0000, 0x0000, 0x0000, 0x0000, 0x0000, 0x0000, 0x0000,
    0x0000, 0x0000, 0x0000, 0x0000, 0x0000, 0x0000, 0x0000, 0x0000, 0x0000, 0x0000, 0x0000, 0x0000, 0x0000, 0x0000, 0x0000, 0x0000,
    0x0000, 0x0000, 0x0000, 0x0000, 0x0000, 0x0000, 0x0000, 0x0000, 0x0000, 0x0000, 0x0000, 0x0000, 0x0000, 0x0000, 0x0000, 0x0000,
    0x0000, 0x0000, 0x0000, 0x0000, 0x0000, 0x0000, 0x0000, 0x0000, 0x0000, 0x0000, 0x0000, 0x0000, 0x0000, 0x0000, 0x0000, 0x0000,
    0x0000, 0x0000, 0x0000, 0x0000, 0x0000, 0x0000, 0x0000, 0x0000, 0x0000, 0x0000, 0x0000, 0x0000, 0x0000, 0x0000, 0x4807, 0x700B,
    0x0000, 0x0000, 0x0000, 0x0000, 0x0000, 0x0000, 0x0000, 0x0000, 0x0000, 0x0000, 0x0000, 0x0000, 0x0000, 0x0000, 0x0000, 0x0000,
    0x0000, 0x0000, 0x0000, 0x0000, 0x0000, 0x0000, 0x0000, 0x0000, 0x0000, 0x0000, 0x0000, 0x0000, 0x0000, 0x0000, 0x0000, 0x0000,
    0x0000, 0x0000, 0x0000, 0x0000, 0x0000, 0x0000, 0x0000, 0x0000, 0x0000, 0x0000, 0x0000, 0x0000, 0x0000, 0x0000, 0x0000, 0x0000,
    0x0000, 0x0000, 0x0000, 0x0000, 0x0000, 0x0000, 0x0000, 0x0000, 0x0000, 0x0000, 0x0000, 0x0000, 0x0000, 0x0000, 0x0000, 0x0000,
    0x0000, 0x0000, 0x0000, 0x0000, 0x0000, 0x0000, 0x0000, 0x0000, 0x0000, 0x0000, 0x0000, 0x0000, 0x0000, 0x0000, 0x0000, 0x0000,
    0x0000, 0x0000, 0x0000, 0x0000, 0x0000, 0x0000, 0x0000, 0x0000, 0x0000, 0x0000, 0x0000, 0x0000, 0x0000, 0x0000, 0x0000, 0x0000,
    0x6009, 0x4806, 0x0000, 0x0000, 0x0000, 0x1003, 0x0801, 0x0000, 0x0000, 0x0000, 0x0000, 0x0000, 0x0000, 0x0000, 0x0000, 0x0000,
    0x0000, 0x0000, 0x0000, 0x0000, 0x0000, 0x0000, 0x0000, 0x0000, 0x0000, 0x0000, 0x0000, 0x0000, 0x0000, 0x0000, 0x0000, 0x0000,
    0x0000, 0x0000, 0x0000, 0x0000, 0x0000, 0x0000, 0x0000, 0x0000, 0x0000, 0x0000, 0x0000, 0x0000, 0x0000, 0x0000, 0x0000, 0x0000,
    0x0000, 0x0000, 0x0000, 0x0000, 0x0000, 0x0000, 0x0000, 0x0000, 0x0000, 0x0000, 0x0000, 0x0000, 0x0000, 0x0000, 0x0000, 0x0000,
    0x0000, 0x0000, 0x0000, 0x0000, 0x0000, 0x0000, 0x0000, 0x0000, 0x0000, 0x0000, 0x0000, 0x0000, 0x0000, 0x0000, 0x0000, 0x0000,
    0x0000, 0x0000, 0x0000, 0x0000, 0x0000, 0x0000, 0x0000, 0x0000, 0x0000, 0x0000, 0x0000, 0x0000, 0x0000, 0x0000, 0x0000, 0x0000,
    0x0000, 0x0000, 0x0000, 0x0000, 0x0000, 0x0000, 0x0000, 0x0000, 0x0000, 0x0000, 0x0000, 0x0000, 0x0000, 0x0000, 0x0000, 0x0000,
    0x0000, 0x0000, 0x0000, 0x0000, 0x0000, 0x0000, 0x0000, 0x0000, 0x0000, 0x0000, 0x0000, 0x0000, 0x0000, 0x0000, 0x0000, 0x0000,
    0x0000, 0x0000, 0x0000, 0x0000, 0x0000, 0x0000, 0x0000, 0x0000, 0x0000, 0x0000, 0x0000, 0x0000, 0x0000, 0x0000, 0x0000, 0x0000,
    0x0000, 0x0000, 0x0000, 0x0000, 0x0000, 0x0000, 0x0000, 0x0000, 0x0000, 0x0000, 0x0000, 0x0000, 0x0000, 0x0000, 0x0000, 0x0000,
    0x0000, 0x0000, 0x0000, 0x0000, 0x0000, 0x0000, 0x0000, 0x0000, 0x0000, 0x0000, 0x0000, 0x0000, 0x0000, 0x0000, 0x0000, 0x0000,
    0x0000, 0x0000, 0x0000, 0x0000, 0x0000, 0x0000, 0x0000, 0x0000, 0x0000, 0x0000, 0x0000, 0x0000, 0x0000, 0x0000, 0x0000, 0x0000,
    0x0000, 0x0000, 0x0000, 0x0000, 0x0000, 0x0000, 0x0000, 0x0000, 0x0000, 0x0000, 0x0000, 0x0000, 0x0000, 0x0000, 0x0000, 0x0000,
    0x0000, 0x0000, 0x0000, 0x0000, 0x0000, 0x0000, 0x0000, 0x0000, 0x0000, 0x0801, 0x1003, 0x0000, 0x0000, 0x0000, 0x4807, 0x700B,
    0x0000, 0x0000, 0x0000, 0x0000, 0x0000, 0x0000, 0x0000, 0x0000, 0x0000, 0x0000, 0x0000, 0x0000, 0x0000, 0x0000, 0x0000, 0x0000,
    0x0000, 0x0000, 0x0000, 0x0000, 0x0000, 0x0000, 0x0000, 0x0000, 0x0000, 0x0000, 0x0000, 0x0000, 0x0000, 0x0000, 0x0000, 0x0000,
    0x0000, 0x0000, 0x0000, 0x0000, 0x0000, 0x0000, 0x0000, 0x0000, 0x0000, 0x0000, 0x0000, 0x0000, 0x0000, 0x0000, 0x0000, 0x0000,
    0x0000, 0x0000, 0x0000, 0x0000, 0x0000, 0x0000, 0x0000, 0x0000, 0x0000, 0x0000, 0x0000, 0x0000, 0x0000, 0x0000, 0x0000, 0x0000,
    0x0000, 0x0000, 0x0000, 0x0000, 0x0000, 0x0000, 0x0000, 0x0000, 0x0000, 0x0000, 0x0000, 0x0000, 0x0000, 0x0000, 0x0000, 0x0000,
    0x0000, 0x0000, 0x0000, 0x0000, 0x0000, 0x0000, 0x0000, 0x0000, 0x0000, 0x0000, 0x0000, 0x0000, 0x0000, 0x0000, 0x0000, 0x0000,
    0x680A, 0x4806, 0x0000, 0x0000, 0x0000, 0x0001, 0x0000, 0x0000, 0x0000, 0x0000, 0x0000, 0x0000, 0x0000, 0x0000, 0x0000, 0x0000,
    0x0000, 0x0000, 0x0000, 0x0000, 0x0000, 0x0000, 0x0000, 0x0000, 0x0000, 0x0000, 0x0000, 0x0000, 0x0000, 0x0000, 0x0000, 0x0000,
    0x0000, 0x0000, 0x0000, 0x0000, 0x0000, 0x0000, 0x0000, 0x0000, 0x0000, 0x0000, 0x0000, 0x0000, 0x0000, 0x0000, 0x0000, 0x0000,
    0x0000, 0x0000, 0x0000, 0x0000, 0x0000, 0x0000, 0x0000, 0x0000, 0x0000, 0x0000, 0x0000, 0x0000, 0x0000, 0x0000, 0x0000, 0x0000,
    0x0000, 0x0000, 0x0000, 0x0000, 0x0000, 0x0000, 0x0000, 0x0000, 0x0000, 0x0000, 0x0000, 0x0000, 0x0000, 0x0000, 0x0000, 0x0000,
    0x0000, 0x0000, 0x0000, 0x0000, 0x0000, 0x0000, 0x0000, 0x0000, 0x0000, 0x0000, 0x0000, 0x0000, 0x0000, 0x0000, 0x0000, 0x0000,
    0x0000, 0x0000, 0x0000, 0x0000, 0x0000, 0x0000, 0x0000, 0x0000, 0x0000, 0x0000, 0x0000, 0x0000, 0x0000, 0x0000, 0x0000, 0x0000,
    0x0000, 0x0000, 0x0000, 0x0000, 0x0000, 0x0000, 0x0000, 0x0000, 0x0000, 0x0000, 0x0000, 0x0000, 0x0000, 0x0000, 0x0000, 0x0000,
    0x0000, 0x0000, 0x0000, 0x0000, 0x0000, 0x0000, 0x0000, 0x0000, 0x0000, 0x0000, 0x0000, 0x0000, 0x0000, 0x0000, 0x0000, 0x0000,
    0x0000, 0x0000, 0x0000, 0x0000, 0x0000, 0x0000, 0x0000, 0x0000, 0x0000, 0x0000, 0x0000, 0x0000, 0x0000, 0x0000, 0x0000, 0x0000,
    0x0000, 0x0000, 0x0000, 0x0000, 0x0000, 0x0000, 0x0000, 0x0000, 0x0000, 0x0000, 0x0000, 0x0000, 0x0000, 0x0000, 0x0000, 0x0000,
    0x0000, 0x0000, 0x0000, 0x0000, 0x0000, 0x0000, 0x0000, 0x0000, 0x0000, 0x0000, 0x0000, 0x0000, 0x0000, 0x0000, 0x0000, 0x0000,
    0x0000, 0x0000, 0x0000, 0x0000, 0x0000, 0x0000, 0x0000, 0x0000, 0x0000, 0x0000, 0x0000, 0x0000, 0x0000, 0x0000, 0x0000, 0x0000,
    0x0000, 0x0000, 0x0000, 0x0000, 0x0000, 0x0000, 0x0000, 0x0000, 0x0000, 0x0000, 0x0000, 0x0000, 0x0000, 0x0000, 0x4807, 0x700B,
    0x0000, 0x0000, 0x0000, 0x0000, 0x0000, 0x0000, 0x0000, 0x0000, 0x0000, 0x0000, 0x0000, 0x0000, 0x0000, 0x0000, 0x0000, 0x0000,
    0x0000, 0x0000, 0x0000, 0x0000, 0x0000, 0x0000, 0x0000, 0x0000, 0x0000, 0x0000, 0x0000, 0x0000, 0x0000, 0x0000, 0x0000, 0x0000,
    0x0000, 0x0000, 0x0000, 0x0000, 0x0000, 0x0000, 0x0000, 0x0000, 0x0000, 0x0000, 0x0000, 0x0000, 0x0000, 0x0000, 0x0000, 0x0000,
    0x0000, 0x0000, 0x0000, 0x0000, 0x0000, 0x0000, 0x0000, 0x0000, 0x0000, 0x0000, 0x0000, 0x0000, 0x0000, 0x0000, 0x0000, 0x0000,
    0x0000, 0x0000, 0x0000, 0x0000, 0x0000, 0x0000, 0x0000, 0x0000, 0x0000, 0x0000, 0x0000, 0x0000, 0x0000, 0x0000, 0x0000, 0x0000,
    0x0000, 0x0000, 0x0000, 0x0000, 0x0000, 0x0000, 0x0000, 0x0000, 0x0000, 0x0000, 0x0000, 0x0000, 0x0000, 0x0000, 0x0000, 0x0000,
    0x680A, 0x4806, 0x0000, 0x0000, 0x0000, 0x2005, 0x1002, 0x0000, 0x0000, 0x0000, 0x0000, 0x0000, 0x0000, 0x0000, 0x0000, 0x0000,
    0x0000, 0x0000, 0x0000, 0x0000, 0x0000, 0x0000, 0x0000, 0x0000, 0x0000, 0x0000, 0x0000, 0x0000, 0x0000, 0x0000, 0x0000, 0x0000,
    0x0000, 0x0000, 0x0000, 0x0000, 0x0000, 0x0000, 0x0000, 0x0000, 0x0000, 0x0000, 0x0000, 0x0000, 0x0000, 0x0000, 0x0000, 0x0000,
    0x0000, 0x0000, 0x0000, 0x0000, 0x0000, 0x0000, 0x0000, 0x0000, 0x0000, 0x0000, 0x0000, 0x0000, 0x0000, 0x0000, 0x0000, 0x0000,
    0x0000, 0x0000, 0x0000, 0x0000, 0x0000, 0x0000, 0x0000, 0x0000, 0x0000, 0x0000, 0x0000, 0x0000, 0x0000, 0x0000, 0x0000, 0x0000,
    0x0000, 0x0000, 0x0000, 0x0000, 0x0000, 0x0000, 0x0000, 0x0000, 0x0000, 0x0000, 0x0000, 0x0000, 0x0000, 0x0000, 0x0000, 0x0000,
    0x0000, 0x0000, 0x0000, 0x0000, 0x0000, 0x0000, 0x0000, 0x0000, 0x0000, 0x0000, 0x0000, 0x0000, 0x0000, 0x0000, 0x0000, 0x0000,
    0x0000, 0x0000, 0x0000, 0x0000, 0x0000, 0x0000, 0x0000, 0x0000, 0x0000, 0x0000, 0x0000, 0x0000, 0x0000, 0x0000, 0x0000, 0x0000,
    0x0000, 0x0000, 0x0000, 0x0000, 0x0000, 0x0000, 0x0000, 0x0000, 0x0000, 0x0000, 0x0000, 0x0000, 0x0000, 0x0000, 0x0000, 0x0000,
    0x0000, 0x0000, 0x0000, 0x0000, 0x0000, 0x0000, 0x0000, 0x0000, 0x0000, 0x0000, 0x0000, 0x0000, 0x0000, 0x0000, 0x0000, 0x0000,
    0x0000, 0x0000, 0x0000, 0x0000, 0x0000, 0x0000, 0x0000, 0x0000, 0x0000, 0x0000, 0x0000, 0x0000, 0x0000, 0x0000, 0x0000, 0x0000,
    0x0000, 0x0000, 0x0000, 0x0000, 0x0000, 0x0000, 0x0000, 0x0000, 0x0000, 0x0000, 0x0000, 0x0000, 0x0000, 0x0000, 0x0000, 0x0000,
    0x0000, 0x0000, 0x0000, 0x0000, 0x0000, 0x0000, 0x0000, 0x0000, 0x0000, 0x0000, 0x0000, 0x0000, 0x0000, 0x0000, 0x0000, 0x0000,
    0x0000, 0x0000, 0x0000, 0x0000, 0x0000, 0x0000, 0x0000, 0x0000, 0x0000, 0x1002, 0x2004, 0x0000, 0x0000, 0x0000, 0x4807, 0x700B,
    0x0000, 0x0000, 0x0000, 0x0000, 0x0000, 0x0000, 0x0000, 0x0000, 0x0000, 0x0000, 0x0000, 0x0000, 0x0000, 0x0000, 0x0000, 0x0000,
    0x0000, 0x0000, 0x0000, 0x0000, 0x0000, 0x0000, 0x0000, 0x0000, 0x0000, 0x0000, 0x0000, 0x0000, 0x0000, 0x0000, 0x0000, 0x0000,
    0x0000, 0x0000, 0x0000, 0x0000, 0x0000, 0x0000, 0x0000, 0x0000, 0x0000, 0x0000, 0x0000, 0x0000, 0x0000, 0x0000, 0x0000, 0x0000,
    0x0000, 0x0000, 0x0000, 0x0000, 0x0000, 0x0000, 0x0000, 0x0000, 0x0000, 0x0000, 0x0000, 0x0000, 0x0000, 0x0000, 0x0000, 0x0000,
    0x0000, 0x0000, 0x0000, 0x0000, 0x0000, 0x0000, 0x0000, 0x0000, 0x0000, 0x0000, 0x0000, 0x0000, 0x0000, 0x0000, 0x0000, 0x0000,
    0x0000, 0x0000, 0x0000, 0x0000, 0x0000, 0x0000, 0x0000, 0x0000, 0x0000, 0x0000, 0x0000, 0x0000, 0x0000, 0x0000, 0x0000, 0x0000,
    0x680A, 0x4806, 0x0000, 0x0000, 0x0000, 0x1002, 0x0801, 0x0000, 0x0000, 0x0000, 0x0000, 0x0000, 0x0000, 0x0000, 0x0000, 0x0000,
    0x0000, 0x0000, 0x0000, 0x0000, 0x0000, 0x0000, 0x0000, 0x0000, 0x0000, 0x0000, 0x0000, 0x0000, 0x0000, 0x0000, 0x0000, 0x0000,
    0x0000, 0x0000, 0x0000, 0x0000, 0x0000, 0x0000, 0x0000, 0x0000, 0x0000, 0x0000, 0x0000, 0x0000, 0x0000, 0x0000, 0x0000, 0x0000,
    0x0000, 0x0000, 0x0000, 0x0000, 0x0000, 0x0000, 0x0000, 0x0000, 0x0000, 0x0000, 0x0000, 0x0000, 0x0000, 0x0000, 0x0000, 0x0000,
    0x0000, 0x0000, 0x0000, 0x0000, 0x0000, 0x0000, 0x0000, 0x0000, 0x0000, 0x0000, 0x0000, 0x0000, 0x0000, 0x0000, 0x0000, 0x0000,
    0x0000, 0x0000, 0x0000, 0x0000, 0x0000, 0x0000, 0x0000, 0x0000, 0x0000, 0x0000, 0x0000, 0x0000, 0x0000, 0x0000, 0x0000, 0x0000,
    0x0000, 0x0000, 0x0000, 0x0000, 0x0000, 0x0000, 0x0000, 0x0000, 0x0000, 0x0000, 0x0000, 0x0000, 0x0000, 0x0000, 0x0801, 0x2002,
    0x1802, 0x1802, 0x1001, 0x0000, 0x0000, 0x0000, 0x0000, 0x0000, 0x0000, 0x0000, 0x0000, 0x0000, 0x0000, 0x0000, 0x0000, 0x0000,
    0x0000, 0x0000, 0x0000, 0x0000, 0x0000, 0x0000, 0x0000, 0x0000, 0x0000, 0x0000, 0x0000, 0x0000, 0x0000, 0x0000, 0x0000, 0x0000,
    0x0000, 0x0000, 0x0000, 0x0000, 0x0000, 0x0000, 0x0000, 0x0000, 0x0000, 0x0000, 0x0000, 0x0000, 0x0000, 0x0000, 0x0000, 0x0000,
    0x0000, 0x0000, 0x0000, 0x0000, 0x0000, 0x0000, 0x0000, 0x0000, 0x0000, 0x0000, 0x0000, 0x0000, 0x0000, 0x0000, 0x0000, 0x0000,
    0x0000, 0x0000, 0x0000, 0x0000, 0x0000, 0x0000, 0x0000, 0x0000, 0x0000, 0x0000, 0x0000, 0x0000, 0x0000, 0x0000, 0x0000, 0x0000,
    0x0000, 0x0000, 0x0000, 0x0000, 0x0000, 0x0000, 0x0000, 0x0000, 0x0000, 0x0000, 0x0000, 0x0000, 0x0000, 0x0000, 0x0000, 0x0000,
    0x0000, 0x0000, 0x0000, 0x0000, 0x0000, 0x0000, 0x0000, 0x0000, 0x0000, 0x0801, 0x1002, 0x0000, 0x0000, 0x0000, 0x4807, 0x700B,
    0x0000, 0x0000, 0x0000, 0x0000, 0x0000, 0x0000, 0x0000, 0x0000, 0x0000, 0x0000, 0x0000, 0x0000, 0x0000, 0x0000, 0x0000, 0x0000,
    0x0000, 0x0000, 0x0000, 0x0000, 0x0000, 0x0000, 0x0000, 0x0000, 0x0000, 0x0000, 0x0000, 0x0000, 0x0000, 0x0000, 0x0000, 0x0000,
    0x0000, 0x0000, 0x0000, 0x0000, 0x0000, 0x0000, 0x0000, 0x0000, 0x0000, 0x0000, 0x0000, 0x0000, 0x0000, 0x0000, 0x0000, 0x0000,
    0x0000, 0x0000, 0x0000, 0x0000, 0x0000, 0x0000, 0x0000, 0x0000, 0x0000, 0x0000, 0x0000, 0x0000, 0x0000, 0x0000, 0x0000, 0x0000,
    0x0000, 0x0000, 0x0000, 0x0000, 0x0000, 0x0000, 0x0000, 0x0000, 0x0000, 0x0000, 0x0000, 0x0000, 0x0000, 0x0000, 0x0000, 0x0000,
    0x0000, 0x0000, 0x0000, 0x0000, 0x0000, 0x0000, 0x0000, 0x0000, 0x0000, 0x0000, 0x0000, 0x0000, 0x0000, 0x0000, 0x0000, 0x0000,
    0x680A, 0x4806, 0x0000, 0x0000, 0x0000, 0x0000, 0x0000, 0x0000, 0x0000, 0x0000, 0x0000, 0x0000, 0x0000, 0x0000, 0x0000, 0x0000,
    0x0000, 0x0000, 0x0000, 0x0000, 0x0000, 0x0000, 0x0000, 0x0000, 0x0000, 0x0000, 0x0000, 0x0000, 0x0000, 0x0000, 0x0000, 0x0000,
    0x0000, 0x0000, 0x0000, 0x0000, 0x0000, 0x0000, 0x0000, 0x0000, 0x0000, 0x0000, 0x0000, 0x0000, 0x0000, 0x0000, 0x0000, 0x0000,
    0x0000, 0x0000, 0x0000, 0x0000, 0x0000, 0x0000, 0x0000, 0x0000, 0x0000, 0x0000, 0x0000, 0x0000, 0x0000, 0x0000, 0x0000, 0x0000,
    0x0000, 0x0000, 0x0000, 0x0000, 0x0000, 0x0000, 0x0000, 0x0000, 0x0000, 0x0000, 0x0000, 0x0000, 0x0000, 0x0000, 0x0000, 0x0000,
    0x0000, 0x0000, 0x0000, 0x0000, 0x0000, 0x0000, 0x0000, 0x0000, 0x0000, 0x0000, 0x0000, 0x0000, 0x0000, 0x0000, 0x0000, 0x0000,
    0x0000, 0x0000, 0x0000, 0x0000, 0x0000, 0x0000, 0x0000, 0x0000, 0x0000, 0x0000, 0x0000, 0x0000, 0x0000, 0x0000, 0x4006, 0xA80F,
    0xA00F, 0xB811, 0x700A, 0x0000, 0x0000, 0x0000, 0x0000, 0x0000, 0x0000, 0x0000, 0x0000, 0x0000, 0x0000, 0x0000, 0x0000, 0x0000,
    0x0000, 0x0000, 0x0000, 0x0000, 0x0000, 0x0000, 0x0000, 0x0000, 0x0000, 0x0000, 0x0000, 0x0000, 0x0000, 0x0000, 0x0000, 0x0000,
    0x0000, 0x0000, 0x0000, 0x0000, 0x0000, 0x0000, 0x0000, 0x0000, 0x0000, 0x0000, 0x0000, 0x0000, 0x0000, 0x0000, 0x0000, 0x0000,
    0x0000, 0x0000, 0x0000, 0x0000, 0x0000, 0x0000, 0x0000, 0x0000, 0x0000, 0x0000, 0x0000, 0x0000, 0x0000, 0x0000, 0x0000, 0x0000,
    0x0000, 0x0000, 0x0000, 0x0000, 0x0000, 0x0000, 0x0000, 0x0000, 0x0000, 0x0000, 0x0000, 0x0000, 0x0000, 0x0000, 0x0000, 0x0000,
    0x0000, 0x0000, 0x0000, 0x0000, 0x0000, 0x0000, 0x0000, 0x0000, 0x0000, 0x0000, 0x0000, 0x0000, 0x0000, 0x0000, 0x0000, 0x0000,
    0x0000, 0x0000, 0x0000, 0x0000, 0x0000, 0x0000, 0x0000, 0x0000, 0x0000, 0x0000, 0x0000, 0x0000, 0x0000, 0x0000, 0x4807, 0x700B,
    0x0000, 0x0000, 0x0000, 0x0000, 0x0000, 0x0000, 0x0000, 0x0000, 0x0000, 0x0000, 0x0000, 0x0000, 0x0000, 0x0000, 0x0000, 0x0000,
    0x0000, 0x0000, 0x0000, 0x0000, 0x0000, 0x0000, 0x0000, 0x0000, 0x0000, 0x0000, 0x0000, 0x0000, 0x0000, 0x0000, 0x0000, 0x0000,
    0x0000, 0x0000, 0x0000, 0x0000, 0x0000, 0x0000, 0x0000, 0x0000, 0x0000, 0x0000, 0x0000, 0x0000, 0x0000, 0x0000, 0x0000, 0x0000,
    0x0000, 0x0000, 0x0000, 0x0000, 0x0000, 0x0000, 0x0000, 0x0000, 0x0000, 0x0000, 0x0000, 0x0000, 0x0000, 0x0000, 0x0000, 0x0000,
    0x0000, 0x0000, 0x0000, 0x0000, 0x0000, 0x0000, 0x0000, 0x0000, 0x0000, 0x0000, 0x0000, 0x0000, 0x0000, 0x0000, 0x0000, 0x0000,
    0x0000, 0x0000, 0x0000, 0x0000, 0x0000, 0x0000, 0x0000, 0x0000, 0x0000, 0x0000, 0x0000, 0x0000, 0x0000, 0x0000, 0x0000, 0x0000,
    0x680A, 0x4806, 0x0000, 0x0000, 0x0000, 0x2004, 0x1002, 0x0000, 0x0000, 0x0000, 0x0000, 0x0000, 0x0000, 0x0000, 0x0000, 0x0000,
    0x0000, 0x0000, 0x0000, 0x0000, 0x0000, 0x0000, 0x0000, 0x0000, 0x0000, 0x0000, 0x0000, 0x0000, 0x0000, 0x0000, 0x0000, 0x0000,
    0x0000, 0x0000, 0x0000, 0x0000, 0x0000, 0x0000, 0x0000, 0x0000, 0x0000, 0x0000, 0x0000, 0x0000, 0x0000, 0x0000, 0x0000, 0x0000,
    0x0000, 0x0000, 0x0000, 0x0000, 0x0000, 0x0000, 0x0000, 0x0000, 0x0000, 0x0000, 0x0000, 0x0000, 0x0000, 0x0000, 0x0000, 0x0000,
    0x0000, 0x0000, 0x0000, 0x0000, 0x0000, 0x0000, 0x0000, 0x0000, 0x0000, 0x0000, 0x0000, 0x0000, 0x0000, 0x0000, 0x0000, 0x0000,
    0x0000, 0x0000, 0x0000, 0x0000, 0x0000, 0x0000, 0x0000, 0x0000, 0x0000, 0x0000, 0x0000, 0x0000, 0x0000, 0x0000, 0x0000, 0x0000,
    0x0000, 0x0000, 0x0000, 0x0000, 0x0000, 0x0000, 0x0000, 0x0000, 0x0000, 0x0000, 0x0000, 0x0000, 0x0000, 0x0000, 0x3805, 0xB011,
    0xA010, 0xB010, 0x6809, 0x0000, 0x0000, 0x0000, 0x0000, 0x0000, 0x0000, 0x0000, 0x0000, 0x0000, 0x0000, 0x0000, 0x0000, 0x0000,
    0x0000, 0x0000, 0x0000, 0x0000, 0x0000, 0x0000, 0x0000, 0x0000, 0x0000, 0x0000, 0x0000, 0x0000, 0x0000, 0x0000, 0x0000, 0x0000,
    0x0000, 0x0000, 0x0000, 0x0000, 0x0000, 0x0000, 0x0000, 0x0000, 0x0000, 0x0000, 0x0000, 0x0000, 0x0000, 0x0000, 0x0000, 0x0000,
    0x0000, 0x0000, 0x0000, 0x0000, 0x0000, 0x0000, 0x0000, 0x0000, 0x0000, 0x0000, 0x0000, 0x0000, 0x0000, 0x0000, 0x0000, 0x0000,
    0x0000, 0x0000, 0x0000, 0x0000, 0x0000, 0x0000, 0x0000, 0x0000, 0x0000, 0x0000, 0x0000, 0x0000, 0x0000, 0x0000, 0x0000, 0x0000,
    0x0000, 0x0000, 0x0000, 0x0000, 0x0000, 0x0000, 0x0000, 0x0000, 0x0000, 0x0000, 0x0000, 0x0000, 0x0000, 0x0000, 0x0000, 0x0000,
    0x0000, 0x0000, 0x0000, 0x0000, 0x0000, 0x0000, 0x0000, 0x0000, 0x0000, 0x0801, 0x1803, 0x0000, 0x0000, 0x0000, 0x4807, 0x700B,
    0x0000, 0x0000, 0x0000, 0x0000, 0x0000, 0x0000, 0x0000, 0x0000, 0x0000, 0x0000, 0x0000, 0x0000, 0x0000, 0x0000, 0x0000, 0x0000,
    0x0000, 0x0000, 0x0000, 0x0000, 0x0000, 0x0000, 0x0000, 0x0000, 0x0000, 0x0000, 0x0000, 0x0000, 0x0000, 0x0000, 0x0000, 0x0000,
    0x0000, 0x0000, 0x0000, 0x0000, 0x0000, 0x0000, 0x0000, 0x0000, 0x0000, 0x0000, 0x0000, 0x0000, 0x0000, 0x0000, 0x0000, 0x0000,
    0x0000, 0x0000, 0x0000, 0x0000, 0x0000, 0x0000, 0x0000, 0x0000, 0x0000, 0x0000, 0x0000, 0x0000, 0x0000, 0x0000, 0x0000, 0x0000,
    0x0000, 0x0000, 0x0000, 0x0000, 0x0000, 0x0000, 0x0000, 0x0000, 0x0000, 0x0000, 0x0000, 0x0000, 0x0000, 0x0000, 0x0000, 0x0000,
    0x0000, 0x0000, 0x0000, 0x0000, 0x0000, 0x0000, 0x0000, 0x0000, 0x0000, 0x0000, 0x0000, 0x0000, 0x0000, 0x0000, 0x0000, 0x0000,
    0x680A, 0x4806, 0x0000, 0x0000, 0x0000, 0x2005, 0x1002, 0x0000, 0x0000, 0x0000, 0x0000, 0x0000, 0x0000, 0x0000, 0x0000, 0x0000,
    0x0000, 0x0000, 0x0000, 0x0000, 0x0000, 0x0000, 0x0000, 0x0000, 0x0000, 0x0000, 0x0000, 0x0000, 0x0000, 0x0000, 0x0000, 0x0000,
    0x0000, 0x0000, 0x0000, 0x0000, 0x0000, 0x0000, 0x0000, 0x0000, 0x0000, 0x0000, 0x0000, 0x0000, 0x0000, 0x0000, 0x0000, 0x0000,
    0x0000, 0x0000, 0x0000, 0x0000, 0x0000, 0x0000, 0x0000, 0x0000, 0x0000, 0x0000, 0x0000, 0x0000, 0x0000, 0x0000, 0x0000, 0x0000,
    0x0000, 0x0000, 0x0000, 0x0000, 0x0000, 0x0000, 0x0000, 0x0000, 0x0000, 0x0000, 0x0000, 0x0000, 0x0000, 0x0000, 0x0000, 0x0000,
    0x0000, 0x0000, 0x0000, 0x0000, 0x0000, 0x0000, 0x0000, 0x0000, 0x0000, 0x0000, 0x0000, 0x0000, 0x0000, 0x0000, 0x0000, 0x0000,
    0x0000, 0x0000, 0x0000, 0x0000, 0x0000, 0x0000, 0x0000, 0x0000, 0x0000, 0x0000, 0x0000, 0x0000, 0x0000, 0x0000, 0x5007, 0xD813,
    0xA82F, 0xC011, 0x780A, 0x0000, 0x0000, 0x0000, 0x0000, 0x0000, 0x0000, 0x0000, 0x0000, 0x0000, 0x0000, 0x0000, 0x0000, 0x0000,
    0x0000, 0x0000, 0x0000, 0x0000, 0x0000, 0x0000, 0x0000, 0x0000, 0x0000, 0x0000, 0x0000, 0x0000, 0x0000, 0x0000, 0x0000, 0x0000,
    0x0000, 0x0000, 0x0000, 0x0000, 0x0000, 0x0000, 0x0000, 0x0000, 0x0000, 0x0000, 0x0000, 0x0000, 0x0000, 0x0000, 0x0000, 0x0000,
    0x0000, 0x0000, 0x0000, 0x0000, 0x0000, 0x0000, 0x0000, 0x0000, 0x0000, 0x0000, 0x0000, 0x0000, 0x0000, 0x0000, 0x0000, 0x0000,
    0x0000, 0x0000, 0x0000, 0x0000, 0x0000, 0x0000, 0x0000, 0x0000, 0x0000, 0x0000, 0x0000, 0x0000, 0x0000, 0x0000, 0x0000, 0x0000,
    0x0000, 0x0000, 0x0000, 0x0000, 0x0000, 0x0000, 0x0000, 0x0000, 0x0000, 0x0000, 0x0000, 0x0000, 0x0000, 0x0000, 0x0000, 0x0000,
    0x0000, 0x0000, 0x0000, 0x0000, 0x0000, 0x0000, 0x0000, 0x0000, 0x0000, 0x1002, 0x2005, 0x0000, 0x0000, 0x0000, 0x4807, 0x680B,
    0x0000, 0x0000, 0x0000, 0x0000, 0x0000, 0x0000, 0x0000, 0x0000, 0x0000, 0x0000, 0x0000, 0x0000, 0x0000, 0x0000, 0x0000, 0x0000,
    0x0000, 0x0000, 0x0000, 0x0000, 0x0000, 0x0000, 0x0000, 0x0000, 0x0000, 0x0000, 0x0000, 0x0000, 0x0000, 0x0000, 0x0000, 0x0000,
    0x0000, 0x0000, 0x0000, 0x0000, 0x0000, 0x0000, 0x0000, 0x0000, 0x0000, 0x0000, 0x0000, 0x0000, 0x0000, 0x0000, 0x0000, 0x0000,
    0x0000, 0x0000, 0x0000, 0x0000, 0x0000, 0x0000, 0x0000, 0x0000, 0x0000, 0x0000, 0x0000, 0x0000, 0x0000, 0x0000, 0x0000, 0x0000,
    0x0000, 0x0000, 0x0000, 0x0000, 0x0000, 0x0000, 0x0000, 0x0000, 0x0000, 0x0000, 0x0000, 0x0000, 0x0000, 0x0000, 0x0000, 0x0000,
    0x0000, 0x0000, 0x0000, 0x0000, 0x0000, 0x0000, 0x0000, 0x0000, 0x0000, 0x0000, 0x0000, 0x0000, 0x0000, 0x0000, 0x0000, 0x0000,
    0x680A, 0x4806, 0x0000, 0x0000, 0x0000, 0x0000, 0x0000, 0x0000, 0x0000, 0x0000, 0x0000, 0x0000, 0x0000, 0x0000, 0x0000, 0x0000,
    0x0000, 0x0000, 0x0000, 0x0000, 0x0000, 0x0000, 0x0000, 0x0000, 0x0000, 0x0000, 0x0000, 0x0000, 0x0000, 0x0000, 0x0000, 0x0000,
    0x0000, 0x0000, 0x0000, 0x0000, 0x0000, 0x0000, 0x0000, 0x0000, 0x0000, 0x0000, 0x0000, 0x0000, 0x0000, 0x0000, 0x0000, 0x0000,
    0x0000, 0x0000, 0x0000, 0x0000, 0x0000, 0x0000, 0x0000, 0x0000, 0x0000, 0x0000, 0x0000, 0x0000, 0x0000, 0x0000, 0x0000, 0x0000,
    0x0000, 0x0000, 0x0000, 0x0000, 0x0000, 0x0000, 0x0000, 0x0000, 0x0000, 0x0000, 0x0000, 0x0000, 0x0000, 0x0000, 0x0000, 0x0000,
    0x0000, 0x0000, 0x0000, 0x0000, 0x0000, 0x0000, 0x0000, 0x0000, 0x0000, 0x0000, 0x0000, 0x0000, 0x0000, 0x0000, 0x0000, 0x0000,
    0x0000, 0x0000, 0x0000, 0x0000, 0x0000, 0x0000, 0x0000, 0x0000, 0x0000, 0x0000, 0x0000, 0x0000, 0x0000, 0x0000, 0x3805, 0x980D,
    0x980E, 0xB010, 0x700A, 0x0000, 0x0000, 0x0000, 0x0000, 0x0000, 0x0000, 0x0000, 0x0000, 0x0000, 0x0000, 0x0000, 0x0000, 0x0000,
    0x0000, 0x0000, 0x0000, 0x0000, 0x0000, 0x0000, 0x0000, 0x0000, 0x0000, 0x0000, 0x0000, 0x0000, 0x0000, 0x0000, 0x0000, 0x0000,
    0x0000, 0x0000, 0x0000, 0x0000, 0x0000, 0x0000, 0x0000, 0x0000, 0x0000, 0x0000, 0x0000, 0x0000, 0x0000, 0x0000, 0x0000, 0x0000,
    0x0000, 0x0000, 0x0000, 0x0000, 0x0000, 0x0000, 0x0000, 0x0000, 0x0000, 0x0000, 0x0000, 0x0000, 0x0000, 0x0000, 0x0000, 0x0000,
    0x0000, 0x0000, 0x0000, 0x0000, 0x0000, 0x0000, 0x0000, 0x0000, 0x0000, 0x0000, 0x0000, 0x0000, 0x0000, 0x0000, 0x0000, 0x0000,
    0x0000, 0x0000, 0x0000, 0x0000, 0x0000, 0x0000, 0x0000, 0x0000, 0x0000, 0x0000, 0x0000, 0x0000, 0x0000, 0x0000, 0x0000, 0x0000,
    0x0000, 0x0000, 0x0000, 0x0000, 0x0000, 0x0000, 0x0000, 0x0000, 0x0000, 0x0000, 0x0000, 0x0000, 0x0000, 0x0000, 0x4807, 0x700B,
    0x0000, 0x0000, 0x0000, 0x0000, 0x0000, 0x0000, 0x0000, 0x0000, 0x0000, 0x0000, 0x0000, 0x0000, 0x0000, 0x0000, 0x0000, 0x0000,
    0x0000, 0x0000, 0x0000, 0x0000, 0x0000, 0x0000, 0x0000, 0x0000, 0x0000, 0x0000, 0x0000, 0x0000, 0x0000, 0x0000, 0x0000, 0x0000,
    0x0000, 0x0000, 0x0000, 0x0000, 0x0000, 0x0000, 0x0000, 0x0000, 0x0000, 0x0000, 0x0000, 0x0000, 0x0000, 0x0000, 0x0000, 0x0000,
    0x0000, 0x0000, 0x0000, 0x0000, 0x0000, 0x0000, 0x0000, 0x0000, 0x0000, 0x0000, 0x0000, 0x0000, 0x0000, 0x0000, 0x0000, 0x0000,
    0x0000, 0x0000, 0x0000, 0x0000, 0x0000, 0x0000, 0x0000, 0x0000, 0x0000, 0x0000, 0x0000, 0x0000, 0x0000, 0x0000, 0x0000, 0x0000,
    0x0000, 0x0000, 0x0000, 0x0000, 0x0000, 0x0000, 0x0000, 0x0000, 0x0000, 0x0000, 0x0000, 0x0000, 0x0000, 0x0000, 0x0000, 0x0000,
    0x680A, 0x4806, 0x0000, 0x0000, 0x0000, 0x0000, 0x0000, 0x0000, 0x0000, 0x0000, 0x0000, 0x0000, 0x0000, 0x0000, 0x0000, 0x0000,
    0x0000, 0x0000, 0x0000, 0x0000, 0x0000, 0x0000, 0x0000, 0x0000, 0x0000, 0x0000, 0x0000, 0x0000, 0x0000, 0x0000, 0x0000, 0x0000,
    0x0000, 0x0000, 0x0000, 0x0000, 0x0000, 0x0000, 0x0000, 0x0000, 0x0000, 0x0000, 0x0000, 0x0000, 0x0000, 0x0000, 0x0000, 0x0000,
    0x0000, 0x0000, 0x0000, 0x0000, 0x0000, 0x0000, 0x0000, 0x0000, 0x0000, 0x0000, 0x0000, 0x0000, 0x0000, 0x0000, 0x0000, 0x0000,
    0x0000, 0x0000, 0x0000, 0x0000, 0x0000, 0x0000, 0x0000, 0x0000, 0x0000, 0x0000, 0x0000, 0x0000, 0x0000, 0x0000, 0x0000, 0x0000,
    0x0000, 0x0000, 0x0000, 0x0000, 0x0000, 0x0000, 0x0000, 0x0000, 0x0000, 0x0000, 0x0000, 0x0000, 0x0000, 0x0000, 0x0000, 0x0000,
    0x0000, 0x0000, 0x0000, 0x0000, 0x0000, 0x0000, 0x0000, 0x0000, 0x0000, 0x0000, 0x0000, 0x0000, 0x0000, 0x0000, 0x4005, 0xC010,
    0xC812, 0xE013, 0x880B, 0x0000, 0x0000, 0x0000, 0x0000, 0x0000, 0x0000, 0x0000, 0x0000, 0x0000, 0x0000, 0x0000, 0x0000, 0x0000,
    0x0000, 0x0000, 0x0000, 0x0000, 0x0000, 0x0000, 0x0000, 0x0000, 0x0000, 0x0000, 0x0000, 0x0000, 0x0000, 0x0000, 0x0000, 0x0000,
    0x0000, 0x0000, 0x0000, 0x0000, 0x0000, 0x0000, 0x0000, 0x0000, 0x0000, 0x0000, 0x0000, 0x0000, 0x0000, 0x0000, 0x0000, 0x0000,
    0x0000, 0x0000, 0x0000, 0x0000, 0x0000, 0x0000, 0x0000, 0x0000, 0x0000, 0x0000, 0x0000, 0x0000, 0x0000, 0x0000, 0x0000, 0x0000,
    0x0000, 0x0000, 0x0000, 0x0000, 0x0000, 0x0000, 0x0000, 0x0000, 0x0000, 0x0000, 0x0000, 0x0000, 0x0000, 0x0000, 0x0000, 0x0000,
    0x0000, 0x0000, 0x0000, 0x0000, 0x0000, 0x0000, 0x0000, 0x0000, 0x0000, 0x0000, 0x0000, 0x0000, 0x0000, 0x0000, 0x0000, 0x0000,
    0x0000, 0x0000, 0x0000, 0x0000, 0x0000, 0x0000, 0x0000, 0x0000, 0x0000, 0x0000, 0x0000, 0x0000, 0x0000, 0x0000, 0x4807, 0x700B,
    0x0000, 0x0000, 0x0000, 0x0000, 0x0000, 0x0000, 0x0000, 0x0000, 0x0000, 0x0000, 0x0000, 0x0000, 0x0000, 0x0000, 0x0000, 0x0000,
    0x0000, 0x0000, 0x0000, 0x0000, 0x0000, 0x0000, 0x0000, 0x0000, 0x0000, 0x0000, 0x0000, 0x0000, 0x0000, 0x0000, 0x0000, 0x0000,
    0x0000, 0x0000, 0x0000, 0x0000, 0x0000, 0x0000, 0x0000, 0x0000, 0x0000, 0x0000, 0x0000, 0x0000, 0x0000, 0x0000, 0x0000, 0x0000,
    0x0000, 0x0000, 0x0000, 0x0000, 0x0000, 0x0000, 0x0000, 0x0000, 0x0000, 0x0000, 0x0000, 0x0000, 0x0000, 0x0000, 0x0000, 0x0000,
    0x0000, 0x0000, 0x0000, 0x0000, 0x0000, 0x0000, 0x0000, 0x0000, 0x0000, 0x0000, 0x0000, 0x0000, 0x0000, 0x0000, 0x0000, 0x0000,
    0x0000, 0x0000, 0x0000, 0x0000, 0x0000, 0x0000, 0x0000, 0x0000, 0x0000, 0x0000, 0x0000, 0x0000, 0x0000, 0x0000, 0x0000, 0x0000,
    0x680A, 0x4806, 0x0000, 0x0000, 0x0000, 0x0802, 0x1804, 0x1804, 0x1804, 0x1804, 0x1804, 0x0000, 0x0000, 0x0000, 0x0000, 0x0000,
    0x0000, 0x0000, 0x0000, 0x0000, 0x0000, 0x0000, 0x0000, 0x0000, 0x0000, 0x0000, 0x0000, 0x0000, 0x0000, 0x0000, 0x0000, 0x0000,
    0x0000, 0x0000, 0x0000, 0x0000, 0x0000, 0x0000, 0x0000, 0x0000, 0x0000, 0x0000, 0x0000, 0x0000, 0x0000, 0x0000, 0x0000, 0x0000,
    0x0000, 0x0000, 0x0000, 0x0000, 0x0000, 0x0000, 0x0000, 0x0000, 0x0000, 0x0000, 0x0000, 0x0000, 0x0000, 0x0000, 0x0000, 0x0000,
    0x0000, 0x0000, 0x0000, 0x0000, 0x0000, 0x0000, 0x0000, 0x0000, 0x0000, 0x0000, 0x0000, 0x0000, 0x0000, 0x0000, 0x0000, 0x0000,
    0x0000, 0x0000, 0x0000, 0x0000, 0x0000, 0x0000, 0x0000, 0x0000, 0x0000, 0x0000, 0x0000, 0x0000, 0x0000, 0x0000, 0x0000, 0x0000,
    0x0000, 0x0000, 0x0000, 0x0000, 0x0000, 0x0000, 0x0000, 0x0000, 0x0000, 0x0000, 0x0000, 0x0000, 0x0000, 0x0000, 0x4806, 0xE013,
    0xD012, 0xE013, 0x800B, 0x0000, 0x0000, 0x0000, 0x0000, 0x0000, 0x0000, 0x0000, 0x0000, 0x0000, 0x0000, 0x0000, 0x0000, 0x0000,
    0x0000, 0x0000, 0x0000, 0x0000, 0x0000, 0x0000, 0x0000, 0x0000, 0x0000, 0x0000, 0x0000, 0x0000, 0x0000, 0x0000, 0x0000, 0x0000,
    0x0000, 0x0000, 0x0000, 0x0000, 0x0000, 0x0000, 0x0000, 0x0000, 0x0000, 0x0000, 0x0000, 0x0000, 0x0000, 0x0000, 0x0000, 0x0000,
    0x0000, 0x0000, 0x0000, 0x0000, 0x0000, 0x0000, 0x0000, 0x0000, 0x0000, 0x0000, 0x0000, 0x0000, 0x0000, 0x0000, 0x0000, 0x0000,
    0x0000, 0x0000, 0x0000, 0x0000, 0x0000, 0x0000, 0x0000, 0x0000, 0x0000, 0x0000, 0x0000, 0x0000, 0x0000, 0x0000, 0x0000, 0x0000,
    0x0000, 0x0000, 0x0000, 0x0000, 0x0000, 0x0000, 0x0000, 0x0000, 0x0000, 0x0000, 0x0000, 0x0000, 0x0000, 0x0000, 0x0000, 0x0000,
    0x0000, 0x0000, 0x0000, 0x0000, 0x0000, 0x1804, 0x1804, 0x1804, 0x1804, 0x1804, 0x0802, 0x0000, 0x0000, 0x0000, 0x4807, 0x700B,
    0x0000, 0x0000, 0x0000, 0x0000, 0x0000, 0x0000, 0x0000, 0x0000, 0x0000, 0x0000, 0x0000, 0x0000, 0x0000, 0x0000, 0x0000, 0x0000,
    0x0000, 0x0000, 0x0000, 0x0000, 0x0000, 0x0000, 0x0000, 0x0000, 0x0000, 0x0000, 0x0000, 0x0000, 0x0000, 0x0000, 0x0000, 0x0000,
    0x0000, 0x0000, 0x0000, 0x0000, 0x0000, 0x0000, 0x0000, 0x0000, 0x0000, 0x0000, 0x0000, 0x0000, 0x0000, 0x0000, 0x0000, 0x0000,
    0x0000, 0x0000, 0x0000, 0x0000, 0x0000, 0x0000, 0x0000, 0x0000, 0x0000, 0x0000, 0x0000, 0x0000, 0x0000, 0x0000, 0x0000, 0x0000,
    0x0000, 0x0000, 0x0000, 0x0000, 0x0000, 0x0000, 0x0000, 0x0000, 0x0000, 0x0000, 0x0000, 0x0000, 0x0000, 0x0000, 0x0000, 0x0000,
    0x0000, 0x0000, 0x0000, 0x0000, 0x0000, 0x0000, 0x0000, 0x0000, 0x0000, 0x0000, 0x0000, 0x0000, 0x0000, 0x0000, 0x0000, 0x0000,
    0x680A, 0x4806, 0x0000, 0x0000, 0x0000, 0x0802, 0x1804, 0x1804, 0x1804, 0x1804, 0x1003, 0x0000, 0x0000, 0x0000, 0x0000, 0x0000,
    0x0000, 0x0000, 0x0000, 0x0000, 0x0000, 0x0000, 0x0000, 0x0000, 0x0000, 0x0000, 0x0000, 0x0000, 0x0000, 0x0000, 0x0000, 0x0000,
    0x0000, 0x0000, 0x0000, 0x0000, 0x0000, 0x0000, 0x0000, 0x0000, 0x0000, 0x0000, 0x0000, 0x0000, 0x0000, 0x0000, 0x0000, 0x0000,
    0x0000, 0x0000, 0x0000, 0x0000, 0x0000, 0x0000, 0x0000, 0x0000, 0x0000, 0x0000, 0x0000, 0x0000, 0x0000, 0x0000, 0x0000, 0x0000,
    0x0000, 0x0000, 0x0000, 0x0000, 0x0000, 0x0000, 0x0000, 0x0000, 0x0000, 0x0000, 0x0000, 0x0000, 0x0000, 0x0000, 0x0000, 0x0000,
    0x0000, 0x0000, 0x0000, 0x0000, 0x0000, 0x0000, 0x0000, 0x0000, 0x0000, 0x0000, 0x0000, 0x0000, 0x0000, 0x0000, 0x0000, 0x0000,
    0x0000, 0x0000, 0x0000, 0x0000, 0x0000, 0x0000, 0x0000, 0x0000, 0x0000, 0x0000, 0x0000, 0x0000, 0x0000, 0x0000, 0x3805, 0xB810,
    0xB810, 0xC832, 0x700A, 0x0000, 0x0000, 0x0000, 0x0000, 0x0000, 0x0000, 0x0000, 0x0000, 0x0000, 0x0000, 0x0000, 0x0000, 0x0000,
    0x0000, 0x0000, 0x0000, 0x0000, 0x0000, 0x0000, 0x0000, 0x0000, 0x0000, 0x0000, 0x0000, 0x0000, 0x0000, 0x0000, 0x0000, 0x0000,
    0x0000, 0x0000, 0x0000, 0x0000, 0x0000, 0x0000, 0x0000, 0x0000, 0x0000, 0x0000, 0x0000, 0x0000, 0x0000, 0x0000, 0x0000, 0x0000,
    0x0000, 0x0000, 0x0000, 0x0000, 0x0000, 0x0000, 0x0000, 0x0000, 0x0000, 0x0000, 0x0000, 0x0000, 0x0000, 0x0000, 0x0000, 0x0000,
    0x0000, 0x0000, 0x0000, 0x0000, 0x0000, 0x0000, 0x0000, 0x0000, 0x0000, 0x0000, 0x0000, 0x0000, 0x0000, 0x0000, 0x0000, 0x0000,
    0x0000, 0x0000, 0x0000, 0x0000, 0x0000, 0x0000, 0x0000, 0x0000, 0x0000, 0x0000, 0x0000, 0x0000, 0x0000, 0x0000, 0x0000, 0x0000,
    0x0000, 0x0000, 0x0000, 0x0000, 0x0000, 0x1804, 0x1804, 0x1804, 0x1804, 0x1805, 0x0802, 0x0000, 0x0000, 0x0000, 0x5007, 0x700B,
    0x0000, 0x0000, 0x0000, 0x0000, 0x0000, 0x0000, 0x0000, 0x0000, 0x0000, 0x0000, 0x0000, 0x0000, 0x0000, 0x0000, 0x0000, 0x0000,
    0x0000, 0x0000, 0x0000, 0x0000, 0x0000, 0x0000, 0x0000, 0x0000, 0x0000, 0x0000, 0x0000, 0x0000, 0x0000, 0x0000, 0x0000, 0x0000,
    0x0000, 0x0000, 0x0000, 0x0000, 0x0000, 0x0000, 0x0000, 0x0000, 0x0000, 0x0000, 0x0000, 0x0000, 0x0000, 0x0000, 0x0000, 0x0000,
    0x0000, 0x0000, 0x0000, 0x0000, 0x0000, 0x0000, 0x0000, 0x0000, 0x0000, 0x0000, 0x0000, 0x0000, 0x0000, 0x0000, 0x0000, 0x0000,
    0x0000, 0x0000, 0x0000, 0x0000, 0x0000, 0x0000, 0x0000, 0x0000, 0x0000, 0x0000, 0x0000, 0x0000, 0x0000, 0x0000, 0x0000, 0x0000,
    0x0000, 0x0000, 0x0000, 0x0000, 0x0000, 0x0000, 0x0000, 0x0000, 0x0000, 0x0000, 0x0000, 0x0000, 0x0000, 0x0000, 0x0000, 0x0000,
    0x700B, 0x4806, 0x0000, 0x0000, 0x0000, 0x0801, 0x0802, 0x0801, 0x0802, 0x0802, 0x0802, 0x1002, 0x1003, 0x1003, 0x1003, 0x1003,
    0x1003, 0x1003, 0x1003, 0x0803, 0x1003, 0x0803, 0x1003, 0x1003, 0x0001, 0x0000, 0x0000, 0x0000, 0x0000, 0x0000, 0x0000, 0x0000,
    0x0000, 0x0000, 0x0000, 0x0000, 0x0000, 0x0000, 0x0000, 0x0000, 0x0000, 0x0000, 0x0000, 0x0000, 0x0000, 0x0000, 0x0000, 0x0000,
    0x0000, 0x0000, 0x0000, 0x0000, 0x0000, 0x0000, 0x0000, 0x0000, 0x0000, 0x0000, 0x0000, 0x0000, 0x0000, 0x0000, 0x0000, 0x0000,
    0x0000, 0x0000, 0x0000, 0x0000, 0x0000, 0x0000, 0x0000, 0x0000, 0x0000, 0x0000, 0x0000, 0x0000, 0x0000, 0x0000, 0x0000, 0x0000,
    0x0000, 0x0000, 0x0000, 0x0000, 0x0000, 0x0000, 0x0000, 0x0000, 0x0000, 0x0000, 0x0000, 0x0000, 0x0000, 0x0000, 0x0000, 0x0000,
    0x0000, 0x0000, 0x0000, 0x0000, 0x0000, 0x0000, 0x0000, 0x0000, 0x0000, 0x0000, 0x0000, 0x0000, 0x0000, 0x0000, 0x4005, 0xC812,
    0xB810, 0xD012, 0x800B, 0x0000, 0x0000, 0x0000, 0x0000, 0x0000, 0x0000, 0x0000, 0x0000, 0x0000, 0x0000, 0x0000, 0x0000, 0x0000,
    0x0000, 0x0000, 0x0000, 0x0000, 0x0000, 0x0000, 0x0000, 0x0000, 0x0000, 0x0000, 0x0000, 0x0000, 0x0000, 0x0000, 0x0000, 0x0000,
    0x0000, 0x0000, 0x0000, 0x0000, 0x0000, 0x0000, 0x0000, 0x0000, 0x0000, 0x0000, 0x0000, 0x0000, 0x0000, 0x0000, 0x0000, 0x0000,
    0x0000, 0x0000, 0x0000, 0x0000, 0x0000, 0x0000, 0x0000, 0x0000, 0x0000, 0x0000, 0x0000, 0x0000, 0x0000, 0x0000, 0x0000, 0x0000,
    0x0000, 0x0000, 0x0000, 0x0000, 0x0000, 0x0000, 0x0000, 0x0000, 0x0000, 0x0000, 0x0000, 0x0000, 0x0000, 0x0000, 0x0000, 0x0000,
    0x0000, 0x0000, 0x0000, 0x0000, 0x0000, 0x0000, 0x0000, 0x0000, 0x1003, 0x1003, 0x1003, 0x1003, 0x1003, 0x1003, 0x1003, 0x1003,
    0x1003, 0x1003, 0x1003, 0x1003, 0x1003, 0x0802, 0x0802, 0x0802, 0x0802, 0x0801, 0x0000, 0x0000, 0x0000, 0x0000, 0x4807, 0x780B,
    0x0000, 0x0000, 0x0000, 0x0000, 0x0000, 0x0000, 0x0000, 0x0000, 0x0000, 0x0000, 0x0000, 0x0000, 0x0000, 0x0000, 0x0000, 0x0000,
    0x0000, 0x0000, 0x0000, 0x0000, 0x0000, 0x0000, 0x0000, 0x0000, 0x0000, 0x0000, 0x0000, 0x0000, 0x0000, 0x0000, 0x0000, 0x0000,
    0x0000, 0x0000, 0x0000, 0x0000, 0x0000, 0x0000, 0x0000, 0x0000, 0x0000, 0x0000, 0x0000, 0x0000, 0x0000, 0x0000, 0x0000, 0x0000,
    0x0000, 0x0000, 0x0000, 0x0000, 0x0000, 0x0000, 0x0000, 0x0000, 0x0000, 0x0000, 0x0000, 0x0000, 0x0000, 0x0000, 0x0000, 0x0000,
    0x0000, 0x0000, 0x0000, 0x0000, 0x0000, 0x0000, 0x0000, 0x0000, 0x0000, 0x0000, 0x0000, 0x0000, 0x0000, 0x0000, 0x0000, 0x0000,
    0x0000, 0x0000, 0x0000, 0x0000, 0x0000, 0x0000, 0x0000, 0x0000, 0x0000, 0x0000, 0x0000, 0x0000, 0x0000, 0x0000, 0x0000, 0x0000,
    0x2804, 0x880C, 0x0000, 0x0000, 0x0000, 0x1003, 0x2006, 0x2005, 0x2006, 0x2006, 0x2006, 0x2006, 0x2006, 0x2006, 0x2006, 0x2006,
    0x2006, 0x2006, 0x1806, 0x1806, 0x2006, 0x1806, 0x2006, 0x2007, 0x0802, 0x0000, 0x0000, 0x0000, 0x0000, 0x0000, 0x0000, 0x0000,
    0x0000, 0x0000, 0x0000, 0x0000, 0x0000, 0x0000, 0x0000, 0x0000, 0x0000, 0x0000, 0x0000, 0x0000, 0x0000, 0x0000, 0x0000, 0x0000,
    0x0000, 0x0000, 0x0000, 0x0000, 0x0000, 0x0000, 0x0000, 0x0000, 0x0000, 0x0000, 0x0000, 0x0000, 0x0000, 0x0000, 0x0000, 0x0000,
    0x0000, 0x0000, 0x0000, 0x0000, 0x0000, 0x0000, 0x0000, 0x0000, 0x0000, 0x0000, 0x0000, 0x0000, 0x0000, 0x0000, 0x0000, 0x0000,
    0x0000, 0x0000, 0x0000, 0x0000, 0x0000, 0x0000, 0x0000, 0x0000, 0x0000, 0x0000, 0x0000, 0x0000, 0x0000, 0x0000, 0x0000, 0x0000,
    0x0000, 0x0000, 0x0000, 0x0000, 0x0000, 0x0000, 0x0000, 0x0000, 0x0000, 0x0000, 0x0000, 0x0000, 0x0000, 0x0000, 0x4805, 0xC010,
    0xB010, 0xC812, 0x800B, 0x0000, 0x0000, 0x0000, 0x0000, 0x0000, 0x0000, 0x0000, 0x0000, 0x0000, 0x0000, 0x0000, 0x0000, 0x0000,
    0x0000, 0x0000, 0x0000, 0x0000, 0x0000, 0x0000, 0x0000, 0x0000, 0x0000, 0x0000, 0x0000, 0x0000, 0x0000, 0x0000, 0x0000, 0x0000,
    0x0000, 0x0000, 0x0000, 0x0000, 0x0000, 0x0000, 0x0000, 0x0000, 0x0000, 0x0000, 0x0000, 0x0000, 0x0000, 0x0000, 0x0000, 0x0000,
    0x0000, 0x0000, 0x0000, 0x0000, 0x0000, 0x0000, 0x0000, 0x0000, 0x0000, 0x0000, 0x0000, 0x0000, 0x0000, 0x0000, 0x0000, 0x0000,
    0x0000, 0x0000, 0x0000, 0x0000, 0x0000, 0x0000, 0x0000, 0x0000, 0x0000, 0x0000, 0x0000, 0x0000, 0x0000, 0x0000, 0x0000, 0x0000,
    0x0000, 0x0000, 0x0000, 0x0000, 0x0000, 0x0000, 0x0000, 0x0000, 0x2006, 0x2006, 0x1806, 0x2006, 0x2006, 0x2006, 0x2006, 0x2006,
    0x2006, 0x2006, 0x2006, 0x2006, 0x2006, 0x2006, 0x2005, 0x2006, 0x2006, 0x2006, 0x1002, 0x0000, 0x0000, 0x0000, 0x882E, 0x3805,
    0x0000, 0x0000, 0x0000, 0x0000, 0x0000, 0x0000, 0x0000, 0x0000, 0x0000, 0x0000, 0x0000, 0x0000, 0x0000, 0x0000, 0x0000, 0x0000,
    0x0000, 0x0000, 0x0000, 0x0000, 0x0000, 0x0000, 0x0000, 0x0000, 0x0000, 0x0000, 0x0000, 0x0000, 0x0000, 0x0000, 0x0000, 0x0000,
    0x0000, 0x0000, 0x0000, 0x0000, 0x0000, 0x0000, 0x0000, 0x0000, 0x0000, 0x0000, 0x0000, 0x0000, 0x0000, 0x0000, 0x0000, 0x0000,
    0x0000, 0x0000, 0x0000, 0x0000, 0x0000, 0x0000, 0x0000, 0x0000, 0x0000, 0x0000, 0x0000, 0x0000, 0x0000, 0x0000, 0x0000, 0x0000,
    0x0000, 0x0000, 0x0000, 0x0000, 0x0000, 0x0000, 0x0000, 0x0000, 0x0000, 0x0000, 0x0000, 0x0000, 0x0000, 0x0000, 0x0000, 0x0000,
    0x0000, 0x0000, 0x0000, 0x0000, 0x0000, 0x0000, 0x0000, 0x0000, 0x0000, 0x0000, 0x0000, 0x0000, 0x0000, 0x0000, 0x0000, 0x0000,
    0x0000, 0x680A, 0x800C, 0x0000, 0x0000, 0x0000, 0x0000, 0x0000, 0x0000, 0x0000, 0x0000, 0x0000, 0x0000, 0x0000, 0x0000, 0x0000,
    0x0000, 0x0000, 0x0000, 0x0000, 0x0000, 0x0000, 0x0000, 0x0000, 0x0000, 0x0000, 0x0000, 0x0000, 0x0000, 0x0000, 0x0000, 0x0000,
    0x0000, 0x0000, 0x0000, 0x0000, 0x0000, 0x0000, 0x0000, 0x0000, 0x0000, 0x0000, 0x0000, 0x0000, 0x0000, 0x0000, 0x0000, 0x0000,
    0x0000, 0x0000, 0x0000, 0x0000, 0x0000, 0x0000, 0x0000, 0x0000, 0x0000, 0x0000, 0x0000, 0x0000, 0x0000, 0x0000, 0x0000, 0x0000,
    0x0000, 0x0000, 0x0000, 0x0000, 0x0000, 0x0000, 0x0000, 0x0000, 0x0000, 0x0000, 0x0000, 0x0000, 0x0000, 0x0000, 0x0000, 0x0000,
    0x0000, 0x0000, 0x0000, 0x0000, 0x0000, 0x0000, 0x0000, 0x0000, 0x0000, 0x0000, 0x0000, 0x0000, 0x0000, 0x0000, 0x0000, 0x0000,
    0x0000, 0x0000, 0x0000, 0x0000, 0x0000, 0x0000, 0x0000, 0x0000, 0x0000, 0x2804, 0x700A, 0x6809, 0x3004, 0x0000, 0x4806, 0xD813,
    0xC811, 0xE033, 0x880C, 0x0000, 0x0000, 0x5807, 0x6809, 0x6009, 0x0800, 0x0000, 0x0000, 0x0000, 0x0000, 0x0000, 0x0000, 0x0000,
    0x0000, 0x0000, 0x0000, 0x0000, 0x0000, 0x0000, 0x0000, 0x0000, 0x0000, 0x0000, 0x0000, 0x0000, 0x0000, 0x0000, 0x0000, 0x0000,
    0x0000, 0x0000, 0x0000, 0x0000, 0x0000, 0x0000, 0x0000, 0x0000, 0x0000, 0x0000, 0x0000, 0x0000, 0x0000, 0x0000, 0x0000, 0x0000,
    0x0000, 0x0000, 0x0000, 0x0000, 0x0000, 0x0000, 0x0000, 0x0000, 0x0000, 0x0000, 0x0000, 0x0000, 0x0000, 0x0000, 0x0000, 0x0000,
    0x0000, 0x0000, 0x0000, 0x0000, 0x0000, 0x0000, 0x0000, 0x0000, 0x0000, 0x0000, 0x0000, 0x0000, 0x0000, 0x0000, 0x0000, 0x0000,
    0x0000, 0x0000, 0x0000, 0x0000, 0x0000, 0x0000, 0x0000, 0x0000, 0x0000, 0x0000, 0x0000, 0x0000, 0x0000, 0x0000, 0x0000, 0x0000,
    0x0000, 0x0000, 0x0000, 0x0000, 0x0000, 0x0000, 0x0000, 0x0000, 0x0000, 0x0000, 0x0000, 0x0000, 0x0000, 0x800C, 0x802D, 0x0000,
    0x0000, 0x0000, 0x0000, 0x0000, 0x0000, 0x0000, 0x0000, 0x0000, 0x0000, 0x0000, 0x0000, 0x0000, 0x0000, 0x0000, 0x0000, 0x0000,
    0x0000, 0x0000, 0x0000, 0x0000, 0x0000, 0x0000, 0x0000, 0x0000, 0x0000, 0x0000, 0x0000, 0x0000, 0x0000, 0x0000, 0x0000, 0x0000,
    0x0000, 0x0000, 0x0000, 0x0000, 0x0000, 0x0000, 0x0000, 0x0000, 0x0000, 0x0000, 0x0000, 0x0000, 0x0000, 0x0000, 0x0000, 0x0000,
    0x0000, 0x0000, 0x0000, 0x0000, 0x0000, 0x0000, 0x0000, 0x0000, 0x0000, 0x0000, 0x0000, 0x0000, 0x0000, 0x0000, 0x0000, 0x0000,
    0x0000, 0x0000, 0x0000, 0x0000, 0x0000, 0x0000, 0x0000, 0x0000, 0x0000, 0x0000, 0x0000, 0x0000, 0x0000, 0x0000, 0x0000, 0x0000,
    0x0000, 0x0000, 0x0000, 0x0000, 0x0000, 0x0000, 0x0000, 0x0000, 0x0000, 0x0000, 0x0000, 0x0000, 0x0000, 0x0000, 0x0000, 0x0000,
    0x0000, 0x0000, 0x782B, 0x982E, 0x2003, 0x1002, 0x1802, 0x1802, 0x1802, 0x1002, 0x1002, 0x1002, 0x1002, 0x1002, 0x1002, 0x1002,
    0x1002, 0x1002, 0x0802, 0x0802, 0x0802, 0x0802, 0x0801, 0x0801, 0x0801, 0x0801, 0x0801, 0x0801, 0x0801, 0x0801, 0x0801, 0x0801,
    0x0801, 0x0801, 0x0801, 0x0801, 0x0801, 0x0801, 0x0801, 0x0801, 0x0801, 0x0801, 0x0000, 0x0000, 0x0000, 0x0000, 0x0000, 0x0000,
    0x0000, 0x0000, 0x0000, 0x0000, 0x0000, 0x0000, 0x0000, 0x0000, 0x0000, 0x0000, 0x0000, 0x0000, 0x0000, 0x0000, 0x0000, 0x0000,
    0x0000, 0x0000, 0x0000, 0x0000, 0x0000, 0x0000, 0x0000, 0x0000, 0x0000, 0x0000, 0x0000, 0x0000, 0x0000, 0x0000, 0x0000, 0x0000,
    0x0000, 0x0000, 0x0000, 0x0000, 0x0000, 0x0000, 0x0000, 0x0000, 0x0000, 0x0000, 0x0000, 0x0000, 0x0000, 0x0000, 0x0000, 0x0000,
    0x0000, 0x0000, 0x0000, 0x0000, 0x0000, 0x0000, 0x0000, 0x0000, 0x0000, 0x5808, 0xF835, 0xE814, 0x7809, 0x0800, 0x5007, 0xD813,
    0xC011, 0xD033, 0x780B, 0x0000, 0x1801, 0xC811, 0xF815, 0xD833, 0x1001, 0x0000, 0x0000, 0x0000, 0x0000, 0x0000, 0x0000, 0x0000,
    0x0000, 0x0000, 0x0000, 0x0000, 0x0000, 0x0000, 0x0000, 0x0000, 0x0000, 0x0000, 0x0000, 0x0000, 0x0000, 0x0000, 0x0000, 0x0000,
    0x0000, 0x0000, 0x0000, 0x0000, 0x0000, 0x0000, 0x0000, 0x0000, 0x0000, 0x0000, 0x0000, 0x0000, 0x0000, 0x0000, 0x0000, 0x0000,
    0x0000, 0x0000, 0x0000, 0x0000, 0x0000, 0x0000, 0x0000, 0x0000, 0x0000, 0x0000, 0x0000, 0x0000, 0x0000, 0x0000, 0x0000, 0x0000,
    0x0000, 0x0000, 0x0000, 0x0000, 0x0000, 0x0000, 0x0000, 0x0801, 0x0801, 0x0801, 0x0801, 0x0801, 0x0801, 0x0802, 0x0802, 0x0801,
    0x0801, 0x0801, 0x0802, 0x0802, 0x0802, 0x0802, 0x0802, 0x0802, 0x1002, 0x1002, 0x1002, 0x1002, 0x1002, 0x1002, 0x1002, 0x1002,
    0x1002, 0x1002, 0x1002, 0x1802, 0x1802, 0x1802, 0x1802, 0x1802, 0x1802, 0x1802, 0x1802, 0x2003, 0x800D, 0x800D, 0x0000, 0x0000,
    0x0000, 0x0000, 0x0000, 0x0000, 0x0000, 0x0000, 0x0000, 0x0000, 0x0000, 0x0000, 0x0000, 0x0000, 0x0000, 0x0000, 0x0000, 0x0000,
    0x0000, 0x0000, 0x0000, 0x0000, 0x0000, 0x0000, 0x0000, 0x0000, 0x0000, 0x0000, 0x0000, 0x0000, 0x0000, 0x0000, 0x0000, 0x0000,
    0x0000, 0x0000, 0x0000, 0x0000, 0x0000, 0x0000, 0x0000, 0x0000, 0x0000, 0x0000, 0x0000, 0x0000, 0x0000, 0x0000, 0x0000, 0x0000,
    0x0000, 0x0000, 0x0000, 0x0000, 0x0000, 0x0000, 0x0000, 0x0000, 0x0000, 0x0000, 0x0000, 0x0000, 0x0000, 0x0000, 0x0000, 0x0000,
    0x0000, 0x0000, 0x0000, 0x0000, 0x0000, 0x0000, 0x0000, 0x0000, 0x0000, 0x0000, 0x0000, 0x0000, 0x0000, 0x0000, 0x0000, 0x0000,
    0x0000, 0x0000, 0x0000, 0x0000, 0x0000, 0x0000, 0x0000, 0x0000, 0x0000, 0x0000, 0x0000, 0x0000, 0x0000, 0x0000, 0x0000, 0x0000,
    0x0000, 0x0000, 0x0000, 0x4006, 0x880C, 0x880D, 0x880D, 0x900D, 0x880D, 0x880C, 0x800C, 0x800C, 0x800C, 0x700B, 0x700C, 0x700C,
    0x700B, 0x600B, 0x580B, 0x580A, 0x580A, 0x500A, 0x480A, 0x480A, 0x4009, 0x400A, 0x400A, 0x4009, 0x4009, 0x4009, 0x4009, 0x4009,
    0x4009, 0x4009, 0x3809, 0x3809, 0x3809, 0x3809, 0x3809, 0x3809, 0x380A, 0x2807, 0x0000, 0x0000, 0x0000, 0x0000, 0x0000, 0x0000,
    0x0000, 0x0000, 0x0000, 0x0000, 0x0000, 0x0000, 0x0000, 0x0000, 0x0000, 0x0000, 0x0000, 0x0000, 0x0000, 0x0000, 0x0000, 0x0000,
    0x0000, 0x0000, 0x0000, 0x0000, 0x0000, 0x0000, 0x0000, 0x0000, 0x0000, 0x0000, 0x0000, 0x0000, 0x0000, 0x0000, 0x0000, 0x0000,
    0x0000, 0x0000, 0x0000, 0x0000, 0x0000, 0x0000, 0x0000, 0x0000, 0x0000, 0x0000, 0x0000, 0x0000, 0x0000, 0x0000, 0x0000, 0x0000,
    0x0000, 0x0000, 0x0000, 0x0000, 0x0000, 0x0000, 0x0000, 0x0000, 0x0000, 0x0800, 0x7029, 0xE013, 0xD812, 0xC830, 0xC030, 0xC011,
    0xD032, 0xD813, 0xC011, 0xB830, 0xC030, 0xE033, 0xC831, 0x3004, 0x0000, 0x0000, 0x0000, 0x0000, 0x0000, 0x0000, 0x0000, 0x0000,
    0x0000, 0x0000, 0x0000, 0x0000, 0x0000, 0x0000, 0x0000, 0x0000, 0x0000, 0x0000, 0x0000, 0x0000, 0x0000, 0x0000, 0x0000, 0x0000,
    0x0000, 0x0000, 0x0000, 0x0000, 0x0000, 0x0000, 0x0000, 0x0000, 0x0000, 0x0000, 0x0000, 0x0000, 0x0000, 0x0000, 0x0000, 0x0000,
    0x0000, 0x0000, 0x0000, 0x0000, 0x0000, 0x0000, 0x0000, 0x0000, 0x0000, 0x0000, 0x0000, 0x0000, 0x0000, 0x0000, 0x0000, 0x0000,
    0x0000, 0x0000, 0x0000, 0x0000, 0x0000, 0x0000, 0x0000, 0x3809, 0x400A, 0x4009, 0x400A, 0x480A, 0x500A, 0x480A, 0x580B, 0x580B,
    0x580B, 0x580B, 0x500A, 0x500A, 0x500B, 0x500B, 0x500A, 0x500A, 0x580B, 0x580B, 0x600B, 0x680B, 0x680B, 0x680B, 0x700B, 0x700B,
    0x800C, 0x800D, 0x880D, 0x900D, 0x900D, 0x900E, 0x900E, 0x900E, 0x880D, 0x900E, 0x900E, 0x900E, 0x5008, 0x0000, 0x0000, 0x0000,
    0x0000, 0x0000, 0x0000, 0x0000, 0x0000, 0x0000, 0x0000, 0x0000, 0x0000, 0x0000, 0x0000, 0x0000, 0x0000, 0x0000, 0x0000, 0x0000,
    0x0000, 0x0000, 0x0000, 0x0000, 0x0000, 0x0000, 0x0000, 0x0000, 0x0000, 0x0000, 0x0000, 0x0000, 0x0000, 0x0000, 0x0000, 0x0000,
    0x0000, 0x0000, 0x0000, 0x0000, 0x0000, 0x0000, 0x0000, 0x0000, 0x0000, 0x0000, 0x0000, 0x0000, 0x0000, 0x0000, 0x0000, 0x0000,
    0x0000, 0x0000, 0x0000, 0x0000, 0x0000, 0x0000, 0x0000, 0x0000, 0x0000, 0x0000, 0x0000, 0x0000, 0x0000, 0x0000, 0x0000, 0x0000,
    0x0000, 0x0000, 0x0000, 0x0000, 0x0000, 0x0000, 0x0000, 0x0000, 0x0000, 0x0000, 0x0000, 0x0000, 0x0000, 0x0000, 0x0000, 0x0000,
    0x0000, 0x0000, 0x0000, 0x0000, 0x0000, 0x0000, 0x0000, 0x0000, 0x0000, 0x0000, 0x0000, 0x0000, 0x0000, 0x0000, 0x0000, 0x0000,
    0x0000, 0x0000, 0x0000, 0x0000, 0x0000, 0x0000, 0x0000, 0x0000, 0x0000, 0x0000, 0x0000, 0x0000, 0x0000, 0x0000, 0x0000, 0x0000,
    0x0000, 0x0000, 0x0000, 0x0000, 0x0000, 0x0000, 0x0000, 0x0000, 0x0000, 0x0000, 0x0000, 0x0000, 0x0000, 0x0000, 0x0000, 0x0000,
    0x0000, 0x0000, 0x0000, 0x0000, 0x0000, 0x0000, 0x0000, 0x0000, 0x0000, 0x0000, 0x0000, 0x0000, 0x0000, 0x0000, 0x0000, 0x0000,
    0x0000, 0x0000, 0x0000, 0x0000, 0x0000, 0x0000, 0x0000, 0x0000, 0x0000, 0x0000, 0x0000, 0x0000, 0x0000, 0x0000, 0x0000, 0x0000,
    0x0000, 0x0000, 0x0000, 0x0000, 0x0000, 0x0000, 0x0000, 0x0000, 0x0000, 0x0000, 0x0000, 0x0000, 0x0000, 0x0000, 0x0000, 0x0000,
    0x0000, 0x0000, 0x0000, 0x0000, 0x0000, 0x0000, 0x0000, 0x0000, 0x0000, 0x0000, 0x0000, 0x0000, 0x0000, 0x0000, 0x0000, 0x0000,
    0x0000, 0x0000, 0x0000, 0x0000, 0x0000, 0x0000, 0x0000, 0x0000, 0x0000, 0x0000, 0x0000, 0x880B, 0xE013, 0xE012, 0xD011, 0xB030,
    0xD012, 0xD012, 0xD032, 0xE814, 0xE813, 0xD032, 0x4006, 0x0000, 0x0000, 0x0000, 0x0000, 0x0000, 0x0000, 0x0000, 0x0000, 0x0000,
    0x0000, 0x0000, 0x0000, 0x0000, 0x0000, 0x0000, 0x0000, 0x0000, 0x0000, 0x0000, 0x0000, 0x0000, 0x0000, 0x0000, 0x0000, 0x0000,
    0x0000, 0x0000, 0x0000, 0x0000, 0x0000, 0x0000, 0x0000, 0x0000, 0x0000, 0x0000, 0x0000, 0x0000, 0x0000, 0x0000, 0x0000, 0x0000,
    0x0000, 0x0000, 0x0000, 0x0000, 0x0000, 0x0000, 0x0000, 0x0000, 0x0000, 0x0000, 0x0000, 0x0000, 0x0000, 0x0000, 0x0000, 0x0000,
    0x0000, 0x0000, 0x0000, 0x0000, 0x0000, 0x0000, 0x0000, 0x0000, 0x0000, 0x0000, 0x0000, 0x0000, 0x0000, 0x0000, 0x0000, 0x0000,
    0x0000, 0x0000, 0x0000, 0x0000, 0x0000, 0x0000, 0x0000, 0x0000, 0x0000, 0x0000, 0x0000, 0x0000, 0x0000, 0x0000, 0x0000, 0x0000,
    0x0000, 0x0000, 0x0000, 0x0000, 0x0000, 0x0000, 0x0000, 0x0000, 0x0000, 0x0000, 0x0000, 0x0000, 0x0000, 0x0000, 0x0000, 0x0000,
    0x0000, 0x0000, 0x0000, 0x0000, 0x0000, 0x0000, 0x0000, 0x0000, 0x0000, 0x0000, 0x0000, 0x0000, 0x0000, 0x0000, 0x0000, 0x0000,
    0x0000, 0x0000, 0x0000, 0x0000, 0x0000, 0x0000, 0x0000, 0x0000, 0x0000, 0x0000, 0x0000, 0x0000, 0x0000, 0x0000, 0x0000, 0x0000,
    0x0000, 0x0000, 0x0000, 0x0000, 0x0000, 0x0000, 0x0000, 0x0000, 0x0000, 0x0000, 0x0000, 0x0000, 0x0000, 0x0000, 0x0000, 0x0000,
    0x0000, 0x0000, 0x0000, 0x0000, 0x0000, 0x0000, 0x0000, 0x0000, 0x0000, 0x0000, 0x0000, 0x0000, 0x0000, 0x0000, 0x0000, 0x0000,
    0x0000, 0x0000, 0x0000, 0x0000, 0x0000, 0x0000, 0x0000, 0x0000, 0x0000, 0x0000, 0x0000, 0x0000, 0x0000, 0x0000, 0x0000, 0x0000,
    0x0000, 0x0000, 0x0000, 0x0000, 0x0000, 0x0000, 0x0000, 0x0000, 0x0000, 0x0000, 0x0000, 0x0000, 0x0000, 0x0000, 0x0000, 0x0000,
    0x0000, 0x0000, 0x0000, 0x0000, 0x0000, 0x0000, 0x0000, 0x0000, 0x0000, 0x0000, 0x0000, 0x0000, 0x0000, 0x0000, 0x0000, 0x0000,
    0x0000, 0x0000, 0x0000, 0x0000, 0x0000, 0x0000, 0x0000, 0x0000, 0x0000, 0x0000, 0x0000, 0x0000, 0x0000, 0x0000, 0x0000, 0x0000,
    0x0000, 0x0000, 0x0000, 0x0000, 0x0000, 0x0000, 0x0000, 0x0000, 0x0000, 0x0000, 0x0000, 0x0000, 0x0000, 0x0000, 0x0000, 0x0000,
    0x0000, 0x0000, 0x0000, 0x0000, 0x0000, 0x0000, 0x0000, 0x0000, 0x0000, 0x0000, 0x0000, 0x0000, 0x0000, 0x0000, 0x0000, 0x0000,
    0x0000, 0x0000, 0x0000, 0x0000, 0x0000, 0x0000, 0x0000, 0x0000, 0x0000, 0x0000, 0x0000, 0x0000, 0x0000, 0x0000, 0x0000, 0x0000,
    0x0000, 0x0000, 0x0000, 0x0000, 0x0000, 0x0000, 0x0000, 0x0000, 0x0000, 0x0000, 0x0000, 0x0000, 0x0000, 0x0000, 0x0000, 0x0000,
    0x0000, 0x0000, 0x0000, 0x0000, 0x0000, 0x0000, 0x0000, 0x0000, 0x0000, 0x0000, 0x0000, 0x0000, 0x5827, 0xE833, 0xD812, 0xC831,
    0xD011, 0xD011, 0xD031, 0xE813, 0xE813, 0x2803, 0x0000, 0x0000, 0x0000, 0x0000, 0x0000, 0x0000, 0x0000, 0x0000, 0x0000, 0x0000,
    0x0000, 0x0000, 0x0000, 0x0000, 0x0000, 0x0000, 0x0000, 0x0000, 0x0000, 0x0000, 0x0000, 0x0000, 0x0000, 0x0000, 0x0000, 0x0000,
    0x0000, 0x0000, 0x0000, 0x0000, 0x0000, 0x0000, 0x0000, 0x0000, 0x0000, 0x0000, 0x0000, 0x0000, 0x0000, 0x0000, 0x0000, 0x0000,
    0x0000, 0x0000, 0x0000, 0x0000, 0x0000, 0x0000, 0x0000, 0x0000, 0x0000, 0x0000, 0x0000, 0x0000, 0x0000, 0x0000, 0x0000, 0x0000,
    0x0000, 0x0000, 0x0000, 0x0000, 0x0000, 0x0000, 0x0000, 0x0000, 0x0000, 0x0000, 0x0000, 0x0000, 0x0000, 0x0000, 0x0000, 0x0000,
    0x0000, 0x0000, 0x0000, 0x0000, 0x0000, 0x0000, 0x0000, 0x0000, 0x0000, 0x0000, 0x0000, 0x0000, 0x0000, 0x0000, 0x0000, 0x0000,
    0x0000, 0x0000, 0x0000, 0x0000, 0x0000, 0x0000, 0x0000, 0x0000, 0x0000, 0x0000, 0x0000, 0x0000, 0x0000, 0x0000, 0x0000, 0x0000,
    0x0000, 0x0000, 0x0000, 0x0000, 0x0000, 0x0000, 0x0000, 0x0000, 0x0000, 0x0000, 0x0000, 0x0000, 0x0000, 0x0000, 0x0000, 0x0000,
    0x0000, 0x0000, 0x0000, 0x0000, 0x0000, 0x0000, 0x0000, 0x0000, 0x0000, 0x0000, 0x0000, 0x0000, 0x0000, 0x0000, 0x0000, 0x0000,
    0x0000, 0x0000, 0x0000, 0x0000, 0x0000, 0x0000, 0x0000, 0x0000, 0x0000, 0x0000, 0x0000, 0x0000, 0x0000, 0x0000, 0x0000, 0x0000,
    0x0000, 0x0000, 0x0000, 0x0000, 0x0000, 0x0000, 0x0000, 0x0000, 0x0000, 0x0000, 0x0000, 0x0000, 0x0000, 0x0000, 0x0000, 0x0000,
    0x0000, 0x0000, 0x0000, 0x0000, 0x0000, 0x0000, 0x0000, 0x0000, 0x0000, 0x0000, 0x0000, 0x0000, 0x0000, 0x0000, 0x0000, 0x0000,
    0x0000, 0x0000, 0x0000, 0x0000, 0x0000, 0x0000, 0x0000, 0x0000, 0x0000, 0x0000, 0x0000, 0x0000, 0x0000, 0x0000, 0x0000, 0x0000,
    0x0000, 0x0000, 0x0000, 0x0000, 0x0000, 0x0000, 0x0000, 0x0000, 0x0000, 0x0000, 0x0000, 0x0000, 0x0000, 0x0000, 0x0000, 0x0000,
    0x0000, 0x0000, 0x0000, 0x0000, 0x0000, 0x0000, 0x0000, 0x0000, 0x0000, 0x0000, 0x0000, 0x0000, 0x0000, 0x0000, 0x0000, 0x0000,
    0x0000, 0x0000, 0x0000, 0x0000, 0x0000, 0x0000, 0x0000, 0x0000, 0x0000, 0x0000, 0x0000, 0x0000, 0x0000, 0x0000, 0x0000, 0x0000,
    0x0000, 0x0000, 0x0000, 0x0000, 0x0000, 0x0000, 0x0000, 0x0000, 0x0000, 0x0000, 0x0000, 0x0000, 0x0000, 0x0000, 0x0000, 0x0000,
    0x0000, 0x0000, 0x0000, 0x0000, 0x0000, 0x0000, 0x0000, 0x0000, 0x0000, 0x0000, 0x0000, 0x0000, 0x0000, 0x0000, 0x0000, 0x0000,
    0x0000, 0x0000, 0x0000, 0x0000, 0x0000, 0x0000, 0x0000, 0x0000, 0x0000, 0x0000, 0x0000, 0x0000, 0x0000, 0x0000, 0x0000, 0x0000,
    0x0000, 0x0000, 0x0000, 0x0000, 0x0000, 0x0000, 0x0000, 0x0000, 0x0000, 0x0000, 0x0000, 0x0000, 0x0000, 0x902C, 0xF014, 0xD812,
    0xD811, 0xD011, 0xD812, 0xE813, 0x6808, 0x0000, 0x0800, 0x0000, 0x0000, 0x0000, 0x0000, 0x0000, 0x0000, 0x0000, 0x0000, 0x0000,
    0x0000, 0x0000, 0x0000, 0x0000, 0x0000, 0x0000, 0x0000, 0x0000, 0x0000, 0x0000, 0x0000, 0x0000, 0x0000, 0x0000, 0x0000, 0x0000,
    0x0000, 0x0000, 0x0000, 0x0000, 0x0000, 0x0000, 0x0000, 0x0000, 0x0000, 0x0000, 0x0000, 0x0000, 0x0000, 0x0000, 0x0000, 0x0000,
    0x0000, 0x0000, 0x0000, 0x0000, 0x0000, 0x0000, 0x0000, 0x0000, 0x0000, 0x0000, 0x0000, 0x0000, 0x0000, 0x0000, 0x0000, 0x0000,
    0x0000, 0x0000, 0x0000, 0x0000, 0x0000, 0x0000, 0x0000, 0x0000, 0x0000, 0x0000, 0x0000, 0x0000, 0x0000, 0x0000, 0x0000, 0x0000,
    0x0000, 0x0000, 0x0000, 0x0000, 0x0000, 0x0000, 0x0000, 0x0000, 0x0000, 0x0000, 0x0000, 0x0000, 0x0000, 0x0000, 0x0000, 0x0000,
    0x0000, 0x0000, 0x0000, 0x0000, 0x0000, 0x0000, 0x0000, 0x0000, 0x0000, 0x0000, 0x0000, 0x0000, 0x0000, 0x0000, 0x0000, 0x0000,
    0x0000, 0x0000, 0x0000, 0x0000, 0x0000, 0x0000, 0x0000, 0x0000, 0x0000, 0x0000, 0x0000, 0x0000, 0x0000, 0x0000, 0x0000, 0x0000,
    0x0000, 0x0000, 0x0000, 0x0000, 0x0000, 0x0000, 0x0000, 0x0000, 0x0000, 0x0000, 0x0000, 0x0000, 0x0000, 0x0000, 0x0000, 0x0000,
    0x0000, 0x0000, 0x0000, 0x0000, 0x0000, 0x0000, 0x0000, 0x0000, 0x0000, 0x0000, 0x0000, 0x0000, 0x0000, 0x0000, 0x0000, 0x0000,
    0x0000, 0x0000, 0x0000, 0x0000, 0x0000, 0x0000, 0x0000, 0x0000, 0x0000, 0x0000, 0x0000, 0x0000, 0x0000, 0x0000, 0x0000, 0x0000,
    0x0000, 0x0000, 0x0000, 0x0000, 0x0000, 0x0000, 0x0000, 0x0000, 0x0000, 0x0000, 0x0000, 0x0000, 0x0000, 0x0000, 0x0000, 0x0000,
    0x0000, 0x0000, 0x0000, 0x0000, 0x0000, 0x0000, 0x0000, 0x0000, 0x0000, 0x0000, 0x0000, 0x0000, 0x0000, 0x0000, 0x0000, 0x0000,
    0x0000, 0x0000, 0x0000, 0x0000, 0x0000, 0x0000, 0x0000, 0x0000, 0x0000, 0x0000, 0x0000, 0x0000, 0x0000, 0x0000, 0x0000, 0x0000,
    0x0000, 0x0000, 0x0000, 0x0000, 0x0000, 0x0000, 0x0000, 0x0000, 0x0000, 0x0000, 0x0000, 0x0000, 0x0000, 0x0000, 0x0000, 0x0000,
    0x0000, 0x0000, 0x0000, 0x0000, 0x0000, 0x0000, 0x0000, 0x0000, 0x0000, 0x0000, 0x0000, 0x0000, 0x0000, 0x0000, 0x0000, 0x0000,
    0x0000, 0x0000, 0x0000, 0x0000, 0x0000, 0x0000, 0x0000, 0x0000, 0x0000, 0x0000, 0x0000, 0x0000, 0x0000, 0x0000, 0x0000, 0x0000,
    0x0000, 0x0000, 0x0000, 0x0000, 0x0000, 0x0000, 0x0000, 0x0000, 0x0000, 0x0000, 0x0000, 0x0000, 0x0000, 0x0000, 0x0000, 0x0000,
    0x0000, 0x0000, 0x0000, 0x0000, 0x0000, 0x0000, 0x0000, 0x0000, 0x0000, 0x0000, 0x0000, 0x0000, 0x0000, 0x0000, 0x0800, 0x0000,
    0x0000, 0x0000, 0x0800, 0x0800, 0x0800, 0x0800, 0x0800, 0x0800, 0x0800, 0x0800, 0x0800, 0x0800, 0x0800, 0x0800, 0x7029, 0xD011,
    0xD811, 0xE012, 0xC810, 0x4806, 0x0000, 0x0800, 0x0800, 0x0800, 0x0800, 0x0800, 0x0800, 0x0800, 0x0800, 0x0800, 0x0800, 0x0800,
    0x0800, 0x0800, 0x0800, 0x0000, 0x0800, 0x0000, 0x0000, 0x0000, 0x0000, 0x0000, 0x0000, 0x0000, 0x0000, 0x0000, 0x0000, 0x0000,
    0x0000, 0x0000, 0x0000, 0x0000, 0x0000, 0x0000, 0x0000, 0x0000, 0x0000, 0x0000, 0x0000, 0x0000, 0x0000, 0x0000, 0x0000, 0x0000,
    0x0000, 0x0000, 0x0000, 0x0000, 0x0000, 0x0000, 0x0000, 0x0000, 0x0000, 0x0000, 0x0000, 0x0000, 0x0000, 0x0000, 0x0000, 0x0000,
    0x0000, 0x0000, 0x0000, 0x0000, 0x0000, 0x0000, 0x0000, 0x0000, 0x0000, 0x0000, 0x0000, 0x0000, 0x0000, 0x0000, 0x0000, 0x0000,
    0x0000, 0x0000, 0x0000, 0x0000, 0x0000, 0x0000, 0x0000, 0x0000, 0x0000, 0x0000, 0x0000, 0x0000, 0x0000, 0x0000, 0x0000, 0x0000,
    0x0000, 0x0000, 0x0000, 0x0000, 0x0000, 0x0000, 0x0000, 0x0000, 0x0000, 0x0000, 0x0000, 0x0000, 0x0000, 0x0000, 0x0000, 0x0000,
    0x0000, 0x0000, 0x0000, 0x0000, 0x0000, 0x0000, 0x0000, 0x0000, 0x0000, 0x0000, 0x0000, 0x0000, 0x0000, 0x0000, 0x0000, 0x0000,
    0x0000, 0x0000, 0x0000, 0x0000, 0x0000, 0x0000, 0x0000, 0x0000, 0x0000, 0x0000, 0x0000, 0x0000, 0x0000, 0x0000, 0x0000, 0x0000,
    0x0000, 0x0000, 0x0000, 0x0000, 0x0000, 0x0000, 0x0000, 0x0000, 0x0000, 0x0000, 0x0000, 0x0000, 0x0000, 0x0000, 0x0000, 0x0000,
    0x0000, 0x0000, 0x0000, 0x0000, 0x0000, 0x0000, 0x0000, 0x0000, 0x0000, 0x0000, 0x0000, 0x0000, 0x0000, 0x0000, 0x0000, 0x0000,
    0x0000, 0x0000, 0x0000, 0x0000, 0x0000, 0x0000, 0x0000, 0x0000, 0x0000, 0x0000, 0x0000, 0x0000, 0x0000, 0x0000, 0x0000, 0x0000,
    0x0000, 0x0000, 0x0000, 0x0000, 0x0000, 0x0000, 0x0000, 0x0000, 0x0000, 0x0000, 0x0000, 0x0000, 0x0000, 0x0000, 0x0000, 0x0000,
    0x0000, 0x0000, 0x0000, 0x0000, 0x0000, 0x0000, 0x0000, 0x0000, 0x0000, 0x0000, 0x0000, 0x0000, 0x0000, 0x0000, 0x0000, 0x0000,
    0x0000, 0x0000, 0x0000, 0x0000, 0x0000, 0x0000, 0x0000, 0x0000, 0x0000, 0x0000, 0x0000, 0x0000, 0x0000, 0x0000, 0x0000, 0x0000,
    0x0000, 0x0000, 0x0000, 0x0000, 0x0000, 0x0000, 0x0000, 0x0000, 0x0000, 0x0000, 0x0000, 0x0000, 0x0000, 0x0000, 0x0000, 0x0000,
    0x0000, 0x0000, 0x0000, 0x0000, 0x0000, 0x0000, 0x0000, 0x0000, 0x0000, 0x0000, 0x0000, 0x0000, 0x0000, 0x0000, 0x0000, 0x0000,
    0x0000, 0x0000, 0x0000, 0x0000, 0x0000, 0x0000, 0x0000, 0x0000, 0x0000, 0x0000, 0x0000, 0x0000, 0x0000, 0x0000, 0x0000, 0x0000,
    0x0000, 0x0000, 0x0000, 0x0000, 0x0000, 0x0000, 0x0000, 0x0000, 0x0000, 0x0800, 0x0800, 0x0800, 0x0000, 0x0800, 0x0800, 0x0800,
    0x0800, 0x0800, 0x0800, 0x0800, 0x0800, 0x0800, 0x0800, 0x0800, 0x0800, 0x0800, 0x0800, 0x0800, 0x0800, 0x0800, 0x0000, 0x780A,
    0xF814, 0xF813, 0x6027, 0x0000, 0x0801, 0x0800, 0x0800, 0x0800, 0x0801, 0x0800, 0x0800, 0x0800, 0x0800, 0x0800, 0x0800, 0x0800,
    0x0800, 0x0800, 0x0800, 0x0800, 0x0800, 0x0800, 0x0800, 0x0800, 0x0800, 0x0800, 0x0800, 0x0000, 0x0000, 0x0000, 0x0000, 0x0000,
    0x0000, 0x0000, 0x0000, 0x0000, 0x0000, 0x0000, 0x0000, 0x0000, 0x0000, 0x0000, 0x0000, 0x0000, 0x0000, 0x0000, 0x0000, 0x0000,
    0x0000, 0x0000, 0x0000, 0x0000, 0x0000, 0x0000, 0x0000, 0x0000, 0x0000, 0x0000, 0x0000, 0x0000, 0x0000, 0x0000, 0x0000, 0x0000,
    0x0000, 0x0000, 0x0000, 0x0000, 0x0000, 0x0000, 0x0000, 0x0000, 0x0000, 0x0000, 0x0000, 0x0000, 0x0000, 0x0000, 0x0000, 0x0000,
    0x0000, 0x0000, 0x0000, 0x0000, 0x0000, 0x0000, 0x0000, 0x0000, 0x0000, 0x0000, 0x0000, 0x0000, 0x0000, 0x0000, 0x0000, 0x0000,
    0x0000, 0x0000, 0x0000, 0x0000, 0x0000, 0x0000, 0x0000, 0x0000, 0x0000, 0x0000, 0x0000, 0x0000, 0x0000, 0x0000, 0x0000, 0x0000,
    0x0000, 0x0000, 0x0000, 0x0000, 0x0000, 0x0000, 0x0000, 0x0000, 0x0000, 0x0000, 0x0000, 0x0000, 0x0000, 0x0000, 0x0000, 0x0000,
    0x0000, 0x0000, 0x0000, 0x0000, 0x0000, 0x0000, 0x0000, 0x0000, 0x0000, 0x0000, 0x0000, 0x0000, 0x0000, 0x0000, 0x0000, 0x0000,
    0x0000, 0x0000, 0x0000, 0x0000, 0x0000, 0x0000, 0x0000, 0x0000, 0x0000, 0x0000, 0x0000, 0x0000, 0x0000, 0x0000, 0x0000, 0x0000,
    0x0000, 0x0000, 0x0000, 0x0000, 0x0000, 0x0000, 0x0000, 0x0000, 0x0000, 0x0000, 0x0000, 0x0000, 0x0000, 0x0000, 0x0000, 0x0000,
    0x0000, 0x0000, 0x0000, 0x0000, 0x0000, 0x0000, 0x0000, 0x0000, 0x0000, 0x0000, 0x0000, 0x0000, 0x0000, 0x0000, 0x0000, 0x0000,
    0x0000, 0x0000, 0x0000, 0x0000, 0x0000, 0x0000, 0x0000, 0x0000, 0x0000, 0x0000, 0x0000, 0x0000, 0x0000, 0x0000, 0x0000, 0x0000,
    0x0000, 0x0000, 0x0000, 0x0000, 0x0000, 0x0000, 0x0000, 0x0000, 0x0000, 0x0000, 0x0000, 0x0000, 0x0000, 0x0000, 0x0000, 0x0000,
    0x0000, 0x0000, 0x0000, 0x0000, 0x0000, 0x0000, 0x0000, 0x0000, 0x0000, 0x0000, 0x0000, 0x0000, 0x0000, 0x0000, 0x0000, 0x0000,
    0x0000, 0x0000, 0x0000, 0x0000, 0x0000, 0x0000, 0x0000, 0x0000, 0x0000, 0x0000, 0x0000, 0x0000, 0x0000, 0x0000, 0x0000, 0x0000,
    0x0000, 0x0000, 0x0000, 0x0000, 0x0000, 0x0000, 0x0000, 0x0000, 0x0000, 0x0000, 0x0000, 0x0000, 0x0000, 0x0000, 0x0000, 0x0000,
    0x0000, 0x0000, 0x0000, 0x0000, 0x0000, 0x0000, 0x0000, 0x0000, 0x0000, 0x0000, 0x0000, 0x0000, 0x0000, 0x0000, 0x0000, 0x0000,
    0x0000, 0x0000, 0x0000, 0x0000, 0x0800, 0x0800, 0x0800, 0x0800, 0x0801, 0x0801, 0x1001, 0x0801, 0x0800, 0x0800, 0x0800, 0x0801,
    0x0801, 0x1001, 0x1001, 0x1001, 0x1001, 0x1001, 0x1001, 0x1001, 0x1001, 0x1001, 0x1001, 0x1001, 0x1001, 0x1001, 0x1801, 0x1801,
    0x780A, 0x6808, 0x1001, 0x1802, 0x1001, 0x1001, 0x1001, 0x1001, 0x1001, 0x1001, 0x1001, 0x1001, 0x1001, 0x1001, 0x1001, 0x1001,
    0x1001, 0x1001, 0x1001, 0x1001, 0x1001, 0x1001, 0x1001, 0x1001, 0x1001, 0x0801, 0x0800, 0x0800, 0x0800, 0x0800, 0x0000, 0x0000,
    0x0000, 0x0000, 0x0000, 0x0000, 0x0000, 0x0000, 0x0000, 0x0000, 0x0000, 0x0000, 0x0000, 0x0000, 0x0000, 0x0000, 0x0000, 0x0000,
    0x0000, 0x0000, 0x0000, 0x0000, 0x0000, 0x0000, 0x0000, 0x0000, 0x0000, 0x0000, 0x0000, 0x0000, 0x0000, 0x0000, 0x0000, 0x0000,
    0x0000, 0x0000, 0x0000, 0x0000, 0x0000, 0x0000, 0x0000, 0x0000, 0x0000, 0x0000, 0x0000, 0x0000, 0x0000, 0x0000, 0x0000, 0x0000,
    0x0000, 0x0000, 0x0000, 0x0000, 0x0000, 0x0000, 0x0000, 0x0000, 0x0000, 0x0000, 0x0000, 0x0000, 0x0000, 0x0000, 0x0000, 0x0000,
    0x0000, 0x0000, 0x0000, 0x0000, 0x0000, 0x0000, 0x0000, 0x0000, 0x0000, 0x0000, 0x0000, 0x0000, 0x0000, 0x0000, 0x0000, 0x0000,
    0x0000, 0x0000, 0x0000, 0x0000, 0x0000, 0x0000, 0x0000, 0x0000, 0x0000, 0x0000, 0x0000, 0x0000, 0x0000, 0x0000, 0x0000, 0x0000,
    0x0000, 0x0000, 0x0000, 0x0000, 0x0000, 0x0000, 0x0000, 0x0000, 0x0000, 0x0000, 0x0000, 0x0000, 0x0000, 0x0000, 0x0000, 0x0000,
    0x0000, 0x0000, 0x0000, 0x0000, 0x0000, 0x0000, 0x0000, 0x0000, 0x0000, 0x0000, 0x0000, 0x0000, 0x0000, 0x0000, 0x0000, 0x0000,
    0x0000, 0x0000, 0x0000, 0x0000, 0x0000, 0x0000, 0x0000, 0x0000, 0x0000, 0x0000, 0x0000, 0x0000, 0x0000, 0x0000, 0x0000, 0x0000,
    0x0000, 0x0000, 0x0000, 0x0000, 0x0000, 0x0000, 0x0000, 0x0000, 0x0000, 0x0000, 0x0000, 0x0000, 0x0000, 0x0000, 0x0000, 0x0000,
    0x0000, 0x0000, 0x0000, 0x0000, 0x0000, 0x0000, 0x0000, 0x0000, 0x0000, 0x0000, 0x0000, 0x0000, 0x0000, 0x0000, 0x0000, 0x0000,
    0x0000, 0x0000, 0x0000, 0x0000, 0x0000, 0x0000, 0x0000, 0x0000, 0x0000, 0x0000, 0x0000, 0x0000, 0x0000, 0x0000, 0x0000, 0x0000,
    0x0000, 0x0000, 0x0000, 0x0000, 0x0000, 0x0000, 0x0000, 0x0000, 0x0000, 0x0000, 0x0000, 0x0000, 0x0000, 0x0000, 0x0000, 0x0000,
    0x0000, 0x0000, 0x0000, 0x0000, 0x0000, 0x0000, 0x0000, 0x0000, 0x0000, 0x0000, 0x0000, 0x0000, 0x0000, 0x0000, 0x0000, 0x0000,
    0x0000, 0x0000, 0x0000, 0x0000, 0x0000, 0x0000, 0x0000, 0x0000, 0x0000, 0x0000, 0x0000, 0x0000, 0x0000, 0x0000, 0x0000, 0x0000,
    0x0000, 0x0000, 0x0000, 0x0000, 0x0000, 0x0000, 0x0000, 0x0000, 0x0000, 0x0000, 0x0000, 0x0000, 0x0000, 0x0000, 0x0000, 0x0000,
    0x0000, 0x0000, 0x0000, 0x0800, 0x0800, 0x0800, 0x0800, 0x0800, 0x0000, 0x0000, 0x0000, 0x0000, 0x0800, 0x0000, 0x0000, 0x0000,
    0x0000, 0x0800, 0x0800, 0x0800, 0x0800, 0x0800, 0x0800, 0x0800, 0x0800, 0x0800, 0x0800, 0x0801, 0x1001, 0x1001, 0x1001, 0x0800,
    0x0000, 0x0000, 0x1001, 0x1001, 0x1001, 0x1001, 0x0801, 0x0801, 0x0801, 0x1001, 0x1001, 0x1001, 0x1001, 0x0800, 0x1001, 0x0800,
    0x0800, 0x0800, 0x0800, 0x0800, 0x0800, 0x0000, 0x0800, 0x0800, 0x0800, 0x1001, 0x0800, 0x0800, 0x0800, 0x0800, 0x0000, 0x0000,
    0x0000, 0x0000, 0x0000, 0x0000, 0x0000, 0x0000, 0x0000, 0x0000, 0x0000, 0x0000, 0x0000, 0x0000, 0x0000, 0x0000, 0x0000, 0x0000,
    0x0000, 0x0000, 0x0000, 0x0000, 0x0000, 0x0000, 0x0000, 0x0000, 0x0000, 0x0000, 0x0000, 0x0000, 0x0000, 0x0000, 0x0000, 0x0000,
    0x0000, 0x0000, 0x0000, 0x0000, 0x0000, 0x0000, 0x0000, 0x0000, 0x0000, 0x0000, 0x0000, 0x0000, 0x0000, 0x0000, 0x0000, 0x0000,
    0x0000, 0x0000, 0x0000, 0x0000, 0x0000, 0x0000, 0x0000, 0x0000, 0x0000, 0x0000, 0x0000, 0x0000, 0x0000, 0x0000, 0x0000, 0x0000,
    0x0000, 0x0000, 0x0000, 0x0000, 0x0000, 0x0000, 0x0000, 0x0000, 0x0000, 0x0000, 0x0000, 0x0000, 0x0000, 0x0000, 0x0000, 0x0000,
    0x0000, 0x0000, 0x0000, 0x0000, 0x0000, 0x0000, 0x0000, 0x0000, 0x0000, 0x0000, 0x0000, 0x0000, 0x0000, 0x0000, 0x0000, 0x0000,
    0x0000, 0x0000, 0x0000, 0x0000, 0x0000, 0x0000, 0x0000, 0x0000, 0x0000, 0x0000, 0x0000, 0x0000, 0x0000, 0x0000, 0x0000, 0x0000,
    0x0000, 0x0000, 0x0000, 0x0000, 0x0000, 0x0000, 0x0000, 0x0000, 0x0000, 0x0000, 0x0000, 0x0000, 0x0000, 0x0000, 0x0000, 0x0000,
    0x0000, 0x0000, 0x0000, 0x0000, 0x0000, 0x0000, 0x0000, 0x0000, 0x0000, 0x0000, 0x0000, 0x0000, 0x0000, 0x0000, 0x0000, 0x0000,
    0x0000, 0x0000, 0x0000, 0x0000, 0x0000, 0x0000, 0x0000, 0x0000, 0x0000, 0x0000, 0x0000, 0x0000, 0x0000, 0x0000, 0x0000, 0x0000,
    0x0000, 0x0000, 0x0000, 0x0000, 0x0000, 0x0000, 0x0000, 0x0000, 0x0000, 0x0000, 0x0000, 0x0000, 0x0000, 0x0000, 0x0000, 0x0000,
    0x0000, 0x0000, 0x0000, 0x0000, 0x0000, 0x0000, 0x0000, 0x0000, 0x0000, 0x0000, 0x0000, 0x0000, 0x0000, 0x0000, 0x0000, 0x0000,
    0x0000, 0x0000, 0x0000, 0x0000, 0x0000, 0x0000, 0x0000, 0x0000, 0x0000, 0x0000, 0x0000, 0x0000, 0x0000, 0x0000, 0x0000, 0x0000,
    0x0000, 0x0000, 0x0000, 0x0000, 0x0000, 0x0000, 0x0000, 0x0000, 0x0000, 0x0000, 0x0000, 0x0000, 0x0000, 0x0000, 0x0000, 0x0000,
    0x0000, 0x0000, 0x0000, 0x0000, 0x0000, 0x0000, 0x0000, 0x0000, 0x0000, 0x0000, 0x0000, 0x0000, 0x0000, 0x0000, 0x0000, 0x0000,
    0x0000, 0x0000, 0x0000, 0x0000, 0x0000, 0x0000, 0x0000, 0x0000, 0x0000, 0x0000, 0x0000, 0x0000, 0x0000, 0x0000, 0x0000, 0x0800,
    0x0000, 0x0800, 0x0800, 0x0800, 0x0800, 0x0000, 0x0000, 0x0000, 0x2002, 0x2803, 0x6007, 0xA80D, 0xB80E, 0xB80E, 0xB00E, 0xB00D,
    0xB00D, 0xB00D, 0xA80D, 0xB00D, 0xB00D, 0xB00D, 0xB00D, 0xB00D, 0xB00D, 0xB00D, 0xB00D, 0xB00D, 0xB80D, 0xB80D, 0xB00D, 0xB00D,
    0xB00D, 0xB00E, 0xB00D, 0xB80E, 0xB80E, 0xB80E, 0xB00D, 0xB00D, 0xB00D, 0xB00D, 0xB00D, 0xB00D, 0xB00D, 0xB00D, 0xB00D, 0xB00D,
    0xB00D, 0xB00D, 0xA80D, 0xB00D, 0xB00D, 0x980B, 0x3804, 0x2803, 0x1001, 0x0000, 0x0000, 0x0800, 0x1001, 0x1001, 0x0800, 0x0800,
    0x0800, 0x0800, 0x0800, 0x0000, 0x0000, 0x0000, 0x0000, 0x0000, 0x0000, 0x0000, 0x0000, 0x0000, 0x0000, 0x0000, 0x0000, 0x0000,
    0x0000, 0x0000, 0x0000, 0x0000, 0x0000, 0x0000, 0x0000, 0x0000, 0x0000, 0x0000, 0x0000, 0x0000, 0x0000, 0x0000, 0x0000, 0x0000,
    0x0000, 0x0000, 0x0000, 0x0000, 0x0000, 0x0000, 0x0000, 0x0000, 0x0000, 0x0000, 0x0000, 0x0000, 0x0000, 0x0000, 0x0000, 0x0000,
    0x0000, 0x0000, 0x0000, 0x0000, 0x0000, 0x0000, 0x0000, 0x0000, 0x0000, 0x0000, 0x0000, 0x0000, 0x0000, 0x0000, 0x0000, 0x0000,
    0x0000, 0x0000, 0x0000, 0x0000, 0x0000, 0x0000, 0x0000, 0x0000, 0x0000, 0x0000, 0x0000, 0x0000, 0x0000, 0x0000, 0x0000, 0x0000,
    0x0000, 0x0000, 0x0000, 0x0000, 0x0000, 0x0000, 0x0000, 0x0000, 0x0000, 0x0000, 0x0000, 0x0000, 0x0000, 0x0000, 0x0000, 0x0000,
    0x0000, 0x0000, 0x0000, 0x0000, 0x0000, 0x0000, 0x0000, 0x0000, 0x0000, 0x0000, 0x0000, 0x0000, 0x0000, 0x0000, 0x0000, 0x0000,
    0x0000, 0x0000, 0x0000, 0x0000, 0x0000, 0x0000, 0x0000, 0x0000, 0x0000, 0x0000, 0x0000, 0x0000, 0x0000, 0x0000, 0x0000, 0x0000,
    0x0000, 0x0000, 0x0000, 0x0000, 0x0000, 0x0000, 0x0000, 0x0000, 0x0000, 0x0000, 0x0000, 0x0000, 0x0000, 0x0000, 0x0000, 0x0000,
    0x0000, 0x0000, 0x0000, 0x0000, 0x0000, 0x0000, 0x0000, 0x0000, 0x0000, 0x0000, 0x0000, 0x0000, 0x0000, 0x0000, 0x0000, 0x0000,
    0x0000, 0x0000, 0x0000, 0x0000, 0x0000, 0x0000, 0x0000, 0x0000, 0x0000, 0x0000, 0x0000, 0x0000, 0x0000, 0x0000, 0x0000, 0x0000,
    0x0000, 0x0000, 0x0000, 0x0000, 0x0000, 0x0000, 0x0000, 0x0000, 0x0000, 0x0000, 0x0000, 0x0000, 0x0000, 0x0000, 0x0000, 0x0000,
    0x0000, 0x0000, 0x0000, 0x0000, 0x0000, 0x0000, 0x0000, 0x0000, 0x0000, 0x0000, 0x0000, 0x0000, 0x0000, 0x0000, 0x0000, 0x0000,
    0x0000, 0x0000, 0x0000, 0x0000, 0x0000, 0x0000, 0x0000, 0x0000, 0x0000, 0x0000, 0x0000, 0x0000, 0x0000, 0x0000, 0x0000, 0x0000,
    0x0000, 0x0000, 0x0000, 0x0000, 0x0000, 0x0000, 0x0000, 0x0000, 0x0000, 0x0000, 0x0000, 0x0000, 0x0000, 0x0000, 0x0000, 0x0000,
    0x0000, 0x0000, 0x0000, 0x0000, 0x0000, 0x0000, 0x0000, 0x0000, 0x0000, 0x0000, 0x0000, 0x0000, 0x0000, 0x0800, 0x0801, 0x0801,
    0x1001, 0x1001, 0x0800, 0x0800, 0x1001, 0x4005, 0x7809, 0xA80C, 0xD810, 0xE011, 0xF012, 0xF012, 0xE812, 0xF012, 0xF012, 0xF012,
    0xF012, 0xE812, 0xE812, 0xE812, 0xE812, 0xE811, 0xE811, 0xE812, 0xF012, 0xF012, 0xF012, 0xE812, 0xE812, 0xE812, 0xF012, 0xF012,
    0xF012, 0xF012, 0xE812, 0xE812, 0xE812, 0xE812, 0xF012, 0xE812, 0xE812, 0xE812, 0xE812, 0xE812, 0xE812, 0xE812, 0xE812, 0xE812,
    0xF012, 0xE812, 0xE812, 0xE811, 0xE811, 0xF012, 0xE011, 0xD810, 0xC02E, 0x880A, 0x6006, 0x2803, 0x1001, 0x0800, 0x1001, 0x1801,
    0x1001, 0x1001, 0x0800, 0x0800, 0x0800, 0x0000, 0x0000, 0x0000, 0x0000, 0x0000, 0x0000, 0x0000, 0x0000, 0x0000, 0x0000, 0x0000,
    0x0000, 0x0000, 0x0000, 0x0000, 0x0000, 0x0000, 0x0000, 0x0000, 0x0000, 0x0000, 0x0000, 0x0000, 0x0000, 0x0000, 0x0000, 0x0000,
    0x0000, 0x0000, 0x0000, 0x0000, 0x0000, 0x0000, 0x0000, 0x0000, 0x0000, 0x0000, 0x0000, 0x0000, 0x0000, 0x0000, 0x0000, 0x0000,
    0x0000, 0x0000, 0x0000, 0x0000, 0x0000, 0x0000, 0x0000, 0x0000, 0x0000, 0x0000, 0x0000, 0x0000, 0x0000, 0x0000, 0x0000, 0x0000,
    0x0000, 0x0000, 0x0000, 0x0000, 0x0000, 0x0000, 0x0000, 0x0000, 0x0000, 0x0000, 0x0000, 0x0000, 0x0000, 0x0000, 0x0000, 0x0000,
    0x0000, 0x0000, 0x0000, 0x0000, 0x0000, 0x0000, 0x0000, 0x0000, 0x0000, 0x0000, 0x0000, 0x0000, 0x0000, 0x0000, 0x0000, 0x0000,
    0x0000, 0x0000, 0x0000, 0x0000, 0x0000, 0x0000, 0x0000, 0x0000, 0x0000, 0x0000, 0x0000, 0x0000, 0x0000, 0x0000, 0x0000, 0x0000,
    0x0000, 0x0000, 0x0000, 0x0000, 0x0000, 0x0000, 0x0000, 0x0000, 0x0000, 0x0000, 0x0000, 0x0000, 0x0000, 0x0000, 0x0000, 0x0000,
    0x0000, 0x0000, 0x0000, 0x0000, 0x0000, 0x0000, 0x0000, 0x0000, 0x0000, 0x0000, 0x0000, 0x0000, 0x0000, 0x0000, 0x0000, 0x0000,
    0x0000, 0x0000, 0x0000, 0x0000, 0x0000, 0x0000, 0x0000, 0x0000, 0x0000, 0x0000, 0x0000, 0x0000, 0x0000, 0x0000, 0x0000, 0x0000,
    0x0000, 0x0000, 0x0000, 0x0000, 0x0000, 0x0000, 0x0000, 0x0000, 0x0000, 0x0000, 0x0000, 0x0000, 0x0000, 0x0000, 0x0000, 0x0000,
    0x0000, 0x0000, 0x0000, 0x0000, 0x0000, 0x0000, 0x0000, 0x0000, 0x0000, 0x0000, 0x0000, 0x0000, 0x0000, 0x0000, 0x0000, 0x0000,
    0x0000, 0x0000, 0x0000, 0x0000, 0x0000, 0x0000, 0x0000, 0x0000, 0x0000, 0x0000, 0x0000, 0x0000, 0x0000, 0x0000, 0x0000, 0x0000,
    0x0000, 0x0000, 0x0000, 0x0000, 0x0000, 0x0000, 0x0000, 0x0000, 0x0000, 0x0000, 0x0000, 0x0000, 0x0000, 0x0000, 0x0000, 0x0000,
    0x0000, 0x0000, 0x0000, 0x0000, 0x0000, 0x0000, 0x0000, 0x0000, 0x0000, 0x0000, 0x0000, 0x0000, 0x0000, 0x0000, 0x0000, 0x0000,
    0x0000, 0x0000, 0x0000, 0x0000, 0x0000, 0x0000, 0x0000, 0x0000, 0x0000, 0x0000, 0x0800, 0x0800, 0x0801, 0x1001, 0x1001, 0x1001,
    0x0000, 0x0000, 0x2803, 0x7008, 0xB80D, 0xE010, 0xF011, 0xE811, 0xE010, 0xE010, 0xD810, 0xD810, 0xD810, 0xD810, 0xE011, 0xE010,
    0xE010, 0xE011, 0xE010, 0xD810, 0xD810, 0xD810, 0xD810, 0xE010, 0xE010, 0xD810, 0xE010, 0xE010, 0xD810, 0xD810, 0xD810, 0xE010,
    0xE010, 0xE010, 0xD810, 0xD810, 0xD810, 0xD810, 0xD810, 0xD810, 0xD810, 0xD810, 0xD810, 0xD810, 0xD810, 0xD810, 0xD810, 0xE010,
    0xE010, 0xE010, 0xE010, 0xD810, 0xD810, 0xD810, 0xD810, 0xD810, 0xE011, 0xF011, 0xE811, 0xC80F, 0x880A, 0x4805, 0x2002, 0x0800,
    0x1001, 0x1801, 0x1001, 0x1001, 0x0801, 0x0800, 0x0000, 0x0000, 0x0000, 0x0000, 0x0000, 0x0000, 0x0000, 0x0000, 0x0000, 0x0000,
    0x0000, 0x0000, 0x0000, 0x0000, 0x0000, 0x0000, 0x0000, 0x0000, 0x0000, 0x0000, 0x0000, 0x0000, 0x0000, 0x0000, 0x0000, 0x0000,
    0x0000, 0x0000, 0x0000, 0x0000, 0x0000, 0x0000, 0x0000, 0x0000, 0x0000, 0x0000, 0x0000, 0x0000, 0x0000, 0x0000, 0x0000, 0x0000,
    0x0000, 0x0000, 0x0000, 0x0000, 0x0000, 0x0000, 0x0000, 0x0000, 0x0000, 0x0000, 0x0000, 0x0000, 0x0000, 0x0000, 0x0000, 0x0000,
    0x0000, 0x0000, 0x0000, 0x0000, 0x0000, 0x0000, 0x0000, 0x0000, 0x0000, 0x0000, 0x0000, 0x0000, 0x0000, 0x0000, 0x0000, 0x0000,
    0x0000, 0x0000, 0x0000, 0x0000, 0x0000, 0x0000, 0x0000, 0x0000, 0x0000, 0x0000, 0x0000, 0x0000, 0x0000, 0x0000, 0x0000, 0x0000,
    0x0000, 0x0000, 0x0000, 0x0000, 0x0000, 0x0000, 0x0000, 0x0000, 0x0000, 0x0000, 0x0000, 0x0000, 0x0000, 0x0000, 0x0000, 0x0000,
    0x0000, 0x0000, 0x0000, 0x0000, 0x0000, 0x0000, 0x0000, 0x0000, 0x0000, 0x0000, 0x0000, 0x0000, 0x0000, 0x0000, 0x0000, 0x0000,
    0x0000, 0x0000, 0x0000, 0x0000, 0x0000, 0x0000, 0x0000, 0x0000, 0x0000, 0x0000, 0x0000, 0x0000, 0x0000, 0x0000, 0x0000, 0x0000,
    0x0000, 0x0000, 0x0000, 0x0000, 0x0000, 0x0000, 0x0000, 0x0000, 0x0000, 0x0000, 0x0000, 0x0000, 0x0000, 0x0000, 0x0000, 0x0000,
    0x0000, 0x0000, 0x0000, 0x0000, 0x0000, 0x0000, 0x0000, 0x0000, 0x0000, 0x0000, 0x0000, 0x0000, 0x0000, 0x0000, 0x0000, 0x0000,
    0x0000, 0x0000, 0x0000, 0x0000, 0x0000, 0x0000, 0x0000, 0x0000, 0x0000, 0x0000, 0x0000, 0x0000, 0x0000, 0x0000, 0x0000, 0x0000,
    0x0000, 0x0000, 0x0000, 0x0000, 0x0000, 0x0000, 0x0000, 0x0000, 0x0000, 0x0000, 0x0000, 0x0000, 0x0000, 0x0000, 0x0000, 0x0000,
    0x0000, 0x0000, 0x0000, 0x0000, 0x0000, 0x0000, 0x0000, 0x0000, 0x0000, 0x0000, 0x0000, 0x0000, 0x0000, 0x0000, 0x0000, 0x0000,
    0x0000, 0x0000, 0x0000, 0x0000, 0x0000, 0x0000, 0x0000, 0x0000, 0x0000, 0x0000, 0x0000, 0x0000, 0x0000, 0x0000, 0x0000, 0x0000,
    0x0000, 0x0000, 0x0000, 0x0000, 0x0000, 0x0000, 0x0000, 0x0000, 0x0800, 0x0800, 0x0801, 0x1001, 0x1001, 0x1001, 0x1001, 0x2802,
    0x5806, 0xB00D, 0xE811, 0xF812, 0xF011, 0xE811, 0xE811, 0xF011, 0xF011, 0xF011, 0xF011, 0xF012, 0xF012, 0xF011, 0xF011, 0xF011,
    0xF011, 0xF011, 0xF012, 0xF011, 0xF011, 0xF011, 0xF011, 0xF011, 0xF011, 0xF011, 0xF011, 0xF012, 0xF011, 0xF011, 0xF011, 0xF011,
    0xF011, 0xF011, 0xF011, 0xF011, 0xF011, 0xF011, 0xF011, 0xF011, 0xF011, 0xF011, 0xF011, 0xF011, 0xF011, 0xF011, 0xF011, 0xF011,
    0xF011, 0xF011, 0xF011, 0xF011, 0xF011, 0xF011, 0xF011, 0xF011, 0xF011, 0xF011, 0xE811, 0xF011, 0xF011, 0xF012, 0xD810, 0x900A,
    0x4004, 0x2002, 0x1801, 0x1802, 0x1001, 0x1001, 0x1001, 0x0800, 0x0000, 0x0000, 0x0000, 0x0000, 0x0000, 0x0000, 0x0000, 0x0000,
    0x0000, 0x0000, 0x0000, 0x0000, 0x0000, 0x0000, 0x0000, 0x0000, 0x0000, 0x0000, 0x0000, 0x0000, 0x0000, 0x0000, 0x0000, 0x0000,
    0x0000, 0x0000, 0x0000, 0x0000, 0x0000, 0x0000, 0x0000, 0x0000, 0x0000, 0x0000, 0x0000, 0x0000, 0x0000, 0x0000, 0x0000, 0x0000,
    0x0000, 0x0000, 0x0000, 0x0000, 0x0000, 0x0000, 0x0000, 0x0000, 0x0000, 0x0000, 0x0000, 0x0000, 0x0000, 0x0000, 0x0000, 0x0000,
    0x0000, 0x0000, 0x0000, 0x0000, 0x0000, 0x0000, 0x0000, 0x0000, 0x0000, 0x0000, 0x0000, 0x0000, 0x0000, 0x0000, 0x0000, 0x0000,
    0x0000, 0x0000, 0x0000, 0x0000, 0x0000, 0x0000, 0x0000, 0x0000, 0x0000, 0x0000, 0x0000, 0x0000, 0x0000, 0x0000, 0x0000, 0x0000,
    0x0000, 0x0000, 0x0000, 0x0000, 0x0000, 0x0000, 0x0000, 0x0000, 0x0000, 0x0000, 0x0000, 0x0000, 0x0000, 0x0000, 0x0000, 0x0000,
    0x0000, 0x0000, 0x0000, 0x0000, 0x0000, 0x0000, 0x0000, 0x0000, 0x0000, 0x0000, 0x0000, 0x0000, 0x0000, 0x0000, 0x0000, 0x0000,
    0x0000, 0x0000, 0x0000, 0x0000, 0x0000, 0x0000, 0x0000, 0x0000, 0x0000, 0x0000, 0x0000, 0x0000, 0x0000, 0x0000, 0x0000, 0x0000,
    0x0000, 0x0000, 0x0000, 0x0000, 0x0000, 0x0000, 0x0000, 0x0000, 0x0000, 0x0000, 0x0000, 0x0000, 0x0000, 0x0000, 0x0000, 0x0000,
    0x0000, 0x0000, 0x0000, 0x0000, 0x0000, 0x0000, 0x0000, 0x0000, 0x0000, 0x0000, 0x0000, 0x0000, 0x0000, 0x0000, 0x0000, 0x0000,
    0x0000, 0x0000, 0x0000, 0x0000, 0x0000, 0x0000, 0x0000, 0x0000, 0x0000, 0x0000, 0x0000, 0x0000, 0x0000, 0x0000, 0x0000, 0x0000,
    0x0000, 0x0000, 0x0000, 0x0000, 0x0000, 0x0000, 0x0000, 0x0000, 0x0000, 0x0000, 0x0000, 0x0000, 0x0000, 0x0000, 0x0000, 0x0000,
    0x0000, 0x0000, 0x0000, 0x0000, 0x0000, 0x0000, 0x0000, 0x0000, 0x0000, 0x0000, 0x0000, 0x0000, 0x0000, 0x0000, 0x0000, 0x0000,
    0x0000, 0x0000, 0x0000, 0x0000, 0x0000, 0x0000, 0x0000, 0x0000, 0x0000, 0x0000, 0x0000, 0x0000, 0x0000, 0x0000, 0x0000, 0x0000,
    0x0000, 0x0000, 0x0000, 0x0000, 0x0000, 0x0000, 0x0000, 0x0000, 0x0800, 0x0801, 0x1001, 0x0801, 0x0000, 0x0800, 0x1003, 0x5009,
    0x800D, 0x800D, 0x780C, 0x700B, 0x700A, 0x700B, 0x700B, 0x780B, 0x780B, 0x780C, 0x780C, 0x780C, 0x780C, 0x780B, 0x780C, 0x780C,
    0x780C, 0x700C, 0x780C, 0x780C, 0x780C, 0x780C, 0x780C, 0x780C, 0x780C, 0x780C, 0x780C, 0x780C, 0x780C, 0x780C, 0x700B, 0x700B,
    0x780B, 0x780C, 0x780C, 0x780C, 0x780B, 0x780B, 0x700B, 0x700B, 0x700B, 0x700B, 0x780C, 0x780C, 0x780C, 0x700C, 0x780C, 0x780B,
    0x780B, 0x700B, 0x700B, 0x700B, 0x700B, 0x700B, 0x780B, 0x700B, 0x700B, 0x700B, 0x700B, 0x680A, 0x680A, 0x700B, 0x780C, 0x780C,
    0x6009, 0x2005, 0x1002, 0x0800, 0x0801, 0x1001, 0x1001, 0x0801, 0x0800, 0x0000, 0x0000, 0x0000, 0x0000, 0x0000, 0x0000, 0x0000,
    0x0000, 0x0000, 0x0000, 0x0000, 0x0000, 0x0000, 0x0000, 0x0000, 0x0000, 0x0000, 0x0000, 0x0000, 0x0000, 0x0000, 0x0000, 0x0000,
    0x0000, 0x0000, 0x0000, 0x0000, 0x0000, 0x0000, 0x0000, 0x0000, 0x0000, 0x0000, 0x0000, 0x0000, 0x0000, 0x0000, 0x0000, 0x0000,
    0x0000, 0x0000, 0x0000, 0x0000, 0x0000, 0x0000, 0x0000, 0x0000, 0x0000, 0x0000, 0x0000, 0x0000, 0x0000, 0x0000, 0x0000, 0x0000,
    0x0000, 0x0000, 0x0000, 0x0000, 0x0000, 0x0000, 0x0000, 0x0000, 0x0000, 0x0000, 0x0000, 0x0000, 0x0000, 0x0000, 0x0000, 0x0000,
    0x0000, 0x0000, 0x0000, 0x0000, 0x0000, 0x0000, 0x0000, 0x0000, 0x0000, 0x0000, 0x0000, 0x0000, 0x0000, 0x0000, 0x0000, 0x0000,
    0x0000, 0x0000, 0x0000, 0x0000, 0x0000, 0x0000, 0x0000, 0x0000, 0x0000, 0x0000, 0x0000, 0x0000, 0x0000, 0x0000, 0x0000, 0x0000,
    0x0000, 0x0000, 0x0000, 0x0000, 0x0000, 0x0000, 0x0000, 0x0000, 0x0000, 0x0000, 0x0000, 0x0000, 0x0000, 0x0000, 0x0000, 0x0000,
    0x0000, 0x0000, 0x0000, 0x0000, 0x0000, 0x0000, 0x0000, 0x0000, 0x0000, 0x0000, 0x0000, 0x0000, 0x0000, 0x0000, 0x0000, 0x0000,
    0x0000, 0x0000, 0x0000, 0x0000, 0x0000, 0x0000, 0x0000, 0x0000, 0x0000, 0x0000, 0x0000, 0x0000, 0x0000, 0x0000, 0x0000, 0x0000,
    0x0000, 0x0000, 0x0000, 0x0000, 0x0000, 0x0000, 0x0000, 0x0000, 0x0000, 0x0000, 0x0000, 0x0000, 0x0000, 0x0000, 0x0000, 0x0000,
    0x0000, 0x0000, 0x0000, 0x0000, 0x0000, 0x0000, 0x0000, 0x0000, 0x0000, 0x0000, 0x0000, 0x0000, 0x0000, 0x0000, 0x0000, 0x0000,
    0x0000, 0x0000, 0x0000, 0x0000, 0x0000, 0x0000, 0x0000, 0x0000, 0x0000, 0x0000, 0x0000, 0x0000, 0x0000, 0x0000, 0x0000, 0x0000,
    0x0000, 0x0000, 0x0000, 0x0000, 0x0000, 0x0000, 0x0000, 0x0000, 0x0000, 0x0000, 0x0000, 0x0000, 0x0000, 0x0000, 0x0000, 0x0000,
    0x0000, 0x0000, 0x0000, 0x0000, 0x0000, 0x0000, 0x0000, 0x0000, 0x0000, 0x0000, 0x0000, 0x0000, 0x0000, 0x0000, 0x0000, 0x0000,
    0x0000, 0x0000, 0x0000, 0x0000, 0x0000, 0x0000, 0x0000, 0x0000, 0x0800, 0x1001, 0x0000, 0x1001, 0x4805, 0x5007, 0x5809, 0x5009,
    0x500A, 0x580A, 0x580A, 0x580A, 0x5009, 0x5009, 0x580A, 0x5009, 0x5809, 0x580A, 0x580A, 0x580A, 0x580A, 0x580A, 0x580A, 0x580A,
    0x580A, 0x580A, 0x580A, 0x580A, 0x580A, 0x580A, 0x582A, 0x580A, 0x580A, 0x580A, 0x580A, 0x580A, 0x580A, 0x580A, 0x580A, 0x580A,
    0x580A, 0x580A, 0x580A, 0x580A, 0x580A, 0x580A, 0x580A, 0x580A, 0x580A, 0x580A, 0x580A, 0x580A, 0x580A, 0x580A, 0x580A, 0x580A,
    0x580A, 0x580A, 0x580A, 0x580A, 0x580A, 0x580A, 0x580A, 0x580A, 0x580A, 0x5809, 0x5809, 0x5009, 0x5809, 0x580A, 0x580A, 0x4808,
    0x4808, 0x5809, 0x6009, 0x5006, 0x2803, 0x0800, 0x0801, 0x0801, 0x0800, 0x0800, 0x0000, 0x0000, 0x0000, 0x0000, 0x0000, 0x0000,
    0x0000, 0x0000, 0x0000, 0x0000, 0x0000, 0x0000, 0x0000, 0x0000, 0x0000, 0x0000, 0x0000, 0x0000, 0x0000, 0x0000, 0x0000, 0x0000,
    0x0000, 0x0000, 0x0000, 0x0000, 0x0000, 0x0000, 0x0000, 0x0000, 0x0000, 0x0000, 0x0000, 0x0000, 0x0000, 0x0000, 0x0000, 0x0000,
    0x0000, 0x0000, 0x0000, 0x0000, 0x0000, 0x0000, 0x0000, 0x0000, 0x0000, 0x0000, 0x0000, 0x0000, 0x0000, 0x0000, 0x0000, 0x0000,
    0x0000, 0x0000, 0x0000, 0x0000, 0x0000, 0x0000, 0x0000, 0x0000, 0x0000, 0x0000, 0x0000, 0x0000, 0x0000, 0x0000, 0x0000, 0x0000,
    0x0000, 0x0000, 0x0000, 0x0000, 0x0000, 0x0000, 0x0000, 0x0000, 0x0000, 0x0000, 0x0000, 0x0000, 0x0000, 0x0000, 0x0000, 0x0000,
    0x0000, 0x0000, 0x0000, 0x0000, 0x0000, 0x0000, 0x0000, 0x0000, 0x0000, 0x0000, 0x0000, 0x0000, 0x0000, 0x0000, 0x0000, 0x0000,
    0x0000, 0x0000, 0x0000, 0x0000, 0x0000, 0x0000, 0x0000, 0x0000, 0x0000, 0x0000, 0x0000, 0x0000, 0x0000, 0x0000, 0x0000, 0x0000,
    0x0000, 0x0000, 0x0000, 0x0000, 0x0000, 0x0000, 0x0000, 0x0000, 0x0000, 0x0000, 0x0000, 0x0000, 0x0000, 0x0000, 0x0000, 0x0000,
    0x0000, 0x0000, 0x0000, 0x0000, 0x0000, 0x0000, 0x0000, 0x0000, 0x0000, 0x0000, 0x0000, 0x0000, 0x0000, 0x0000, 0x0000, 0x0000,
    0x0000, 0x0000, 0x0000, 0x0000, 0x0000, 0x0000, 0x0000, 0x0000, 0x0000, 0x0000, 0x0000, 0x0000, 0x0000, 0x0000, 0x0000, 0x0000,
    0x0000, 0x0000, 0x0000, 0x0000, 0x0000, 0x0000, 0x0000, 0x0000, 0x0000, 0x0000, 0x0000, 0x0000, 0x0000, 0x0000, 0x0000, 0x0000,
    0x0000, 0x0000, 0x0000, 0x0000, 0x0000, 0x0000, 0x0000, 0x0000, 0x0000, 0x0000, 0x0000, 0x0000, 0x0000, 0x0000, 0x0000, 0x0000,
    0x0000, 0x0000, 0x0000, 0x0000, 0x0000, 0x0000, 0x0000, 0x0000, 0x0000, 0x0000, 0x0000, 0x0000, 0x0000, 0x0000, 0x0000, 0x0000,
    0x0000, 0x0000, 0x0000, 0x0000, 0x0000, 0x0000, 0x0000, 0x0000, 0x0000, 0x0000, 0x0000, 0x0000, 0x0000, 0x0000, 0x0000, 0x0000,
    0x0000, 0x0000, 0x0000, 0x0000, 0x0800, 0x0801, 0x1001, 0x1801, 0x1001, 0x0801, 0x4005, 0xB80D, 0xF812, 0xF011, 0xE810, 0xF011,
    0xF011, 0xF811, 0xF811, 0xF011, 0xF011, 0xF011, 0xF011, 0xF011, 0xF011, 0xF011, 0xF011, 0xF011, 0xF011, 0xF011, 0xF011, 0xF011,
    0xF011, 0xF011, 0xF011, 0xF011, 0xF011, 0xF011, 0xF011, 0xF011, 0xF011, 0xF011, 0xF011, 0xF011, 0xF011, 0xF011, 0xF011, 0xF011,
    0xF011, 0xF011, 0xF011, 0xF011, 0xF011, 0xF011, 0xF011, 0xF011, 0xF011, 0xF011, 0xF011, 0xF011, 0xF011, 0xF011, 0xF011, 0xF011,
    0xF011, 0xF011, 0xF011, 0xF011, 0xF011, 0xF011, 0xF011, 0xF011, 0xF011, 0xF011, 0xF011, 0xF011, 0xF011, 0xF011, 0xF011, 0xE811,
    0xE811, 0xE811, 0xF011, 0xF012, 0xE011, 0x7808, 0x2002, 0x1802, 0x1802, 0x1001, 0x1001, 0x0800, 0x0000, 0x0000, 0x0000, 0x0000,
    0x0000, 0x0000, 0x0000, 0x0000, 0x0000, 0x0000, 0x0000, 0x0000, 0x0000, 0x0000, 0x0000, 0x0000, 0x0000, 0x0000, 0x0000, 0x0000,
    0x0000, 0x0000, 0x0000, 0x0000, 0x0000, 0x0000, 0x0000, 0x0000, 0x0000, 0x0000, 0x0000, 0x0000, 0x0000, 0x0000, 0x0000, 0x0000,
    0x0000, 0x0000, 0x0000, 0x0000, 0x0000, 0x0000, 0x0000, 0x0000, 0x0000, 0x0000, 0x0000, 0x0000, 0x0000, 0x0000, 0x0000, 0x0000,
    0x0000, 0x0000, 0x0000, 0x0000, 0x0000, 0x0000, 0x0000, 0x0000, 0x0000, 0x0000, 0x0000, 0x0000, 0x0000, 0x0000, 0x0000, 0x0000,
    0x0000, 0x0000, 0x0000, 0x0000, 0x0000, 0x0000, 0x0000, 0x0000, 0x0000, 0x0000, 0x0000, 0x0000, 0x0000, 0x0000, 0x0000, 0x0000,
    0x0000, 0x0000, 0x0000, 0x0000, 0x0000, 0x0000, 0x0000, 0x0000, 0x0000, 0x0000, 0x0000, 0x0000, 0x0000, 0x0000, 0x0000, 0x0000,
    0x0000, 0x0000, 0x0000, 0x0000, 0x0000, 0x0000, 0x0000, 0x0000, 0x0000, 0x0000, 0x0000, 0x0000, 0x0000, 0x0000, 0x0000, 0x0000,
    0x0000, 0x0000, 0x0000, 0x0000, 0x0000, 0x0000, 0x0000, 0x0000, 0x0000, 0x0000, 0x0000, 0x0000, 0x0000, 0x0000, 0x0000, 0x0000,
    0x0000, 0x0000, 0x0000, 0x0000, 0x0000, 0x0000, 0x0000, 0x0000, 0x0000, 0x0000, 0x0000, 0x0000, 0x0000, 0x0000, 0x0000, 0x0000,
    0x0000, 0x0000, 0x0000, 0x0000, 0x0000, 0x0000, 0x0000, 0x0000, 0x0000, 0x0000, 0x0000, 0x0000, 0x0000, 0x0000, 0x0000, 0x0000,
    0x0000, 0x0000, 0x0000, 0x0000, 0x0000, 0x0000, 0x0000, 0x0000, 0x0000, 0x0000, 0x0000, 0x0000, 0x0000, 0x0000, 0x0000, 0x0000,
    0x0000, 0x0000, 0x0000, 0x0000, 0x0000, 0x0000, 0x0000, 0x0000, 0x0000, 0x0000, 0x0000, 0x0000, 0x0000, 0x0000, 0x0000, 0x0000,
    0x0000, 0x0000, 0x0000, 0x0000, 0x0000, 0x0000, 0x0000, 0x0000, 0x0000, 0x0000, 0x0000, 0x0000, 0x0000, 0x0000, 0x0000, 0x0000,
    0x0000, 0x0000, 0x0000, 0x0000, 0x0000, 0x0000, 0x0000, 0x0000, 0x0000, 0x0000, 0x0000, 0x0000, 0x0000, 0x0000, 0x0000, 0x0000,
    0x0000, 0x0000, 0x0000, 0x0800, 0x0801, 0x1001, 0x1802, 0x1001, 0x2002, 0x8009, 0xD810, 0xE011, 0xD810, 0xE010, 0xE010, 0xE010,
    0xE010, 0xE010, 0xE010, 0xE010, 0xE010, 0xE010, 0xE010, 0xE010, 0xE010, 0xE010, 0xE010, 0xE010, 0xE010, 0xE010, 0xE010, 0xE010,
    0xE010, 0xE010, 0xE010, 0xE010, 0xE010, 0xE010, 0xE010, 0xE010, 0xE010, 0xE010, 0xE010, 0xE010, 0xE010, 0xE010, 0xE010, 0xE010,
    0xE010, 0xE010, 0xE010, 0xE010, 0xE010, 0xE010, 0xE010, 0xE010, 0xE010, 0xE010, 0xE010, 0xE010, 0xE010, 0xE010, 0xE010, 0xE010,
    0xE010, 0xE010, 0xE010, 0xE010, 0xE010, 0xE010, 0xE010, 0xE010, 0xE010, 0xE010, 0xE010, 0xE010, 0xE010, 0xE010, 0xE010, 0xD810,
    0xD810, 0xE010, 0xE010, 0xD810, 0xD810, 0xE811, 0xC02E, 0x4805, 0x0800, 0x1002, 0x1802, 0x1001, 0x0800, 0x0000, 0x0000, 0x0000,
    0x0000, 0x0000, 0x0000, 0x0000, 0x0000, 0x0000, 0x0000, 0x0000, 0x0000, 0x0000, 0x0000, 0x0000, 0x0000, 0x0000, 0x0000, 0x0000,
    0x0000, 0x0000, 0x0000, 0x0000, 0x0000, 0x0000, 0x0000, 0x0000, 0x0000, 0x0000, 0x0000, 0x0000, 0x0000, 0x0000, 0x0000, 0x0000,
    0x0000, 0x0000, 0x0000, 0x0000, 0x0000, 0x0000, 0x0000, 0x0000, 0x0000, 0x0000, 0x0000, 0x0000, 0x0000, 0x0000, 0x0000, 0x0000,
    0x0000, 0x0000, 0x0000, 0x0000, 0x0000, 0x0000, 0x0000, 0x0000, 0x0000, 0x0000, 0x0000, 0x0000, 0x0000, 0x0000, 0x0000, 0x0000,
    0x0000, 0x0000, 0x0000, 0x0000, 0x0000, 0x0000, 0x0000, 0x0000, 0x0000, 0x0000, 0x0000, 0x0000, 0x0000, 0x0000, 0x0000, 0x0000,
    0x0000, 0x0000, 0x0000, 0x0000, 0x0000, 0x0000, 0x0000, 0x0000, 0x0000, 0x0000, 0x0000, 0x0000, 0x0000, 0x0000, 0x0000, 0x0000,
    0x0000, 0x0000, 0x0000, 0x0000, 0x0000, 0x0000, 0x0000, 0x0000, 0x0000, 0x0000, 0x0000, 0x0000, 0x0000, 0x0000, 0x0000, 0x0000,
    0x0000, 0x0000, 0x0000, 0x0000, 0x0000, 0x0000, 0x0000, 0x0000, 0x0000, 0x0000, 0x0000, 0x0000, 0x0000, 0x0000, 0x0000, 0x0000,
    0x0000, 0x0000, 0x0000, 0x0000, 0x0000, 0x0000, 0x0000, 0x0000, 0x0000, 0x0000, 0x0000, 0x0000, 0x0000, 0x0000, 0x0000, 0x0000,
    0x0000, 0x0000, 0x0000, 0x0000, 0x0000, 0x0000, 0x0000, 0x0000, 0x0000, 0x0000, 0x0000, 0x0000, 0x0000, 0x0000, 0x0000, 0x0000,
    0x0000, 0x0000, 0x0000, 0x0000, 0x0000, 0x0000, 0x0000, 0x0000, 0x0000, 0x0000, 0x0000, 0x0000, 0x0000, 0x0000, 0x0000, 0x0000,
    0x0000, 0x0000, 0x0000, 0x0000, 0x0000, 0x0000, 0x0000, 0x0000, 0x0000, 0x0000, 0x0000, 0x0000, 0x0000, 0x0000, 0x0000, 0x0000,
    0x0000, 0x0000, 0x0000, 0x0000, 0x0000, 0x0000, 0x0000, 0x0000, 0x0000, 0x0000, 0x0000, 0x0000, 0x0000, 0x0000, 0x0000, 0x0000,
    0x0000, 0x0000, 0x0000, 0x0000, 0x0000, 0x0000, 0x0000, 0x0000, 0x0000, 0x0000, 0x0000, 0x0000, 0x0000, 0x0000, 0x0000, 0x0000,
    0x0000, 0x0800, 0x0801, 0x1001, 0x1802, 0x1802, 0x1001, 0x5806, 0xE010, 0xF812, 0xE810, 0xE810, 0xF010, 0xF011, 0xF011, 0xF011,
    0xF011, 0xF811, 0xF811, 0xF011, 0xF811, 0xF811, 0xF811, 0xF811, 0xF811, 0xF811, 0xF811, 0xF811, 0xF811, 0xF811, 0xF811, 0xF811,
    0xF811, 0xF811, 0xF811, 0xF811, 0xF811, 0xF811, 0xF811, 0xF011, 0xF011, 0xF011, 0xF011, 0xF011, 0xF011, 0xF011, 0xF011, 0xF011,
    0xF011, 0xF011, 0xF011, 0xF011, 0xF011, 0xF011, 0xF011, 0xF011, 0xF011, 0xF011, 0xF011, 0xF011, 0xF011, 0xF011, 0xF011, 0xF011,
    0xF011, 0xF011, 0xF011, 0xF011, 0xF011, 0xF011, 0xF011, 0xF011, 0xF011, 0xF011, 0xF011, 0xF011, 0xF011, 0xF011, 0xF011, 0xF011,
    0xF011, 0xF011, 0xF011, 0xF011, 0xF011, 0xF011, 0xF812, 0xF012, 0x902A, 0x2803, 0x1802, 0x1802, 0x1001, 0x1001, 0x0800, 0x0000,
    0x0000, 0x0000, 0x0000, 0x0000, 0x0000, 0x0000, 0x0000, 0x0000, 0x0000, 0x0000, 0x0000, 0x0000, 0x0000, 0x0000, 0x0000, 0x0000,
    0x0000, 0x0000, 0x0000, 0x0000, 0x0000, 0x0000, 0x0000, 0x0000, 0x0000, 0x0000, 0x0000, 0x0000, 0x0000, 0x0000, 0x0000, 0x0000,
    0x0000, 0x0000, 0x0000, 0x0000, 0x0000, 0x0000, 0x0000, 0x0000, 0x0000, 0x0000, 0x0000, 0x0000, 0x0000, 0x0000, 0x0000, 0x0000,
    0x0000, 0x0000, 0x0000, 0x0000, 0x0000, 0x0000, 0x0000, 0x0000, 0x0000, 0x0000, 0x0000, 0x0000, 0x0000, 0x0000, 0x0000, 0x0000,
    0x0000, 0x0000, 0x0000, 0x0000, 0x0000, 0x0000, 0x0000, 0x0000, 0x0000, 0x0000, 0x0000, 0x0000, 0x0000, 0x0000, 0x0000, 0x0000,
    0x0000, 0x0000, 0x0000, 0x0000, 0x0000, 0x0000, 0x0000, 0x0000, 0x0000, 0x0000, 0x0000, 0x0000, 0x0000, 0x0000, 0x0000, 0x0000,
    0x0000, 0x0000, 0x0000, 0x0000, 0x0000, 0x0000, 0x0000, 0x0000, 0x0000, 0x0000, 0x0000, 0x0000, 0x0000, 0x0000, 0x0000, 0x0000,
    0x0000, 0x0000, 0x0000, 0x0000, 0x0000, 0x0000, 0x0000, 0x0000, 0x0000, 0x0000, 0x0000, 0x0000, 0x0000, 0x0000, 0x0000, 0x0000,
    0x0000, 0x0000, 0x0000, 0x0000, 0x0000, 0x0000, 0x0000, 0x0000, 0x0000, 0x0000, 0x0000, 0x0000, 0x0000, 0x0000, 0x0000, 0x0000,
    0x0000, 0x0000, 0x0000, 0x0000, 0x0000, 0x0000, 0x0000, 0x0000, 0x0000, 0x0000, 0x0000, 0x0000, 0x0000, 0x0000, 0x0000, 0x0000,
    0x0000, 0x0000, 0x0000, 0x0000, 0x0000, 0x0000, 0x0000, 0x0000, 0x0000, 0x0000, 0x0000, 0x0000, 0x0000, 0x0000, 0x0000, 0x0000,
    0x0000, 0x0000, 0x0000, 0x0000, 0x0000, 0x0000, 0x0000, 0x0000, 0x0000, 0x0000, 0x0000, 0x0000, 0x0000, 0x0000, 0x0000, 0x0000,
    0x0000, 0x0000, 0x0000, 0x0000, 0x0000, 0x0000, 0x0000, 0x0000, 0x0000, 0x0000, 0x0000, 0x0000, 0x0000, 0x0000, 0x0000, 0x0000,
    0x0000, 0x0000, 0x0000, 0x0000, 0x0000, 0x0000, 0x0000, 0x0000, 0x0000, 0x0000, 0x0000, 0x0000, 0x0000, 0x0000, 0x0000, 0x0000,
    0x0800, 0x0801, 0x1001, 0x1802, 0x1802, 0x1002, 0x2005, 0x602A, 0x780C, 0x782C, 0x780C, 0x700B, 0x780B, 0x780C, 0x780C, 0x780C,
    0x780C, 0x780C, 0x780C, 0x780C, 0x780C, 0x780C, 0x800C, 0x780B, 0x780B, 0x800C, 0x800C, 0x800C, 0x800C, 0x800C, 0x800C, 0x800C,
    0x780C, 0x800C, 0x800C, 0x800C, 0x780C, 0x780C, 0x780C, 0x780C, 0x780C, 0x780C, 0x780C, 0x800C, 0x800C, 0x780C, 0x800C, 0x800C,
    0x800C, 0x800C, 0x800C, 0x800C, 0x800C, 0x800C, 0x800C, 0x800C, 0x780C, 0x780C, 0x800C, 0x780C, 0x800C, 0x800D, 0x800C, 0x800C,
    0x800C, 0x800C, 0x800C, 0x800C, 0x800C, 0x780C, 0x780C, 0x780C, 0x780C, 0x780C, 0x780C, 0x800C, 0x802C, 0x780C, 0x780C, 0x780C,
    0x780C, 0x780C, 0x700B, 0x700B, 0x780C, 0x800C, 0x780C, 0x700B, 0x800D, 0x4828, 0x1002, 0x1802, 0x2003, 0x1802, 0x0801, 0x0800,
    0x0000, 0x0000, 0x0000, 0x0000, 0x0000, 0x0000, 0x0000, 0x0000, 0x0000, 0x0000, 0x0000, 0x0000, 0x0000, 0x0000, 0x0000, 0x0000,
    0x0000, 0x0000, 0x0000, 0x0000, 0x0000, 0x0000, 0x0000, 0x0000, 0x0000, 0x0000, 0x0000, 0x0000, 0x0000, 0x0000, 0x0000, 0x0000,
    0x0000, 0x0000, 0x0000, 0x0000, 0x0000, 0x0000, 0x0000, 0x0000, 0x0000, 0x0000, 0x0000, 0x0000, 0x0000, 0x0000, 0x0000, 0x0000,
    0x0000, 0x0000, 0x0000, 0x0000, 0x0000, 0x0000, 0x0000, 0x0000, 0x0000, 0x0000, 0x0000, 0x0000, 0x0000, 0x0000, 0x0000, 0x0000,
    0x0000, 0x0000, 0x0000, 0x0000, 0x0000, 0x0000, 0x0000, 0x0000, 0x0000, 0x0000, 0x0000, 0x0000, 0x0000, 0x0000, 0x0000, 0x0000,
    0x0000, 0x0000, 0x0000, 0x0000, 0x0000, 0x0000, 0x0000, 0x0000, 0x0000, 0x0000, 0x0000, 0x0000, 0x0000, 0x0000, 0x0000, 0x0000,
    0x0000, 0x0000, 0x0000, 0x0000, 0x0000, 0x0000, 0x0000, 0x0000, 0x0000, 0x0000, 0x0000, 0x0000, 0x0000, 0x0000, 0x0000, 0x0000,
    0x0000, 0x0000, 0x0000, 0x0000, 0x0000, 0x0000, 0x0000, 0x0000, 0x0000, 0x0000, 0x0000, 0x0000, 0x0000, 0x0000, 0x0000, 0x0000,
    0x0000, 0x0000, 0x0000, 0x0000, 0x0000, 0x0000, 0x0000, 0x0000, 0x0000, 0x0800, 0x0800, 0x0000, 0x0000, 0x0000, 0x0000, 0x0000,
    0x0000, 0x0000, 0x0000, 0x0000, 0x0000, 0x0000, 0x0000, 0x0000, 0x0000, 0x0000, 0x0000, 0x0000, 0x0000, 0x0000, 0x0000, 0x0000,
    0x0000, 0x0000, 0x0000, 0x0000, 0x0000, 0x0000, 0x0000, 0x0000, 0x0000, 0x0000, 0x0000, 0x0000, 0x0000, 0x0000, 0x0000, 0x0000,
    0x0000, 0x0000, 0x0000, 0x0000, 0x0000, 0x0000, 0x0000, 0x0000, 0x0000, 0x0000, 0x0000, 0x0000, 0x0000, 0x0000, 0x0000, 0x0000,
    0x0000, 0x0000, 0x0000, 0x0000, 0x0000, 0x0000, 0x0000, 0x0000, 0x0000, 0x0000, 0x0000, 0x0000, 0x0000, 0x0000, 0x0000, 0x0000,
    0x0000, 0x0000, 0x0000, 0x0000, 0x0000, 0x0000, 0x0000, 0x0000, 0x0000, 0x0000, 0x0000, 0x0000, 0x0000, 0x0000, 0x0000, 0x0000,
    0x0000, 0x0000, 0x0801, 0x0000, 0x2002, 0x5808, 0x580A, 0x4008, 0x4809, 0x500A, 0x502A, 0x4809, 0x4809, 0x500A, 0x500A, 0x480A,
    0x480A, 0x480A, 0x480A, 0x4809, 0x4809, 0x500A, 0x480A, 0x4809, 0x4008, 0x4809, 0x500A, 0x500A, 0x500A, 0x500A, 0x500A, 0x500A,
    0x500A, 0x500A, 0x500A, 0x500A, 0x500A, 0x500A, 0x500A, 0x500A, 0x500A, 0x500A, 0x500A, 0x500A, 0x500A, 0x500A, 0x500A, 0x500A,
    0x580A, 0x580A, 0x580A, 0x580A, 0x580A, 0x500A, 0x500A, 0x500A, 0x500A, 0x500A, 0x500A, 0x500A, 0x500A, 0x500A, 0x500A, 0x500A,
    0x500A, 0x500A, 0x500A, 0x500A, 0x500A, 0x500A, 0x500A, 0x500A, 0x502A, 0x502A, 0x502A, 0x502B, 0x502A, 0x502A, 0x500A, 0x480A,
    0x500A, 0x4809, 0x4009, 0x4809, 0x480A, 0x480A, 0x4809, 0x4809, 0x4809, 0x500A, 0x4807, 0x3805, 0x0801, 0x1001, 0x0800, 0x0000,
    0x0000, 0x0000, 0x0000, 0x0000, 0x0000, 0x0000, 0x0000, 0x0000, 0x0000, 0x0000, 0x0000, 0x0000, 0x0000, 0x0000, 0x0000, 0x0000,
    0x0000, 0x0000, 0x0000, 0x0000, 0x0000, 0x0000, 0x0000, 0x0000, 0x0000, 0x0000, 0x0000, 0x0000, 0x0000, 0x0000, 0x0000, 0x0000,
    0x0000, 0x0000, 0x0000, 0x0000, 0x0000, 0x0000, 0x0000, 0x0000, 0x0000, 0x0000, 0x0000, 0x0000, 0x0000, 0x0000, 0x0000, 0x0000,
    0x0000, 0x0000, 0x0000, 0x0000, 0x0000, 0x0000, 0x0000, 0x0000, 0x0000, 0x0000, 0x0000, 0x0000, 0x0000, 0x0000, 0x0000, 0x0000,
    0x0000, 0x0000, 0x0000, 0x0000, 0x0000, 0x0000, 0x0000, 0x0000, 0x0000, 0x0000, 0x0000, 0x0000, 0x0000, 0x0000, 0x0000, 0x0000,
    0x0000, 0x0000, 0x0000, 0x0000, 0x0000, 0x0000, 0x0000, 0x0801, 0x1001, 0x0000, 0x0000, 0x0000, 0x0000, 0x0000, 0x0000, 0x0000,
    0x0000, 0x0000, 0x0000, 0x0000, 0x0000, 0x0000, 0x0000, 0x0000, 0x0000, 0x0000, 0x0000, 0x0000, 0x0000, 0x0000, 0x0000, 0x0000,
    0x0000, 0x0000, 0x0000, 0x0000, 0x0000, 0x0000, 0x0000, 0x0000, 0x0000, 0x0000, 0x0000, 0x0000, 0x0000, 0x0000, 0x0000, 0x0000,
    0x0000, 0x0000, 0x0000, 0x0000, 0x0000, 0x0000, 0x0000, 0x0000, 0x0801, 0x502C, 0x982C, 0x1001, 0x0000, 0x0000, 0x0000, 0x0000,
    0x0000, 0x0000, 0x0000, 0x0000, 0x0000, 0x0000, 0x0000, 0x0000, 0x0000, 0x0000, 0x0000, 0x0000, 0x0000, 0x0000, 0x0000, 0x0000,
    0x0000, 0x0000, 0x0000, 0x0000, 0x0000, 0x0000, 0x0000, 0x0000, 0x0000, 0x0000, 0x0000, 0x0000, 0x0000, 0x0000, 0x0000, 0x0000,
    0x0000, 0x0000, 0x0000, 0x0000, 0x0000, 0x0000, 0x0000, 0x0000, 0x0000, 0x0000, 0x0000, 0x0000, 0x0000, 0x0000, 0x0000, 0x0000,
    0x0000, 0x0000, 0x0000, 0x0000, 0x0000, 0x0000, 0x0000, 0x0000, 0x0000, 0x0000, 0x0000, 0x0000, 0x0000, 0x0000, 0x0000, 0x0000,
    0x0000, 0x0000, 0x0000, 0x0000, 0x0000, 0x0000, 0x0000, 0x0000, 0x0000, 0x0000, 0x0000, 0x0000, 0x0000, 0x0000, 0x0800, 0x0801,
    0x1001, 0x1802, 0x1001, 0x3003, 0xC82D, 0xF010, 0xE810, 0xE810, 0xE810, 0xF010, 0xF010, 0xE810, 0xE810, 0xF011, 0xF011, 0xF011,
    0xE811, 0xF011, 0xF011, 0xE810, 0xF010, 0xF010, 0xF011, 0xF011, 0xF011, 0xF011, 0xF011, 0xF011, 0xF011, 0xF011, 0xF011, 0xF011,
    0xF011, 0xF011, 0xF010, 0xF011, 0xF011, 0xF011, 0xF010, 0xF010, 0xF010, 0xF010, 0xF010, 0xF010, 0xF010, 0xF011, 0xF011, 0xF011,
    0xF011, 0xE811, 0xE810, 0xE810, 0xE810, 0xE810, 0xE811, 0xF011, 0xF011, 0xF011, 0xF011, 0xF011, 0xF011, 0xF011, 0xF011, 0xF011,
    0xF011, 0xF011, 0xF011, 0xF011, 0xF011, 0xF011, 0xF011, 0xF011, 0xF010, 0xF010, 0xF010, 0xF011, 0xF011, 0xE811, 0xE810, 0xF010,
    0xF011, 0xE811, 0xE811, 0xF011, 0xF011, 0xF011, 0xE811, 0xF011, 0xF011, 0xE810, 0xE010, 0xE030, 0x7027, 0x1802, 0x2003, 0x1802,
    0x1001, 0x0800, 0x0000, 0x0000, 0x0000, 0x0000, 0x0000, 0x0000, 0x0000, 0x0000, 0x0000, 0x0000, 0x0000, 0x0000, 0x0000, 0x0000,
    0x0000, 0x0000, 0x0000, 0x0000, 0x0000, 0x0000, 0x0000, 0x0000, 0x0000, 0x0000, 0x0000, 0x0000, 0x0000, 0x0000, 0x0000, 0x0000,
    0x0000, 0x0000, 0x0000, 0x0000, 0x0000, 0x0000, 0x0000, 0x0000, 0x0000, 0x0000, 0x0000, 0x0000, 0x0000, 0x0000, 0x0000, 0x0000,
    0x0000, 0x0000, 0x0000, 0x0000, 0x0000, 0x0000, 0x0000, 0x0000, 0x0000, 0x0000, 0x0000, 0x0000, 0x0000, 0x0000, 0x0000, 0x0000,
    0x0000, 0x0000, 0x0000, 0x0000, 0x0000, 0x0000, 0x0000, 0x0000, 0x0000, 0x0000, 0x0000, 0x0000, 0x0000, 0x0000, 0x0000, 0x0000,
    0x0000, 0x0000, 0x0000, 0x0000, 0x0000, 0x0000, 0x1001, 0x902C, 0x602E, 0x1004, 0x0000, 0x0000, 0x0000, 0x0000, 0x0000, 0x0000,
    0x0000, 0x0000, 0x0000, 0x0000, 0x0000, 0x0000, 0x0000, 0x0000, 0x0000, 0x0000, 0x0000, 0x0000, 0x0000, 0x0000, 0x0000, 0x0000,
    0x0000, 0x0000, 0x0000, 0x0000, 0x0000, 0x0000, 0x0000, 0x0000, 0x0000, 0x0000, 0x0000, 0x0000, 0x0000, 0x0000, 0x0000, 0x0000,
    0x0000, 0x0000, 0x0000, 0x0000, 0x0000, 0x0000, 0x0000, 0x1003, 0x402D, 0x2826, 0xC010, 0x982D, 0x0801, 0x0000, 0x0000, 0x0000,
    0x0000, 0x0000, 0x0000, 0x0000, 0x0000, 0x0000, 0x0000, 0x0000, 0x0000, 0x0000, 0x0000, 0x0000, 0x0000, 0x0000, 0x0000, 0x0000,
    0x0000, 0x0000, 0x0000, 0x0000, 0x0000, 0x0000, 0x0000, 0x0000, 0x0000, 0x0000, 0x0000, 0x0000, 0x0000, 0x0000, 0x0000, 0x0000,
    0x0000, 0x0000, 0x0000, 0x0000, 0x0000, 0x0000, 0x0000, 0x0000, 0x0000, 0x0000, 0x0000, 0x0000, 0x0000, 0x0000, 0x0000, 0x0000,
    0x0000, 0x0000, 0x0000, 0x0000, 0x0000, 0x0000, 0x0000, 0x0000, 0x0000, 0x0000, 0x0000, 0x0000, 0x0000, 0x0000, 0x0000, 0x0000,
    0x0000, 0x0000, 0x0000, 0x0000, 0x0000, 0x0000, 0x0000, 0x0000, 0x0000, 0x0000, 0x0000, 0x0000, 0x0000, 0x0800, 0x0801, 0x1001,
    0x1802, 0x0801, 0x4805, 0xD80F, 0xE810, 0xE00F, 0xE00F, 0xE010, 0xE810, 0xE810, 0xE810, 0xE810, 0xE010, 0xE810, 0xE810, 0xE810,
    0xE810, 0xE810, 0xE810, 0xE810, 0xE810, 0xE810, 0xE810, 0xE810, 0xE810, 0xE810, 0xE810, 0xE810, 0xE810, 0xE810, 0xE810, 0xE810,
    0xE810, 0xE810, 0xE810, 0xE810, 0xE810, 0xE810, 0xE810, 0xE810, 0xE810, 0xE810, 0xE810, 0xE810, 0xE810, 0xE810, 0xE810, 0xE810,
    0xE810, 0xE810, 0xE810, 0xE810, 0xE810, 0xE810, 0xE810, 0xE810, 0xE810, 0xE810, 0xE810, 0xE810, 0xE810, 0xE810, 0xE810, 0xE810,
    0xE810, 0xE810, 0xE810, 0xE810, 0xE810, 0xE810, 0xE810, 0xE810, 0xE810, 0xE810, 0xE810, 0xE810, 0xE810, 0xE810, 0xE810, 0xE810,
    0xE810, 0xE010, 0xE810, 0xE810, 0xE810, 0xE810, 0xE810, 0xE810, 0xE810, 0xE010, 0xE010, 0xE810, 0xF011, 0x880A, 0x1801, 0x1802,
    0x1802, 0x1001, 0x0800, 0x0000, 0x0000, 0x0000, 0x0000, 0x0000, 0x0000, 0x0000, 0x0000, 0x0000, 0x0000, 0x0000, 0x0000, 0x0000,
    0x0000, 0x0000, 0x0000, 0x0000, 0x0000, 0x0000, 0x0000, 0x0000, 0x0000, 0x0000, 0x0000, 0x0000, 0x0000, 0x0000, 0x0000, 0x0000,
    0x0000, 0x0000, 0x0000, 0x0000, 0x0000, 0x0000, 0x0000, 0x0000, 0x0000, 0x0000, 0x0000, 0x0000, 0x0000, 0x0000, 0x0000, 0x0000,
    0x0000, 0x0000, 0x0000, 0x0000, 0x0000, 0x0000, 0x0000, 0x0000, 0x0000, 0x0000, 0x0000, 0x0000, 0x0000, 0x0000, 0x0000, 0x0000,
    0x0000, 0x0000, 0x0000, 0x0000, 0x0000, 0x0000, 0x0000, 0x0000, 0x0000, 0x0000, 0x0000, 0x0000, 0x0000, 0x0000, 0x0000, 0x0000,
    0x0000, 0x0000, 0x0000, 0x0000, 0x0000, 0x0800, 0x900B, 0xC011, 0x2025, 0x482E, 0x2006, 0x0000, 0x0000, 0x0000, 0x0000, 0x0000,
    0x0000, 0x0000, 0x0000, 0x0000, 0x0000, 0x0000, 0x0000, 0x0000, 0x0000, 0x0000, 0x0000, 0x0000, 0x0000, 0x0000, 0x0000, 0x0000,
    0x0000, 0x0000, 0x0000, 0x0000, 0x0000, 0x0000, 0x0000, 0x0000, 0x0000, 0x0000, 0x0000, 0x0000, 0x0000, 0x0000, 0x0000, 0x0000,
    0x0000, 0x0000, 0x0000, 0x0000, 0x0000, 0x0000, 0x1805, 0x480F, 0x1003, 0x0000, 0x880C, 0xB00F, 0x802B, 0x0001, 0x0000, 0x0000,
    0x0000, 0x0000, 0x0000, 0x0000, 0x0000, 0x0000, 0x0000, 0x0000, 0x0000, 0x0000, 0x0000, 0x0000, 0x0000, 0x0000, 0x0000, 0x0000,
    0x0000, 0x0000, 0x0000, 0x0000, 0x0000, 0x0000, 0x0000, 0x0000, 0x0000, 0x0000, 0x0000, 0x0000, 0x0000, 0x0000, 0x0000, 0x0000,
    0x0000, 0x0000, 0x0000, 0x0000, 0x0000, 0x0000, 0x0000, 0x0000, 0x0000, 0x0000, 0x0000, 0x0000, 0x0000, 0x0000, 0x0000, 0x0000,
    0x0000, 0x0000, 0x0000, 0x0000, 0x0000, 0x0000, 0x0000, 0x0000, 0x0000, 0x0000, 0x0000, 0x0000, 0x0000, 0x0000, 0x0000, 0x0000,
    0x0000, 0x0000, 0x0000, 0x0000, 0x0000, 0x0000, 0x0000, 0x0000, 0x0000, 0x0000, 0x0000, 0x0000, 0x0000, 0x0801, 0x1001, 0x1002,
    0x0801, 0x6006, 0xE80F, 0xE810, 0xE80F, 0xE810, 0xE810, 0xE810, 0xE810, 0xE810, 0xE810, 0xE810, 0xE810, 0xE810, 0xE810, 0xE810,
    0xE810, 0xE810, 0xE810, 0xE810, 0xE810, 0xE810, 0xE810, 0xE810, 0xE810, 0xE810, 0xE810, 0xE810, 0xE810, 0xE810, 0xE810, 0xE810,
    0xE810, 0xE810, 0xE810, 0xE810, 0xE810, 0xE810, 0xE810, 0xE810, 0xE810, 0xE810, 0xE810, 0xE810, 0xE810, 0xE810, 0xE810, 0xE810,
    0xE810, 0xE810, 0xE810, 0xE810, 0xE810, 0xE810, 0xE810, 0xE810, 0xE810, 0xE810, 0xE810, 0xE810, 0xE810, 0xE810, 0xE810, 0xE810,
    0xE810, 0xE810, 0xE810, 0xE810, 0xE810, 0xE810, 0xE810, 0xE810, 0xE810, 0xE810, 0xE810, 0xE810, 0xE810, 0xE810, 0xE810, 0xE810,
    0xE810, 0xE810, 0xE810, 0xE810, 0xE810, 0xE810, 0xE810, 0xE810, 0xE810, 0xE810, 0xE810, 0xE810, 0xE810, 0xF011, 0x980B, 0x1802,
    0x1802, 0x1802, 0x1001, 0x0801, 0x0000, 0x0000, 0x0000, 0x0000, 0x0000, 0x0000, 0x0000, 0x0000, 0x0000, 0x0000, 0x0000, 0x0000,
    0x0000, 0x0000, 0x0000, 0x0000, 0x0000, 0x0000, 0x0000, 0x0000, 0x0000, 0x0000, 0x0000, 0x0000, 0x0000, 0x0000, 0x0000, 0x0000,
    0x0000, 0x0000, 0x0000, 0x0000, 0x0000, 0x0000, 0x0000, 0x0000, 0x0000, 0x0000, 0x0000, 0x0000, 0x0000, 0x0000, 0x0000, 0x0000,
    0x0000, 0x0000, 0x0000, 0x0000, 0x0000, 0x0000, 0x0000, 0x0000, 0x0000, 0x0000, 0x0000, 0x0000, 0x0000, 0x0000, 0x0000, 0x0000,
    0x0000, 0x0000, 0x0000, 0x0000, 0x0000, 0x0000, 0x0000, 0x0000, 0x0000, 0x0000, 0x0000, 0x0000, 0x0000, 0x0000, 0x0000, 0x0000,
    0x0000, 0x0000, 0x0000, 0x0000, 0x0800, 0x800A, 0xA80E, 0x780A, 0x0000, 0x0802, 0x402E, 0x2007, 0x0000, 0x0000, 0x0000, 0x0000,
    0x0000, 0x0000, 0x0000, 0x0000, 0x0000, 0x0000, 0x0000, 0x0000, 0x0000, 0x0000, 0x0000, 0x0000, 0x0000, 0x0000, 0x0000, 0x0000,
    0x0000, 0x0000, 0x0000, 0x0000, 0x0000, 0x0000, 0x0000, 0x0000, 0x0000, 0x0000, 0x0000, 0x0000, 0x0000, 0x0000, 0x0000, 0x0000,
    0x0000, 0x0000, 0x0000, 0x0000, 0x0000, 0x2807, 0x480E, 0x1003, 0x0000, 0x0000, 0x780A, 0x784D, 0xC030, 0x902C, 0x0000, 0x0000,
    0x0000, 0x0000, 0x0000, 0x0000, 0x0000, 0x0000, 0x0000, 0x0000, 0x0000, 0x0000, 0x0000, 0x0000, 0x0000, 0x0000, 0x0000, 0x0000,
    0x0000, 0x0000, 0x0000, 0x0000, 0x0000, 0x0000, 0x0000, 0x0000, 0x0000, 0x0000, 0x0000, 0x0000, 0x0000, 0x0000, 0x0000, 0x0000,
    0x0000, 0x0000, 0x0000, 0x0000, 0x0000, 0x0000, 0x0000, 0x0000, 0x0000, 0x0000, 0x0000, 0x0000, 0x0000, 0x0000, 0x0000, 0x0000,
    0x0000, 0x0000, 0x0000, 0x0000, 0x0000, 0x0000, 0x0000, 0x0000, 0x0000, 0x0000, 0x0000, 0x0000, 0x0000, 0x0000, 0x0000, 0x0000,
    0x0000, 0x0000, 0x0000, 0x0000, 0x0000, 0x0000, 0x0000, 0x0000, 0x0000, 0x0000, 0x0000, 0x0800, 0x1001, 0x1002, 0x1802, 0x1001,
    0x5006, 0xE010, 0xE00F, 0xD80F, 0xE00F, 0xE00F, 0xE00F, 0xE00F, 0xE00F, 0xE00F, 0xE00F, 0xE00F, 0xE00F, 0xE010, 0xE010, 0xE810,
    0xE010, 0xE010, 0xE010, 0xE010, 0xE010, 0xE010, 0xE010, 0xE010, 0xE010, 0xE010, 0xE010, 0xE010, 0xE010, 0xE010, 0xE010, 0xE010,
    0xE010, 0xE010, 0xE010, 0xE010, 0xE010, 0xE010, 0xE010, 0xE010, 0xE010, 0xE010, 0xD80F, 0xE010, 0xE010, 0xE810, 0xE810, 0xE030,
    0xE030, 0xE010, 0xE010, 0xE010, 0xE010, 0xE010, 0xE010, 0xE010, 0xE010, 0xE010, 0xE010, 0xE010, 0xE810, 0xE010, 0xE010, 0xE010,
    0xE010, 0xE010, 0xE010, 0xE010, 0xE010, 0xE010, 0xE010, 0xE010, 0xE010, 0xE00F, 0xE00F, 0xE00F, 0xE00F, 0xE010, 0xE010, 0xE010,
    0xE00F, 0xE010, 0xE010, 0xE010, 0xE010, 0xE010, 0xE010, 0xE010, 0xE010, 0xE010, 0xE010, 0xE010, 0xD810, 0xD80F, 0xF011, 0x980B,
    0x2002, 0x2803, 0x2003, 0x1802, 0x0801, 0x0000, 0x0000, 0x0000, 0x0000, 0x0000, 0x0000, 0x0000, 0x0000, 0x0000, 0x0000, 0x0000,
    0x0000, 0x0000, 0x0000, 0x0000, 0x0000, 0x0000, 0x0000, 0x0000, 0x0000, 0x0000, 0x0000, 0x0000, 0x0000, 0x0000, 0x0000, 0x0000,
    0x0000, 0x0000, 0x0000, 0x0000, 0x0000, 0x0000, 0x0000, 0x0000, 0x0000, 0x0000, 0x0000, 0x0000, 0x0000, 0x0000, 0x0000, 0x0000,
    0x0000, 0x0000, 0x0000, 0x0000, 0x0000, 0x0000, 0x0000, 0x0000, 0x0000, 0x0000, 0x0000, 0x0000, 0x0000, 0x0000, 0x0000, 0x0000,
    0x0000, 0x0000, 0x0000, 0x0000, 0x0000, 0x0000, 0x0000, 0x0000, 0x0000, 0x0000, 0x0000, 0x0000, 0x0000, 0x0000, 0x0000, 0x0000,
    0x0000, 0x0000, 0x0000, 0x1001, 0xA82E, 0xA810, 0x802E, 0x700A, 0x0000, 0x0000, 0x0000, 0x380B, 0x2809, 0x0000, 0x0000, 0x0000,
    0x0000, 0x0000, 0x0000, 0x0000, 0x0000, 0x0000, 0x0000, 0x0000, 0x0000, 0x0000, 0x0000, 0x0000, 0x0000, 0x0000, 0x0000, 0x0000,
    0x0000, 0x0000, 0x0000, 0x0000, 0x0000, 0x0000, 0x0000, 0x0000, 0x0000, 0x0000, 0x0000, 0x0000, 0x0000, 0x0000, 0x0000, 0x0000,
    0x0000, 0x0000, 0x0000, 0x0000, 0x1004, 0x400F, 0x0802, 0x0000, 0x0000, 0x0020, 0x800A, 0x782F, 0x702E, 0xC011, 0x780B, 0x0000,
    0x0000, 0x0000, 0x0000, 0x0000, 0x0000, 0x0000, 0x0000, 0x0000, 0x0000, 0x0000, 0x0000, 0x0000, 0x0000, 0x0000, 0x0000, 0x0000,
    0x0000, 0x0000, 0x0000, 0x0000, 0x0000, 0x0000, 0x0000, 0x0000, 0x0000, 0x0000, 0x0000, 0x0000, 0x0000, 0x0000, 0x0000, 0x0000,
    0x0000, 0x0000, 0x0000, 0x0000, 0x0000, 0x0000, 0x0000, 0x0000, 0x0000, 0x0000, 0x0000, 0x0000, 0x0000, 0x0000, 0x0000, 0x0000,
    0x0000, 0x0000, 0x0000, 0x0000, 0x0000, 0x0000, 0x0000, 0x0000, 0x0000, 0x0000, 0x0000, 0x0000, 0x0000, 0x0000, 0x0000, 0x0000,
    0x0000, 0x0000, 0x0000, 0x0000, 0x0000, 0x0000, 0x0000, 0x0000, 0x0000, 0x0000, 0x0000, 0x0000, 0x0000, 0x0800, 0x0000, 0x0802,
    0x3809, 0x380A, 0x400A, 0x4009, 0x380A, 0x380A, 0x400A, 0x400A, 0x380A, 0x400A, 0x400A, 0x400A, 0x400A, 0x400A, 0x400A, 0x400B,
    0x400A, 0x400A, 0x400A, 0x400B, 0x400B, 0x400B, 0x400B, 0x480B, 0x480B, 0x480B, 0x480B, 0x480B, 0x480B, 0x482B, 0x482B, 0x482B,
    0x482B, 0x482B, 0x500B, 0x500B, 0x502B, 0x502B, 0x500B, 0x480A, 0x500B, 0x580C, 0x600D, 0x580B, 0x480A, 0x480A, 0x480A, 0x480A,
    0x4809, 0x4809, 0x500A, 0x580B, 0x600C, 0x680D, 0x580C, 0x500B, 0x480B, 0x482B, 0x480A, 0x480A, 0x480B, 0x480B, 0x482B, 0x502C,
    0x482C, 0x482B, 0x480B, 0x480B, 0x400B, 0x400A, 0x400A, 0x400A, 0x400A, 0x400A, 0x400A, 0x400A, 0x400B, 0x400B, 0x400B, 0x380A,
    0x3009, 0x400A, 0x400B, 0x400B, 0x400A, 0x400A, 0x400B, 0x400A, 0x400A, 0x400A, 0x402A, 0x400A, 0x3809, 0x400A, 0x380A, 0x4009,
    0x1805, 0x0801, 0x1002, 0x0801, 0x0000, 0x0000, 0x0000, 0x0000, 0x0000, 0x0000, 0x0000, 0x0000, 0x0000, 0x0000, 0x0000, 0x0000,
    0x0000, 0x0000, 0x0000, 0x0000, 0x0000, 0x0000, 0x0000, 0x0000, 0x0000, 0x0000, 0x0000, 0x0000, 0x0000, 0x0000, 0x0000, 0x0000,
    0x0000, 0x0000, 0x0000, 0x0000, 0x0000, 0x0000, 0x0000, 0x0000, 0x0000, 0x0000, 0x0000, 0x0000, 0x0000, 0x0000, 0x0000, 0x0000,
    0x0000, 0x0000, 0x0000, 0x0000, 0x0000, 0x0000, 0x0000, 0x0000, 0x0000, 0x0000, 0x0000, 0x0000, 0x0000, 0x0000, 0x0000, 0x0000,
    0x0000, 0x0000, 0x0000, 0x0000, 0x0000, 0x0000, 0x0000, 0x0000, 0x0000, 0x0000, 0x0000, 0x0000, 0x0000, 0x0000, 0x0000, 0x0000,
    0x0000, 0x0000, 0x1001, 0x904D, 0xB811, 0x502D, 0x9031, 0x5807, 0x0000, 0x0000, 0x0000, 0x0801, 0x402D, 0x3009, 0x0000, 0x0000,
    0x0000, 0x0000, 0x0000, 0x0000, 0x0000, 0x0000, 0x0000, 0x0000, 0x0000, 0x0000, 0x0000, 0x0000, 0x0000, 0x0000, 0x0000, 0x0000,
    0x0000, 0x0000, 0x0000, 0x0000, 0x0000, 0x0000, 0x0000, 0x0000, 0x0000, 0x0000, 0x0000, 0x0000, 0x0000, 0x0000, 0x0000, 0x0000,
    0x0000, 0x0000, 0x1003, 0x2806, 0x2007, 0x1004, 0x0000, 0x0000, 0x0000, 0x0000, 0x2803, 0x880E, 0x480D, 0x700D, 0x802E, 0x880B,
    0x0000, 0x0000, 0x0000, 0x0000, 0x0000, 0x0000, 0x0000, 0x0000, 0x0000, 0x0000, 0x0000, 0x0000, 0x0000, 0x0000, 0x0000, 0x0000,
    0x0000, 0x0000, 0x0000, 0x0000, 0x0000, 0x0000, 0x0000, 0x0000, 0x0000, 0x0000, 0x0000, 0x0000, 0x0000, 0x0000, 0x0000, 0x0000,
    0x0000, 0x0000, 0x0000, 0x0000, 0x0000, 0x0000, 0x0000, 0x0000, 0x0000, 0x0000, 0x0000, 0x0000, 0x0000, 0x0000, 0x0000, 0x0000,
    0x0000, 0x0000, 0x0000, 0x0000, 0x0000, 0x0000, 0x0000, 0x0000, 0x0000, 0x0000, 0x0000, 0x0000, 0x0000, 0x0000, 0x0000, 0x0000,
    0x0000, 0x0000, 0x0000, 0x0000, 0x0000, 0x0000, 0x0000, 0x0000, 0x0000, 0x0000, 0x0000, 0x0801, 0x1802, 0x0801, 0x4004, 0x880A,
    0x880C, 0x980D, 0x980D, 0x980D, 0x980D, 0x980D, 0x900D, 0x900D, 0x900D, 0x900D, 0x980D, 0x980D, 0x980D, 0x900D, 0x980D, 0x980D,
    0x980D, 0x980D, 0x980D, 0x980D, 0x980D, 0x980D, 0x980D, 0x980D, 0x980D, 0x980D, 0x980D, 0x980D, 0x980D, 0x980D, 0x980D, 0x980D,
    0x980D, 0xA00D, 0xA00E, 0xA00D, 0x980D, 0xA00D, 0xA00E, 0xA00E, 0x900D, 0x700B, 0x4808, 0x4027, 0x4847, 0x4847, 0x4027, 0x5189,
    0x520A, 0x4969, 0x38C8, 0x392A, 0x28A9, 0x3828, 0x5008, 0x880B, 0xA00D, 0x980D, 0x880C, 0x900D, 0x980D, 0x980D, 0x980D, 0x980D,
    0xA00D, 0xA00D, 0x980D, 0x980D, 0x980D, 0x980D, 0x980D, 0x980D, 0x980D, 0x980D, 0x980D, 0x980D, 0x980D, 0x980D, 0x980D, 0x980D,
    0x980D, 0x980D, 0x982D, 0x982D, 0x982D, 0x982D, 0x982D, 0x900D, 0x900D, 0x982D, 0x980D, 0x980C, 0x980D, 0x980D, 0x980D, 0x880C,
    0x900C, 0x7008, 0x1001, 0x1801, 0x1001, 0x0800, 0x0000, 0x0000, 0x0000, 0x0000, 0x0000, 0x0000, 0x0000, 0x0000, 0x0000, 0x0000,
    0x0000, 0x0000, 0x0000, 0x0000, 0x0000, 0x0000, 0x0000, 0x0000, 0x0000, 0x0000, 0x0000, 0x0000, 0x0000, 0x0000, 0x0000, 0x0000,
    0x0000, 0x0000, 0x0000, 0x0000, 0x0000, 0x0000, 0x0000, 0x0000, 0x0000, 0x0000, 0x0000, 0x0000, 0x0000, 0x0000, 0x0000, 0x0000,
    0x0000, 0x0000, 0x0000, 0x0000, 0x0000, 0x0000, 0x0000, 0x0000, 0x0000, 0x0000, 0x0000, 0x0000, 0x0000, 0x0000, 0x0000, 0x0000,
    0x0000, 0x0000, 0x0000, 0x0000, 0x0000, 0x0000, 0x0000, 0x0000, 0x0000, 0x0000, 0x0000, 0x0000, 0x0000, 0x0000, 0x0000, 0x0000,
    0x0000, 0x1801, 0xB02E, 0x982F, 0x480C, 0x582E, 0x700D, 0x0800, 0x0000, 0x0000, 0x0000, 0x0000, 0x0000, 0x3009, 0x2007, 0x0801,
    0x0000, 0x0000, 0x0000, 0x0000, 0x0000, 0x0000, 0x0000, 0x0000, 0x0000, 0x0000, 0x0000, 0x0000, 0x0000, 0x0000, 0x0000, 0x0000,
    0x0000, 0x0000, 0x0000, 0x0000, 0x0000, 0x0000, 0x0000, 0x0000, 0x0000, 0x0000, 0x0000, 0x0000, 0x0000, 0x0000, 0x0000, 0x0000,
    0x0000, 0x0000, 0x400B, 0x380B, 0x2008, 0x0000, 0x0000, 0x0000, 0x0000, 0x0000, 0x0000, 0x2004, 0x500D, 0x682E, 0x602C, 0xA00F,
    0x900D, 0x0000, 0x0000, 0x0000, 0x0000, 0x0000, 0x0000, 0x0000, 0x0000, 0x0000, 0x0000, 0x0000, 0x0000, 0x0000, 0x0000, 0x0000,
    0x0000, 0x0000, 0x0000, 0x0000, 0x0000, 0x0000, 0x0000, 0x0000, 0x0000, 0x0000, 0x0000, 0x0000, 0x0000, 0x0000, 0x0000, 0x0000,
    0x0000, 0x0000, 0x0000, 0x0000, 0x0000, 0x0000, 0x0000, 0x0000, 0x0000, 0x0000, 0x0000, 0x0000, 0x0000, 0x0000, 0x0000, 0x0000,
    0x0000, 0x0000, 0x0000, 0x0000, 0x0000, 0x0000, 0x0000, 0x0000, 0x0000, 0x0000, 0x0000, 0x0000, 0x0000, 0x0000, 0x0000, 0x0000,
    0x0000, 0x0000, 0x0000, 0x0000, 0x0000, 0x0000, 0x0000, 0x0000, 0x0000, 0x0000, 0x0801, 0x1802, 0x1802, 0x3804, 0xE02F, 0xF810,
    0xF010, 0xF810, 0xF810, 0xF810, 0xF810, 0xF830, 0xF810, 0xF810, 0xF810, 0xF810, 0xF810, 0xF810, 0xF810, 0xF830, 0xF810, 0xF810,
    0xF810, 0xF810, 0xF810, 0xF830, 0xF810, 0xF830, 0xF830, 0xF810, 0xF810, 0xF830, 0xF82F, 0xF810, 0xF810, 0xF80F, 0xF00F, 0xF00F,
    0xF810, 0xF810, 0xF810, 0xF00F, 0xF810, 0xF811, 0xE00E, 0xA00A, 0x7828, 0x780B, 0x882E, 0x9850, 0xD877, 0xD055, 0xE0F8, 0xE3FB,
    0xC3DB, 0xA239, 0x91D7, 0x5A36, 0x3A12, 0x322E, 0x21EC, 0x3908, 0x8049, 0xD80C, 0xF810, 0xF810, 0xF00F, 0xF80F, 0xF80F, 0xF80F,
    0xF80F, 0xF80F, 0xF80F, 0xF80F, 0xF80F, 0xF80F, 0xF80F, 0xF810, 0xF810, 0xF810, 0xF80F, 0xF810, 0xF810, 0xF810, 0xF810, 0xF830,
    0xF830, 0xF810, 0xF830, 0xF810, 0xF830, 0xF830, 0xF830, 0xF830, 0xF810, 0xF830, 0xF810, 0xF810, 0xF810, 0xF810, 0xF010, 0xF010,
    0xF010, 0xF811, 0x8809, 0x1801, 0x2002, 0x1001, 0x0800, 0x0000, 0x0000, 0x0000, 0x0000, 0x0000, 0x0000, 0x0000, 0x0000, 0x0000,
    0x0000, 0x0000, 0x0000, 0x0000, 0x0000, 0x0000, 0x0000, 0x0000, 0x0000, 0x0000, 0x0000, 0x0000, 0x0000, 0x0000, 0x0000, 0x0000,
    0x0000, 0x0000, 0x0000, 0x0000, 0x0000, 0x0000, 0x0000, 0x0000, 0x0000, 0x0000, 0x0000, 0x0000, 0x0000, 0x0000, 0x0000, 0x0000,
    0x0000, 0x0000, 0x0000, 0x0000, 0x0000, 0x0000, 0x0000, 0x0000, 0x0000, 0x0000, 0x0000, 0x0000, 0x0000, 0x0000, 0x0000, 0x0000,
    0x0000, 0x0000, 0x0000, 0x0000, 0x0000, 0x0000, 0x0000, 0x0000, 0x0000, 0x0000, 0x0000, 0x0000, 0x0000, 0x0000, 0x0000, 0x0000,
    0x1801, 0xA82E, 0xB811, 0x480B, 0x500E, 0x400D, 0x1805, 0x1801, 0x0000, 0x0000, 0x0000, 0x0000, 0x0000, 0x1806, 0x480F, 0x3009,
    0x0000, 0x0000, 0x0000, 0x0000, 0x0000, 0x0000, 0x0000, 0x0000, 0x0000, 0x0000, 0x0000, 0x0000, 0x0000, 0x0000, 0x0000, 0x0000,
    0x0000, 0x0000, 0x0000, 0x0000, 0x0000, 0x0000, 0x0000, 0x0000, 0x0000, 0x0000, 0x0000, 0x0000, 0x0000, 0x0000, 0x0000, 0x0000,
    0x0801, 0x0802, 0x1005, 0x1005, 0x0802, 0x0000, 0x0000, 0x0000, 0x0000, 0x0800, 0x880A, 0x4806, 0x1805, 0x480C, 0x682E, 0x482A,
    0x880E, 0x3804, 0x0000, 0x0000, 0x0000, 0x0000, 0x0000, 0x0000, 0x0000, 0x0000, 0x0000, 0x0000, 0x0000, 0x0000, 0x0000, 0x0000,
    0x0000, 0x0000, 0x0000, 0x0000, 0x0000, 0x0000, 0x0000, 0x0000, 0x0000, 0x0000, 0x0000, 0x0000, 0x0000, 0x0000, 0x0000, 0x0000,
    0x0000, 0x0000, 0x0000, 0x0000, 0x0000, 0x0000, 0x0000, 0x0000, 0x0000, 0x0000, 0x0000, 0x0000, 0x0000, 0x0000, 0x0000, 0x0000,
    0x0000, 0x0000, 0x0000, 0x0000, 0x0000, 0x0000, 0x0000, 0x0000, 0x0000, 0x0000, 0x0000, 0x0000, 0x0000, 0x0000, 0x0000, 0x0000,
    0x0000, 0x0000, 0x0000, 0x0000, 0x0000, 0x0000, 0x0000, 0x0000, 0x0000, 0x0800, 0x1001, 0x1001, 0x1802, 0xC02D, 0xF00F, 0xE00F,
    0xE00F, 0xE00F, 0xE00F, 0xE00F, 0xE00F, 0xE80F, 0xE80F, 0xE80F, 0xE80F, 0xE80F, 0xE80F, 0xE80F, 0xE80F, 0xE80F, 0xE80F, 0xE80F,
    0xE80F, 0xE80F, 0xE80F, 0xE80F, 0xE80F, 0xE80F, 0xE80F, 0xE80F, 0xE80F, 0xE80F, 0xE80F, 0xE80F, 0xE80F, 0xE80F, 0xE80F, 0xE80F,
    0xE80F, 0xE80F, 0xE00F, 0xF010, 0xD00E, 0x8809, 0x6827, 0x684C, 0x8872, 0x9834, 0x9833, 0xB814, 0xD835, 0xE837, 0xE939, 0xDB3A,
    0xB2D9, 0x9978, 0x8937, 0x4974, 0x3952, 0x408F, 0x28ED, 0x11CE, 0x024D, 0x11EA, 0x7889, 0xD80D, 0xF810, 0xE80F, 0xE80E, 0xE00F,
    0xE00E, 0xE00F, 0xE80F, 0xE80F, 0xE80F, 0xE80F, 0xE80F, 0xE80F, 0xE80F, 0xE80F, 0xE80F, 0xE80F, 0xE80F, 0xE80F, 0xE80F, 0xE80F,
    0xE80F, 0xE80F, 0xE80F, 0xE82F, 0xE80F, 0xE82F, 0xE80F, 0xE80F, 0xE80F, 0xE80F, 0xE80F, 0xE80F, 0xE80F, 0xE00F, 0xE00F, 0xE00F,
    0xE00F, 0xE80F, 0xF010, 0x6006, 0x1802, 0x1802, 0x1001, 0x0800, 0x0000, 0x0000, 0x0000, 0x0000, 0x0000, 0x0000, 0x0000, 0x0000,
    0x0000, 0x0000, 0x0000, 0x0000, 0x0000, 0x0000, 0x0000, 0x0000, 0x0000, 0x0000, 0x0000, 0x0000, 0x0000, 0x0000, 0x0000, 0x0000,
    0x0000, 0x0000, 0x0000, 0x0000, 0x0000, 0x0000, 0x0000, 0x0000, 0x0000, 0x0000, 0x0000, 0x0000, 0x0000, 0x0000, 0x0000, 0x0000,
    0x0000, 0x0000, 0x0000, 0x0000, 0x0000, 0x0000, 0x0000, 0x0000, 0x0000, 0x0000, 0x0000, 0x0000, 0x0000, 0x0000, 0x0000, 0x0000,
    0x0000, 0x0000, 0x0000, 0x0000, 0x0000, 0x0000, 0x0000, 0x0000, 0x0000, 0x0000, 0x0000, 0x0000, 0x0000, 0x0000, 0x0000, 0x0000,
    0x5808, 0x682E, 0x3828, 0x400B, 0x2809, 0x2005, 0x900B, 0x4805, 0x0000, 0x0000, 0x0000, 0x0000, 0x0000, 0x0001, 0x2009, 0x1004,
    0x2008, 0x1805, 0x0000, 0x0000, 0x0000, 0x0000, 0x0000, 0x0000, 0x0000, 0x0000, 0x0000, 0x0000, 0x0000, 0x0000, 0x0000, 0x0000,
    0x0000, 0x0000, 0x0000, 0x0000, 0x0000, 0x0000, 0x0000, 0x0000, 0x0000, 0x0000, 0x0000, 0x0000, 0x0000, 0x0000, 0x0000, 0x300A,
    0x300A, 0x0001, 0x1807, 0x0801, 0x0000, 0x0000, 0x0000, 0x0000, 0x0000, 0x0000, 0x4005, 0xD812, 0x6008, 0x0803, 0x382B, 0x3829,
    0x2808, 0x702C, 0x0000, 0x0000, 0x0000, 0x0000, 0x0000, 0x0000, 0x0000, 0x0000, 0x0000, 0x0000, 0x0000, 0x0000, 0x0000, 0x0000,
    0x0000, 0x0000, 0x0000, 0x0000, 0x0000, 0x0000, 0x0000, 0x0000, 0x0000, 0x0000, 0x0000, 0x0000, 0x0000, 0x0000, 0x0000, 0x0000,
    0x0000, 0x0000, 0x0000, 0x0000, 0x0000, 0x0000, 0x0000, 0x0000, 0x0000, 0x0000, 0x0000, 0x0000, 0x0000, 0x0000, 0x0000, 0x0000,
    0x0000, 0x0000, 0x0000, 0x0000, 0x0000, 0x0000, 0x0000, 0x0000, 0x0000, 0x0000, 0x0000, 0x0000, 0x0000, 0x0000, 0x0000, 0x0000,
    0x0000, 0x0000, 0x0000, 0x0000, 0x0000, 0x0000, 0x0000, 0x0000, 0x0801, 0x1001, 0x1001, 0x0000, 0x9029, 0xF810, 0xE80E, 0xE80F,
    0xE80F, 0xE80F, 0xE80F, 0xE80F, 0xE80F, 0xE80F, 0xE80F, 0xE80F, 0xE80F, 0xE80F, 0xE80F, 0xE80F, 0xE80F, 0xE80F, 0xE80F, 0xE80F,
    0xE80F, 0xE80F, 0xE80F, 0xE80F, 0xE80F, 0xE80F, 0xE80F, 0xE80F, 0xE80F, 0xE80F, 0xE80F, 0xE80F, 0xE80F, 0xF00F, 0xF00F, 0xF00F,
    0xE80F, 0xF00F, 0xE80F, 0x902A, 0x4827, 0x606B, 0x604F, 0x482E, 0x482E, 0x8832, 0xA013, 0xC834, 0xE856, 0xF017, 0xF119, 0xDB1B,
    0xBA59, 0xA958, 0x9918, 0x5175, 0x4133, 0x38B0, 0x308D, 0x284D, 0x20AC, 0x022F, 0x02AC, 0x2189, 0x982A, 0xF00F, 0xE82F, 0xE80E,
    0xE80F, 0xE80F, 0xE80F, 0xE80F, 0xE80F, 0xE80F, 0xE80F, 0xE80F, 0xE80F, 0xE80F, 0xE80F, 0xE80F, 0xE80F, 0xE80F, 0xE80F, 0xE80F,
    0xE80F, 0xE80F, 0xE80F, 0xE80F, 0xE80F, 0xE80F, 0xE80F, 0xE80F, 0xE80F, 0xE80F, 0xE80F, 0xE80F, 0xE80F, 0xE80F, 0xE80F, 0xE80F,
    0xE80F, 0xE80F, 0xF00F, 0xE00E, 0x3003, 0x1001, 0x1002, 0x1001, 0x0000, 0x0000, 0x0000, 0x0000, 0x0000, 0x0000, 0x0000, 0x0000,
    0x0000, 0x0000, 0x0000, 0x0000, 0x0000, 0x0000, 0x0000, 0x0000, 0x0000, 0x0000, 0x0000, 0x0000, 0x0000, 0x0000, 0x0000, 0x0000,
    0x0000, 0x0000, 0x0000, 0x0000, 0x0000, 0x0000, 0x0000, 0x0000, 0x0000, 0x0000, 0x0000, 0x0000, 0x0000, 0x0000, 0x0000, 0x0000,
    0x0000, 0x0000, 0x0000, 0x0000, 0x0000, 0x0000, 0x0000, 0x0000, 0x0000, 0x0000, 0x0000, 0x0000, 0x0000, 0x0000, 0x0000, 0x0000,
    0x0000, 0x0000, 0x0000, 0x0000, 0x0000, 0x0000, 0x0000, 0x0000, 0x0000, 0x0000, 0x0000, 0x0000, 0x0000, 0x0000, 0x0000, 0x0800,
    0x680D, 0x2008, 0x2808, 0x2007, 0x2804, 0xA80E, 0xA00D, 0x0000, 0x0000, 0x0000, 0x0000, 0x0000, 0x0000, 0x0000, 0x1004, 0x0802,
    0x2007, 0x400F, 0x1805, 0x0000, 0x0000, 0x0000, 0x0000, 0x0000, 0x0000, 0x0000, 0x0000, 0x0000, 0x0000, 0x0000, 0x0000, 0x0000,
    0x0000, 0x0000, 0x0000, 0x0000, 0x0000, 0x0000, 0x0000, 0x0000, 0x0000, 0x0000, 0x0000, 0x0000, 0x0801, 0x2807, 0x380A, 0x500F,
    0x2808, 0x1806, 0x1003, 0x0000, 0x0000, 0x0001, 0x0000, 0x0000, 0x0000, 0x0000, 0x0800, 0x900C, 0x800D, 0x900C, 0x4008, 0x3009,
    0x1805, 0x600E, 0x3005, 0x0000, 0x0000, 0x0000, 0x0000, 0x0000, 0x0000, 0x0000, 0x0000, 0x0000, 0x0000, 0x0000, 0x0000, 0x0000,
    0x0000, 0x0000, 0x0000, 0x0000, 0x0000, 0x0000, 0x0000, 0x0000, 0x0000, 0x0000, 0x0000, 0x0000, 0x0000, 0x0000, 0x0000, 0x0000,
    0x0000, 0x0000, 0x0000, 0x0000, 0x0000, 0x0000, 0x0000, 0x0000, 0x0000, 0x0000, 0x0000, 0x0000, 0x0000, 0x0000, 0x0000, 0x0000,
    0x0000, 0x0000, 0x0000, 0x0000, 0x0000, 0x0000, 0x0000, 0x0000, 0x0000, 0x0000, 0x0000, 0x0000, 0x0000, 0x0000, 0x0000, 0x0000,
    0x0000, 0x0000, 0x0000, 0x0000, 0x0000, 0x0000, 0x0000, 0x0800, 0x1001, 0x1802, 0x1002, 0x5806, 0xE80F, 0xE00F, 0xE80F, 0xE80E,
    0xE00E, 0xE00F, 0xE80F, 0xE80F, 0xE80F, 0xE80F, 0xE80F, 0xE80F, 0xE80F, 0xE80F, 0xE80F, 0xE80F, 0xE80F, 0xE80F, 0xE80F, 0xE80F,
    0xE80F, 0xE80F, 0xE80F, 0xE80F, 0xE80F, 0xE80E, 0xE80E, 0xE80E, 0xE80E, 0xE00E, 0xE00E, 0xE00E, 0xE00E, 0xE80E, 0xE80F, 0xE80F,
    0xF010, 0xE00F, 0x8009, 0x5808, 0x4028, 0x2008, 0x280A, 0x384C, 0x586F, 0x8031, 0xA013, 0xD016, 0xD815, 0xD8F6, 0xC9F6, 0xCC7A,
    0xCBDA, 0xA956, 0x8895, 0x60F4, 0x48D3, 0x40D2, 0x30AF, 0x28CD, 0x20AC, 0x10CA, 0x08C7, 0x01EA, 0x022A, 0x48A7, 0xD00D, 0xE80F,
    0xE00F, 0xE80F, 0xE80E, 0xE80E, 0xE80E, 0xE80E, 0xE80E, 0xE80E, 0xE80E, 0xE80E, 0xE80E, 0xE80E, 0xE80E, 0xE80E, 0xE80E, 0xE80E,
    0xE80F, 0xE80E, 0xE80F, 0xE80F, 0xE80F, 0xE80F, 0xE80F, 0xE80F, 0xE80F, 0xE80F, 0xE80F, 0xE80F, 0xE80F, 0xE80F, 0xE80F, 0xE80F,
    0xE80F, 0xE80F, 0xE00E, 0xE00E, 0xA02A, 0x2002, 0x2003, 0x1802, 0x1001, 0x0000, 0x0000, 0x0000, 0x0000, 0x0000, 0x0000, 0x0000,
    0x0000, 0x0000, 0x0000, 0x0000, 0x0000, 0x0000, 0x0000, 0x0000, 0x0000, 0x0000, 0x0000, 0x0000, 0x0000, 0x0000, 0x0000, 0x0000,
    0x0000, 0x0000, 0x0000, 0x0000, 0x0000, 0x0000, 0x0000, 0x0000, 0x0000, 0x0000, 0x0000, 0x0000, 0x0000, 0x0000, 0x0000, 0x0000,
    0x0000, 0x0000, 0x0000, 0x0000, 0x0000, 0x0000, 0x0000, 0x0000, 0x0000, 0x0000, 0x0000, 0x0000, 0x0000, 0x0000, 0x0000, 0x0000,
    0x0000, 0x0000, 0x0000, 0x0000, 0x0000, 0x0000, 0x0000, 0x0000, 0x0000, 0x0000, 0x0000, 0x0000, 0x0000, 0x0000, 0x0000, 0x3827,
    0x400C, 0x1006, 0x300A, 0x702A, 0x882D, 0x900F, 0x3804, 0x0000, 0x0000, 0x0000, 0x0000, 0x1805, 0x0000, 0x0000, 0x0000, 0x0000,
    0x0000, 0x2809, 0x380D, 0x2809, 0x2807, 0x0000, 0x0000, 0x0000, 0x0000, 0x0000, 0x0000, 0x0000, 0x0000, 0x0000, 0x0000, 0x0000,
    0x2827, 0x0000, 0x0000, 0x0000, 0x0000, 0x0000, 0x0000, 0x0000, 0x0000, 0x0000, 0x0000, 0x1803, 0x582E, 0x480E, 0x480C, 0x480E,
    0x2008, 0x0802, 0x0000, 0x0000, 0x0802, 0x1004, 0x0000, 0x0000, 0x0000, 0x0000, 0x0000, 0x5807, 0x602B, 0x504B, 0xA80F, 0x880C,
    0x1805, 0x400D, 0x3809, 0x0000, 0x0000, 0x0000, 0x0000, 0x0000, 0x0000, 0x0000, 0x0000, 0x0000, 0x0000, 0x0000, 0x0000, 0x0000,
    0x0000, 0x0000, 0x0000, 0x0000, 0x0000, 0x0000, 0x0000, 0x0000, 0x0000, 0x0000, 0x0000, 0x0000, 0x0000, 0x0000, 0x0000, 0x0000,
    0x0000, 0x0000, 0x0000, 0x0000, 0x0000, 0x0000, 0x0000, 0x0000, 0x0000, 0x0000, 0x0000, 0x0000, 0x0000, 0x0000, 0x0000, 0x0000,
    0x0000, 0x0000, 0x0000, 0x0000, 0x0000, 0x0000, 0x0000, 0x0000, 0x0000, 0x0000, 0x0000, 0x0000, 0x0000, 0x0000, 0x0000, 0x0000,
    0x0000, 0x0000, 0x0000, 0x0000, 0x0000, 0x0000, 0x0000, 0x0000, 0x0000, 0x1002, 0x1805, 0x400A, 0x480A, 0x4809, 0x480A, 0x4009,
    0x4009, 0x480A, 0x482B, 0x500B, 0x500B, 0x502B, 0x482B, 0x502B, 0x502B, 0x502B, 0x502B, 0x502B, 0x502B, 0x500B, 0x502B, 0x502B,
    0x502B, 0x482B, 0x502A, 0x502B, 0x502B, 0x580B, 0x580B, 0x502B, 0x580B, 0x580B, 0x580B, 0x582B, 0x602B, 0x602C, 0x602C, 0x680D,
    0x580A, 0x5827, 0x600A, 0x2004, 0x0804, 0x2009, 0x302B, 0x484F, 0x600F, 0x800F, 0x802D, 0x806C, 0x8A2E, 0x730D, 0x636C, 0x6B8D,
    0x6B4D, 0x6A6D, 0x71AD, 0x596C, 0x41CC, 0x30ED, 0x30CE, 0x206D, 0x208C, 0x18EB, 0x08C8, 0x0022, 0x0062, 0x024B, 0x2149, 0x5809,
    0x682D, 0x602C, 0x602C, 0x580B, 0x582B, 0x582B, 0x582C, 0x582C, 0x582C, 0x582C, 0x582B, 0x582B, 0x582B, 0x582B, 0x582B, 0x502B,
    0x502B, 0x502B, 0x482A, 0x502B, 0x482B, 0x482A, 0x482A, 0x482A, 0x482A, 0x482A, 0x482A, 0x482A, 0x482A, 0x482A, 0x482A, 0x502B,
    0x482B, 0x482A, 0x4029, 0x3829, 0x4009, 0x2807, 0x1803, 0x1001, 0x0000, 0x0000, 0x0000, 0x0000, 0x0000, 0x0000, 0x0000, 0x0000,
    0x0000, 0x0000, 0x0000, 0x0000, 0x0000, 0x0000, 0x0000, 0x0000, 0x0000, 0x0000, 0x0000, 0x0000, 0x0000, 0x0000, 0x0000, 0x0000,
    0x0000, 0x0000, 0x0000, 0x0000, 0x0000, 0x0000, 0x0000, 0x0000, 0x0000, 0x0000, 0x0000, 0x0000, 0x0000, 0x0000, 0x0000, 0x0000,
    0x0000, 0x0000, 0x0000, 0x0000, 0x0000, 0x0000, 0x0000, 0x0000, 0x0000, 0x0000, 0x0000, 0x0000, 0x0000, 0x0000, 0x0000, 0x0000,
    0x0000, 0x0000, 0x0000, 0x0000, 0x0000, 0x0000, 0x0000, 0x0000, 0x0000, 0x0000, 0x0000, 0x0000, 0x0000, 0x0000, 0x0801, 0x400C,
    0x1005, 0x4828, 0xB02F, 0x880F, 0x480D, 0x700B, 0x0800, 0x0000, 0x0000, 0x0000, 0x0000, 0x1003, 0x1004, 0x0000, 0x0000, 0x0000,
    0x0000, 0x0802, 0x300C, 0x380D, 0x4810, 0x400D, 0x1003, 0x0000, 0x0000, 0x0000, 0x0000, 0x0000, 0x0000, 0x0000, 0x0000, 0x1805,
    0x402D, 0x480E, 0x2006, 0x0000, 0x0000, 0x0000, 0x0000, 0x0000, 0x0000, 0x0801, 0x3009, 0x480F, 0x380D, 0x1003, 0x300A, 0x2008,
    0x0000, 0x0000, 0x0000, 0x0000, 0x1005, 0x0000, 0x0000, 0x0000, 0x0000, 0x0000, 0x0000, 0x1802, 0x800D, 0x404B, 0x482D, 0xA032,
    0x700B, 0x1807, 0x382C, 0x2005, 0x3804, 0x1001, 0x0000, 0x0000, 0x0000, 0x0000, 0x0000, 0x0000, 0x0000, 0x0000, 0x0000, 0x0000,
    0x0000, 0x0000, 0x0000, 0x0000, 0x0000, 0x0000, 0x0000, 0x0000, 0x0000, 0x0000, 0x0000, 0x0000, 0x0000, 0x0000, 0x0000, 0x0000,
    0x0000, 0x0000, 0x0000, 0x0000, 0x0000, 0x0000, 0x0000, 0x0000, 0x0000, 0x0000, 0x0000, 0x0000, 0x0000, 0x0000, 0x0000, 0x0000,
    0x0000, 0x0000, 0x0000, 0x0000, 0x0000, 0x0000, 0x0000, 0x0000, 0x0000, 0x0000, 0x0000, 0x0000, 0x0000, 0x0000, 0x0000, 0x0000,
    0x0000, 0x0000, 0x0000, 0x0000, 0x0000, 0x0000, 0x0000, 0x0801, 0x0801, 0x0800, 0x880A, 0xB00D, 0xA80C, 0xA00C, 0xA00B, 0x980B,
    0xA00C, 0xA00C, 0xA02C, 0xA80C, 0xA80C, 0xA80C, 0xA80D, 0xA80D, 0xA80C, 0xA82C, 0xA80C, 0xA80C, 0xA00C, 0xA80C, 0xA80C, 0xA80C,
    0xA00C, 0xA00C, 0xA80C, 0xA80C, 0xA80C, 0xA80D, 0xA80D, 0xA80D, 0xA80D, 0xB00D, 0xB00D, 0xB00D, 0xB02D, 0xA00D, 0xB80E, 0x800B,
    0x3024, 0x5829, 0x1004, 0x0021, 0x1808, 0x202A, 0x2029, 0x3849, 0x58AB, 0x896F, 0x8290, 0x5A0D, 0x8353, 0x6A71, 0x51B0, 0x59B0,
    0x51AF, 0x5990, 0x5931, 0x6213, 0x3B53, 0x6A11, 0x79D1, 0x32EE, 0x214B, 0x1068, 0x0888, 0x0084, 0x0000, 0x00C6, 0x0392, 0x0A4B,
    0x8008, 0xC02D, 0xA80C, 0xA80C, 0xA80C, 0xA80C, 0xA80D, 0xA80D, 0xB00D, 0xB00D, 0xB02D, 0xA80D, 0xA82D, 0xA82D, 0xA82D, 0xA82C,
    0xA82C, 0xA82C, 0xA80C, 0xA82D, 0xA02C, 0xA02C, 0xA00C, 0xA02C, 0xA02C, 0xA02C, 0xA02C, 0xA02C, 0xA02C, 0xA00C, 0xA80C, 0xA00C,
    0x980C, 0x980C, 0x980C, 0xA02C, 0xA00C, 0xB02D, 0x4004, 0x1001, 0x1001, 0x0800, 0x0000, 0x0000, 0x0000, 0x0000, 0x0000, 0x0000,
    0x0000, 0x0000, 0x0000, 0x0000, 0x0000, 0x0000, 0x0000, 0x0000, 0x0000, 0x0000, 0x0000, 0x0000, 0x0000, 0x0000, 0x0000, 0x0000,
    0x0000, 0x0000, 0x0000, 0x0000, 0x0000, 0x0000, 0x0000, 0x0000, 0x0000, 0x0000, 0x0000, 0x0000, 0x0000, 0x0000, 0x0000, 0x0000,
    0x0000, 0x0000, 0x0000, 0x0000, 0x0000, 0x0000, 0x0000, 0x0000, 0x0000, 0x0000, 0x0000, 0x0000, 0x0000, 0x0000, 0x0000, 0x0000,
    0x0000, 0x0000, 0x0000, 0x0000, 0x0000, 0x0000, 0x0000, 0x0000, 0x0000, 0x0000, 0x0000, 0x0000, 0x3804, 0x6829, 0x380D, 0x280A,
    0x4827, 0xB030, 0x980F, 0x480E, 0x800F, 0x5006, 0x0000, 0x0000, 0x0000, 0x0000, 0x0000, 0x0000, 0x1004, 0x0000, 0x0000, 0x0000,
    0x0000, 0x0000, 0x1003, 0x0802, 0x380D, 0x400E, 0x380C, 0x2007, 0x0000, 0x0000, 0x0000, 0x0000, 0x0000, 0x1003, 0x380A, 0x480F,
    0x1806, 0x2007, 0x300A, 0x380B, 0x3008, 0x0802, 0x0000, 0x0000, 0x1004, 0x380C, 0x300C, 0x300C, 0x2007, 0x0803, 0x1004, 0x0000,
    0x0000, 0x0000, 0x0000, 0x0802, 0x0001, 0x0000, 0x0000, 0x0000, 0x0000, 0x0000, 0x0000, 0x0000, 0x3005, 0x700F, 0x482E, 0x5010,
    0x900F, 0x1801, 0x2009, 0x482D, 0xB00F, 0xA00B, 0x0000, 0x0000, 0x0000, 0x0000, 0x0000, 0x0000, 0x0000, 0x0000, 0x0000, 0x0000,
    0x0000, 0x0000, 0x0000, 0x0000, 0x0000, 0x1002, 0x1802, 0x0000, 0x0000, 0x0000, 0x0000, 0x0000, 0x0000, 0x0000, 0x0000, 0x0000,
    0x0000, 0x0000, 0x0000, 0x0000, 0x0000, 0x0000, 0x0000, 0x0000, 0x0000, 0x0000, 0x0000, 0x0000, 0x0000, 0x0000, 0x0000, 0x0000,
    0x0000, 0x0000, 0x0000, 0x0000, 0x0000, 0x0000, 0x0000, 0x0000, 0x0000, 0x0000, 0x0000, 0x0000, 0x0000, 0x0000, 0x0000, 0x0000,
    0x0000, 0x0000, 0x0000, 0x0000, 0x0000, 0x0000, 0x0801, 0x1802, 0x0801, 0x5805, 0xF82E, 0xF80D, 0xF80D, 0xF80E, 0xF80E, 0xF80E,
    0xF80D, 0xF80D, 0xF80D, 0xF80D, 0xF80D, 0xF80D, 0xF80D, 0xF80D, 0xF80D, 0xF80D, 0xF80D, 0xF80D, 0xF80D, 0xF80D, 0xF80D, 0xF80D,
    0xF80D, 0xF80D, 0xF80D, 0xF80D, 0xF80D, 0xF80D, 0xF80D, 0xF80D, 0xF80D, 0xF80D, 0xF80D, 0xF80D, 0xF80D, 0xF80E, 0xD80C, 0x5025,
    0x686D, 0x1827, 0x0021, 0x1004, 0x1006, 0x2845, 0x60AB, 0x8971, 0x6910, 0x58B0, 0x304C, 0x380C, 0x300C, 0x5010, 0x6812, 0x58B2,
    0x3971, 0x3191, 0x31B2, 0x28CF, 0x18CD, 0x20CE, 0x30AF, 0x4291, 0x4350, 0x1ACC, 0x1127, 0x0064, 0x0063, 0x00E6, 0x024E, 0x0496,
    0x41EB, 0xD00A, 0xF82D, 0xF00C, 0xF80D, 0xF80D, 0xF80D, 0xF80D, 0xF80D, 0xF80D, 0xF80D, 0xF80D, 0xF80D, 0xF80D, 0xF80D, 0xF82D,
    0xF80D, 0xF80D, 0xF80D, 0xF82D, 0xF82D, 0xF82D, 0xF82D, 0xF82D, 0xF82E, 0xF82D, 0xF82D, 0xF80D, 0xF80D, 0xF80D, 0xF80D, 0xF80D,
    0xF80D, 0xF00D, 0xF80D, 0xF80E, 0xF80D, 0xF80E, 0xB80A, 0x1001, 0x1802, 0x1001, 0x0800, 0x0000, 0x0000, 0x0000, 0x0000, 0x0000,
    0x0000, 0x0000, 0x0000, 0x0000, 0x0000, 0x0000, 0x0000, 0x0000, 0x0000, 0x0000, 0x0000, 0x0000, 0x0000, 0x0000, 0x0000, 0x0000,
    0x0000, 0x0000, 0x0000, 0x0000, 0x0000, 0x0000, 0x0000, 0x0000, 0x0000, 0x0000, 0x0000, 0x0000, 0x0000, 0x0000, 0x0000, 0x0000,
    0x0000, 0x0000, 0x0000, 0x0000, 0x0000, 0x0000, 0x0000, 0x0000, 0x0000, 0x0000, 0x0800, 0x2003, 0x0000, 0x0000, 0x0000, 0x0000,
    0x0000, 0x0000, 0x0000, 0x0000, 0x0000, 0x0000, 0x0000, 0x0000, 0x0000, 0x0000, 0x0000, 0x7809, 0xB02F, 0x500D, 0x300D, 0x2003,
    0x782B, 0x700E, 0x500F, 0x6811, 0x5808, 0x0000, 0x0000, 0x0000, 0x0000, 0x0000, 0x0000, 0x0000, 0x0000, 0x0000, 0x0000, 0x0001,
    0x0000, 0x0000, 0x0000, 0x0000, 0x1004, 0x300A, 0x2009, 0x280B, 0x280A, 0x1004, 0x0000, 0x1003, 0x300A, 0x480E, 0x280A, 0x1807,
    0x1806, 0x0804, 0x0803, 0x1807, 0x300A, 0x2809, 0x2007, 0x1807, 0x300C, 0x200A, 0x1004, 0x2809, 0x0802, 0x0001, 0x0000, 0x0000,
    0x0000, 0x0000, 0x0000, 0x0001, 0x0000, 0x0000, 0x0000, 0x0000, 0x0000, 0x0000, 0x0000, 0x0000, 0x0000, 0x2825, 0x382A, 0x400D,
    0x682E, 0x884B, 0x0001, 0x300A, 0x480D, 0xA810, 0x6807, 0x0000, 0x0000, 0x0000, 0x0000, 0x0000, 0x0000, 0x0000, 0x0000, 0x0000,
    0x0000, 0x0000, 0x0000, 0x0000, 0x1005, 0x3809, 0xB82F, 0x3004, 0x0000, 0x0000, 0x0000, 0x0000, 0x0000, 0x0000, 0x0000, 0x0000,
    0x0000, 0x0000, 0x0000, 0x0000, 0x0000, 0x0000, 0x0000, 0x0000, 0x0000, 0x0000, 0x0000, 0x0000, 0x0000, 0x0000, 0x0000, 0x0000,
    0x0000, 0x0000, 0x0000, 0x0000, 0x0000, 0x0000, 0x0000, 0x0000, 0x0000, 0x0000, 0x0000, 0x0000, 0x0000, 0x0000, 0x0000, 0x0000,
    0x0000, 0x0000, 0x0000, 0x0000, 0x0000, 0x0800, 0x1001, 0x1802, 0x2002, 0xD80C, 0xE80D, 0xE80D, 0xE80D, 0xE80D, 0xE80D, 0xE80D,
    0xE80D, 0xE80C, 0xE80C, 0xE80C, 0xE80C, 0xE80C, 0xE80C, 0xE80C, 0xE80C, 0xE80C, 0xE80C, 0xE80C, 0xE82C, 0xE82C, 0xE82C, 0xE82D,
    0xE82C, 0xE82C, 0xE82C, 0xE82C, 0xE80C, 0xE80C, 0xE80C, 0xE80C, 0xE80C, 0xE80C, 0xF00C, 0xE80C, 0xF00D, 0xE00D, 0x4865, 0x786F,
    0x400D, 0x1826, 0x0000, 0x1844, 0x78EF, 0x80AF, 0x508D, 0x302C, 0x480E, 0x580F, 0x700E, 0x4808, 0x4028, 0x3026, 0x3846, 0x28E6,
    0x1946, 0x1146, 0x0926, 0x01C9, 0x09EB, 0x11CF, 0x19B0, 0x18AE, 0x20AC, 0x216D, 0x3A71, 0x524F, 0x20E7, 0x00A6, 0x024D, 0x0393,
    0x1D18, 0x5148, 0xD80B, 0xF02C, 0xE80C, 0xF00C, 0xE80C, 0xE82C, 0xE80C, 0xE80C, 0xE82C, 0xE82C, 0xE82C, 0xE80C, 0xE80C, 0xE82C,
    0xE80C, 0xE82D, 0xE82D, 0xE82D, 0xE82D, 0xE82D, 0xE82D, 0xE82D, 0xE82D, 0xE82D, 0xE82D, 0xE82D, 0xE80D, 0xE80D, 0xE80D, 0xE80D,
    0xE80D, 0xE80D, 0xE80D, 0xE80D, 0xE80D, 0xE00D, 0xF02E, 0x6826, 0x1001, 0x1802, 0x0801, 0x0000, 0x0000, 0x0000, 0x0000, 0x0000,
    0x0000, 0x0000, 0x0000, 0x0000, 0x0000, 0x0000, 0x0000, 0x0000, 0x0000, 0x0000, 0x0000, 0x0000, 0x0000, 0x0000, 0x0000, 0x0000,
    0x0000, 0x0000, 0x0000, 0x0000, 0x0000, 0x0000, 0x0000, 0x0000, 0x0000, 0x0000, 0x0000, 0x0000, 0x0000, 0x0000, 0x0000, 0x0000,
    0x0000, 0x0000, 0x0000, 0x0000, 0x0000, 0x0000, 0x0000, 0x0000, 0x0000, 0x1001, 0xA02D, 0x580A, 0x1004, 0x0000, 0x0000, 0x0000,
    0x0000, 0x0000, 0x0000, 0x0000, 0x0000, 0x0000, 0x0000, 0x0000, 0x0000, 0x0000, 0x2803, 0xA80F, 0x382C, 0x380C, 0x0803, 0x5008,
    0x700D, 0x500D, 0x300B, 0x3008, 0x0000, 0x0000, 0x0000, 0x0000, 0x0000, 0x0000, 0x0000, 0x0000, 0x0000, 0x0000, 0x0000, 0x1004,
    0x1004, 0x0000, 0x0000, 0x0000, 0x0000, 0x1004, 0x1004, 0x1807, 0x280A, 0x280A, 0x2007, 0x300B, 0x280B, 0x2008, 0x1005, 0x1807,
    0x0802, 0x1004, 0x0802, 0x0001, 0x0000, 0x1005, 0x280A, 0x2809, 0x2008, 0x0802, 0x1806, 0x0802, 0x0000, 0x0000, 0x0000, 0x0000,
    0x0000, 0x0000, 0x0000, 0x0000, 0x0000, 0x0000, 0x0000, 0x0000, 0x0000, 0x0000, 0x0000, 0x0000, 0x0000, 0x0000, 0x0000, 0x302A,
    0x300B, 0x800E, 0x5806, 0x1024, 0x500E, 0x480D, 0x900D, 0x880A, 0x5006, 0x0000, 0x0000, 0x0000, 0x0000, 0x0000, 0x0000, 0x0000,
    0x0000, 0x0000, 0x0802, 0x1826, 0x1004, 0x0800, 0xB02E, 0xB82F, 0x2803, 0x0000, 0x0000, 0x0000, 0x0000, 0x0000, 0x0000, 0x0000,
    0x0000, 0x0000, 0x0000, 0x0000, 0x0000, 0x0000, 0x0000, 0x0000, 0x0000, 0x0000, 0x0000, 0x0000, 0x0000, 0x0000, 0x0000, 0x0000,
    0x0000, 0x0000, 0x0000, 0x0000, 0x0000, 0x0000, 0x0000, 0x0000, 0x0000, 0x0000, 0x0000, 0x0000, 0x0000, 0x0000, 0x0000, 0x0000,
    0x0000, 0x0000, 0x0000, 0x0000, 0x0000, 0x0801, 0x1001, 0x0801, 0x9028, 0xF80D, 0xE80C, 0xF00C, 0xF00D, 0xF00D, 0xF00C, 0xF00C,
    0xF00C, 0xF00C, 0xF00C, 0xF00C, 0xF00C, 0xF00C, 0xF00C, 0xF00C, 0xF00C, 0xF00C, 0xF00C, 0xF00C, 0xF00C, 0xF02C, 0xF02C, 0xF02C,
    0xF02C, 0xF02C, 0xF00C, 0xF00C, 0xF00C, 0xF00C, 0xF00C, 0xF00C, 0xF00C, 0xF00C, 0xF00C, 0xF00C, 0xF80E, 0x8006, 0x90CE, 0xA074,
    0x382D, 0x0803, 0x40E6, 0x7990, 0x5890, 0x382D, 0x502E, 0x600C, 0x4808, 0x2003, 0x1001, 0x0000, 0x0000, 0x0000, 0x0000, 0x0000,
    0x0000, 0x0000, 0x0000, 0x0000, 0x0000, 0x0061, 0x0062, 0x0168, 0x0A2D, 0x198F, 0x190D, 0x2231, 0x6333, 0x4A0B, 0x0168, 0x0350,
    0x0D9A, 0x6556, 0x7847, 0xF82C, 0xF02B, 0xF00C, 0xF00C, 0xF00C, 0xF00C, 0xF00C, 0xF00C, 0xF00C, 0xF00C, 0xF00C, 0xF00C, 0xF00C,
    0xF00C, 0xF02C, 0xF02C, 0xF02C, 0xF02C, 0xF02C, 0xF02C, 0xF02D, 0xF02D, 0xF00D, 0xF00D, 0xF00D, 0xF00D, 0xF00D, 0xF00D, 0xF00D,
    0xF00D, 0xF00D, 0xF00C, 0xF00C, 0xE80C, 0xE80C, 0xF00D, 0xE02C, 0x3003, 0x1802, 0x1001, 0x0800, 0x0000, 0x0000, 0x0000, 0x0000,
    0x0000, 0x0000, 0x0000, 0x0000, 0x0000, 0x0000, 0x0000, 0x0000, 0x0000, 0x0000, 0x0000, 0x0000, 0x0000, 0x0000, 0x0000, 0x0000,
    0x0000, 0x0000, 0x0000, 0x0000, 0x0000, 0x0000, 0x0000, 0x0000, 0x0000, 0x0000, 0x0000, 0x0000, 0x0000, 0x0000, 0x0000, 0x0000,
    0x0000, 0x0000, 0x0000, 0x0000, 0x0000, 0x0000, 0x0000, 0x0000, 0x2002, 0xA82D, 0xB830, 0x1001, 0x1004, 0x2007, 0x0802, 0x0000,
    0x0000, 0x0000, 0x0000, 0x0000, 0x0000, 0x0000, 0x0000, 0x0000, 0x3804, 0x902B, 0x900D, 0x680D, 0x380D, 0x2008, 0x2823, 0x9010,
    0x580D, 0x2809, 0x0801, 0x0000, 0x0000, 0x0000, 0x0000, 0x0000, 0x0000, 0x0000, 0x0000, 0x0000, 0x0000, 0x0000, 0x0000, 0x0000,
    0x1004, 0x0803, 0x0000, 0x0000, 0x0000, 0x0000, 0x0000, 0x0001, 0x1806, 0x2007, 0x280A, 0x1005, 0x0000, 0x0803, 0x1806, 0x0804,
    0x0000, 0x0000, 0x0000, 0x0000, 0x1807, 0x280B, 0x280A, 0x1005, 0x0001, 0x0802, 0x0001, 0x0000, 0x0000, 0x0000, 0x0000, 0x0001,
    0x0801, 0x0000, 0x0000, 0x0000, 0x0000, 0x0000, 0x0000, 0x0000, 0x0000, 0x0000, 0x0000, 0x0000, 0x0800, 0x0000, 0x0000, 0x0001,
    0x280A, 0x380D, 0x680D, 0x0821, 0x2808, 0x480C, 0x580B, 0x702D, 0xC811, 0x3004, 0x0000, 0x0000, 0x0000, 0x0000, 0x0000, 0x0000,
    0x0000, 0x1004, 0x2008, 0x0802, 0x0000, 0x0000, 0x782A, 0x800C, 0xA82E, 0x3004, 0x0000, 0x0000, 0x0000, 0x0000, 0x0000, 0x0000,
    0x0000, 0x0000, 0x0000, 0x0000, 0x0000, 0x0000, 0x0000, 0x0000, 0x0000, 0x0000, 0x0000, 0x0000, 0x0000, 0x0000, 0x0000, 0x0000,
    0x0000, 0x0000, 0x0000, 0x0000, 0x0000, 0x0000, 0x0000, 0x0000, 0x0000, 0x0000, 0x0000, 0x0000, 0x0000, 0x0000, 0x0000, 0x0000,
    0x0000, 0x0000, 0x0000, 0x0000, 0x0801, 0x1001, 0x1001, 0x2802, 0xD80C, 0xF00C, 0xF00C, 0xF00D, 0xF00C, 0xF00C, 0xF00C, 0xF00C,
    0xF00C, 0xF00C, 0xF00C, 0xF00C, 0xF00C, 0xF00C, 0xF00C, 0xE80C, 0xE80C, 0xF00C, 0xE80C, 0xF00C, 0xF00C, 0xF02C, 0xF02C, 0xF02C,
    0xF00C, 0xF02C, 0xF00C, 0xF00C, 0xF00C, 0xF00C, 0xF00C, 0xF00C, 0xF00C, 0xE80C, 0xE80C, 0xF80D, 0xA008, 0x81AD, 0xE978, 0x7810,
    0x2067, 0x598A, 0x710F, 0x300C, 0x400B, 0x582B, 0x3806, 0x0000, 0x0000, 0x0000, 0x0000, 0x0000, 0x0000, 0x0000, 0x0000, 0x0000,
    0x0000, 0x0000, 0x0000, 0x0000, 0x0000, 0x0000, 0x0000, 0x0000, 0x0000, 0x00E5, 0x1A6F, 0x0271, 0x016D, 0x3A90, 0x52EE, 0x126B,
    0x0538, 0x7FBF, 0x7BF1, 0x9808, 0xF82C, 0xE80B, 0xE80C, 0xF00C, 0xF00C, 0xF00C, 0xF02C, 0xF02C, 0xF00C, 0xF00C, 0xF00C, 0xF02C,
    0xF00C, 0xF02C, 0xF02C, 0xF02C, 0xF02C, 0xF02C, 0xF02C, 0xF02C, 0xF02C, 0xF02C, 0xF02C, 0xF00C, 0xF00C, 0xF00C, 0xF00C, 0xF00C,
    0xF00C, 0xF00C, 0xF00C, 0xF00C, 0xF00C, 0xE80C, 0xE80D, 0xF80D, 0x8007, 0x1001, 0x1802, 0x1001, 0x0800, 0x0000, 0x0000, 0x0000,
    0x0000, 0x0000, 0x0000, 0x0000, 0x0000, 0x0000, 0x0000, 0x0000, 0x0000, 0x0000, 0x0000, 0x0000, 0x0000, 0x0000, 0x0000, 0x0000,
    0x0000, 0x0000, 0x0000, 0x0000, 0x0000, 0x0000, 0x0000, 0x0000, 0x0000, 0x0000, 0x0000, 0x0000, 0x0000, 0x0000, 0x0000, 0x0000,
    0x0000, 0x0000, 0x0000, 0x0000, 0x0000, 0x0000, 0x0000, 0x3024, 0xA82E, 0x802E, 0x700A, 0x0000, 0x0000, 0x0803, 0x2009, 0x1004,
    0x0000, 0x0000, 0x0000, 0x0000, 0x0000, 0x0000, 0x0000, 0x1801, 0xA80C, 0x800E, 0x800D, 0x380A, 0x2809, 0x1003, 0x602C, 0x580F,
    0x300A, 0x0801, 0x0000, 0x0000, 0x0000, 0x0000, 0x0000, 0x0000, 0x0000, 0x0000, 0x0000, 0x0000, 0x0000, 0x0000, 0x0000, 0x0000,
    0x0000, 0x1004, 0x0001, 0x0000, 0x0000, 0x0000, 0x0000, 0x0000, 0x0801, 0x2008, 0x2008, 0x2009, 0x1806, 0x0000, 0x0000, 0x0000,
    0x0000, 0x0000, 0x0000, 0x1806, 0x2009, 0x1004, 0x1005, 0x0000, 0x0000, 0x0000, 0x0000, 0x0000, 0x0000, 0x0000, 0x0001, 0x0802,
    0x0000, 0x0000, 0x0000, 0x0000, 0x0000, 0x0000, 0x0000, 0x0000, 0x0000, 0x0000, 0x0001, 0x0001, 0x6007, 0x5006, 0x0000, 0x0000,
    0x0802, 0x300B, 0x400E, 0x2005, 0x0000, 0x300A, 0x580C, 0x2829, 0x680D, 0x980D, 0x1001, 0x0000, 0x0000, 0x0000, 0x0000, 0x1804,
    0x380B, 0x1807, 0x0000, 0x0000, 0x0000, 0x0000, 0x2824, 0x904F, 0x700C, 0xC811, 0x5805, 0x0000, 0x0000, 0x0000, 0x0000, 0x0000,
    0x0000, 0x0000, 0x0000, 0x0000, 0x0000, 0x0000, 0x0000, 0x0000, 0x0000, 0x0000, 0x0000, 0x0000, 0x0000, 0x0000, 0x0000, 0x0000,
    0x0000, 0x0000, 0x0000, 0x0000, 0x0000, 0x0000, 0x0000, 0x0000, 0x0000, 0x0000, 0x0000, 0x0000, 0x0000, 0x0000, 0x0000, 0x0000,
    0x0000, 0x0000, 0x0000, 0x0000, 0x0000, 0x0800, 0x0800, 0x3007, 0x500A, 0x500A, 0x602C, 0x682C, 0x682C, 0x682C, 0x682C, 0x602C,
    0x600C, 0x600B, 0x600B, 0x600B, 0x600B, 0x600B, 0x600C, 0x600C, 0x600C, 0x600C, 0x600C, 0x602C, 0x682C, 0x682C, 0x682C, 0x682C,
    0x702C, 0x682C, 0x682C, 0x700C, 0x700C, 0x782D, 0x782D, 0x802D, 0x782D, 0x780C, 0x780C, 0x680B, 0x4045, 0xF37A, 0xD998, 0x4069,
    0x6A6F, 0x50AE, 0x400C, 0x682E, 0x3005, 0x0000, 0x0000, 0x0000, 0x0000, 0x0000, 0x0000, 0x1003, 0x2004, 0x0000, 0x0000, 0x0000,
    0x0000, 0x0000, 0x0000, 0x2044, 0x1824, 0x0000, 0x0000, 0x0000, 0x0000, 0x0000, 0x0000, 0x0126, 0x024E, 0x01AD, 0x2250, 0x73D1,
    0x2B4E, 0x6EBD, 0xCF3D, 0x4109, 0x780C, 0x782C, 0x780C, 0x782D, 0x800D, 0x782D, 0x782D, 0x780D, 0x700D, 0x700C, 0x700C, 0x680C,
    0x680C, 0x680C, 0x682C, 0x682C, 0x680C, 0x602C, 0x682C, 0x682C, 0x682C, 0x682C, 0x682C, 0x682C, 0x682C, 0x682C, 0x682C, 0x680C,
    0x682C, 0x682C, 0x680C, 0x682C, 0x682C, 0x682C, 0x682C, 0x580B, 0x500A, 0x1003, 0x0800, 0x0000, 0x0000, 0x0000, 0x0000, 0x0000,
    0x0000, 0x0000, 0x0000, 0x0000, 0x0000, 0x0000, 0x0000, 0x0000, 0x0000, 0x0000, 0x0000, 0x0000, 0x0000, 0x0000, 0x0000, 0x0000,
    0x0000, 0x0000, 0x0000, 0x0000, 0x0000, 0x0000, 0x0000, 0x0000, 0x0000, 0x0000, 0x0000, 0x0000, 0x0000, 0x0000, 0x0000, 0x0000,
    0x0000, 0x0000, 0x0000, 0x0000, 0x0000, 0x0000, 0x5806, 0xC030, 0x802E, 0x802E, 0x3804, 0x0000, 0x0000, 0x0000, 0x0000, 0x300B,
    0x2809, 0x0802, 0x0000, 0x0000, 0x0000, 0x0000, 0x1801, 0x880B, 0x500D, 0x400B, 0x580B, 0x300C, 0x1805, 0x1003, 0x400D, 0x280A,
    0x0802, 0x0000, 0x1802, 0x782A, 0x2803, 0x0000, 0x0000, 0x0000, 0x0000, 0x0000, 0x0000, 0x0000, 0x0000, 0x0000, 0x0000, 0x0000,
    0x0000, 0x0001, 0x0802, 0x0000, 0x0000, 0x0000, 0x0000, 0x0000, 0x0000, 0x0000, 0x1005, 0x1004, 0x1807, 0x1806, 0x0000, 0x0000,
    0x0000, 0x0000, 0x1805, 0x2008, 0x0802, 0x0000, 0x0000, 0x0000, 0x0000, 0x0000, 0x0000, 0x0000, 0x0000, 0x0000, 0x0000, 0x0000,
    0x0000, 0x0000, 0x0000, 0x0000, 0x0000, 0x0000, 0x0000, 0x0000, 0x0000, 0x0000, 0x0001, 0x0803, 0x0801, 0xA00D, 0x982E, 0x5827,
    0x0000, 0x0002, 0x2809, 0x2808, 0x0000, 0x0802, 0x600B, 0x700D, 0x502C, 0x780D, 0xA82D, 0x2803, 0x0000, 0x1003, 0x1806, 0x2007,
    0x2006, 0x0000, 0x0000, 0x0000, 0x0000, 0x0000, 0x0000, 0x3826, 0x8810, 0x880F, 0xA00E, 0x3004, 0x0000, 0x0000, 0x0000, 0x0000,
    0x0000, 0x0000, 0x0000, 0x0000, 0x0000, 0x0000, 0x0000, 0x0000, 0x0000, 0x0000, 0x0000, 0x0000, 0x0000, 0x0000, 0x0000, 0x0000,
    0x0000, 0x0000, 0x0000, 0x0000, 0x0000, 0x0000, 0x0000, 0x0000, 0x0000, 0x0000, 0x0000, 0x0000, 0x0000, 0x0000, 0x0000, 0x0000,
    0x0000, 0x0000, 0x0000, 0x0000, 0x0801, 0x0801, 0x1801, 0x900A, 0x982A, 0x982A, 0xA02B, 0xA82B, 0xA82B, 0xA82B, 0xA82B, 0xA02B,
    0xA02B, 0xA02B, 0xA02B, 0xA02B, 0xA02B, 0xA02B, 0xA82B, 0xA02B, 0xA02B, 0xA80B, 0xA80B, 0xA82B, 0xA82B, 0xA82B, 0xA82B, 0xA82B,
    0xA82B, 0xA82B, 0xA82B, 0xA82B, 0xB00B, 0xB02B, 0xB02C, 0xB02B, 0xB02B, 0xB00C, 0xC82E, 0x5006, 0x80AD, 0xFB5E, 0x896F, 0x6A6E,
    0x388B, 0x400B, 0x602B, 0x1802, 0x0000, 0x0000, 0x0000, 0x0000, 0x0802, 0x1025, 0x1006, 0x2006, 0x880F, 0x1001, 0x0000, 0x0000,
    0x0000, 0x0000, 0x0801, 0x80CF, 0x3049, 0x2827, 0x1025, 0x0021, 0x0000, 0x0000, 0x0000, 0x0000, 0x0061, 0x020C, 0x020F, 0x122F,
    0x7C34, 0x8C11, 0xD7BF, 0x4C73, 0x5805, 0xC02C, 0xA80B, 0xB00B, 0xB00C, 0xB80C, 0xB00B, 0xB00B, 0xA80B, 0xA80B, 0xA80B, 0xA80B,
    0xA80B, 0xA80B, 0xA82B, 0xA82B, 0xA82B, 0xA82B, 0xA82B, 0xA82B, 0xA82B, 0xA82B, 0xA82B, 0xA82B, 0xA82B, 0xA82B, 0xA82B, 0xA82B,
    0xA82B, 0xA82B, 0xA82B, 0xA82B, 0xA82B, 0xA82B, 0xA02B, 0x982A, 0xA82B, 0x7807, 0x1801, 0x1001, 0x0800, 0x0000, 0x0000, 0x0000,
    0x0000, 0x0000, 0x0000, 0x0000, 0x0000, 0x0000, 0x0000, 0x0000, 0x0000, 0x0000, 0x0000, 0x0000, 0x0000, 0x0000, 0x0000, 0x0000,
    0x0000, 0x0000, 0x0000, 0x0000, 0x0000, 0x0000, 0x0000, 0x0000, 0x0000, 0x0000, 0x0000, 0x0000, 0x0000, 0x0000, 0x0000, 0x0000,
    0x0000, 0x0000, 0x0000, 0x0000, 0x0000, 0x2802, 0x980D, 0x9810, 0x780F, 0x3007, 0x0000, 0x0000, 0x0000, 0x0000, 0x0000, 0x1004,
    0x2808, 0x2809, 0x2006, 0x0801, 0x0000, 0x3024, 0x880D, 0x500E, 0x580C, 0x782B, 0x480E, 0x280B, 0x0801, 0x1806, 0x2808, 0x0002,
    0x1000, 0x7009, 0xB00F, 0x800B, 0x0000, 0x0000, 0x0000, 0x0000, 0x0000, 0x0000, 0x0000, 0x0000, 0x0000, 0x0000, 0x0000, 0x0000,
    0x0000, 0x0000, 0x0000, 0x0000, 0x0000, 0x0000, 0x0000, 0x0000, 0x0000, 0x0000, 0x0001, 0x0001, 0x0000, 0x1807, 0x1806, 0x0001,
    0x0001, 0x1806, 0x1003, 0x0000, 0x0000, 0x0000, 0x0000, 0x0000, 0x0000, 0x0000, 0x0001, 0x0803, 0x0000, 0x0000, 0x0000, 0x0000,
    0x0000, 0x0000, 0x0000, 0x0000, 0x0000, 0x0000, 0x0000, 0x0000, 0x0000, 0x0000, 0x0000, 0x0801, 0x0001, 0x5807, 0xA010, 0x8010,
    0x902D, 0x3003, 0x0000, 0x1806, 0x1005, 0x0000, 0x1002, 0x580C, 0x480B, 0x700E, 0xA812, 0x900D, 0x2807, 0x1807, 0x0802, 0x0000,
    0x0000, 0x0000, 0x0802, 0x1003, 0x0000, 0x0000, 0x4804, 0x6828, 0x2827, 0x580C, 0x500C, 0x880D, 0x1001, 0x0000, 0x0000, 0x0000,
    0x0000, 0x0000, 0x0000, 0x0000, 0x0000, 0x0000, 0x0000, 0x0000, 0x0000, 0x0000, 0x0000, 0x0000, 0x0000, 0x0000, 0x0000, 0x0000,
    0x0000, 0x0000, 0x0000, 0x0000, 0x0000, 0x0000, 0x0000, 0x0000, 0x0000, 0x0000, 0x0000, 0x0000, 0x0000, 0x0000, 0x0000, 0x0000,
    0x0000, 0x0000, 0x0000, 0x0801, 0x1802, 0x0801, 0x8005, 0xF82B, 0xF82A, 0xF82A, 0xF82A, 0xF82A, 0xF84A, 0xF84A, 0xF84A, 0xF84A,
    0xF84A, 0xF84A, 0xF84A, 0xF84A, 0xF84A, 0xF82A, 0xF82A, 0xF82A, 0xF82A, 0xF82A, 0xF82A, 0xF82A, 0xF82A, 0xF82A, 0xF82A, 0xF82A,
    0xF82A, 0xF82A, 0xF82A, 0xF82A, 0xF82A, 0xF82A, 0xF82A, 0xF82A, 0xF82A, 0xF82B, 0xE84A, 0x5806, 0xE959, 0xAA53, 0x7AAE, 0x40CC,
    0x500C, 0x4828, 0x0000, 0x0000, 0x0000, 0x0000, 0x1802, 0x2007, 0x1827, 0x0823, 0x0001, 0x0000, 0x680B, 0x1002, 0x0000, 0x0000,
    0x0000, 0x0000, 0x1002, 0x684B, 0x0000, 0x0801, 0x0822, 0x00A6, 0x00E6, 0x0062, 0x0000, 0x0000, 0x0000, 0x0000, 0x0A0B, 0x02B1,
    0x0AB2, 0x7454, 0x9CB3, 0x3EDD, 0x2947, 0xF007, 0xF82A, 0xF829, 0xF829, 0xF829, 0xF829, 0xF829, 0xF829, 0xF829, 0xF829, 0xF829,
    0xF82A, 0xF82A, 0xF82A, 0xF82A, 0xF82A, 0xF84A, 0xF84A, 0xF84A, 0xF84A, 0xF84A, 0xF82A, 0xF82A, 0xF84A, 0xF84A, 0xF84A, 0xF84A,
    0xF84A, 0xF82A, 0xF82A, 0xF82A, 0xF84A, 0xF84A, 0xF84A, 0xF84A, 0xF84B, 0xE82A, 0x3803, 0x1802, 0x1001, 0x0801, 0x0000, 0x0000,
    0x0000, 0x0000, 0x0000, 0x0000, 0x0000, 0x0000, 0x0000, 0x0000, 0x0000, 0x0000, 0x0000, 0x0000, 0x0000, 0x0000, 0x0000, 0x0000,
    0x0000, 0x0000, 0x0000, 0x0000, 0x0000, 0x0000, 0x0000, 0x0000, 0x0000, 0x0000, 0x0000, 0x0000, 0x0000, 0x0000, 0x0000, 0x0000,
    0x0000, 0x0000, 0x0000, 0x0000, 0x0000, 0x5008, 0x580C, 0x480D, 0x2809, 0x780A, 0x5805, 0x0000, 0x0000, 0x0801, 0x0001, 0x0000,
    0x0000, 0x0000, 0x2006, 0x2008, 0x2807, 0x782D, 0x400C, 0x602D, 0x682E, 0x300B, 0x300C, 0x0803, 0x1004, 0x0803, 0x0000, 0x3804,
    0x900E, 0x8811, 0x880F, 0x2002, 0x0000, 0x0000, 0x0000, 0x0000, 0x0000, 0x0000, 0x0000, 0x0000, 0x0000, 0x0000, 0x0000, 0x0000,
    0x0000, 0x0000, 0x0000, 0x0000, 0x0000, 0x0803, 0x0000, 0x0000, 0x0000, 0x0000, 0x0000, 0x0000, 0x0000, 0x0000, 0x0803, 0x1806,
    0x0804, 0x0802, 0x0000, 0x0000, 0x0000, 0x0000, 0x0000, 0x0000, 0x0000, 0x0803, 0x1005, 0x0000, 0x0000, 0x0000, 0x0000, 0x0000,
    0x0000, 0x0000, 0x0000, 0x0000, 0x0000, 0x0000, 0x0000, 0x0000, 0x0000, 0x0000, 0x0000, 0x0000, 0x0000, 0x2003, 0x980F, 0x480E,
    0x500E, 0x802C, 0x4806, 0x0000, 0x0803, 0x0000, 0x0000, 0x2008, 0x380C, 0x502D, 0x300C, 0x500E, 0x2005, 0x0000, 0x0000, 0x0000,
    0x0000, 0x0801, 0x2008, 0x0001, 0x0000, 0x0000, 0x0800, 0xA80D, 0x900C, 0x5008, 0x3829, 0x580C, 0x3805, 0x0000, 0x0000, 0x0000,
    0x0000, 0x0000, 0x0000, 0x0000, 0x0000, 0x0000, 0x0000, 0x0000, 0x0000, 0x0000, 0x0000, 0x0000, 0x2804, 0x0000, 0x0000, 0x0000,
    0x0000, 0x0000, 0x0000, 0x0000, 0x0000, 0x0000, 0x0000, 0x0000, 0x0000, 0x0000, 0x0000, 0x0000, 0x0000, 0x0000, 0x0000, 0x0000,
    0x0000, 0x0000, 0x0800, 0x0801, 0x1801, 0x0801, 0xC848, 0xF84A, 0xF049, 0xF049, 0xF049, 0xF049, 0xF049, 0xF049, 0xF049, 0xF049,
    0xF049, 0xF069, 0xF049, 0xF049, 0xF049, 0xF049, 0xF049, 0xF049, 0xF049, 0xF049, 0xF049, 0xF049, 0xF049, 0xF049, 0xF049, 0xF049,
    0xF049, 0xF049, 0xF049, 0xF049, 0xF049, 0xF049, 0xF049, 0xF049, 0xF049, 0xF86B, 0x8844, 0x800D, 0xC115, 0x6AED, 0x490B, 0x400B,
    0x5028, 0x0000, 0x0000, 0x0000, 0x0000, 0x3805, 0x4007, 0x1002, 0x0020, 0x0000, 0x0000, 0x0000, 0x680B, 0x0800, 0x0000, 0x0000,
    0x0000, 0x0000, 0x0000, 0x686B, 0x0000, 0x0000, 0x0000, 0x0000, 0x0041, 0x00C6, 0x00A6, 0x0001, 0x0000, 0x0000, 0x0000, 0x0A2A,
    0x02F2, 0x0A91, 0x6B6F, 0x34D5, 0x0391, 0x9004, 0xF84A, 0xF029, 0xF029, 0xF049, 0xF049, 0xF049, 0xF049, 0xF049, 0xF049, 0xF049,
    0xF049, 0xF049, 0xF049, 0xF049, 0xF049, 0xF049, 0xF049, 0xF069, 0xF069, 0xF04A, 0xF049, 0xF04A, 0xF04A, 0xF04A, 0xF04A, 0xF04A,
    0xF04A, 0xF04A, 0xF04A, 0xF049, 0xF04A, 0xF04A, 0xF04A, 0xF06A, 0xE869, 0xF84A, 0x8826, 0x1002, 0x1802, 0x0800, 0x0000, 0x0000,
    0x0000, 0x0000, 0x0000, 0x0000, 0x0000, 0x0000, 0x0000, 0x0000, 0x0000, 0x0000, 0x0000, 0x0000, 0x0000, 0x0000, 0x0000, 0x0000,
    0x0000, 0x0000, 0x0000, 0x0000, 0x0000, 0x0000, 0x0000, 0x0000, 0x0000, 0x0000, 0x0000, 0x0000, 0x0000, 0x0000, 0x0000, 0x0000,
    0x0000, 0x0000, 0x0000, 0x0000, 0x1003, 0x480D, 0x2808, 0x500A, 0x900D, 0xB84F, 0x1021, 0x0000, 0x0000, 0x0802, 0x2007, 0x0000,
    0x0000, 0x0000, 0x0000, 0x0001, 0x2808, 0x300D, 0x482B, 0x500C, 0x280D, 0x280B, 0x1806, 0x0000, 0x0000, 0x0000, 0x5828, 0x780E,
    0x400D, 0x480E, 0x6009, 0x0000, 0x0000, 0x0000, 0x0000, 0x0000, 0x0000, 0x0000, 0x0000, 0x1004, 0x0802, 0x0000, 0x0000, 0x0000,
    0x0000, 0x0000, 0x0000, 0x0000, 0x0000, 0x0001, 0x1004, 0x0000, 0x0000, 0x0000, 0x0000, 0x0000, 0x0000, 0x0000, 0x0000, 0x0001,
    0x0000, 0x0000, 0x0000, 0x0000, 0x0000, 0x0000, 0x0000, 0x0000, 0x0803, 0x1806, 0x0001, 0x0000, 0x0000, 0x0000, 0x0000, 0x0000,
    0x0000, 0x0000, 0x0000, 0x0000, 0x0000, 0x0000, 0x0802, 0x0000, 0x0000, 0x0000, 0x0000, 0x0000, 0x0000, 0x0000, 0x780C, 0x600F,
    0x380C, 0x380B, 0x680E, 0x700A, 0x3005, 0x0001, 0x0000, 0x1004, 0x2007, 0x480C, 0x500D, 0x400E, 0x280A, 0x0000, 0x0000, 0x0000,
    0x0000, 0x2007, 0x1004, 0x0000, 0x0000, 0x0000, 0x0000, 0x2003, 0x980E, 0x900E, 0x782D, 0x2006, 0x2808, 0x0802, 0x0000, 0x0000,
    0x0000, 0x0000, 0x0000, 0x0000, 0x0000, 0x0000, 0x0000, 0x0000, 0x0000, 0x0000, 0x0802, 0x1827, 0x782B, 0x8809, 0x0000, 0x0000,
    0x0000, 0x0000, 0x0000, 0x0000, 0x0000, 0x0000, 0x0000, 0x0000, 0x0000, 0x0000, 0x0000, 0x0000, 0x0000, 0x0000, 0x0000, 0x0000,
    0x0000, 0x0000, 0x0800, 0x1001, 0x1002, 0x4023, 0xE848, 0xF049, 0xF049, 0xF049, 0xF049, 0xF049, 0xF049, 0xF069, 0xF068, 0xF069,
    0xF069, 0xF069, 0xF068, 0xF069, 0xF069, 0xF069, 0xF069, 0xF069, 0xF069, 0xF069, 0xF069, 0xF069, 0xF069, 0xF049, 0xF049, 0xF069,
    0xF069, 0xF069, 0xF069, 0xF069, 0xF049, 0xF049, 0xF049, 0xF069, 0xF069, 0xF069, 0x6025, 0xA013, 0x7A0F, 0x51AB, 0x400C, 0x584B,
    0x0000, 0x0000, 0x0000, 0x0801, 0x4006, 0x3004, 0x0000, 0x0000, 0x0020, 0x0020, 0x0801, 0x0000, 0x4808, 0x3806, 0x0000, 0x0000,
    0x0000, 0x0000, 0x5088, 0x5868, 0x0000, 0x0001, 0x0000, 0x0000, 0x0000, 0x0000, 0x0084, 0x00A7, 0x0021, 0x0000, 0x0020, 0x0000,
    0x09C9, 0x028F, 0x3373, 0x5B8F, 0x0414, 0x40E6, 0xF848, 0xF068, 0xF068, 0xF048, 0xF048, 0xF048, 0xF068, 0xF068, 0xF068, 0xF068,
    0xF068, 0xF068, 0xF068, 0xF068, 0xF068, 0xF068, 0xF068, 0xF069, 0xF069, 0xF069, 0xF069, 0xF069, 0xF069, 0xF069, 0xF069, 0xF069,
    0xF069, 0xF069, 0xF069, 0xF069, 0xF069, 0xF069, 0xF069, 0xF069, 0xF069, 0xF889, 0xB867, 0x1802, 0x1002, 0x0801, 0x0000, 0x0000,
    0x0000, 0x0000, 0x0000, 0x0000, 0x0000, 0x0000, 0x0000, 0x0000, 0x0000, 0x0000, 0x0000, 0x0000, 0x0000, 0x0000, 0x0000, 0x0000,
    0x0000, 0x0000, 0x0000, 0x0000, 0x0000, 0x0801, 0x0000, 0x0000, 0x0000, 0x0000, 0x0000, 0x0000, 0x0000, 0x0000, 0x0000, 0x0000,
    0x0000, 0x0000, 0x0000, 0x0000, 0x3009, 0x280A, 0x702B, 0x882C, 0x800E, 0x3004, 0x0000, 0x0000, 0x0000, 0x0000, 0x1004, 0x0803,
    0x0000, 0x0000, 0x0000, 0x0000, 0x2008, 0x480E, 0x502D, 0x300B, 0x1808, 0x1806, 0x0000, 0x0000, 0x5026, 0x702C, 0x600E, 0x300B,
    0x380C, 0x700F, 0x3804, 0x0000, 0x0000, 0x0000, 0x0000, 0x0000, 0x0000, 0x0000, 0x2007, 0x2808, 0x0000, 0x0000, 0x0000, 0x0000,
    0x0000, 0x0000, 0x0000, 0x0000, 0x0000, 0x0000, 0x0802, 0x0804, 0x0000, 0x0000, 0x0000, 0x0000, 0x0000, 0x0000, 0x0000, 0x0000,
    0x0000, 0x0000, 0x0000, 0x0000, 0x0000, 0x0000, 0x0000, 0x0001, 0x1004, 0x0000, 0x0000, 0x0000, 0x0000, 0x0000, 0x0000, 0x0000,
    0x0000, 0x0000, 0x0000, 0x0000, 0x0000, 0x0000, 0x0803, 0x0001, 0x0000, 0x0000, 0x0000, 0x0000, 0x0000, 0x0000, 0x2004, 0x380A,
    0x2809, 0x400D, 0x300C, 0x500F, 0x500F, 0x480D, 0x4807, 0x0000, 0x0000, 0x1805, 0x3009, 0x300A, 0x380C, 0x1003, 0x0000, 0x0000,
    0x0802, 0x0802, 0x0000, 0x0000, 0x0000, 0x0000, 0x0000, 0x0000, 0x6008, 0x600D, 0x600E, 0x702C, 0x1804, 0x280A, 0x1804, 0x2802,
    0x1001, 0x0000, 0x0000, 0x0000, 0x0000, 0x0000, 0x0000, 0x0000, 0x0000, 0x1804, 0x2808, 0x0002, 0x2002, 0xD810, 0x800A, 0x0000,
    0x0000, 0x0000, 0x0000, 0x0000, 0x0000, 0x0000, 0x0000, 0x0000, 0x0000, 0x0000, 0x0000, 0x0000, 0x0000, 0x0000, 0x0000, 0x0000,
    0x0000, 0x0000, 0x0800, 0x1001, 0x0801, 0x9065, 0xF889, 0xF068, 0xF868, 0xF868, 0xF868, 0xF868, 0xF868, 0xF888, 0xF888, 0xF888,
    0xF888, 0xF888, 0xF888, 0xF888, 0xF888, 0xF888, 0xF888, 0xF888, 0xF888, 0xF888, 0xF888, 0xF888, 0xF888, 0xF887, 0xF888, 0xF888,
    0xF888, 0xF868, 0xF888, 0xF888, 0xF888, 0xF068, 0xF888, 0xF088, 0xF889, 0xC045, 0x4808, 0x88D1, 0x7AB0, 0x380A, 0x602C, 0x1001,
    0x0000, 0x0000, 0x0000, 0x4006, 0x2003, 0x0000, 0x0000, 0x0000, 0x0802, 0x0803, 0x0803, 0x0803, 0x0801, 0x5809, 0x784C, 0x792E,
    0x79EE, 0x712C, 0x688A, 0x0802, 0x0803, 0x0803, 0x0803, 0x0802, 0x0000, 0x0000, 0x0000, 0x0021, 0x00A7, 0x0021, 0x0000, 0x0000,
    0x0000, 0x020C, 0x02B0, 0x53F3, 0x3B91, 0x01E9, 0xD025, 0xF8A8, 0xF067, 0xF067, 0xF087, 0xF887, 0xF887, 0xF888, 0xF888, 0xF888,
    0xF888, 0xF888, 0xF887, 0xF887, 0xF887, 0xF887, 0xF887, 0xF888, 0xF888, 0xF888, 0xF888, 0xF888, 0xF888, 0xF888, 0xF888, 0xF888,
    0xF888, 0xF888, 0xF888, 0xF888, 0xF888, 0xF8A8, 0xF888, 0xF088, 0xF888, 0xF8A8, 0xF088, 0x3802, 0x0801, 0x1001, 0x0800, 0x0000,
    0x0000, 0x0000, 0x0000, 0x0000, 0x0000, 0x0000, 0x0000, 0x0000, 0x0000, 0x0000, 0x0000, 0x0000, 0x0000, 0x0000, 0x0000, 0x0000,
    0x0000, 0x0000, 0x0000, 0x0000, 0x1802, 0x782B, 0x1807, 0x0802, 0x0000, 0x0000, 0x0000, 0x0000, 0x0000, 0x0000, 0x0000, 0x0000,
    0x0000, 0x2823, 0x682B, 0x300B, 0x1805, 0x900E, 0x8830, 0x482F, 0x580A, 0x0000, 0x0000, 0x0000, 0x0000, 0x0000, 0x0000, 0x0803,
    0x0000, 0x0000, 0x0000, 0x1003, 0x280A, 0x2007, 0x280B, 0x2009, 0x0001, 0x0000, 0x4808, 0x702E, 0x8030, 0x500E, 0x400D, 0x400C,
    0x2006, 0x480B, 0x1001, 0x0000, 0x0000, 0x0000, 0x0000, 0x0000, 0x0000, 0x1806, 0x280A, 0x1005, 0x0000, 0x0000, 0x0000, 0x0000,
    0x0000, 0x0000, 0x0000, 0x0000, 0x0000, 0x0000, 0x0000, 0x0001, 0x0802, 0x0000, 0x0000, 0x0000, 0x0000, 0x0000, 0x0000, 0x0000,
    0x0000, 0x0000, 0x0000, 0x0000, 0x0000, 0x0000, 0x0000, 0x0802, 0x0000, 0x0000, 0x0000, 0x0000, 0x0000, 0x0000, 0x0000, 0x0000,
    0x0000, 0x0000, 0x0000, 0x0000, 0x0000, 0x0000, 0x0000, 0x0802, 0x0000, 0x0000, 0x0000, 0x0000, 0x0000, 0x0000, 0x0000, 0x2007,
    0x0802, 0x1824, 0x402D, 0x400E, 0x380D, 0x380D, 0x780F, 0x5007, 0x0000, 0x0001, 0x1005, 0x1805, 0x280A, 0x280A, 0x0001, 0x0000,
    0x0000, 0x0000, 0x0000, 0x0000, 0x0000, 0x0000, 0x0000, 0x0000, 0x0800, 0x3007, 0x380B, 0x500D, 0x680A, 0x1806, 0x480F, 0x802D,
    0xA00D, 0x1001, 0x0000, 0x0000, 0x0000, 0x0000, 0x0000, 0x1003, 0x2809, 0x1805, 0x0000, 0x0020, 0x0820, 0x800B, 0xA80F, 0x8029,
    0x0000, 0x0000, 0x0000, 0x0000, 0x0000, 0x0000, 0x0000, 0x0000, 0x0000, 0x0000, 0x0000, 0x0000, 0x0000, 0x0000, 0x0000, 0x0000,
    0x0000, 0x0800, 0x0801, 0x1001, 0x1001, 0xC888, 0xF0A8, 0xE888, 0xE847, 0xE867, 0xE867, 0xE887, 0xE888, 0xE888, 0xE888, 0xE888,
    0xE888, 0xE888, 0xE888, 0xE888, 0xE888, 0xE888, 0xE888, 0xE888, 0xE888, 0xE888, 0xE888, 0xE888, 0xE888, 0xE888, 0xE888, 0xE888,
    0xE888, 0xE888, 0xE888, 0xE888, 0xF088, 0xF088, 0xF088, 0xE887, 0xF088, 0x8864, 0x2006, 0x71ED, 0x48AD, 0x682F, 0x3025, 0x0000,
    0x0020, 0x0000, 0x5007, 0x1802, 0x0000, 0x0000, 0x0001, 0x0803, 0x0803, 0x0803, 0x0803, 0x1004, 0x1004, 0x0001, 0x2003, 0x3045,
    0x30A5, 0x1842, 0x0000, 0x0804, 0x1004, 0x0804, 0x0803, 0x0803, 0x0803, 0x0002, 0x0000, 0x0000, 0x0041, 0x00A6, 0x0000, 0x0000,
    0x0000, 0x0083, 0x0331, 0x1353, 0x6C33, 0x01C9, 0x7864, 0xF867, 0xE866, 0xE867, 0xE887, 0xE887, 0xE8A7, 0xF0A8, 0xE8A7, 0xE8A7,
    0xE887, 0xE8A7, 0xE8A7, 0xE8A7, 0xE8A7, 0xE8A7, 0xE8A8, 0xE8A8, 0xE8A7, 0xE887, 0xE888, 0xE888, 0xE8A8, 0xE8A8, 0xE888, 0xE888,
    0xE888, 0xE888, 0xE8A8, 0xE8A8, 0xE0A8, 0xE0A8, 0xE8A8, 0xE0A8, 0xE088, 0xE068, 0xE868, 0x7044, 0x0801, 0x1802, 0x0801, 0x0000,
    0x0000, 0x0000, 0x0000, 0x0000, 0x0000, 0x0000, 0x0000, 0x0000, 0x0000, 0x0000, 0x0000, 0x0000, 0x0000, 0x0000, 0x0000, 0x0000,
    0x0000, 0x0000, 0x0000, 0x2001, 0xC82F, 0x7009, 0x0001, 0x2007, 0x1805, 0x0000, 0x0000, 0x0000, 0x0000, 0x0000, 0x0000, 0x0000,
    0x802A, 0x802E, 0x6011, 0x1808, 0x6829, 0x7030, 0x402D, 0x3007, 0x1001, 0x0000, 0x0000, 0x0000, 0x0000, 0x0000, 0x0000, 0x0000,
    0x0000, 0x0000, 0x0000, 0x2009, 0x280B, 0x1806, 0x1807, 0x0802, 0x0000, 0x6009, 0x800F, 0x400E, 0x400D, 0x400D, 0x2809, 0x0801,
    0x1004, 0x1806, 0x0000, 0x0000, 0x0000, 0x0000, 0x0000, 0x0000, 0x2006, 0x300B, 0x1005, 0x0000, 0x0000, 0x0000, 0x0000, 0x0000,
    0x0000, 0x0000, 0x0000, 0x0000, 0x0000, 0x0000, 0x0000, 0x0000, 0x0001, 0x0000, 0x0000, 0x0000, 0x0000, 0x0000, 0x0000, 0x0000,
    0x0000, 0x0000, 0x0000, 0x0000, 0x0000, 0x0000, 0x0000, 0x0000, 0x0000, 0x0000, 0x0000, 0x0000, 0x0000, 0x0000, 0x0000, 0x0000,
    0x0000, 0x0000, 0x0000, 0x0000, 0x0000, 0x0000, 0x0000, 0x0000, 0x0000, 0x0000, 0x0000, 0x0000, 0x0000, 0x0000, 0x0000, 0x0803,
    0x1806, 0x0000, 0x1022, 0x300B, 0x400E, 0x300C, 0x502D, 0x7810, 0x1806, 0x0000, 0x0000, 0x1003, 0x2809, 0x380D, 0x1805, 0x0000,
    0x0000, 0x0000, 0x0000, 0x0000, 0x0000, 0x0000, 0x0000, 0x0000, 0x0000, 0x0000, 0x1804, 0x300B, 0x6811, 0x4827, 0x0804, 0x300A,
    0x680E, 0xA02E, 0x3003, 0x0000, 0x0000, 0x0802, 0x2007, 0x2007, 0x0802, 0x0000, 0x0000, 0x0000, 0x0000, 0x3805, 0x880E, 0xA00F,
    0x900A, 0x0800, 0x0000, 0x0000, 0x0000, 0x0000, 0x0000, 0x0000, 0x0000, 0x0000, 0x0000, 0x0000, 0x0000, 0x0000, 0x0000, 0x0000,
    0x0000, 0x0000, 0x0800, 0x0800, 0x1802, 0x600A, 0x682A, 0x682A, 0x602A, 0x600A, 0x600A, 0x682B, 0x682B, 0x702B, 0x680B, 0x680B,
    0x680A, 0x680A, 0x680B, 0x680B, 0x680B, 0x680B, 0x682B, 0x682B, 0x682B, 0x682B, 0x682B, 0x682B, 0x702B, 0x702B, 0x702B, 0x702B,
    0x700C, 0x702C, 0x800C, 0x800C, 0x880C, 0x982C, 0xA02D, 0x902C, 0x882C, 0x3004, 0x38C7, 0x71CF, 0x400C, 0x5029, 0x0020, 0x0020,
    0x0000, 0x3004, 0x3804, 0x0000, 0x0000, 0x0802, 0x0803, 0x0803, 0x0803, 0x0803, 0x1004, 0x0804, 0x1004, 0x1004, 0x0002, 0x0001,
    0x0001, 0x0803, 0x1004, 0x1004, 0x1004, 0x1004, 0x0804, 0x0803, 0x0803, 0x1004, 0x0803, 0x0802, 0x0000, 0x0021, 0x0064, 0x0000,
    0x0000, 0x0000, 0x09C9, 0x0374, 0x4436, 0x3AAA, 0x2824, 0x900C, 0x802B, 0x902C, 0xA02D, 0x982C, 0x902C, 0x882C, 0x882C, 0x802C,
    0x782B, 0x702B, 0x782C, 0x782B, 0x702B, 0x702B, 0x702B, 0x702B, 0x702B, 0x682B, 0x702B, 0x702B, 0x682B, 0x682B, 0x682B, 0x682B,
    0x602A, 0x600A, 0x600B, 0x682B, 0x682B, 0x682B, 0x682B, 0x682B, 0x582A, 0x5029, 0x582A, 0x3807, 0x1802, 0x1001, 0x0000, 0x0000,
    0x0000, 0x0000, 0x0000, 0x0000, 0x0000, 0x0000, 0x0000, 0x0000, 0x0000, 0x0000, 0x0000, 0x0000, 0x0000, 0x0000, 0x0000, 0x0000,
    0x0000, 0x0000, 0x2803, 0xA02D, 0xB030, 0x3805, 0x0000, 0x0000, 0x1805, 0x2007, 0x0803, 0x0000, 0x0000, 0x0000, 0x1000, 0x880A,
    0x780F, 0x380C, 0x1806, 0x3002, 0x8830, 0x304E, 0x1024, 0x0000, 0x0000, 0x0000, 0x0000, 0x0000, 0x0000, 0x0000, 0x0000, 0x0000,
    0x0000, 0x0000, 0x0803, 0x2009, 0x2809, 0x0802, 0x0000, 0x0802, 0x3008, 0xA010, 0x402B, 0x380C, 0x480E, 0x2808, 0x0000, 0x0000,
    0x2008, 0x0000, 0x0000, 0x0000, 0x0000, 0x0000, 0x0000, 0x0803, 0x2007, 0x1004, 0x0001, 0x0000, 0x0000, 0x0000, 0x0000, 0x0000,
    0x0000, 0x0000, 0x0000, 0x0000, 0x0000, 0x0000, 0x0000, 0x0000, 0x0000, 0x0000, 0x0000, 0x0000, 0x0000, 0x0000, 0x0000, 0x0000,
    0x0000, 0x0000, 0x0000, 0x0000, 0x0000, 0x0000, 0x0000, 0x0000, 0x0000, 0x0000, 0x0000, 0x0000, 0x0000, 0x0000, 0x1003, 0x0801,
    0x0000, 0x0000, 0x0000, 0x0000, 0x0000, 0x0000, 0x0000, 0x0000, 0x0000, 0x1004, 0x1004, 0x0000, 0x0000, 0x0000, 0x0000, 0x0000,
    0x1005, 0x0801, 0x0000, 0x0000, 0x2008, 0x380D, 0x480D, 0x580D, 0x300A, 0x300B, 0x1805, 0x0000, 0x0802, 0x2809, 0x300C, 0x0802,
    0x0000, 0x0000, 0x0000, 0x0000, 0x0000, 0x0000, 0x0000, 0x0000, 0x0000, 0x1801, 0x0000, 0x0024, 0x300B, 0x680D, 0x1001, 0x1003,
    0x480C, 0x780E, 0x880D, 0x3005, 0x1006, 0x2007, 0x1002, 0x0000, 0x0000, 0x0000, 0x1003, 0x0000, 0x0000, 0x1001, 0x5009, 0x700E,
    0x9810, 0x5806, 0x0000, 0x0000, 0x0000, 0x0000, 0x0000, 0x0000, 0x0000, 0x0000, 0x0000, 0x0000, 0x0000, 0x0000, 0x0000, 0x0000,
    0x0000, 0x0800, 0x1001, 0x0801, 0x78A4, 0xE927, 0xD8C6, 0xD8C6, 0xD8E6, 0xE0E6, 0xE0E6, 0xE106, 0xE106, 0xE106, 0xE0E6, 0xE0E6,
    0xD8C6, 0xE0C6, 0xE0C6, 0xE0E6, 0xE0E6, 0xE0E6, 0xE0E6, 0xE0E6, 0xE0E6, 0xE0E6, 0xE0E6, 0xE0E6, 0xE0E6, 0xE0E6, 0xE0E6, 0xE0E6,
    0xE0E6, 0xE0E6, 0xE0C6, 0xE0C6, 0xE0C6, 0xE8E6, 0xE907, 0xE907, 0xD8C6, 0x1800, 0x514A, 0x48AE, 0x600D, 0x2002, 0x0000, 0x0000,
    0x1802, 0x4806, 0x0000, 0x0801, 0x0001, 0x0000, 0x0803, 0x1004, 0x1004, 0x1004, 0x1004, 0x1004, 0x1004, 0x1004, 0x1004, 0x1004,
    0x1004, 0x1004, 0x1004, 0x1004, 0x1004, 0x1004, 0x1004, 0x1004, 0x1004, 0x0803, 0x0001, 0x0001, 0x0001, 0x0000, 0x0063, 0x0042,
    0x0000, 0x0000, 0x0061, 0x0393, 0x0BD7, 0x63F1, 0x1020, 0xC8A6, 0xE8A5, 0xE0C6, 0xE8E6, 0xE8E6, 0xE8E6, 0xE0E6, 0xE0E6, 0xE0E6,
    0xE0E6, 0xE106, 0xE106, 0xE106, 0xE106, 0xE106, 0xE0E6, 0xE0E6, 0xE106, 0xE106, 0xE106, 0xE0E6, 0xE0E6, 0xD8E6, 0xE0E6, 0xE0E6,
    0xE0E6, 0xD8E6, 0xD8E6, 0xE106, 0xE106, 0xE106, 0xE106, 0xE0E6, 0xE0E6, 0xD8E5, 0xD8E6, 0xD926, 0x4023, 0x1002, 0x1001, 0x0000,
    0x0000, 0x0000, 0x0000, 0x0000, 0x0000, 0x0000, 0x0000, 0x0000, 0x0000, 0x0000, 0x0000, 0x0000, 0x0000, 0x0000, 0x0000, 0x0000,
    0x0000, 0x3804, 0xA00E, 0x882F, 0x4808, 0x0800, 0x0020, 0x0000, 0x0000, 0x0001, 0x1805, 0x1807, 0x0803, 0x0801, 0x800A, 0x7010,
    0x380C, 0x1805, 0x1001, 0x600D, 0x400E, 0x1004, 0x0000, 0x1802, 0x0000, 0x0000, 0x0000, 0x0000, 0x0000, 0x0000, 0x0000, 0x0000,
    0x0000, 0x0000, 0x2008, 0x1807, 0x0000, 0x0001, 0x3028, 0x280B, 0x600D, 0x700D, 0x380D, 0x400C, 0x1005, 0x0000, 0x0000, 0x1003,
    0x1004, 0x0000, 0x0000, 0x0000, 0x0000, 0x0000, 0x1805, 0x2009, 0x0803, 0x0000, 0x0000, 0x0000, 0x0000, 0x0000, 0x0000, 0x0000,
    0x0000, 0x0001, 0x0000, 0x0000, 0x0000, 0x0000, 0x0000, 0x0000, 0x0000, 0x0000, 0x0000, 0x0000, 0x0000, 0x0000, 0x0000, 0x0000,
    0x0000, 0x0000, 0x0000, 0x0000, 0x0000, 0x0000, 0x0000, 0x0000, 0x0000, 0x0000, 0x0000, 0x0000, 0x0000, 0x0000, 0x1003, 0x3008,
    0x1002, 0x0000, 0x0000, 0x0000, 0x0000, 0x0000, 0x0000, 0x0000, 0x0000, 0x0000, 0x2007, 0x2007, 0x0000, 0x0000, 0x0000, 0x0000,
    0x0001, 0x0801, 0x0000, 0x0000, 0x0000, 0x2006, 0x380C, 0x500C, 0x480B, 0x300C, 0x500F, 0x3829, 0x1022, 0x0000, 0x2008, 0x1806,
    0x0000, 0x0000, 0x0000, 0x0000, 0x0000, 0x0001, 0x0000, 0x0000, 0x0000, 0x3003, 0x880C, 0x4005, 0x0001, 0x2808, 0x402A, 0x0001,
    0x3009, 0x480C, 0x280B, 0x300B, 0x0001, 0x0000, 0x0000, 0x0000, 0x0000, 0x2007, 0x1003, 0x0000, 0x0000, 0x2002, 0x800A, 0x580A,
    0x400C, 0x680B, 0x0800, 0x0000, 0x0000, 0x0000, 0x0000, 0x0000, 0x0000, 0x0000, 0x0000, 0x0000, 0x0000, 0x0000, 0x0000, 0x0000,
    0x0800, 0x1001, 0x1001, 0x1802, 0xC904, 0xF945, 0xF925, 0xF905, 0xF925, 0xF944, 0xF945, 0xF944, 0xF944, 0xF924, 0xF924, 0xF924,
    0xF925, 0xF925, 0xF925, 0xF925, 0xF924, 0xF924, 0xF924, 0xF924, 0xF924, 0xF924, 0xF924, 0xF924, 0xF924, 0xF924, 0xF924, 0xF924,
    0xF924, 0xF924, 0xF924, 0xF924, 0xF924, 0xF925, 0xF925, 0xF925, 0xC904, 0x1041, 0x714D, 0x400E, 0x5809, 0x0000, 0x0000, 0x0000,
    0x4005, 0x1802, 0x0001, 0x0802, 0x594B, 0x690C, 0x1002, 0x0803, 0x1005, 0x1004, 0x1004, 0x1004, 0x1004, 0x1004, 0x0804, 0x1004,
    0x0804, 0x1004, 0x1004, 0x1004, 0x1004, 0x1004, 0x1004, 0x1005, 0x0804, 0x2826, 0x8371, 0x422C, 0x0003, 0x0000, 0x0000, 0x0084,
    0x0000, 0x0020, 0x0000, 0x0A6B, 0x03F6, 0x5C76, 0x2103, 0xA881, 0xF904, 0xF904, 0xF924, 0xF924, 0xF924, 0xF924, 0xF924, 0xF924,
    0xF924, 0xF944, 0xF944, 0xF944, 0xF944, 0xF944, 0xF944, 0xF944, 0xF944, 0xF944, 0xF924, 0xF924, 0xF924, 0xF924, 0xF924, 0xF924,
    0xF924, 0xF944, 0xF944, 0xF944, 0xF944, 0xF944, 0xF924, 0xF924, 0xF925, 0xF925, 0xF945, 0xF965, 0x8084, 0x1002, 0x1802, 0x0801,
    0x0000, 0x0000, 0x0000, 0x0000, 0x0000, 0x0000, 0x0000, 0x0000, 0x0000, 0x0000, 0x0000, 0x0000, 0x0000, 0x0000, 0x0000, 0x0000,
    0x0800, 0x800D, 0x682E, 0x4809, 0x1802, 0x0000, 0x0000, 0x1004, 0x0802, 0x0020, 0x0000, 0x0000, 0x0803, 0x2005, 0x380D, 0x280B,
    0x2808, 0x0000, 0x300A, 0x280C, 0x1004, 0x3003, 0x880C, 0x3805, 0x0000, 0x0000, 0x0000, 0x0001, 0x0000, 0x0000, 0x0000, 0x0000,
    0x0000, 0x1004, 0x1003, 0x0000, 0x1003, 0x380C, 0x380D, 0x300B, 0x680C, 0x380B, 0x3009, 0x0801, 0x0000, 0x0000, 0x0000, 0x0803,
    0x0000, 0x0000, 0x0000, 0x0000, 0x0000, 0x2007, 0x280B, 0x1005, 0x0000, 0x0000, 0x0000, 0x0000, 0x0000, 0x0000, 0x0000, 0x0000,
    0x1805, 0x1004, 0x0000, 0x0000, 0x0000, 0x0000, 0x0000, 0x0000, 0x0000, 0x0000, 0x0000, 0x0000, 0x0000, 0x0000, 0x0000, 0x0000,
    0x0000, 0x0000, 0x0000, 0x0000, 0x0000, 0x0000, 0x0000, 0x0000, 0x0000, 0x0000, 0x0000, 0x0000, 0x0000, 0x0000, 0x0000, 0x0802,
    0x380B, 0x2808, 0x0000, 0x0000, 0x0000, 0x0000, 0x0000, 0x0000, 0x0000, 0x0000, 0x0000, 0x2007, 0x1806, 0x0000, 0x0000, 0x0000,
    0x0000, 0x0000, 0x0000, 0x0000, 0x0000, 0x0000, 0x1004, 0x400D, 0x500E, 0x300B, 0x300B, 0x380D, 0x402C, 0x2005, 0x0000, 0x0803,
    0x0802, 0x0000, 0x0000, 0x0000, 0x0000, 0x0001, 0x1805, 0x0000, 0x0000, 0x0000, 0x5007, 0xB010, 0x600A, 0x1802, 0x1806, 0x1806,
    0x0000, 0x1004, 0x1806, 0x380D, 0x1807, 0x0000, 0x0000, 0x0000, 0x1004, 0x1805, 0x0000, 0x0000, 0x0000, 0x0000, 0x7008, 0xB80F,
    0x580B, 0x3809, 0x2805, 0x1802, 0x1001, 0x0000, 0x0000, 0x0000, 0x0000, 0x0000, 0x0000, 0x0000, 0x1803, 0x1001, 0x0000, 0x0000,
    0x0800, 0x1002, 0x1002, 0x2002, 0xE904, 0xF924, 0xF145, 0xF945, 0xF945, 0xF945, 0xF945, 0xF145, 0xF144, 0xF144, 0xF124, 0xF124,
    0xF144, 0xF144, 0xF144, 0xF144, 0xF144, 0xF144, 0xF144, 0xF144, 0xF124, 0xF124, 0xF144, 0xF944, 0xF944, 0xF944, 0xF144, 0xF144,
    0xF124, 0xF144, 0xF145, 0xF145, 0xF925, 0xF125, 0xF125, 0xF905, 0xA8A2, 0x3085, 0x506D, 0x580E, 0x3805, 0x0000, 0x0000, 0x0801,
    0x4005, 0x0000, 0x1003, 0x682C, 0x794D, 0x692C, 0x808F, 0x1045, 0x0803, 0x1004, 0x1004, 0x1004, 0x1004, 0x1004, 0x1004, 0x1004,
    0x1004, 0x1004, 0x1004, 0x1004, 0x1004, 0x1004, 0x1005, 0x0803, 0x2026, 0xA0B3, 0x82F0, 0x52F0, 0x4255, 0x0022, 0x0000, 0x0084,
    0x0063, 0x0020, 0x0000, 0x08C3, 0x03B3, 0x2BD5, 0x42AB, 0x8021, 0xF904, 0xF124, 0xF944, 0xF944, 0xF144, 0xF144, 0xF144, 0xF144,
    0xF944, 0xF944, 0xF944, 0xF944, 0xF144, 0xF144, 0xF144, 0xF964, 0xF144, 0xF144, 0xF144, 0xF144, 0xF144, 0xF144, 0xF144, 0xF144,
    0xF144, 0xF944, 0xF144, 0xF144, 0xF144, 0xF144, 0xF144, 0xF144, 0xF144, 0xF965, 0xF165, 0xF944, 0xA0C3, 0x0802, 0x1802, 0x1001,
    0x0000, 0x0000, 0x0000, 0x0000, 0x0000, 0x0000, 0x2002, 0x0000, 0x0000, 0x0000, 0x0000, 0x0000, 0x0000, 0x0000, 0x0000, 0x0000,
    0x5008, 0x602E, 0x484B, 0x902D, 0x5026, 0x0000, 0x0000, 0x0802, 0x1806, 0x0000, 0x0000, 0x0000, 0x0000, 0x280B, 0x280A, 0x2008,
    0x0802, 0x1006, 0x1808, 0x1803, 0x5008, 0xB010, 0x700A, 0x0000, 0x0000, 0x0000, 0x0802, 0x0000, 0x0000, 0x0000, 0x0000, 0x0000,
    0x0000, 0x0001, 0x0000, 0x2808, 0x480E, 0x280A, 0x2009, 0x384C, 0x480D, 0x2008, 0x0000, 0x0000, 0x0000, 0x0000, 0x0000, 0x0000,
    0x0000, 0x0000, 0x0000, 0x0000, 0x1004, 0x2009, 0x1005, 0x0000, 0x0000, 0x0000, 0x0000, 0x0000, 0x0000, 0x0000, 0x0802, 0x300A,
    0x1805, 0x0000, 0x0000, 0x0000, 0x0000, 0x0000, 0x0000, 0x0000, 0x0000, 0x0000, 0x0000, 0x0000, 0x0000, 0x0000, 0x0000, 0x0000,
    0x0000, 0x0000, 0x0000, 0x0000, 0x0000, 0x0000, 0x0000, 0x0000, 0x0000, 0x0000, 0x0000, 0x0000, 0x0000, 0x0000, 0x0000, 0x0000,
    0x0802, 0x400C, 0x3009, 0x1004, 0x0000, 0x0000, 0x0000, 0x0000, 0x0000, 0x0000, 0x0000, 0x0000, 0x1003, 0x1806, 0x0802, 0x0000,
    0x0000, 0x0000, 0x0000, 0x0000, 0x0000, 0x0000, 0x0000, 0x1004, 0x380D, 0x2009, 0x280A, 0x2809, 0x2809, 0x400D, 0x3009, 0x1002,
    0x0000, 0x0000, 0x0000, 0x0000, 0x0000, 0x0000, 0x1003, 0x1005, 0x0000, 0x0000, 0x0000, 0x5008, 0x480C, 0x780E, 0x700B, 0x1804,
    0x0000, 0x0000, 0x1807, 0x300A, 0x300B, 0x0803, 0x0000, 0x0000, 0x0000, 0x0000, 0x0000, 0x0000, 0x0000, 0x0000, 0x0000, 0x5008,
    0x500B, 0x580A, 0x3008, 0x480A, 0xA00E, 0x4004, 0x0000, 0x0000, 0x0000, 0x0000, 0x0801, 0x2006, 0x4829, 0x980C, 0x1001, 0x0000,
    0x1001, 0x1802, 0x1002, 0x5063, 0xF144, 0xF144, 0xF944, 0xF964, 0xF984, 0xF964, 0xF164, 0xF164, 0xF164, 0xF164, 0xF164, 0xF144,
    0xF144, 0xF964, 0xF964, 0xF164, 0xF164, 0xF164, 0xF164, 0xF144, 0xF144, 0xF164, 0xF964, 0xF164, 0xF164, 0xF164, 0xF164, 0xF144,
    0xF144, 0xF164, 0xF964, 0xF964, 0xF964, 0xF144, 0xF124, 0xF965, 0x68A1, 0x60EC, 0x482D, 0x680E, 0x1001, 0x0000, 0x0000, 0x4006,
    0x2804, 0x0000, 0x4808, 0x4808, 0x0000, 0x0000, 0x3067, 0x588C, 0x0001, 0x1004, 0x0804, 0x1004, 0x1004, 0x1004, 0x1004, 0x1004,
    0x1004, 0x1004, 0x1004, 0x1004, 0x1004, 0x1004, 0x1005, 0x0802, 0x680E, 0x2825, 0x0000, 0x0000, 0x29EB, 0x29EC, 0x0000, 0x0042,
    0x0107, 0x0000, 0x0020, 0x0020, 0x1B2F, 0x13D6, 0x53F2, 0x60C1, 0xF964, 0xF164, 0xF164, 0xF944, 0xF164, 0xF964, 0xF164, 0xF964,
    0xF984, 0xF964, 0xF164, 0xF164, 0xF164, 0xF184, 0xF184, 0xF164, 0xF964, 0xF964, 0xF964, 0xF164, 0xF164, 0xF164, 0xF164, 0xF984,
    0xF984, 0xF164, 0xF164, 0xF164, 0xF164, 0xF164, 0xF164, 0xF184, 0xF984, 0xF984, 0xF165, 0xF964, 0xC903, 0x1802, 0x1802, 0x1001,
    0x0801, 0x0000, 0x0000, 0x0000, 0x0000, 0x6828, 0x802C, 0x1805, 0x0802, 0x0000, 0x0000, 0x0000, 0x0000, 0x2001, 0x5807, 0x2005,
    0x4009, 0x482A, 0xB812, 0x800B, 0x0000, 0x0000, 0x0000, 0x0000, 0x0001, 0x0001, 0x0000, 0x0000, 0x2009, 0x280A, 0x2007, 0x1004,
    0x0000, 0x1005, 0x4008, 0x700E, 0x480E, 0x580B, 0x0000, 0x0000, 0x0000, 0x1004, 0x0001, 0x0000, 0x0000, 0x0000, 0x0000, 0x0000,
    0x0000, 0x1003, 0x380A, 0x380B, 0x2009, 0x200A, 0x1807, 0x300B, 0x2009, 0x0000, 0x0000, 0x0000, 0x0000, 0x0000, 0x0000, 0x0000,
    0x0000, 0x0000, 0x0000, 0x0802, 0x1805, 0x1004, 0x0001, 0x0000, 0x0000, 0x0000, 0x0000, 0x0000, 0x0000, 0x1004, 0x280A, 0x2007,
    0x0000, 0x0000, 0x0000, 0x0000, 0x0000, 0x0000, 0x0000, 0x0000, 0x0000, 0x0000, 0x0000, 0x0000, 0x0000, 0x0000, 0x0000, 0x0000,
    0x0000, 0x0000, 0x0000, 0x0000, 0x0000, 0x0000, 0x0000, 0x0000, 0x0000, 0x0000, 0x0000, 0x0000, 0x0000, 0x0000, 0x0000, 0x0000,
    0x0000, 0x1005, 0x280A, 0x380E, 0x2009, 0x0000, 0x0000, 0x0000, 0x0000, 0x0000, 0x0000, 0x0000, 0x0000, 0x1003, 0x1806, 0x0802,
    0x0000, 0x0000, 0x0000, 0x0000, 0x0000, 0x0000, 0x0000, 0x0000, 0x1806, 0x2009, 0x1004, 0x280B, 0x1806, 0x1807, 0x300B, 0x380C,
    0x380A, 0x1003, 0x0000, 0x0000, 0x0000, 0x0000, 0x0000, 0x1004, 0x1805, 0x0000, 0x0000, 0x1002, 0x380C, 0x300B, 0x400C, 0x300A,
    0x1805, 0x0001, 0x0020, 0x0802, 0x1005, 0x2009, 0x0801, 0x0000, 0x0000, 0x0000, 0x0000, 0x0000, 0x0000, 0x0000, 0x0000, 0x0000,
    0x0802, 0x380B, 0x602D, 0x1805, 0x600E, 0xA830, 0x3803, 0x0000, 0x0802, 0x2007, 0x380B, 0x1804, 0x0000, 0x980D, 0xA00E, 0x2002,
    0x0801, 0x2003, 0x1002, 0x80C3, 0xF9A3, 0xF983, 0xF9A3, 0xF9A3, 0xF9A3, 0xF9A3, 0xF983, 0xF983, 0xF983, 0xF983, 0xF9A3, 0xF9A3,
    0xF9A3, 0xF9A3, 0xF983, 0xF983, 0xF983, 0xF983, 0xF983, 0xF983, 0xF9A3, 0xF9A3, 0xF9A3, 0xF983, 0xF983, 0xF983, 0xF983, 0xF9A3,
    0xF9A3, 0xF983, 0xF983, 0xF9A3, 0xF983, 0xF963, 0xF983, 0xF9E4, 0x60E1, 0x68ED, 0x480D, 0x500A, 0x0000, 0x0000, 0x0000, 0x4807,
    0x1001, 0x0001, 0x4809, 0x1002, 0x0000, 0x0821, 0x0000, 0x780D, 0x0803, 0x0804, 0x1004, 0x1004, 0x1004, 0x1004, 0x1004, 0x1004,
    0x1004, 0x1004, 0x1004, 0x1004, 0x1004, 0x1004, 0x1004, 0x1003, 0x600C, 0x0000, 0x0821, 0x0000, 0x10C4, 0x42CE, 0x0000, 0x0000,
    0x0147, 0x0062, 0x0020, 0x0000, 0x12CC, 0x0417, 0x5454, 0x6101, 0xF9E3, 0xF9A2, 0xF962, 0xF982, 0xF9A2, 0xF9C2, 0xF9C2, 0xF9A2,
    0xF9A2, 0xF9A2, 0xF9A2, 0xF9A2, 0xF9A2, 0xF9A2, 0xF9A3, 0xF9A3, 0xF9A2, 0xF9C3, 0xF9A3, 0xF9A3, 0xF9A3, 0xF9A3, 0xF9A3, 0xF9A3,
    0xF9A3, 0xF9A2, 0xF9A2, 0xF9A3, 0xF9A2, 0xF9A2, 0xF9C3, 0xF9C3, 0xF9C3, 0xF9A2, 0xF983, 0xF9A3, 0xF9A3, 0x3022, 0x1002, 0x1001,
    0x0801, 0x0000, 0x0000, 0x0000, 0x6027, 0xD833, 0x3004, 0x0001, 0x2006, 0x1005, 0x0801, 0x0000, 0x4004, 0xA82E, 0x600D, 0x1805,
    0x680C, 0x600D, 0x3807, 0x0800, 0x0000, 0x0000, 0x0000, 0x0000, 0x0000, 0x0000, 0x0000, 0x1005, 0x1806, 0x1004, 0x0001, 0x1004,
    0x1805, 0x300A, 0x380C, 0x2007, 0x300C, 0x1804, 0x0000, 0x0000, 0x0803, 0x1004, 0x0000, 0x0000, 0x0000, 0x0000, 0x0000, 0x1003,
    0x3009, 0x400D, 0x2809, 0x1806, 0x1807, 0x1808, 0x1806, 0x2809, 0x0000, 0x0000, 0x0000, 0x0000, 0x0000, 0x0000, 0x0000, 0x0000,
    0x0000, 0x0000, 0x0000, 0x0802, 0x0000, 0x0000, 0x0000, 0x0000, 0x0000, 0x0000, 0x0000, 0x0802, 0x2009, 0x200A, 0x2008, 0x0000,
    0x0000, 0x0000, 0x0000, 0x0000, 0x0000, 0x0000, 0x0000, 0x0000, 0x0000, 0x0000, 0x0000, 0x0000, 0x0000, 0x0000, 0x0000, 0x0000,
    0x0000, 0x0000, 0x0000, 0x0000, 0x0000, 0x0000, 0x0000, 0x0000, 0x0000, 0x0000, 0x0000, 0x0000, 0x0000, 0x0000, 0x0000, 0x0000,
    0x0000, 0x0802, 0x2009, 0x2008, 0x280A, 0x1807, 0x0000, 0x0000, 0x0000, 0x0000, 0x0000, 0x0000, 0x0000, 0x0000, 0x0000, 0x0802,
    0x0000, 0x0000, 0x0000, 0x0000, 0x0000, 0x0000, 0x0000, 0x0000, 0x0000, 0x1006, 0x0803, 0x1004, 0x2009, 0x0803, 0x2009, 0x280B,
    0x400D, 0x400C, 0x1004, 0x0000, 0x0000, 0x0000, 0x0000, 0x0000, 0x0803, 0x1806, 0x0000, 0x0000, 0x1003, 0x2008, 0x0002, 0x0804,
    0x1807, 0x0802, 0x0821, 0x1003, 0x0000, 0x0001, 0x1003, 0x0000, 0x0000, 0x0000, 0x0000, 0x0000, 0x0802, 0x0000, 0x0000, 0x0000,
    0x0000, 0x0001, 0x380B, 0x2808, 0x2808, 0x500D, 0x582A, 0x1805, 0x2008, 0x1806, 0x0001, 0x0000, 0x0000, 0x4807, 0xA010, 0xA00E,
    0x3804, 0x1001, 0x1002, 0x6046, 0xC069, 0xC0AA, 0xD0E9, 0xC8A9, 0xC089, 0xB8A9, 0xB8AA, 0xC0C9, 0xC0C8, 0xC8C9, 0xC0AA, 0xC8C9,
    0xC8C9, 0xC0AA, 0xB8A9, 0xB8A9, 0xB8A9, 0xB8A9, 0xB8AA, 0xC0AA, 0xC0AA, 0xC0AA, 0xC0AA, 0xC8C9, 0xC0A9, 0xB8A9, 0xC0AA, 0xC8CA,
    0xC0CA, 0xC8A9, 0xC8A9, 0xC8A8, 0xC8A9, 0xC889, 0xD08A, 0xB8AA, 0x4825, 0x704F, 0x502D, 0x5007, 0x0000, 0x0000, 0x1001, 0x6808,
    0x0001, 0x0804, 0x2005, 0x1804, 0x0000, 0x0000, 0x3826, 0x684C, 0x0803, 0x1004, 0x1004, 0x1004, 0x1004, 0x1004, 0x1004, 0x1004,
    0x1004, 0x1004, 0x1004, 0x1004, 0x1004, 0x1004, 0x1005, 0x1004, 0x2849, 0x0844, 0x0000, 0x0000, 0x2A0B, 0x29EB, 0x0804, 0x1002,
    0x0188, 0x00E5, 0x0000, 0x0000, 0x0945, 0x03D6, 0x3CB7, 0x51E7, 0xB089, 0xC8A9, 0xC088, 0xC089, 0xD0C8, 0xD0C9, 0xC8CA, 0xD0C8,
    0xD0C8, 0xC0A9, 0xC8A9, 0xC8CA, 0xC8C9, 0xC0A9, 0xC8A9, 0xC8AA, 0xC0CA, 0xC0CA, 0xC0CA, 0xC0CA, 0xC0CA, 0xC0CA, 0xC0CA, 0xC0C9,
    0xB8AA, 0xC0C9, 0xC8C8, 0xC0AA, 0xC0C9, 0xC0C9, 0xC0CA, 0xB8CA, 0xB8CA, 0xC0A9, 0xB889, 0xB8AA, 0xB8AB, 0x3024, 0x0801, 0x0800,
    0x0000, 0x0000, 0x0000, 0x6008, 0x902E, 0x780C, 0x0800, 0x0000, 0x0000, 0x1004, 0x1805, 0x2006, 0x800F, 0x500E, 0x1006, 0x502B,
    0x500C, 0x0803, 0x0000, 0x0000, 0x0000, 0x0001, 0x0000, 0x0000, 0x0000, 0x0000, 0x0802, 0x0804, 0x0000, 0x0801, 0x3009, 0x300A,
    0x2009, 0x1005, 0x0000, 0x0802, 0x1807, 0x0000, 0x0000, 0x1004, 0x1004, 0x0000, 0x0000, 0x0000, 0x0000, 0x0000, 0x0803, 0x280A,
    0x280A, 0x280A, 0x2009, 0x1005, 0x1807, 0x0001, 0x1805, 0x0801, 0x0000, 0x0000, 0x0000, 0x0000, 0x0000, 0x0000, 0x0000, 0x0000,
    0x0802, 0x0000, 0x0000, 0x0000, 0x0000, 0x0000, 0x0000, 0x0000, 0x0000, 0x0000, 0x0001, 0x2009, 0x1808, 0x1807, 0x1004, 0x0000,
    0x0000, 0x0000, 0x0000, 0x0000, 0x0000, 0x0000, 0x0000, 0x0000, 0x0000, 0x0000, 0x0000, 0x0000, 0x0000, 0x0000, 0x0000, 0x0000,
    0x0000, 0x0000, 0x0000, 0x0000, 0x0000, 0x0000, 0x0000, 0x0000, 0x0000, 0x0000, 0x0000, 0x0000, 0x0000, 0x0000, 0x0000, 0x0000,
    0x0000, 0x0000, 0x1806, 0x1807, 0x1807, 0x2008, 0x0001, 0x0000, 0x0000, 0x0000, 0x0000, 0x0000, 0x0000, 0x0000, 0x0000, 0x0000,
    0x0000, 0x0000, 0x0000, 0x0000, 0x0000, 0x0000, 0x0000, 0x0000, 0x0000, 0x0000, 0x0001, 0x0000, 0x1806, 0x1806, 0x1004, 0x280A,
    0x2009, 0x280B, 0x280A, 0x0802, 0x0000, 0x0000, 0x0000, 0x0000, 0x0000, 0x0803, 0x1004, 0x0001, 0x0000, 0x0802, 0x1004, 0x0000,
    0x0000, 0x0000, 0x0001, 0x2809, 0x380B, 0x2806, 0x0800, 0x0000, 0x0000, 0x0000, 0x0000, 0x0000, 0x0001, 0x0803, 0x0000, 0x0000,
    0x0000, 0x0800, 0x1804, 0x2007, 0x0803, 0x1806, 0x280A, 0x2008, 0x0000, 0x0000, 0x0001, 0x1807, 0x0001, 0x1001, 0x680B, 0x680C,
    0x980F, 0x4805, 0x0000, 0x88A6, 0xD947, 0xD108, 0xB86B, 0xD948, 0xD947, 0xD127, 0xD947, 0xD106, 0xD906, 0xD947, 0xD968, 0xD947,
    0xD947, 0xD947, 0xD947, 0xD927, 0xD906, 0xD926, 0xD947, 0xD947, 0xD927, 0xD947, 0xD947, 0xD927, 0xD927, 0xD947, 0xD927, 0xD927,
    0xD947, 0xD947, 0xD906, 0xD906, 0xD927, 0xE147, 0xE168, 0xB947, 0x5827, 0x580E, 0x500C, 0x2803, 0x0000, 0x0000, 0x2002, 0x5808,
    0x0804, 0x1806, 0x0803, 0x1825, 0x3807, 0x582A, 0x606C, 0x1824, 0x1004, 0x1004, 0x1004, 0x1004, 0x1004, 0x1004, 0x1004, 0x1004,
    0x1004, 0x1004, 0x1004, 0x1004, 0x1004, 0x1004, 0x1005, 0x1005, 0x0823, 0x18A9, 0x3888, 0x526E, 0x228E, 0x0803, 0x1826, 0x1004,
    0x0147, 0x0105, 0x0000, 0x0000, 0x0061, 0x0436, 0x2D1B, 0x62CB, 0xB884, 0xE126, 0xD926, 0xE167, 0xE146, 0xE147, 0xE147, 0xE146,
    0xE146, 0xD946, 0xD946, 0xE146, 0xD926, 0xD926, 0xD926, 0xD927, 0xD926, 0xD947, 0xD947, 0xD947, 0xD947, 0xD947, 0xD927, 0xD127,
    0xD127, 0xD127, 0xD947, 0xD968, 0xD148, 0xD927, 0xD927, 0xD127, 0xD127, 0xD147, 0xD127, 0xD107, 0xD928, 0x6027, 0x2003, 0x0800,
    0x0000, 0x0000, 0x782A, 0x800E, 0x602D, 0x3004, 0x0000, 0x0802, 0x1004, 0x0000, 0x0000, 0x2006, 0x300D, 0x1808, 0x2808, 0x1807,
    0x0000, 0x0000, 0x0000, 0x0000, 0x0803, 0x0000, 0x0000, 0x0000, 0x0000, 0x0000, 0x0000, 0x1803, 0x380A, 0x380C, 0x2809, 0x0002,
    0x0802, 0x0000, 0x0000, 0x0001, 0x0000, 0x0000, 0x1004, 0x1806, 0x0000, 0x0000, 0x0000, 0x0000, 0x0000, 0x0001, 0x1808, 0x2009,
    0x2009, 0x1806, 0x0803, 0x2008, 0x1004, 0x0000, 0x0000, 0x0000, 0x0000, 0x0000, 0x0000, 0x0000, 0x0000, 0x0000, 0x0000, 0x0000,
    0x0001, 0x0000, 0x0000, 0x0000, 0x0000, 0x0000, 0x0000, 0x0000, 0x0000, 0x0000, 0x1006, 0x1807, 0x1807, 0x1807, 0x0000, 0x0000,
    0x0000, 0x0000, 0x0000, 0x0000, 0x0000, 0x0000, 0x0000, 0x0000, 0x0000, 0x0000, 0x0000, 0x0000, 0x0000, 0x0000, 0x0000, 0x0000,
    0x0000, 0x0000, 0x0000, 0x0000, 0x0000, 0x0000, 0x0000, 0x0000, 0x0000, 0x0000, 0x0000, 0x0000, 0x0000, 0x0000, 0x0000, 0x0000,
    0x0000, 0x0000, 0x0001, 0x1807, 0x1807, 0x1805, 0x1004, 0x0000, 0x0000, 0x0000, 0x0001, 0x1003, 0x0001, 0x0000, 0x0000, 0x0000,
    0x0000, 0x0000, 0x0000, 0x0000, 0x0000, 0x0000, 0x0000, 0x0000, 0x0000, 0x0000, 0x0000, 0x0000, 0x0000, 0x1807, 0x1004, 0x0001,
    0x1806, 0x2009, 0x1807, 0x2009, 0x0803, 0x0000, 0x0000, 0x0000, 0x0000, 0x0000, 0x0000, 0x0802, 0x0000, 0x0000, 0x0000, 0x0000,
    0x0000, 0x0000, 0x0000, 0x0000, 0x2808, 0x400D, 0x480B, 0x580C, 0x1002, 0x0000, 0x0000, 0x0000, 0x0000, 0x0000, 0x0000, 0x0000,
    0x0000, 0x0821, 0x2825, 0x480A, 0x2005, 0x1002, 0x1003, 0x280A, 0x1806, 0x0000, 0x0001, 0x1805, 0x0803, 0x0802, 0x5828, 0x5009,
    0x3808, 0x882E, 0x4007, 0xA0C5, 0xD167, 0x6869, 0x580C, 0xD0CA, 0xF9E3, 0xFA01, 0xF9E2, 0xF9E2, 0xFA02, 0xFA22, 0xFA22, 0xFA22,
    0xFA22, 0xFA22, 0xFA22, 0xFA02, 0xFA02, 0xFA02, 0xFA02, 0xFA02, 0xFA02, 0xFA22, 0xFA02, 0xFA02, 0xFA02, 0xFA02, 0xFA02, 0xFA02,
    0xFA02, 0xFA02, 0xF9E2, 0xF9E2, 0xFA02, 0xFA22, 0xFA63, 0xE262, 0x6027, 0x580D, 0x580C, 0x3004, 0x0000, 0x0000, 0x3004, 0x5008,
    0x0804, 0x1805, 0x1005, 0x0802, 0x2004, 0x3006, 0x0802, 0x0804, 0x1005, 0x1004, 0x1004, 0x1004, 0x1004, 0x1004, 0x1004, 0x1004,
    0x1004, 0x1004, 0x1004, 0x1004, 0x1004, 0x1004, 0x1004, 0x1004, 0x1003, 0x0802, 0x2045, 0x20C6, 0x0804, 0x1005, 0x1005, 0x1004,
    0x00C5, 0x0187, 0x0000, 0x0000, 0x08A2, 0x0497, 0x2D1B, 0x62AA, 0xE160, 0xFA21, 0xFA21, 0xFA41, 0xFA21, 0xFA01, 0xFA22, 0xFA22,
    0xFA22, 0xFA22, 0xFA22, 0xFA02, 0xFA02, 0xFA02, 0xFA02, 0xFA02, 0xFA02, 0xFA02, 0xFA02, 0xFA02, 0xFA22, 0xFA02, 0xFA01, 0xFA02,
    0xFA02, 0xFA22, 0xFA22, 0xFA22, 0xFA22, 0xFA22, 0xFA02, 0xFA02, 0xFA02, 0xFA02, 0xFA22, 0xF9E2, 0xE0E8, 0x680C, 0x500C, 0x4009,
    0x0801, 0x5807, 0x680C, 0x680E, 0x800C, 0x0801, 0x0804, 0x0001, 0x1004, 0x0000, 0x0001, 0x280A, 0x1005, 0x0803, 0x3008, 0x3005,
    0x0821, 0x0000, 0x0000, 0x0001, 0x0000, 0x0000, 0x0000, 0x0000, 0x0801, 0x2805, 0x5009, 0x500D, 0x380D, 0x300B, 0x0802, 0x0000,
    0x0000, 0x0000, 0x0000, 0x0000, 0x0000, 0x0802, 0x0001, 0x0000, 0x0000, 0x0000, 0x0000, 0x0000, 0x0001, 0x1807, 0x1808, 0x1807,
    0x1004, 0x0001, 0x1805, 0x0803, 0x0000, 0x0000, 0x0000, 0x0000, 0x0000, 0x0001, 0x0000, 0x0000, 0x0000, 0x0000, 0x0000, 0x0000,
    0x0000, 0x0000, 0x0000, 0x0000, 0x0000, 0x0000, 0x0000, 0x0000, 0x0000, 0x0802, 0x1005, 0x1806, 0x2009, 0x0802, 0x0000, 0x0000,
    0x0000, 0x0000, 0x0000, 0x0000, 0x0000, 0x0000, 0x0000, 0x0000, 0x0000, 0x0000, 0x0000, 0x0000, 0x0000, 0x0000, 0x0000, 0x0000,
    0x0000, 0x0000, 0x0000, 0x0000, 0x0000, 0x0000, 0x0000, 0x0000, 0x0000, 0x0000, 0x0000, 0x0000, 0x0000, 0x0000, 0x0000, 0x0000,
    0x0000, 0x0000, 0x0000, 0x0000, 0x0001, 0x0803, 0x1805, 0x0802, 0x0000, 0x0000, 0x0000, 0x0802, 0x1805, 0x0802, 0x0000, 0x0000,
    0x0000, 0x0000, 0x0000, 0x0000, 0x0000, 0x0000, 0x0000, 0x1004, 0x1003, 0x0001, 0x0000, 0x0000, 0x0000, 0x0000, 0x0802, 0x0000,
    0x0000, 0x1004, 0x0803, 0x1004, 0x2009, 0x1004, 0x0000, 0x0000, 0x0000, 0x0000, 0x0000, 0x0000, 0x0000, 0x0000, 0x0000, 0x0000,
    0x0000, 0x0001, 0x0000, 0x0000, 0x0000, 0x1806, 0x300B, 0x380C, 0x400B, 0x3007, 0x1803, 0x0000, 0x0000, 0x0000, 0x0000, 0x0000,
    0x0000, 0x0000, 0x0000, 0x1002, 0x3809, 0x3809, 0x2004, 0x0803, 0x2008, 0x1004, 0x0000, 0x0000, 0x0803, 0x1805, 0x3805, 0x882E,
    0x580B, 0x480B, 0x9811, 0x4809, 0x2009, 0x200A, 0x380A, 0x9810, 0xB04D, 0xD927, 0xFA02, 0xFA03, 0xFA03, 0xFA03, 0xFA03, 0xFA23,
    0xFA23, 0xF9E3, 0xF9E3, 0xFA03, 0xFA23, 0xFA03, 0xFA03, 0xFA03, 0xFA03, 0xFA03, 0xF9E3, 0xFA03, 0xFA03, 0xFA03, 0xFA03, 0xFA03,
    0xF9E3, 0xF9E3, 0xF9E3, 0xF9E3, 0xF9E3, 0xFA03, 0xFA23, 0xDA23, 0x5827, 0x580D, 0x580C, 0x3004, 0x0000, 0x0020, 0x3804, 0x5809,
    0x0804, 0x1004, 0x1004, 0x1004, 0x0803, 0x0003, 0x1004, 0x1005, 0x1004, 0x1004, 0x1004, 0x1004, 0x1004, 0x1004, 0x1004, 0x1004,
    0x1004, 0x1004, 0x1004, 0x1004, 0x1004, 0x1004, 0x1004, 0x1004, 0x1005, 0x1004, 0x0803, 0x0804, 0x1005, 0x1005, 0x1004, 0x1003,
    0x00C5, 0x0166, 0x0000, 0x0000, 0x0882, 0x0C76, 0x24DA, 0x5AAA, 0xD960, 0xFA43, 0xFA22, 0xFA22, 0xFA02, 0xFA02, 0xFA03, 0xFA23,
    0xFA22, 0xFA23, 0xFA23, 0xFA03, 0xFA03, 0xFA03, 0xFA03, 0xFA02, 0xFA02, 0xFA02, 0xFA03, 0xFA03, 0xFA03, 0xFA03, 0xFA03, 0xFA03,
    0xFA03, 0xFA03, 0xFA23, 0xFA23, 0xFA23, 0xFA23, 0xFA03, 0xFA03, 0xF9E3, 0xFA02, 0xF9C4, 0xC88E, 0x880F, 0x3009, 0x2809, 0x3009,
    0x480B, 0x680E, 0x602E, 0x680B, 0x1802, 0x2809, 0x1806, 0x0000, 0x0000, 0x0000, 0x1005, 0x0802, 0x0801, 0x3809, 0x580D, 0x4009,
    0x0020, 0x0020, 0x0802, 0x0801, 0x0000, 0x0000, 0x0000, 0x0801, 0x480C, 0x600E, 0x300B, 0x200A, 0x2008, 0x1805, 0x0000, 0x0000,
    0x0000, 0x0001, 0x0000, 0x0000, 0x0000, 0x0000, 0x0000, 0x0000, 0x0000, 0x0000, 0x0000, 0x0000, 0x1806, 0x2008, 0x0803, 0x0000,
    0x0000, 0x0803, 0x0801, 0x0000, 0x0000, 0x0000, 0x0000, 0x0802, 0x1806, 0x1005, 0x0000, 0x0000, 0x0000, 0x0000, 0x0000, 0x0000,
    0x0000, 0x0000, 0x0000, 0x0803, 0x0802, 0x0000, 0x0000, 0x0000, 0x0000, 0x0803, 0x0802, 0x1004, 0x0000, 0x0000, 0x0000, 0x0000,
    0x0000, 0x0000, 0x0000, 0x0000, 0x0000, 0x0000, 0x0000, 0x0000, 0x0000, 0x0000, 0x0000, 0x0000, 0x0000, 0x0000, 0x0000, 0x0000,
    0x0000, 0x0000, 0x0000, 0x0000, 0x0000, 0x0000, 0x0000, 0x0000, 0x0000, 0x0000, 0x0000, 0x0000, 0x0000, 0x0000, 0x0000, 0x0000,
    0x0000, 0x0000, 0x0000, 0x0000, 0x0000, 0x0000, 0x0000, 0x0803, 0x0000, 0x0000, 0x0000, 0x0000, 0x0000, 0x1004, 0x1806, 0x1004,
    0x0000, 0x0000, 0x0000, 0x0000, 0x0000, 0x0000, 0x0000, 0x0000, 0x1004, 0x1805, 0x1003, 0x0000, 0x0000, 0x0000, 0x0000, 0x0000,
    0x0000, 0x0000, 0x1003, 0x1004, 0x0802, 0x1806, 0x0802, 0x0000, 0x0000, 0x0000, 0x0000, 0x0000, 0x0000, 0x0000, 0x0000, 0x0000,
    0x0000, 0x0803, 0x0802, 0x0000, 0x0000, 0x0000, 0x1806, 0x2009, 0x2009, 0x380C, 0x400C, 0x1004, 0x0000, 0x0000, 0x0000, 0x0000,
    0x0000, 0x0000, 0x0000, 0x0000, 0x0000, 0x1806, 0x380C, 0x300A, 0x1807, 0x1005, 0x0000, 0x0000, 0x0000, 0x1005, 0x0002, 0x2004,
    0x500B, 0x380A, 0x400A, 0x680B, 0x1805, 0x2007, 0x2809, 0x600C, 0x580C, 0x900F, 0xE948, 0xFA42, 0xFA23, 0xFA22, 0xFA22, 0xFA03,
    0xFA02, 0xFA21, 0xFA22, 0xFA42, 0xFA62, 0xFA42, 0xFA42, 0xFA42, 0xFA42, 0xFA22, 0xFA22, 0xFA22, 0xFA22, 0xFA42, 0xFA42, 0xFA22,
    0xFA22, 0xFA22, 0xFA42, 0xFA42, 0xFA22, 0xFA22, 0xFA22, 0xDA01, 0x5847, 0x580D, 0x580C, 0x3004, 0x0000, 0x0020, 0x3805, 0x5008,
    0x0003, 0x1004, 0x1004, 0x1004, 0x1005, 0x1805, 0x1005, 0x1004, 0x1004, 0x1004, 0x1004, 0x1004, 0x1004, 0x1004, 0x1004, 0x1004,
    0x1004, 0x1004, 0x1004, 0x1004, 0x1004, 0x1004, 0x1004, 0x1004, 0x1005, 0x1825, 0x1825, 0x1005, 0x1005, 0x1004, 0x1004, 0x1003,
    0x08E6, 0x0187, 0x0000, 0x0000, 0x08A2, 0x1497, 0x2CDA, 0x5AAA, 0xD9C0, 0xFA82, 0xFA42, 0xFA42, 0xFA21, 0xFA42, 0xFA62, 0xFA62,
    0xFA62, 0xFA62, 0xFA42, 0xFA42, 0xFA42, 0xFA42, 0xFA42, 0xFA22, 0xFA22, 0xFA22, 0xFA22, 0xFA42, 0xFA42, 0xFA42, 0xFA42, 0xFA62,
    0xFA42, 0xFA22, 0xFA41, 0xFA03, 0xFA43, 0xFA42, 0xFA22, 0xFA22, 0xFA21, 0xE965, 0xA82E, 0x700E, 0x600B, 0x2009, 0x2007, 0x2027,
    0x3009, 0x480B, 0x4029, 0x0000, 0x0001, 0x1005, 0x0802, 0x0000, 0x0000, 0x0001, 0x2006, 0x2007, 0x300B, 0x3008, 0x1806, 0x0001,
    0x0000, 0x0000, 0x0000, 0x0000, 0x0000, 0x0000, 0x2006, 0x3009, 0x300A, 0x1807, 0x2009, 0x1004, 0x0000, 0x0000, 0x0000, 0x0000,
    0x0802, 0x0001, 0x0000, 0x0000, 0x0000, 0x0000, 0x0000, 0x0000, 0x0000, 0x0000, 0x0001, 0x1004, 0x1806, 0x1807, 0x1003, 0x0000,
    0x0000, 0x0000, 0x0000, 0x0000, 0x0000, 0x0001, 0x0803, 0x1806, 0x0803, 0x0000, 0x0000, 0x0000, 0x0000, 0x0000, 0x0000, 0x0000,
    0x0000, 0x0001, 0x1805, 0x1004, 0x0000, 0x0000, 0x0000, 0x0000, 0x0803, 0x0001, 0x0000, 0x0000, 0x0000, 0x0000, 0x0000, 0x0000,
    0x0000, 0x0000, 0x0000, 0x0000, 0x0000, 0x0000, 0x0000, 0x0000, 0x0000, 0x0000, 0x0000, 0x0000, 0x0000, 0x0000, 0x0000, 0x0000,
    0x0000, 0x0000, 0x0000, 0x0000, 0x0000, 0x0000, 0x0000, 0x0000, 0x0000, 0x0000, 0x0000, 0x0000, 0x0000, 0x0000, 0x0000, 0x0000,
    0x0000, 0x0000, 0x0000, 0x0000, 0x0000, 0x0000, 0x0000, 0x0000, 0x0000, 0x0000, 0x0000, 0x0000, 0x0000, 0x0000, 0x1005, 0x2008,
    0x1806, 0x0001, 0x0000, 0x0000, 0x0000, 0x0000, 0x0000, 0x0000, 0x0000, 0x0001, 0x1004, 0x1004, 0x0000, 0x0000, 0x0000, 0x0000,
    0x0000, 0x0000, 0x0000, 0x0802, 0x0803, 0x0803, 0x1004, 0x0001, 0x0000, 0x0000, 0x0000, 0x0801, 0x0000, 0x0000, 0x0000, 0x0000,
    0x0000, 0x0000, 0x0001, 0x0802, 0x0000, 0x0000, 0x0000, 0x1806, 0x1004, 0x1005, 0x1005, 0x2008, 0x1806, 0x1805, 0x0000, 0x0000,
    0x0000, 0x0000, 0x0000, 0x0000, 0x0000, 0x0000, 0x0803, 0x1005, 0x300A, 0x300A, 0x2808, 0x0001, 0x0000, 0x0000, 0x0001, 0x0000,
    0x0001, 0x0803, 0x1806, 0x3008, 0x580A, 0x1806, 0x1807, 0x2807, 0x702B, 0x600A, 0x880E, 0xD909, 0xF202, 0xF1E4, 0xC146, 0x6069,
    0xA08A, 0xF1C4, 0xFA02, 0xF1E3, 0xF203, 0xF204, 0xF204, 0xF203, 0xF1E3, 0xF203, 0xF203, 0xFA03, 0xFA03, 0xFA03, 0xFA03, 0xF1E3,
    0xF9E3, 0xF1E3, 0xFA03, 0xFA43, 0xFA23, 0xFA03, 0xF9C3, 0xD9C2, 0x5847, 0x600F, 0x682F, 0x3805, 0x0000, 0x0000, 0x2803, 0x4807,
    0x0003, 0x1004, 0x1004, 0x1004, 0x1005, 0x0804, 0x0804, 0x1005, 0x1004, 0x1004, 0x1004, 0x1004, 0x1004, 0x1004, 0x1004, 0x1004,
    0x1004, 0x1004, 0x1004, 0x1004, 0x1004, 0x1004, 0x1004, 0x1004, 0x1805, 0x0804, 0x0803, 0x1005, 0x1005, 0x1004, 0x1004, 0x1003,
    0x08E7, 0x0147, 0x0000, 0x0000, 0x1103, 0x14F9, 0x2CFA, 0x5A69, 0xD981, 0xFA23, 0xF202, 0xFA02, 0xFA02, 0xFA23, 0xFA23, 0xFA23,
    0xFA03, 0xFA03, 0xFA03, 0xFA23, 0xFA23, 0xFA03, 0xF203, 0xF1E3, 0xF1E3, 0xF1E3, 0xF1E3, 0xF1E3, 0xF203, 0xF204, 0xF204, 0xF205,
    0xF224, 0xF262, 0xF186, 0x806A, 0x8107, 0xEA04, 0xF224, 0xF262, 0xE986, 0x900E, 0x400B, 0x682B, 0x3809, 0x1006, 0x1004, 0x1804,
    0x2806, 0x2005, 0x0000, 0x0000, 0x0802, 0x0000, 0x0000, 0x0000, 0x1004, 0x300A, 0x300A, 0x2008, 0x0803, 0x0000, 0x0000, 0x0000,
    0x0000, 0x0000, 0x0000, 0x0000, 0x1003, 0x2007, 0x300C, 0x1004, 0x1004, 0x0801, 0x0803, 0x1004, 0x0801, 0x0000, 0x0000, 0x0000,
    0x0000, 0x0000, 0x0000, 0x0000, 0x0000, 0x0001, 0x0000, 0x0000, 0x0000, 0x0001, 0x0001, 0x0803, 0x0803, 0x0001, 0x0000, 0x0000,
    0x0000, 0x0000, 0x0000, 0x0000, 0x0001, 0x1004, 0x1004, 0x0803, 0x0000, 0x0000, 0x0000, 0x0000, 0x0000, 0x0000, 0x0000, 0x0001,
    0x0803, 0x1806, 0x0802, 0x0000, 0x0000, 0x0000, 0x0000, 0x0000, 0x0000, 0x0000, 0x0000, 0x0000, 0x0000, 0x0000, 0x0000, 0x0000,
    0x0000, 0x0000, 0x0000, 0x0000, 0x0000, 0x0000, 0x0000, 0x0000, 0x0000, 0x0000, 0x0000, 0x0000, 0x0000, 0x0000, 0x0000, 0x0000,
    0x0000, 0x0000, 0x0000, 0x0000, 0x0000, 0x0000, 0x0000, 0x0000, 0x0000, 0x0000, 0x0000, 0x0000, 0x0000, 0x0000, 0x0000, 0x0000,
    0x0000, 0x0000, 0x0000, 0x0000, 0x0000, 0x0000, 0x0000, 0x0000, 0x0000, 0x0000, 0x0000, 0x0000, 0x0000, 0x0000, 0x0802, 0x1004,
    0x1005, 0x0803, 0x0000, 0x0000, 0x0000, 0x0000, 0x0000, 0x0000, 0x0000, 0x0000, 0x0000, 0x0802, 0x0000, 0x0000, 0x0000, 0x0000,
    0x0000, 0x0000, 0x0000, 0x0000, 0x0000, 0x0001, 0x0000, 0x0000, 0x0000, 0x0000, 0x0000, 0x0802, 0x1806, 0x1806, 0x0001, 0x0000,
    0x0000, 0x0000, 0x0000, 0x0000, 0x0000, 0x0000, 0x0000, 0x0001, 0x1004, 0x0802, 0x0803, 0x0001, 0x2008, 0x300B, 0x2809, 0x0802,
    0x0000, 0x0000, 0x0000, 0x0000, 0x0000, 0x0000, 0x0000, 0x0000, 0x0803, 0x1806, 0x2007, 0x2809, 0x0802, 0x0000, 0x0000, 0x0000,
    0x0000, 0x0801, 0x2006, 0x2809, 0x3008, 0x480A, 0x1004, 0x1004, 0x3027, 0x702B, 0x680C, 0x882E, 0x886C, 0x4028, 0x380B, 0x280A,
    0x700D, 0xB80F, 0xD0AB, 0xE188, 0xD928, 0xE148, 0xE168, 0xE129, 0xE148, 0xE148, 0xE148, 0xE168, 0xE168, 0xE188, 0xE168, 0xE167,
    0xE167, 0xE168, 0xE987, 0xE9A7, 0xE9A8, 0xE967, 0xE127, 0xE947, 0x58A3, 0x602D, 0x582F, 0x702B, 0x0000, 0x0000, 0x0000, 0x6008,
    0x1003, 0x1004, 0x1004, 0x1005, 0x0803, 0x490A, 0x3868, 0x0802, 0x1004, 0x1004, 0x1004, 0x1004, 0x1004, 0x1004, 0x1004, 0x1004,
    0x1004, 0x1004, 0x1004, 0x1004, 0x1004, 0x1004, 0x1004, 0x1005, 0x1004, 0x58CB, 0x3A6D, 0x0065, 0x0802, 0x1004, 0x1005, 0x1805,
    0x09CB, 0x0082, 0x0020, 0x0000, 0x22EC, 0x0CFA, 0x3476, 0x5903, 0xE926, 0xE147, 0xE947, 0xE967, 0xE987, 0xE988, 0xE988, 0xE967,
    0xE966, 0xE967, 0xE188, 0xE988, 0xE987, 0xE967, 0xE168, 0xE167, 0xE967, 0xE168, 0xD128, 0xD128, 0xD968, 0xE1A8, 0xE168, 0xE168,
    0xD969, 0xC86E, 0xB00F, 0x400B, 0x2009, 0x3809, 0x3868, 0x706B, 0x880F, 0x480C, 0x600B, 0x3026, 0x0001, 0x1003, 0x480C, 0x2808,
    0x1806, 0x0802, 0x0000, 0x0000, 0x0000, 0x0000, 0x0000, 0x1806, 0x2009, 0x2008, 0x0803, 0x0000, 0x0000, 0x0000, 0x0000, 0x0000,
    0x0000, 0x0000, 0x0801, 0x2007, 0x380C, 0x2008, 0x0803, 0x0000, 0x1004, 0x1004, 0x0803, 0x0001, 0x0000, 0x0000, 0x0000, 0x0000,
    0x0000, 0x0000, 0x0000, 0x0803, 0x1805, 0x0803, 0x0000, 0x0000, 0x0001, 0x0802, 0x0000, 0x0001, 0x0000, 0x0000, 0x0000, 0x0000,
    0x0000, 0x0000, 0x0000, 0x0000, 0x0802, 0x1004, 0x0802, 0x0000, 0x0000, 0x0000, 0x0000, 0x0000, 0x0000, 0x0000, 0x0000, 0x1004,
    0x0802, 0x0803, 0x0000, 0x0000, 0x0000, 0x0000, 0x0000, 0x0000, 0x0000, 0x0000, 0x0000, 0x0000, 0x0000, 0x0000, 0x0000, 0x0000,
    0x0000, 0x0000, 0x0000, 0x0000, 0x0000, 0x0000, 0x0000, 0x0000, 0x0000, 0x0000, 0x0000, 0x0000, 0x0000, 0x0000, 0x0000, 0x0000,
    0x0000, 0x0000, 0x0000, 0x0000, 0x0000, 0x0000, 0x0000, 0x0000, 0x0000, 0x0000, 0x0000, 0x0000, 0x0000, 0x0000, 0x0000, 0x0000,
    0x0000, 0x0000, 0x0000, 0x0000, 0x0000, 0x0000, 0x0000, 0x0000, 0x0000, 0x0000, 0x0000, 0x0000, 0x0000, 0x0000, 0x0000, 0x0001,
    0x0000, 0x0001, 0x0001, 0x0001, 0x0000, 0x0000, 0x0000, 0x0000, 0x0000, 0x0000, 0x0000, 0x0000, 0x0002, 0x0001, 0x0000, 0x0000,
    0x0000, 0x0000, 0x0000, 0x0000, 0x0000, 0x0000, 0x0000, 0x0001, 0x0000, 0x0000, 0x0000, 0x0000, 0x0000, 0x1806, 0x1004, 0x0803,
    0x0000, 0x0000, 0x0000, 0x0000, 0x0000, 0x0000, 0x0000, 0x0000, 0x0000, 0x0802, 0x1004, 0x1004, 0x0001, 0x0802, 0x1806, 0x1805,
    0x1004, 0x0000, 0x0000, 0x0000, 0x0000, 0x0000, 0x0000, 0x0000, 0x0001, 0x0802, 0x0001, 0x0802, 0x1005, 0x0803, 0x0000, 0x0000,
    0x0000, 0x0000, 0x0000, 0x1003, 0x1805, 0x1004, 0x2007, 0x1805, 0x0804, 0x1806, 0x680C, 0x580C, 0x600C, 0x500A, 0x2807, 0x3009,
    0x380A, 0x880E, 0xA04E, 0xD9C7, 0xFAA1, 0xEA43, 0xE1E6, 0xFAE0, 0xFAC1, 0xFAE0, 0xFAE1, 0xFAE1, 0xFAE1, 0xFAC1, 0xFAE1, 0xFAE1,
    0xFAE1, 0xFAE1, 0xFAE1, 0xFAE1, 0xFB01, 0xFAE1, 0xFAC1, 0xFAC1, 0x7121, 0x704E, 0x5830, 0x700C, 0x0000, 0x0000, 0x0000, 0x5809,
    0x1004, 0x1005, 0x1005, 0x1004, 0x802F, 0x9210, 0x710E, 0x396F, 0x0003, 0x1005, 0x1004, 0x1004, 0x1004, 0x1004, 0x1004, 0x1004,
    0x1004, 0x1004, 0x1004, 0x1004, 0x1004, 0x1004, 0x1005, 0x0803, 0x386B, 0x8911, 0x428C, 0x73F5, 0x2148, 0x0802, 0x1005, 0x1805,
    0x0A2D, 0x0082, 0x0000, 0x0000, 0x32EC, 0x1CB9, 0x3C55, 0x6941, 0xFAA0, 0xFAA0, 0xFAC1, 0xFAE1, 0xFB01, 0xFB01, 0xFAE1, 0xFAC1,
    0xFAC1, 0xFAE1, 0xFB01, 0xFB01, 0xFAE1, 0xFAE1, 0xFAE1, 0xFAE1, 0xFAE1, 0xFB00, 0xFAE1, 0xFAC0, 0xE224, 0x9909, 0xE263, 0xF283,
    0xC0AC, 0xA00F, 0x700C, 0x300A, 0x2008, 0x1006, 0x4008, 0x780E, 0x500C, 0x3809, 0x3809, 0x0002, 0x1004, 0x382B, 0x2006, 0x0804,
    0x0001, 0x0000, 0x0000, 0x0000, 0x0000, 0x0803, 0x1005, 0x1005, 0x0802, 0x0803, 0x0001, 0x0000, 0x0000, 0x0000, 0x0000, 0x0000,
    0x0000, 0x0803, 0x1807, 0x1807, 0x1005, 0x0000, 0x0001, 0x1003, 0x1003, 0x0001, 0x0000, 0x0000, 0x0000, 0x0000, 0x0000, 0x0000,
    0x0000, 0x0001, 0x1004, 0x1805, 0x0803, 0x0000, 0x0000, 0x0001, 0x0001, 0x0000, 0x0000, 0x0000, 0x0000, 0x0000, 0x0000, 0x0000,
    0x0000, 0x0000, 0x0000, 0x0802, 0x0000, 0x0001, 0x0000, 0x0000, 0x0000, 0x0000, 0x0000, 0x0000, 0x0000, 0x0000, 0x0002, 0x0001,
    0x0000, 0x0000, 0x0000, 0x0000, 0x0000, 0x0000, 0x0000, 0x0000, 0x0000, 0x0000, 0x0000, 0x0000, 0x0000, 0x0000, 0x0000, 0x0000,
    0x0000, 0x0000, 0x0000, 0x0000, 0x0000, 0x0000, 0x0000, 0x0000, 0x0000, 0x0000, 0x0000, 0x0000, 0x0000, 0x0000, 0x0000, 0x0000,
    0x0000, 0x0000, 0x0000, 0x0000, 0x0000, 0x0000, 0x0000, 0x0000, 0x0000, 0x0000, 0x0000, 0x0000, 0x0000, 0x0000, 0x0000, 0x0000,
    0x0000, 0x0000, 0x0000, 0x0000, 0x0000, 0x0000, 0x0000, 0x0000, 0x0000, 0x0000, 0x0000, 0x0000, 0x0000, 0x0000, 0x0000, 0x0000,
    0x0000, 0x0000, 0x0000, 0x0001, 0x0001, 0x0000, 0x0000, 0x0000, 0x0000, 0x0000, 0x0000, 0x0000, 0x0000, 0x0000, 0x0000, 0x0000,
    0x0000, 0x0000, 0x0000, 0x0000, 0x0000, 0x0000, 0x0000, 0x0000, 0x0000, 0x0000, 0x0000, 0x0000, 0x0000, 0x0000, 0x0001, 0x1003,
    0x0803, 0x0001, 0x0000, 0x0000, 0x0000, 0x0000, 0x0000, 0x0000, 0x0000, 0x0000, 0x0000, 0x0001, 0x0802, 0x0000, 0x0000, 0x0001,
    0x1005, 0x1805, 0x0802, 0x0000, 0x0000, 0x0000, 0x0000, 0x0000, 0x0000, 0x0000, 0x0000, 0x0000, 0x0803, 0x1004, 0x0802, 0x0001,
    0x0000, 0x0000, 0x0000, 0x0000, 0x0001, 0x0001, 0x0803, 0x2808, 0x1806, 0x0803, 0x0804, 0x2005, 0x3008, 0x702D, 0x702D, 0x480B,
    0x2809, 0x480A, 0x700E, 0x780E, 0x9069, 0x602A, 0x680E, 0xD168, 0xFA83, 0xDA06, 0xFAE2, 0xFB01, 0xFB01, 0xFAC2, 0xFAC2, 0xFAE2,
    0xFAE2, 0xFAE2, 0xFAC2, 0xFAC2, 0xFAC2, 0xFAC2, 0xFAC2, 0xFB22, 0x99E1, 0x582A, 0x5810, 0x700D, 0x0800, 0x0000, 0x0000, 0x4006,
    0x3807, 0x1005, 0x0804, 0x480A, 0x580A, 0x0000, 0x0000, 0x32B0, 0x19AA, 0x0802, 0x1005, 0x1004, 0x1004, 0x1004, 0x1004, 0x1025,
    0x1005, 0x1005, 0x1004, 0x1004, 0x1004, 0x1005, 0x1005, 0x1805, 0x2869, 0x0000, 0x0000, 0x2967, 0x5C53, 0x0842, 0x1805, 0x1087,
    0x020B, 0x0000, 0x0000, 0x0820, 0x4391, 0x14DA, 0x2B2F, 0x9160, 0xFB02, 0xFAC1, 0xFAC1, 0xFAE2, 0xFAE2, 0xFAE2, 0xFAE2, 0xFAC2,
    0xFAE2, 0xFAE2, 0xFAE2, 0xFAE2, 0xFAC2, 0xFAE2, 0xFB01, 0xFB21, 0xFB01, 0xD9A6, 0xEA04, 0xD9C6, 0x702C, 0x380C, 0x580C, 0x982D,
    0x680D, 0x704D, 0x400A, 0x2009, 0x3009, 0x680C, 0x600B, 0x3008, 0x3008, 0x2806, 0x1806, 0x1807, 0x2008, 0x1003, 0x0000, 0x0000,
    0x0000, 0x0000, 0x0000, 0x0000, 0x0803, 0x0803, 0x0802, 0x0001, 0x0000, 0x0000, 0x0000, 0x0000, 0x0000, 0x0000, 0x0000, 0x0801,
    0x1005, 0x1806, 0x0802, 0x0000, 0x0000, 0x0000, 0x0001, 0x0000, 0x0000, 0x0000, 0x0000, 0x0000, 0x0000, 0x0000, 0x0000, 0x0000,
    0x0802, 0x1004, 0x0802, 0x0001, 0x0000, 0x0000, 0x0000, 0x0000, 0x0000, 0x0000, 0x0000, 0x0000, 0x0000, 0x0000, 0x0000, 0x0000,
    0x0000, 0x0000, 0x0000, 0x0000, 0x0000, 0x0000, 0x0000, 0x0000, 0x0000, 0x0000, 0x0000, 0x0000, 0x0000, 0x0000, 0x0000, 0x0000,
    0x0000, 0x0000, 0x0000, 0x0000, 0x0000, 0x0000, 0x0000, 0x0000, 0x0000, 0x0000, 0x0000, 0x0000, 0x0000, 0x0000, 0x0000, 0x0000,
    0x0000, 0x0000, 0x0000, 0x0000, 0x0000, 0x0000, 0x0000, 0x0000, 0x0000, 0x0000, 0x0000, 0x0000, 0x0000, 0x0000, 0x0000, 0x0000,
    0x0000, 0x0000, 0x0000, 0x0000, 0x0000, 0x0000, 0x0000, 0x0000, 0x0000, 0x0000, 0x0000, 0x0000, 0x0000, 0x0000, 0x0000, 0x0000,
    0x0000, 0x0000, 0x0000, 0x0000, 0x0000, 0x0000, 0x0000, 0x0000, 0x0000, 0x0000, 0x0000, 0x0000, 0x0000, 0x0000, 0x0000, 0x0000,
    0x0000, 0x0000, 0x0000, 0x0000, 0x0000, 0x0000, 0x0000, 0x0000, 0x0000, 0x0000, 0x0000, 0x0000, 0x0000, 0x0000, 0x0000, 0x0000,
    0x0000, 0x0000, 0x0000, 0x0000, 0x0000, 0x0000, 0x0000, 0x0000, 0x0000, 0x0000, 0x0000, 0x0000, 0x0000, 0x0000, 0x0000, 0x0000,
    0x0001, 0x0001, 0x0000, 0x0000, 0x0000, 0x0000, 0x0000, 0x0000, 0x0000, 0x0000, 0x0000, 0x0000, 0x0000, 0x0000, 0x0000, 0x0000,
    0x0000, 0x0001, 0x0801, 0x0802, 0x0000, 0x0000, 0x0000, 0x0000, 0x0000, 0x0000, 0x0000, 0x0000, 0x0000, 0x0000, 0x0000, 0x0001,
    0x0801, 0x0001, 0x0000, 0x0000, 0x0000, 0x0801, 0x0802, 0x0802, 0x1004, 0x1004, 0x0801, 0x0001, 0x0802, 0x1805, 0x400A, 0x580C,
    0x580D, 0x400A, 0x3008, 0x3008, 0x500B, 0x400A, 0x3809, 0x600D, 0x984C, 0x880D, 0xB8EB, 0xF264, 0xF264, 0xFAA2, 0xFB21, 0xFB21,
    0xFB02, 0xFB02, 0xFAE2, 0xFAC2, 0xFAC2, 0xFAC2, 0xFAC2, 0xFB03, 0xDAA1, 0x4005, 0x480D, 0x682E, 0x2823, 0x0000, 0x0020, 0x1802,
    0x680B, 0x1005, 0x1003, 0x3007, 0x0000, 0x0020, 0x0000, 0x20E5, 0x5A4D, 0x0001, 0x1004, 0x1004, 0x1004, 0x1004, 0x0804, 0x0002,
    0x0002, 0x1004, 0x1005, 0x1004, 0x1005, 0x1005, 0x0002, 0x7130, 0x4088, 0x0000, 0x0821, 0x0000, 0x626D, 0x1885, 0x1804, 0x116C,
    0x00E4, 0x0000, 0x0000, 0x1062, 0x3436, 0x14DA, 0x324A, 0xD221, 0xFB23, 0xFAE2, 0xFAE2, 0xFAC2, 0xFAE2, 0xFAE2, 0xFAE2, 0xFAE2,
    0xFAE2, 0xFB02, 0xFB02, 0xFB21, 0xFB21, 0xFB01, 0xEA64, 0xF284, 0xC10A, 0x780E, 0x700C, 0x600C, 0x480B, 0x580B, 0x700C, 0x600B,
    0x3808, 0x2807, 0x2809, 0x500C, 0x600D, 0x480B, 0x1005, 0x1004, 0x1804, 0x0802, 0x0802, 0x0804, 0x0802, 0x0801, 0x0000, 0x0000,
    0x0000, 0x0000, 0x0001, 0x0801, 0x0001, 0x0000, 0x0000, 0x0000, 0x0000, 0x0000, 0x0000, 0x0000, 0x0000, 0x0000, 0x0802, 0x0804,
    0x0802, 0x0000, 0x0000, 0x0000, 0x0000, 0x0000, 0x0000, 0x0000, 0x0000, 0x0000, 0x0000, 0x0000, 0x0000, 0x0000, 0x0000, 0x0001,
    0x0000, 0x0000, 0x0000, 0x0000, 0x0000, 0x0000, 0x0000, 0x0000, 0x0000, 0x0000, 0x0000, 0x0000, 0x0000, 0x0000, 0x0000, 0x0000,
    0x0000, 0x0000, 0x0000, 0x0000, 0x0000, 0x0000, 0x0000, 0x0000, 0x0000, 0x0000, 0x0000, 0x0000, 0x0000, 0x0000, 0x0000, 0x0000,
    0x0000, 0x0000, 0x0000, 0x0000, 0x0000, 0x0000, 0x0000, 0x0000, 0x0000, 0x0000, 0x0000, 0x0000, 0x0000, 0x0000, 0x0000, 0x0000,
    0x0000, 0x0000, 0x0000, 0x0000, 0x0000, 0x0000, 0x0000, 0x0000, 0x0000, 0x0000, 0x0000, 0x0000, 0x0000, 0x0000, 0x0000, 0x0000,
    0x0000, 0x0000, 0x0000, 0x0000, 0x0000, 0x0000, 0x0000, 0x0000, 0x0000, 0x0000, 0x0000, 0x0000, 0x0000, 0x0000, 0x0000, 0x0000,
    0x0000, 0x0000, 0x0000, 0x0000, 0x0000, 0x0000, 0x0000, 0x0000, 0x0000, 0x0000, 0x0000, 0x0000, 0x0000, 0x0000, 0x0000, 0x0000,
    0x0000, 0x0000, 0x0000, 0x0000, 0x0000, 0x0000, 0x0000, 0x0000, 0x0000, 0x0000, 0x0000, 0x0000, 0x0000, 0x0000, 0x0000, 0x0000,
    0x0000, 0x0000, 0x0000, 0x0000, 0x0000, 0x0000, 0x0000, 0x0000, 0x0000, 0x0000, 0x0000, 0x0000, 0x0000, 0x0000, 0x0000, 0x0000,
    0x0000, 0x0000, 0x0000, 0x0000, 0x0000, 0x0000, 0x0000, 0x0000, 0x0000, 0x0000, 0x0000, 0x0000, 0x0000, 0x0000, 0x0000, 0x0000,
    0x0000, 0x0000, 0x0000, 0x0000, 0x0000, 0x0000, 0x0000, 0x0000, 0x0000, 0x0000, 0x0000, 0x0000, 0x0000, 0x0000, 0x0000, 0x0000,
    0x0000, 0x0000, 0x0000, 0x0000, 0x0000, 0x0000, 0x0000, 0x0000, 0x0000, 0x0000, 0x0001, 0x0802, 0x0002, 0x0002, 0x0002, 0x0803,
    0x1005, 0x2006, 0x1805, 0x0804, 0x1806, 0x3809, 0x3009, 0x2008, 0x380A, 0x500B, 0x500D, 0x782D, 0x802D, 0xA0AA, 0xB968, 0xC169,
    0xF2C3, 0xFB02, 0xFB02, 0xFB21, 0xFB00, 0xFAE1, 0xFB01, 0xFB01, 0xFB00, 0x58E1, 0x400B, 0x500D, 0x5027, 0x0000, 0x0820, 0x0020,
    0x5808, 0x2808, 0x0804, 0x1806, 0x1003, 0x0000, 0x0000, 0x586A, 0xA233, 0x2127, 0x0803, 0x1005, 0x1005, 0x0804, 0x2004, 0x8B30,
    0x7ACF, 0x1825, 0x1003, 0x1806, 0x1005, 0x0803, 0x3027, 0x68F0, 0x3A6E, 0x08A3, 0x0000, 0x1885, 0x612F, 0x0822, 0x1026, 0x098B,
    0x0020, 0x0000, 0x0000, 0x49E9, 0x24B9, 0x1C97, 0x4962, 0xF300, 0xFB21, 0xFB21, 0xFB01, 0xFB01, 0xFB21, 0xFB21, 0xFB21, 0xFB21,
    0xFB41, 0xFB01, 0xFAE1, 0xDA05, 0xC169, 0xB92A, 0x880F, 0x700D, 0x580C, 0x480C, 0x480B, 0x3009, 0x402A, 0x480A, 0x2007, 0x1006,
    0x0805, 0x1005, 0x2006, 0x2006, 0x0805, 0x0804, 0x0804, 0x0803, 0x0000, 0x0000, 0x0000, 0x0000, 0x0000, 0x0000, 0x0000, 0x0000,
    0x0000, 0x0000, 0x0000, 0x0000, 0x0000, 0x0000, 0x0000, 0x0000, 0x0000, 0x0000, 0x0000, 0x0000, 0x0000, 0x0000, 0x0000, 0x0000,
    0x0000, 0x0000, 0x0000, 0x0000, 0x0000, 0x0000, 0x0000, 0x0000, 0x0000, 0x0000, 0x0000, 0x0000, 0x0000, 0x0000, 0x0000, 0x0000,
    0x0000, 0x0000, 0x0000, 0x0000, 0x0000, 0x0000, 0x0000, 0x0000, 0x0000, 0x0000, 0x0000, 0x0000, 0x0000, 0x0000, 0x0000, 0x0000,
    0x0000, 0x0000, 0x0000, 0x0000, 0x0000, 0x0000, 0x0000, 0x0000, 0x0000, 0x0000, 0x0000, 0x0000, 0x0000, 0x0000, 0x0000, 0x0000,
    0x0000, 0x0000, 0x0000, 0x0000, 0x0000, 0x0000, 0x0000, 0x0000, 0x0000, 0x0000, 0x0000, 0x0000, 0x0000, 0x0000, 0x0000, 0x0000,
    0x0000, 0x0000, 0x0000, 0x0000, 0x0000, 0x0000, 0x0000, 0x0000, 0x0000, 0x0000, 0x0000, 0x0000, 0x0000, 0x0000, 0x0000, 0x0000,
    0x0802, 0x0802, 0x0802, 0x0802, 0x0802, 0x0802, 0x0802, 0x0802, 0x0802, 0x0802, 0x0802, 0x0802, 0x0802, 0x0802, 0x0802, 0x0802,
    0x0802, 0x0802, 0x0802, 0x0802, 0x0802, 0x0802, 0x0802, 0x0802, 0x0802, 0x0802, 0x0802, 0x0802, 0x0802, 0x0802, 0x0802, 0x0802,
    0x0802, 0x0802, 0x0802, 0x0802, 0x0802, 0x0802, 0x0802, 0x0803, 0x0803, 0x0803, 0x0803, 0x0803, 0x0802, 0x0802, 0x0803, 0x0802,
    0x0802, 0x0802, 0x0802, 0x0802, 0x0803, 0x1003, 0x1003, 0x1003, 0x0803, 0x0803, 0x0803, 0x0802, 0x0803, 0x1003, 0x1003, 0x1003,
    0x1003, 0x1003, 0x1003, 0x1003, 0x1003, 0x1003, 0x1003, 0x1003, 0x1003, 0x1003, 0x1003, 0x1003, 0x1003, 0x1003, 0x1002, 0x0802,
    0x1002, 0x1003, 0x1003, 0x1003, 0x1003, 0x1003, 0x1003, 0x1003, 0x1003, 0x1003, 0x1003, 0x1003, 0x1003, 0x1003, 0x1003, 0x1003,
    0x1803, 0x1003, 0x1002, 0x1803, 0x1803, 0x1803, 0x1803, 0x1803, 0x1803, 0x2003, 0x2004, 0x2805, 0x3005, 0x2805, 0x2804, 0x2803,
    0x2804, 0x2804, 0x3005, 0x3006, 0x3807, 0x3808, 0x4008, 0x4809, 0x4009, 0x480A, 0x580B, 0x500B, 0x580C, 0x680D, 0x800F, 0x880F,
    0x984D, 0xA86D, 0xC0AE, 0xEA26, 0xF224, 0xF224, 0xF224, 0xEA04, 0xFA65, 0x9143, 0x4008, 0x580E, 0x702F, 0x1001, 0x0000, 0x0000,
    0x1802, 0x580A, 0x1005, 0x1003, 0x2006, 0x4027, 0x5809, 0x504B, 0x314A, 0x1085, 0x1805, 0x1005, 0x1005, 0x1804, 0xA093, 0x8AD1,
    0x626E, 0x6C58, 0x01C8, 0x1004, 0x1005, 0x1004, 0x1806, 0x2006, 0x0105, 0x220C, 0x492B, 0x4A2D, 0x1046, 0x1003, 0x112A, 0x00C4,
    0x0000, 0x0000, 0x0820, 0x5C34, 0x151C, 0x234F, 0x8902, 0xFA65, 0xEA24, 0xF244, 0xF244, 0xF244, 0xF244, 0xF245, 0xF265, 0xF265,
    0xF244, 0xC109, 0xA04C, 0x980E, 0x8810, 0x800F, 0x780D, 0x580B, 0x580B, 0x580B, 0x500A, 0x4809, 0x3808, 0x3807, 0x4008, 0x4006,
    0x3005, 0x3005, 0x3005, 0x2805, 0x2804, 0x2004, 0x2004, 0x2004, 0x2804, 0x2004, 0x2003, 0x1803, 0x1803, 0x1803, 0x1803, 0x1803,
    0x1803, 0x1003, 0x1002, 0x1002, 0x1003, 0x1003, 0x1003, 0x1003, 0x1003, 0x1002, 0x1002, 0x1003, 0x1003, 0x1003, 0x1002, 0x1002,
    0x1002, 0x1002, 0x1003, 0x1003, 0x1003, 0x1003, 0x1003, 0x1003, 0x1002, 0x1003, 0x1003, 0x1003, 0x1003, 0x1002, 0x0802, 0x1002,
    0x1003, 0x1003, 0x0802, 0x0802, 0x0802, 0x0803, 0x1003, 0x1003, 0x1003, 0x0803, 0x0803, 0x0803, 0x0803, 0x1003, 0x1003, 0x1003,
    0x1003, 0x0803, 0x0803, 0x0803, 0x0803, 0x0803, 0x0802, 0x0803, 0x0803, 0x0803, 0x0803, 0x0803, 0x0802, 0x0802, 0x0802, 0x0802,
    0x0802, 0x0802, 0x0802, 0x0802, 0x0802, 0x0802, 0x0802, 0x0802, 0x0802, 0x0802, 0x0802, 0x0802, 0x0802, 0x0802, 0x0802, 0x0802,
    0x0802, 0x0802, 0x0802, 0x0802, 0x0802, 0x0802, 0x0802, 0x0802, 0x0802, 0x0802, 0x0802, 0x0802, 0x0802, 0x0802, 0x0803, 0x0803,
    0x3009, 0x2809, 0x2809, 0x2809, 0x3009, 0x3009, 0x3009, 0x3009, 0x3009, 0x3009, 0x3009, 0x3009, 0x3009, 0x3009, 0x3009, 0x3009,
    0x3009, 0x3009, 0x3009, 0x300A, 0x3009, 0x3009, 0x3009, 0x3009, 0x3009, 0x3009, 0x3009, 0x3009, 0x3009, 0x3009, 0x3009, 0x3009,
    0x3009, 0x3009, 0x2809, 0x2809, 0x3009, 0x3009, 0x3009, 0x3009, 0x3009, 0x300A, 0x380A, 0x380A, 0x3809, 0x380A, 0x380A, 0x380A,
    0x380A, 0x3809, 0x3009, 0x380A, 0x380A, 0x380A, 0x380A, 0x3809, 0x380A, 0x380A, 0x3009, 0x300A, 0x380A, 0x380A, 0x380A, 0x380A,
    0x380A, 0x3809, 0x3809, 0x380A, 0x380A, 0x380A, 0x380A, 0x380A, 0x380A, 0x400B, 0x400A, 0x380A, 0x380A, 0x400A, 0x400B, 0x400A,
    0x400A, 0x400A, 0x400B, 0x400A, 0x400A, 0x400A, 0x400A, 0x480A, 0x480B, 0x480B, 0x480B, 0x480A, 0x480A, 0x480A, 0x500B, 0x500C,
    0x500B, 0x480B, 0x480A, 0x500B, 0x580B, 0x600C, 0x600C, 0x600C, 0x600C, 0x600B, 0x680C, 0x700D, 0x780D, 0x700C, 0x700C, 0x680B,
    0x680C, 0x780D, 0x880E, 0x880E, 0x800D, 0x880E, 0x900E, 0x800D, 0x880D, 0x880E, 0x880D, 0x880D, 0x800D, 0x880E, 0x902F, 0x902E,
    0x880E, 0x800E, 0x880E, 0x880D, 0x880D, 0x780C, 0x780C, 0x800D, 0x900F, 0x780D, 0x4006, 0x700F, 0x6032, 0x5828, 0x0000, 0x0000,
    0x0000, 0x3806, 0x3007, 0x0002, 0x1002, 0x4027, 0x1803, 0x1045, 0x1025, 0x1004, 0x1805, 0x1005, 0x0002, 0x600B, 0x3828, 0x0000,
    0x0000, 0x29E9, 0x6412, 0x0001, 0x1005, 0x1005, 0x1005, 0x0804, 0x0802, 0x2804, 0x684C, 0x1004, 0x1003, 0x1088, 0x018A, 0x0000,
    0x0000, 0x0000, 0x39E8, 0x2D1C, 0x0D3C, 0x3209, 0x800B, 0x900F, 0x880D, 0x880D, 0x900E, 0x900E, 0x900E, 0x900E, 0x980F, 0x980F,
    0x880E, 0x800D, 0x800D, 0x880D, 0x902E, 0x902E, 0x800D, 0x800D, 0x880E, 0x880E, 0x880E, 0x880D, 0x880D, 0x800D, 0x800D, 0x800D,
    0x880E, 0x880E, 0x880E, 0x800E, 0x700D, 0x680C, 0x600B, 0x680C, 0x680D, 0x680D, 0x680C, 0x580B, 0x500A, 0x500A, 0x580B, 0x580B,
    0x500B, 0x480A, 0x480A, 0x480A, 0x500B, 0x500B, 0x480A, 0x480A, 0x400A, 0x400A, 0x480B, 0x500C, 0x500C, 0x480B, 0x400A, 0x4009,
    0x400A, 0x400A, 0x480B, 0x400B, 0x400B, 0x400B, 0x380A, 0x3809, 0x380A, 0x400A, 0x400A, 0x380A, 0x3809, 0x3809, 0x380A, 0x400A,
    0x400B, 0x400B, 0x380A, 0x400A, 0x400A, 0x400A, 0x400A, 0x400A, 0x380A, 0x380A, 0x380A, 0x380A, 0x380A, 0x380A, 0x380A, 0x380A,
    0x380A, 0x380A, 0x380A, 0x380A, 0x300A, 0x380A, 0x300A, 0x300A, 0x300A, 0x300A, 0x300A, 0x300A, 0x300A, 0x300A, 0x300A, 0x3009,
    0x3009, 0x3009, 0x3009, 0x3009, 0x3009, 0x2809, 0x3009, 0x3009, 0x3009, 0x3009, 0x3009, 0x3009, 0x3009, 0x3009, 0x2809, 0x2809,
    0x2809, 0x3009, 0x3009, 0x3009, 0x3009, 0x3009, 0x3009, 0x3009, 0x3009, 0x3009, 0x3009, 0x3009, 0x3009, 0x3009, 0x3009, 0x3009,
    0x2007, 0x2006, 0x2006, 0x2006, 0x2007, 0x2007, 0x2007, 0x2007, 0x2006, 0x2006, 0x2006, 0x2006, 0x2006, 0x2006, 0x1806, 0x2006,
    0x2006, 0x2006, 0x2006, 0x2007, 0x2007, 0x2007, 0x2007, 0x2007, 0x2007, 0x2007, 0x2007, 0x1806, 0x2006, 0x2006, 0x2006, 0x2007,
    0x2007, 0x2006, 0x2006, 0x2006, 0x2007, 0x2007, 0x2007, 0x2006, 0x2006, 0x2006, 0x2007, 0x2007, 0x2007, 0x2807, 0x2007, 0x2807,
    0x2808, 0x2808, 0x2808, 0x2809, 0x2808, 0x2007, 0x2808, 0x2808, 0x2808, 0x2809, 0x2808, 0x2007, 0x2007, 0x2808, 0x2808, 0x2007,
    0x2007, 0x2007, 0x2807, 0x2807, 0x2007, 0x2006, 0x2007, 0x2807, 0x2808, 0x2808, 0x2007, 0x2807, 0x2807, 0x2807, 0x2807, 0x2808,
    0x3008, 0x3008, 0x2807, 0x2807, 0x2007, 0x2807, 0x2808, 0x3009, 0x3809, 0x3009, 0x3008, 0x3008, 0x3009, 0x3809, 0x3809, 0x3008,
    0x3008, 0x3008, 0x3009, 0x3809, 0x380A, 0x380A, 0x4009, 0x3809, 0x4009, 0x400A, 0x480A, 0x480A, 0x480A, 0x3809, 0x480A, 0x480A,
    0x500B, 0x580C, 0x580C, 0x580C, 0x580B, 0x500B, 0x600C, 0x580B, 0x580A, 0x580C, 0x580C, 0x600B, 0x580B, 0x600C, 0x680D, 0x600C,
    0x580B, 0x5009, 0x580A, 0x680C, 0x700C, 0x600B, 0x600B, 0x680C, 0x680C, 0x700E, 0x3005, 0x5809, 0x480E, 0x702F, 0x2022, 0x0000,
    0x0000, 0x0000, 0x5809, 0x2027, 0x0803, 0x0803, 0x0002, 0x0804, 0x1005, 0x1806, 0x1004, 0x1004, 0x0001, 0x580A, 0x1002, 0x0020,
    0x0020, 0x0000, 0x832E, 0x0803, 0x1005, 0x1005, 0x1806, 0x1005, 0x1005, 0x1805, 0x1805, 0x1806, 0x1826, 0x098B, 0x0041, 0x0000,
    0x0000, 0x1041, 0x5476, 0x055D, 0x13F2, 0x4026, 0x8810, 0x700D, 0x700C, 0x700C, 0x780E, 0x700D, 0x702D, 0x780D, 0x780D, 0x700E,
    0x700D, 0x680C, 0x700C, 0x780D, 0x780D, 0x680C, 0x580A, 0x500A, 0x580B, 0x500B, 0x480A, 0x580B, 0x600C, 0x600C, 0x500B, 0x500B,
    0x580C, 0x580C, 0x500B, 0x480A, 0x480A, 0x500B, 0x500B, 0x500C, 0x500B, 0x480A, 0x480A, 0x4009, 0x400A, 0x400A, 0x400A, 0x400A,
    0x3809, 0x3809, 0x3809, 0x400A, 0x380A, 0x3809, 0x3008, 0x3009, 0x3008, 0x3008, 0x3009, 0x3009, 0x3009, 0x3008, 0x2807, 0x2807,
    0x2807, 0x3008, 0x3008, 0x2807, 0x3008, 0x2808, 0x2808, 0x2808, 0x2809, 0x3009, 0x3009, 0x2808, 0x2807, 0x2807, 0x2808, 0x2808,
    0x2007, 0x2007, 0x2007, 0x2807, 0x2807, 0x2808, 0x2807, 0x2007, 0x2007, 0x2808, 0x2808, 0x2807, 0x2807, 0x2007, 0x2006, 0x2007,
    0x2007, 0x2007, 0x2007, 0x2007, 0x2007, 0x2007, 0x2007, 0x2007, 0x2007, 0x2007, 0x2007, 0x2007, 0x2007, 0x2007, 0x2007, 0x2007,
    0x2007, 0x2007, 0x2007, 0x2007, 0x2007, 0x2007, 0x2006, 0x2006, 0x2007, 0x2007, 0x2007, 0x2006, 0x2007, 0x2007, 0x2006, 0x2006,
    0x2007, 0x2007, 0x2007, 0x2007, 0x2007, 0x2007, 0x2006, 0x2006, 0x2006, 0x2006, 0x2006, 0x2006, 0x2006, 0x2006, 0x1806, 0x1806,
    0x2006, 0x2007, 0x2007, 0x2007, 0x2007, 0x2006, 0x2006, 0x2006, 0x1806, 0x1805, 0x1806, 0x2006, 0x2006, 0x2007, 0x2006, 0x2006,
    0x2007, 0x2007, 0x2006, 0x2006, 0x2006, 0x1806, 0x1806, 0x2006, 0x2006, 0x2007, 0x2007, 0x2006, 0x2006, 0x2006, 0x2007, 0x2007,
    0x2007, 0x2006, 0x2006, 0x2007, 0x2006, 0x1806, 0x1805, 0x2007, 0x2808, 0x2808, 0x2807, 0x2007, 0x2808, 0x2808, 0x2007, 0x2006,
    0x2006, 0x2007, 0x2007, 0x2006, 0x2006, 0x2006, 0x2006, 0x2007, 0x2007, 0x2007, 0x2007, 0x2007, 0x2007, 0x2006, 0x2006, 0x2006,
    0x2006, 0x2007, 0x2007, 0x2006, 0x2006, 0x2006, 0x2807, 0x2807, 0x2007, 0x2006, 0x2007, 0x2006, 0x2007, 0x2807, 0x2808, 0x3008,
    0x3009, 0x2808, 0x2007, 0x2808, 0x2807, 0x2808, 0x3009, 0x3009, 0x3008, 0x2807, 0x2807, 0x2007, 0x2007, 0x2807, 0x2808, 0x2807,
    0x2807, 0x2807, 0x2808, 0x3008, 0x3008, 0x2807, 0x2807, 0x380A, 0x3008, 0x3008, 0x3009, 0x400A, 0x3008, 0x3009, 0x380A, 0x3008,
    0x3009, 0x380A, 0x300A, 0x380A, 0x580B, 0x500B, 0x480A, 0x400A, 0x400A, 0x480B, 0x480B, 0x3809, 0x3809, 0x400A, 0x400B, 0x3809,
    0x3008, 0x3808, 0x580B, 0x500B, 0x500C, 0x580D, 0x580C, 0x580C, 0x580C, 0x500C, 0x4009, 0x2804, 0x580B, 0x480D, 0x600B, 0x0000,
    0x0000, 0x0000, 0x1021, 0x700C, 0x2808, 0x1005, 0x1806, 0x1805, 0x1805, 0x1004, 0x1004, 0x1005, 0x0804, 0x2007, 0x2008, 0x0000,
    0x0000, 0x29E9, 0x5B30, 0x0803, 0x1005, 0x1004, 0x1004, 0x1005, 0x1805, 0x1806, 0x1805, 0x1827, 0x09CE, 0x0083, 0x0000, 0x0020,
    0x0000, 0x52ED, 0x1D3B, 0x04F8, 0x1905, 0x580A, 0x580C, 0x580D, 0x580C, 0x580D, 0x580D, 0x500C, 0x480A, 0x4009, 0x600B, 0x500A,
    0x4009, 0x400A, 0x480B, 0x480C, 0x480C, 0x400A, 0x400A, 0x400A, 0x480B, 0x3809, 0x3008, 0x3009, 0x3809, 0x3809, 0x3809, 0x3808,
    0x3809, 0x3809, 0x3809, 0x3008, 0x3008, 0x3008, 0x3008, 0x3809, 0x3809, 0x3008, 0x3008, 0x3008, 0x3008, 0x3009, 0x3008, 0x3008,
    0x2807, 0x2807, 0x3008, 0x3009, 0x2808, 0x2807, 0x2808, 0x2808, 0x2808, 0x2809, 0x3009, 0x2808, 0x2006, 0x2006, 0x2007, 0x2808,
    0x2808, 0x2007, 0x2007, 0x2007, 0x2006, 0x2006, 0x2007, 0x2007, 0x2809, 0x3009, 0x2808, 0x2807, 0x2808, 0x2808, 0x3009, 0x3009,
    0x2808, 0x2007, 0x2807, 0x2808, 0x2808, 0x2007, 0x2007, 0x2006, 0x2007, 0x2007, 0x2007, 0x2006, 0x2006, 0x1806, 0x1806, 0x2006,
    0x2007, 0x2007, 0x2006, 0x2007, 0x2007, 0x2006, 0x2006, 0x2006, 0x1805, 0x1805, 0x1805, 0x1805, 0x1805, 0x1805, 0x2006, 0x2006,
    0x2006, 0x2006, 0x1806, 0x2006, 0x2006, 0x1806, 0x2007, 0x2007, 0x2007, 0x2007, 0x2007, 0x2007, 0x2007, 0x2007, 0x2007, 0x2006,
    0x2007, 0x2007, 0x2007, 0x2007, 0x2007, 0x2007, 0x2006, 0x2006, 0x2006, 0x2006, 0x2007, 0x2007, 0x2007, 0x2007, 0x2007, 0x2007,
    0x1806, 0x2006, 0x2006, 0x2005, 0x2006, 0x2006, 0x1805, 0x1805, 0x1805, 0x1805, 0x1805, 0x1805, 0x1805, 0x2006, 0x2006, 0x2006,
    0x2006, 0x2006, 0x1805, 0x1805, 0x1805, 0x1806, 0x1805, 0x2006, 0x2007, 0x2006, 0x2006, 0x2006, 0x2006, 0x2006, 0x2006, 0x2006,
    0x2006, 0x1805, 0x1805, 0x2006, 0x1805, 0x2007, 0x2808, 0x2808, 0x2007, 0x2006, 0x2006, 0x2006, 0x2006, 0x2006, 0x2006, 0x2006,
    0x2007, 0x2007, 0x2006, 0x1806, 0x2006, 0x1805, 0x1805, 0x2006, 0x2007, 0x2807, 0x2007, 0x2807, 0x2807, 0x2006, 0x2005, 0x2006,
    0x2006, 0x2006, 0x2808, 0x2006, 0x2006, 0x2007, 0x2006, 0x2807, 0x2808, 0x2006, 0x2807, 0x2006, 0x2006, 0x2006, 0x2006, 0x2007,
    0x2007, 0x2807, 0x2006, 0x2006, 0x2006, 0x2006, 0x2007, 0x2006, 0x2005, 0x2005, 0x2005, 0x2006, 0x2808, 0x2808, 0x2007, 0x2006,
    0x2807, 0x2807, 0x2807, 0x2807, 0x2006, 0x2806, 0x2005, 0x2006, 0x2006, 0x2807, 0x3008, 0x2807, 0x2006, 0x2807, 0x2807, 0x2808,
    0x3008, 0x2807, 0x2806, 0x2806, 0x2806, 0x2806, 0x1805, 0x2005, 0x2806, 0x2006, 0x2006, 0x2806, 0x2005, 0x2806, 0x2006, 0x1804,
    0x3007, 0x3808, 0x2807, 0x3007, 0x3007, 0x2807, 0x3008, 0x3008, 0x3008, 0x3008, 0x500A, 0x1804, 0x4827, 0x580D, 0x580F, 0x5028,
    0x0000, 0x0000, 0x0000, 0x1801, 0x780D, 0x3009, 0x0804, 0x1004, 0x1004, 0x1004, 0x1004, 0x1005, 0x1806, 0x1004, 0x1827, 0x48EA,
    0x616B, 0x4B0F, 0x08A6, 0x1806, 0x1005, 0x1005, 0x1005, 0x1005, 0x1004, 0x1004, 0x1889, 0x11CC, 0x00A4, 0x0000, 0x0020, 0x0000,
    0x41C8, 0x3D1A, 0x051A, 0x0AAC, 0x1002, 0x3829, 0x4008, 0x3007, 0x3808, 0x4009, 0x3809, 0x3808, 0x2806, 0x2006, 0x2807, 0x3808,
    0x3808, 0x1805, 0x3007, 0x3008, 0x2807, 0x2006, 0x2006, 0x2006, 0x2006, 0x2806, 0x3808, 0x400A, 0x3008, 0x3007, 0x3008, 0x3809,
    0x3007, 0x2006, 0x2005, 0x2806, 0x2807, 0x2807, 0x3809, 0x2806, 0x2006, 0x2807, 0x2007, 0x2006, 0x2006, 0x2006, 0x2006, 0x2005,
    0x2007, 0x2006, 0x2006, 0x1805, 0x2005, 0x2006, 0x2006, 0x2006, 0x2006, 0x2006, 0x2006, 0x2005, 0x2006, 0x3008, 0x2807, 0x2807,
    0x2808, 0x2807, 0x2006, 0x2006, 0x1805, 0x1805, 0x2006, 0x2006, 0x2006, 0x2006, 0x1805, 0x1805, 0x2006, 0x2007, 0x2006, 0x1805,
    0x2006, 0x1805, 0x1805, 0x2006, 0x1805, 0x2006, 0x2007, 0x2006, 0x2807, 0x2808, 0x2807, 0x2808, 0x2808, 0x2006, 0x2006, 0x2006,
    0x2006, 0x2006, 0x2006, 0x2006, 0x2807, 0x2006, 0x2006, 0x2006, 0x2006, 0x2005, 0x2005, 0x2006, 0x2006, 0x2006, 0x1805, 0x1805,
    0x2006, 0x1806, 0x1805, 0x1805, 0x2007, 0x2006, 0x1806, 0x1805, 0x1806, 0x1805, 0x1805, 0x1805, 0x2006, 0x2007, 0x2007, 0x2007,
    0x2007, 0x2006, 0x1806, 0x2006, 0x2005, 0x1805, 0x1805, 0x1805, 0x1805, 0x1804, 0x1805, 0x1805, 0x1805, 0x1806, 0x2006, 0x1806,
    0x1806, 0x1805, 0x1806, 0x1806, 0x1805, 0x1805, 0x1805, 0x1805, 0x1805, 0x1805, 0x1805, 0x1804, 0x1805, 0x1805, 0x1805, 0x2006,
    0x2006, 0x2006, 0x2006, 0x2006, 0x1805, 0x1804, 0x1805, 0x1805, 0x2006, 0x2808, 0x2007, 0x2808, 0x2007, 0x1805, 0x1805, 0x1805,
    0x1805, 0x1805, 0x2006, 0x2807, 0x2006, 0x1805, 0x1805, 0x1805, 0x1004, 0x1003, 0x1004, 0x1804, 0x1805, 0x1804, 0x1806, 0x1805,
    0x1805, 0x1805, 0x2007, 0x2006, 0x2007, 0x2808, 0x2808, 0x1806, 0x1804, 0x1004, 0x1004, 0x1805, 0x1805, 0x1805, 0x1805, 0x2006,
    0x2808, 0x2007, 0x1805, 0x1805, 0x1805, 0x2807, 0x2006, 0x1004, 0x1003, 0x1004, 0x1004, 0x2007, 0x2006, 0x1805, 0x2006, 0x1806,
    0x1805, 0x1004, 0x1805, 0x1805, 0x1804, 0x1003, 0x1004, 0x1004, 0x1003, 0x2007, 0x1806, 0x2008, 0x2006, 0x1805, 0x1805, 0x1804,
    0x1805, 0x1805, 0x1003, 0x1003, 0x0803, 0x1805, 0x1805, 0x1805, 0x2007, 0x2006, 0x1805, 0x1805, 0x1805, 0x2006, 0x2007, 0x2006,
    0x1805, 0x1804, 0x1805, 0x2808, 0x2807, 0x2807, 0x2807, 0x2807, 0x3009, 0x380A, 0x3008, 0x2807, 0x3008, 0x3008, 0x2807, 0x4009,
    0x2806, 0x2806, 0x3008, 0x3007, 0x3007, 0x3809, 0x4009, 0x3809, 0x3007, 0x500A, 0x4809, 0x3809, 0x2805, 0x782C, 0x500F, 0x7831,
    0x4027, 0x0000, 0x0000, 0x0000, 0x0800, 0x5009, 0x4008, 0x1005, 0x0804, 0x1004, 0x1005, 0x1805, 0x1806, 0x2807, 0x4809, 0x4848,
    0x4868, 0x2806, 0x2807, 0x2007, 0x1805, 0x1005, 0x1005, 0x1003, 0x1004, 0x190A, 0x116A, 0x0061, 0x0000, 0x0020, 0x0000, 0x3146,
    0x553A, 0x059C, 0x2434, 0x2824, 0x4009, 0x3006, 0x480A, 0x3007, 0x2806, 0x3809, 0x4009, 0x3008, 0x3007, 0x3008, 0x3809, 0x3008,
    0x3008, 0x3809, 0x2006, 0x2808, 0x3008, 0x2808, 0x3008, 0x2808, 0x2807, 0x2006, 0x2006, 0x2807, 0x3008, 0x2807, 0x2807, 0x2807,
    0x2807, 0x1806, 0x1805, 0x1805, 0x1805, 0x2006, 0x2807, 0x2007, 0x1805, 0x1004, 0x1003, 0x1804, 0x1805, 0x1805, 0x1004, 0x1004,
    0x2006, 0x2007, 0x2007, 0x1805, 0x1004, 0x1804, 0x1004, 0x1004, 0x1805, 0x1805, 0x1804, 0x1003, 0x1003, 0x1804, 0x2808, 0x2808,
    0x1805, 0x1805, 0x1004, 0x1003, 0x1004, 0x1805, 0x1805, 0x1805, 0x2007, 0x1806, 0x1805, 0x2007, 0x1805, 0x1806, 0x1805, 0x1804,
    0x1805, 0x2006, 0x2808, 0x2006, 0x1805, 0x1805, 0x1804, 0x2006, 0x2007, 0x2006, 0x1806, 0x1806, 0x2006, 0x2807, 0x2007, 0x1806,
    0x1805, 0x1806, 0x1805, 0x1805, 0x1004, 0x1003, 0x1805, 0x1805, 0x1805, 0x1805, 0x1805, 0x2006, 0x2006, 0x2006, 0x2006, 0x2006,
    0x1805, 0x1805, 0x1806, 0x1805, 0x2006, 0x2008, 0x2808, 0x2007, 0x2007, 0x2006, 0x1805, 0x1805, 0x1805, 0x1805, 0x2007, 0x2006,
    0x2808, 0x2808, 0x2007, 0x1806, 0x1806, 0x1805, 0x1805, 0x1805, 0x2006, 0x2007, 0x2006, 0x1806, 0x1806, 0x1806, 0x1805, 0x1805,
    0x1003, 0x1003, 0x1003, 0x1003, 0x1003, 0x1003, 0x1004, 0x1804, 0x1004, 0x1004, 0x1805, 0x2006, 0x2809, 0x2808, 0x1004, 0x1003,
    0x1003, 0x1003, 0x1004, 0x1804, 0x2006, 0x2808, 0x2809, 0x1804, 0x1804, 0x1003, 0x1003, 0x1003, 0x1004, 0x1804, 0x1804, 0x2006,
    0x2006, 0x1804, 0x1804, 0x1004, 0x1003, 0x1004, 0x1805, 0x1804, 0x1804, 0x1805, 0x2807, 0x1806, 0x1805, 0x1004, 0x1003, 0x1804,
    0x2007, 0x1805, 0x1004, 0x1804, 0x1004, 0x1003, 0x1003, 0x1003, 0x1004, 0x1004, 0x1805, 0x3009, 0x2007, 0x1804, 0x1003, 0x1004,
    0x1804, 0x1004, 0x1003, 0x1003, 0x1003, 0x1003, 0x1003, 0x1003, 0x1003, 0x2006, 0x2007, 0x1804, 0x1804, 0x1004, 0x1003, 0x1003,
    0x1003, 0x1004, 0x1004, 0x1805, 0x1805, 0x2006, 0x1806, 0x1805, 0x1003, 0x1004, 0x1804, 0x1805, 0x1804, 0x1804, 0x1004, 0x1003,
    0x1003, 0x1004, 0x1806, 0x1806, 0x1004, 0x1004, 0x1004, 0x1003, 0x1003, 0x1004, 0x1003, 0x1003, 0x1003, 0x1804, 0x1804, 0x1004,
    0x2007, 0x2006, 0x1804, 0x1003, 0x1804, 0x1804, 0x1804, 0x1804, 0x1805, 0x1805, 0x1804, 0x1804, 0x1804, 0x3008, 0x2806, 0x1003,
    0x1003, 0x1804, 0x1804, 0x1804, 0x2005, 0x2806, 0x2805, 0x2004, 0x3807, 0x2805, 0x2004, 0x3006, 0x2006, 0x1802, 0x782F, 0x480F,
    0x8073, 0x40C8, 0x0000, 0x0000, 0x0000, 0x0000, 0x3004, 0x582B, 0x4009, 0x2006, 0x1005, 0x0804, 0x1806, 0x580A, 0x1803, 0x1001,
    0x0801, 0x1002, 0x600B, 0x1805, 0x1004, 0x1804, 0x1846, 0x190A, 0x118B, 0x0906, 0x0000, 0x0000, 0x0000, 0x0000, 0x3986, 0x5CF8,
    0x053A, 0x14D6, 0x08A3, 0x2806, 0x3808, 0x3006, 0x2004, 0x3808, 0x2806, 0x2805, 0x3007, 0x2806, 0x2005, 0x2005, 0x2006, 0x2005,
    0x1804, 0x1803, 0x2806, 0x2806, 0x1804, 0x1805, 0x2005, 0x1804, 0x1804, 0x1804, 0x1804, 0x1804, 0x1804, 0x1804, 0x2807, 0x2807,
    0x1805, 0x1805, 0x1804, 0x1003, 0x1804, 0x1805, 0x1804, 0x1804, 0x1804, 0x2808, 0x2006, 0x1805, 0x1003, 0x1004, 0x1003, 0x1003,
    0x1003, 0x1004, 0x1003, 0x1003, 0x1804, 0x2006, 0x2807, 0x1805, 0x1004, 0x1003, 0x1003, 0x1003, 0x0802, 0x0802, 0x1003, 0x1805,
    0x1805, 0x2006, 0x2006, 0x1004, 0x1004, 0x1003, 0x1003, 0x1003, 0x0802, 0x0802, 0x1003, 0x1804, 0x2007, 0x2808, 0x1804, 0x1004,
    0x1004, 0x1804, 0x1805, 0x1004, 0x1805, 0x2007, 0x2007, 0x1805, 0x1004, 0x1004, 0x1004, 0x1003, 0x1003, 0x1003, 0x1003, 0x1003,
    0x1003, 0x1003, 0x1804, 0x2006, 0x2007, 0x1805, 0x1804, 0x1804, 0x1004, 0x1004, 0x1004, 0x1804, 0x1804, 0x1004, 0x1003, 0x1004,
    0x2008, 0x1805, 0x1004, 0x1004, 0x1003, 0x1003, 0x1003, 0x1004, 0x1805, 0x2006, 0x2007, 0x1805, 0x1806, 0x1805, 0x0803, 0x1003,
    0x1003, 0x1004, 0x1003, 0x1805, 0x2007, 0x2007, 0x1806, 0x1805, 0x1805, 0x1003, 0x1003, 0x1004, 0x1003, 0x1003, 0x1003, 0x1003,
    0x1004, 0x1004, 0x1003, 0x1804, 0x1805, 0x2006, 0x2007, 0x2006, 0x2007, 0x2809, 0x2007, 0x1004, 0x0803, 0x0802, 0x0802, 0x0803,
    0x0802, 0x1003, 0x1004, 0x1004, 0x1806, 0x1805, 0x1003, 0x1004, 0x1004, 0x1003, 0x0802, 0x1003, 0x1004, 0x1805, 0x1805, 0x2006,
    0x1805, 0x1805, 0x1805, 0x1805, 0x1805, 0x1806, 0x1806, 0x1806, 0x2007, 0x1805, 0x1004, 0x0802, 0x0802, 0x0802, 0x1003, 0x1003,
    0x0802, 0x0802, 0x0802, 0x0801, 0x1002, 0x1004, 0x1004, 0x1805, 0x2006, 0x1805, 0x1004, 0x1004, 0x1003, 0x1003, 0x1004, 0x1004,
    0x1003, 0x0803, 0x0803, 0x1004, 0x1805, 0x1805, 0x1004, 0x1806, 0x1806, 0x1003, 0x1004, 0x1804, 0x1804, 0x1004, 0x1003, 0x0802,
    0x0802, 0x1003, 0x1004, 0x1806, 0x2008, 0x1804, 0x0803, 0x0802, 0x0802, 0x1003, 0x1004, 0x1004, 0x1003, 0x0802, 0x0801, 0x0803,
    0x1805, 0x1005, 0x1806, 0x1003, 0x1003, 0x1004, 0x1804, 0x1004, 0x1004, 0x1004, 0x1804, 0x1804, 0x1003, 0x1004, 0x1805, 0x2007,
    0x2006, 0x1003, 0x1003, 0x1004, 0x1004, 0x1003, 0x1003, 0x1004, 0x1805, 0x1804, 0x1003, 0x1003, 0x2006, 0x2006, 0x1003, 0x1003,
    0x1804, 0x2005, 0x2006, 0x2006, 0x2006, 0x2807, 0x2005, 0x2806, 0x3808, 0x2005, 0x2806, 0x2805, 0x2005, 0x2004, 0x2804, 0x700F,
    0x500F, 0x7932, 0x49AA, 0x0000, 0x0000, 0x0000, 0x0000, 0x0000, 0x3005, 0x602D, 0x486D, 0x3029, 0x3828, 0x602A, 0x0000, 0x0000,
    0x0000, 0x0000, 0x580A, 0x3047, 0x20C8, 0x19AD, 0x11EE, 0x0927, 0x0041, 0x0000, 0x0020, 0x0000, 0x0000, 0x4A4A, 0x4CD8, 0x051A,
    0x0D17, 0x10E5, 0x2805, 0x3007, 0x3007, 0x3007, 0x2806, 0x3007, 0x3808, 0x1804, 0x2806, 0x2807, 0x2006, 0x2006, 0x2006, 0x2005,
    0x1805, 0x1804, 0x1804, 0x2807, 0x1805, 0x1003, 0x1004, 0x1805, 0x1805, 0x1805, 0x1805, 0x1805, 0x1804, 0x1004, 0x1003, 0x2006,
    0x1805, 0x1804, 0x1004, 0x1004, 0x1004, 0x1004, 0x1003, 0x0803, 0x0803, 0x1004, 0x2007, 0x2808, 0x1805, 0x1003, 0x0802, 0x0803,
    0x1003, 0x1003, 0x1003, 0x0803, 0x0802, 0x1003, 0x1805, 0x2008, 0x2006, 0x1805, 0x1003, 0x0802, 0x0802, 0x1003, 0x1003, 0x1003,
    0x0802, 0x0802, 0x0802, 0x1805, 0x2809, 0x1805, 0x1004, 0x0802, 0x0802, 0x0802, 0x1003, 0x1804, 0x1004, 0x1004, 0x2006, 0x1806,
    0x1004, 0x1805, 0x1804, 0x1003, 0x0802, 0x1003, 0x1805, 0x2007, 0x2006, 0x1806, 0x1805, 0x1804, 0x1805, 0x1004, 0x1003, 0x0803,
    0x0802, 0x0803, 0x1003, 0x1003, 0x1004, 0x1805, 0x2007, 0x2007, 0x1804, 0x1003, 0x1003, 0x1804, 0x0802, 0x0803, 0x1004, 0x1004,
    0x1805, 0x1004, 0x1804, 0x1805, 0x1004, 0x1003, 0x1003, 0x1003, 0x1003, 0x1804, 0x1805, 0x1805, 0x2809, 0x2809, 0x1806, 0x1804,
    0x1003, 0x1003, 0x0803, 0x1003, 0x1003, 0x1003, 0x1004, 0x1806, 0x2807, 0x2006, 0x2006, 0x2006, 0x1805, 0x1004, 0x1004, 0x1004,
    0x1806, 0x1806, 0x1805, 0x1003, 0x0803, 0x1003, 0x1003, 0x0802, 0x0802, 0x1003, 0x1003, 0x1004, 0x1805, 0x1805, 0x1805, 0x1004,
    0x1003, 0x1003, 0x0802, 0x0802, 0x0801, 0x0802, 0x1003, 0x1004, 0x1805, 0x2007, 0x2007, 0x2807, 0x2007, 0x1805, 0x1003, 0x1003,
    0x1004, 0x1004, 0x1003, 0x1004, 0x1806, 0x2808, 0x2006, 0x1804, 0x1003, 0x1003, 0x0802, 0x0802, 0x1002, 0x1003, 0x0802, 0x0802,
    0x1003, 0x1004, 0x1804, 0x1806, 0x1806, 0x2807, 0x1805, 0x1003, 0x0802, 0x0802, 0x0802, 0x0802, 0x0802, 0x0802, 0x1003, 0x1004,
    0x1804, 0x1805, 0x2808, 0x1805, 0x1805, 0x2006, 0x1003, 0x0001, 0x0001, 0x0801, 0x0802, 0x1003, 0x0802, 0x0802, 0x0802, 0x1003,
    0x1004, 0x2006, 0x1004, 0x0802, 0x0802, 0x0802, 0x0802, 0x0801, 0x0801, 0x0802, 0x0802, 0x0802, 0x0802, 0x1003, 0x1806, 0x1806,
    0x1805, 0x0802, 0x0001, 0x0801, 0x0802, 0x0802, 0x0802, 0x0802, 0x0802, 0x0802, 0x0802, 0x0802, 0x1004, 0x2007, 0x1805, 0x1003,
    0x1003, 0x1003, 0x1003, 0x1003, 0x1003, 0x1003, 0x1003, 0x1004, 0x1004, 0x1003, 0x2807, 0x2807, 0x1805, 0x1003, 0x1003, 0x1804,
    0x2005, 0x2806, 0x2806, 0x2005, 0x2806, 0x2005, 0x3007, 0x3809, 0x2005, 0x3007, 0x3808, 0x3007, 0x2805, 0x2806, 0x1803, 0x2023,
    0x702E, 0x600F, 0x7151, 0x624D, 0x18A2, 0x0000, 0x0000, 0x0000, 0x0020, 0x0020, 0x1002, 0x3807, 0x5049, 0x4027, 0x0000, 0x0000,
    0x0000, 0x0000, 0x4808, 0x40A9, 0x1107, 0x0083, 0x0000, 0x0000, 0x0000, 0x0000, 0x0000, 0x1882, 0x632F, 0x3CFA, 0x053B, 0x1CF6,
    0x0944, 0x1803, 0x2807, 0x3006, 0x3807, 0x3808, 0x3008, 0x2005, 0x3007, 0x3808, 0x2005, 0x2806, 0x2006, 0x2005, 0x2006, 0x2005,
    0x2005, 0x1804, 0x1804, 0x1003, 0x2006, 0x3809, 0x1804, 0x0802, 0x1003, 0x1003, 0x1003, 0x1003, 0x1003, 0x1003, 0x0802, 0x0802,
    0x1003, 0x2006, 0x2007, 0x1003, 0x0802, 0x0803, 0x0802, 0x0802, 0x0802, 0x0802, 0x0803, 0x0802, 0x1804, 0x2807, 0x1805, 0x1003,
    0x0001, 0x0801, 0x0802, 0x0801, 0x0801, 0x0801, 0x0801, 0x0802, 0x0802, 0x1004, 0x2006, 0x2808, 0x2808, 0x0802, 0x0802, 0x0802,
    0x0802, 0x0802, 0x0802, 0x0802, 0x1003, 0x1805, 0x2007, 0x1004, 0x1003, 0x0802, 0x0802, 0x0802, 0x0802, 0x0802, 0x0801, 0x0802,
    0x1003, 0x1805, 0x1805, 0x1805, 0x1805, 0x1003, 0x0802, 0x0802, 0x0802, 0x0802, 0x0802, 0x1003, 0x1004, 0x2006, 0x2007, 0x2006,
    0x1805, 0x1004, 0x1003, 0x1003, 0x0802, 0x0802, 0x1003, 0x1004, 0x1804, 0x1805, 0x2006, 0x2006, 0x2808, 0x2006, 0x1805, 0x1805,
    0x1804, 0x1004, 0x1004, 0x1004, 0x2006, 0x2807, 0x2007, 0x2007, 0x1806, 0x1004, 0x0802, 0x0802, 0x0801, 0x0802, 0x1805, 0x1806,
    0x1805, 0x2006, 0x1805, 0x1004, 0x2006, 0x2007, 0x2008, 0x2007, 0x1004, 0x1004, 0x1003, 0x1003, 0x1004, 0x1805, 0x2007, 0x2007,
    0x0000, 0x0000, 0x0000, 0x0000, 0x0000, 0x0000, 0x0001, 0x0001, 0x0803, 0x0802, 0x0001, 0x0001, 0x0001, 0x0000, 0x0000, 0x0000,
    0x0000, 0x0000, 0x0000, 0x0001, 0x1003, 0x1003, 0x1003, 0x1004, 0x1004, 0x0803, 0x0001, 0x0000, 0x0000, 0x0000, 0x0000, 0x0000,
    0x0000, 0x0000, 0x0802, 0x0802, 0x0803, 0x0001, 0x0000, 0x0000, 0x0000, 0x0000, 0x0000, 0x0000, 0x0000, 0x0000, 0x0802, 0x0803,
    0x1003, 0x1805, 0x0802, 0x0001, 0x0000, 0x0000, 0x0000, 0x0000, 0x0000, 0x0000, 0x0000, 0x0000, 0x0001, 0x0803, 0x1004, 0x1004,
    0x0801, 0x0000, 0x0000, 0x0000, 0x0000, 0x0000, 0x0000, 0x0000, 0x0000, 0x0000, 0x0000, 0x0000, 0x0802, 0x0803, 0x1003, 0x0802,
    0x0000, 0x0000, 0x0000, 0x0000, 0x0000, 0x0000, 0x0000, 0x0000, 0x0000, 0x0000, 0x0000, 0x0802, 0x1003, 0x1004, 0x0802, 0x0000,
    0x0000, 0x0000, 0x0000, 0x0000, 0x0000, 0x0000, 0x0000, 0x0000, 0x0000, 0x0000, 0x0802, 0x1004, 0x1004, 0x0000, 0x0000, 0x0000,
    0x0000, 0x0000, 0x0000, 0x0000, 0x0000, 0x0000, 0x0000, 0x0000, 0x0000, 0x1805, 0x1003, 0x0000, 0x0000, 0x0000, 0x0000, 0x0000,
    0x0000, 0x0000, 0x0000, 0x0000, 0x0000, 0x0000, 0x2005, 0x0000, 0x0000, 0x0000, 0x0000, 0x0000, 0x0000, 0x0801, 0x1002, 0x0800,
    0x1822, 0x686D, 0x680F, 0x586F, 0x8212, 0x516A, 0x0020, 0x0000, 0x0000, 0x0000, 0x0000, 0x0000, 0x0000, 0x0000, 0x0000, 0x0000,
    0x0000, 0x0000, 0x0000, 0x0000, 0x0000, 0x0000, 0x0000, 0x0000, 0x0000, 0x1020, 0x5209, 0x6CD7, 0x24FA, 0x0D5B, 0x2473, 0x08C2,
    0x0800, 0x0801, 0x0000, 0x0000, 0x0000, 0x0000, 0x0000, 0x0000, 0x0000, 0x2806, 0x0802, 0x0000, 0x0000, 0x0000, 0x0000, 0x0000,
    0x0000, 0x0000, 0x0000, 0x0000, 0x0000, 0x0801, 0x2005, 0x1002, 0x0000, 0x0000, 0x0000, 0x0000, 0x0000, 0x0000, 0x0000, 0x0000,
    0x0000, 0x0000, 0x1003, 0x2807, 0x1003, 0x0000, 0x0000, 0x0000, 0x0000, 0x0000, 0x0000, 0x0000, 0x0000, 0x0000, 0x1003, 0x1804,
    0x1003, 0x0000, 0x0000, 0x0000, 0x0000, 0x0000, 0x0000, 0x0000, 0x0000, 0x0000, 0x0000, 0x0000, 0x1805, 0x1805, 0x0801, 0x0000,
    0x0000, 0x0000, 0x0000, 0x0000, 0x0000, 0x0000, 0x0000, 0x0000, 0x0801, 0x1004, 0x0803, 0x0001, 0x0000, 0x0000, 0x0000, 0x0000,
    0x0000, 0x0000, 0x0000, 0x0001, 0x0803, 0x0802, 0x0802, 0x0001, 0x0001, 0x0000, 0x0000, 0x0000, 0x0000, 0x0000, 0x0000, 0x0000,
    0x0802, 0x0802, 0x1004, 0x0802, 0x0802, 0x0000, 0x0000, 0x0000, 0x0000, 0x0000, 0x0000, 0x0000, 0x0001, 0x0801, 0x1003, 0x0803,
    0x0001, 0x0000, 0x0000, 0x0000, 0x0000, 0x0000, 0x0000, 0x0000, 0x0801, 0x0802, 0x0802, 0x0802, 0x0801, 0x0000, 0x0000, 0x0000,
    0x0000, 0x0000, 0x0000, 0x0000, 0x0000, 0x0000, 0x0000, 0x0001, 0x0803, 0x1004, 0x1003, 0x1003, 0x0802, 0x0000, 0x0000, 0x0000,
    0x1806, 0x2008, 0x2809, 0x2808, 0x2807, 0x2808, 0x2809, 0x2007, 0x2006, 0x2007, 0x2006, 0x2006, 0x2006, 0x2007, 0x2006, 0x2807,
    0x3009, 0x2808, 0x2007, 0x300A, 0x300A, 0x2007, 0x1806, 0x1805, 0x1805, 0x1804, 0x1004, 0x1003, 0x1004, 0x1805, 0x2006, 0x2808,
    0x3009, 0x300A, 0x2007, 0x1805, 0x1805, 0x1806, 0x1805, 0x1804, 0x1804, 0x1805, 0x1805, 0x1806, 0x2807, 0x2808, 0x380B, 0x2809,
    0x2807, 0x2007, 0x2007, 0x2006, 0x1806, 0x1806, 0x2006, 0x2006, 0x2006, 0x2808, 0x2808, 0x2006, 0x2809, 0x2808, 0x2007, 0x2006,
    0x1805, 0x2006, 0x2006, 0x2006, 0x2006, 0x1805, 0x1805, 0x1805, 0x1805, 0x2808, 0x2006, 0x2006, 0x2809, 0x2808, 0x2007, 0x2007,
    0x2007, 0x1805, 0x1805, 0x1805, 0x1805, 0x2006, 0x2007, 0x2006, 0x3009, 0x2808, 0x2807, 0x3009, 0x2006, 0x2006, 0x2007, 0x2007,
    0x2006, 0x1805, 0x1805, 0x2006, 0x2006, 0x2005, 0x1805, 0x2006, 0x2808, 0x2807, 0x300A, 0x2808, 0x2807, 0x2006, 0x2006, 0x2005,
    0x2006, 0x2006, 0x2006, 0x2006, 0x2006, 0x2006, 0x2807, 0x3009, 0x3009, 0x3009, 0x2006, 0x2806, 0x2006, 0x2806, 0x2807, 0x2807,
    0x2807, 0x2806, 0x2005, 0x2005, 0x2807, 0x400A, 0x3808, 0x2807, 0x3008, 0x3809, 0x4009, 0x4008, 0x4809, 0x480A, 0x4809, 0x4809,
    0x500A, 0x2825, 0x4848, 0x680E, 0x580D, 0x7112, 0x7A30, 0x49E9, 0x18E2, 0x0000, 0x0000, 0x0000, 0x0000, 0x0000, 0x0000, 0x0000,
    0x0000, 0x0000, 0x0000, 0x0000, 0x0000, 0x0000, 0x0000, 0x1061, 0x49C8, 0x6BB4, 0x3CDA, 0x0499, 0x1CF7, 0x230C, 0x2003, 0x500A,
    0x480A, 0x480A, 0x480A, 0x4009, 0x4008, 0x3808, 0x3007, 0x2806, 0x2806, 0x3008, 0x400B, 0x2807, 0x2806, 0x2807, 0x2807, 0x3007,
    0x3007, 0x3007, 0x2807, 0x2806, 0x2807, 0x2807, 0x2807, 0x380A, 0x300A, 0x3009, 0x2006, 0x2006, 0x2006, 0x2006, 0x2006, 0x2006,
    0x2006, 0x2006, 0x2006, 0x2808, 0x380C, 0x2808, 0x2006, 0x1805, 0x1805, 0x2005, 0x1805, 0x1805, 0x2006, 0x2807, 0x2007, 0x2007,
    0x300A, 0x2007, 0x2007, 0x2808, 0x2006, 0x2006, 0x2005, 0x1805, 0x2006, 0x2006, 0x2007, 0x2807, 0x2007, 0x2808, 0x2808, 0x2007,
    0x2007, 0x2006, 0x1805, 0x1805, 0x1805, 0x1805, 0x1805, 0x1805, 0x1805, 0x2007, 0x2808, 0x280A, 0x2007, 0x2007, 0x2006, 0x1805,
    0x2006, 0x2006, 0x2006, 0x2006, 0x2007, 0x2007, 0x2006, 0x2808, 0x2809, 0x2006, 0x2808, 0x2006, 0x1805, 0x1806, 0x2006, 0x2007,
    0x2006, 0x1806, 0x2006, 0x2808, 0x280A, 0x2007, 0x2808, 0x2008, 0x1805, 0x1805, 0x1805, 0x1805, 0x1805, 0x1805, 0x2007, 0x2808,
    0x2809, 0x2809, 0x2808, 0x3009, 0x2007, 0x1806, 0x1805, 0x1805, 0x2006, 0x2006, 0x2007, 0x2007, 0x2809, 0x2008, 0x2006, 0x2808,
    0x2007, 0x2006, 0x2807, 0x2807, 0x2807, 0x2807, 0x2807, 0x2807, 0x2006, 0x2006, 0x2007, 0x2809, 0x380C, 0x300A, 0x300A, 0x2809,
    0x1806, 0x2007, 0x1805, 0x0802, 0x0802, 0x0801, 0x0001, 0x0000, 0x0000, 0x0001, 0x0801, 0x0802, 0x1003, 0x1806, 0x2007, 0x2007,
    0x1806, 0x0802, 0x0801, 0x0001, 0x0000, 0x0000, 0x0001, 0x0001, 0x0801, 0x0801, 0x0802, 0x1004, 0x1805, 0x2006, 0x2006, 0x1003,
    0x0802, 0x0001, 0x0001, 0x0001, 0x0801, 0x0001, 0x0001, 0x0801, 0x0802, 0x1805, 0x2007, 0x2006, 0x1003, 0x0801, 0x0801, 0x0802,
    0x0801, 0x0802, 0x0802, 0x0801, 0x0000, 0x0000, 0x0802, 0x1805, 0x2007, 0x2007, 0x1004, 0x0801, 0x0001, 0x0001, 0x0801, 0x0801,
    0x0801, 0x0801, 0x0801, 0x0001, 0x0000, 0x0801, 0x1003, 0x2006, 0x2006, 0x2007, 0x1003, 0x0001, 0x0001, 0x0801, 0x0802, 0x0802,
    0x0801, 0x0001, 0x0001, 0x0001, 0x0000, 0x0801, 0x1804, 0x2007, 0x2808, 0x1004, 0x0001, 0x0000, 0x0001, 0x0801, 0x0802, 0x0801,
    0x0801, 0x0001, 0x0001, 0x0801, 0x0001, 0x0001, 0x1003, 0x2807, 0x2807, 0x0802, 0x0801, 0x0802, 0x0802, 0x0801, 0x0001, 0x0001,
    0x0001, 0x0801, 0x0801, 0x0801, 0x0001, 0x1002, 0x2808, 0x2006, 0x0001, 0x0801, 0x0801, 0x0801, 0x0801, 0x0801, 0x0801, 0x0801,
    0x0801, 0x0801, 0x0001, 0x0801, 0x3008, 0x1804, 0x0801, 0x0801, 0x0802, 0x1002, 0x1003, 0x1003, 0x1803, 0x1803, 0x1002, 0x1002,
    0x1803, 0x1803, 0x1803, 0x2824, 0x706D, 0x7811, 0x6030, 0x6991, 0x8A72, 0x7A6F, 0x4A09, 0x2904, 0x0860, 0x0840, 0x0020, 0x0000,
    0x0000, 0x0000, 0x0820, 0x0840, 0x20A2, 0x49E9, 0x62CE, 0x5436, 0x34BA, 0x0CFB, 0x0D1A, 0x2BF2, 0x1103, 0x1001, 0x2006, 0x1002,
    0x1002, 0x1002, 0x1803, 0x1803, 0x1803, 0x1002, 0x0801, 0x0801, 0x0801, 0x0801, 0x0802, 0x3009, 0x1003, 0x0001, 0x0801, 0x0801,
    0x0801, 0x0801, 0x0801, 0x0801, 0x0801, 0x0802, 0x0802, 0x0801, 0x1805, 0x380A, 0x1804, 0x0000, 0x0001, 0x0801, 0x0801, 0x0801,
    0x0801, 0x0801, 0x0801, 0x0801, 0x0000, 0x1003, 0x3008, 0x2006, 0x0801, 0x0001, 0x0801, 0x0001, 0x0001, 0x0801, 0x0802, 0x0802,
    0x0801, 0x0001, 0x1003, 0x2808, 0x2007, 0x0802, 0x0000, 0x0001, 0x0801, 0x0801, 0x0801, 0x0801, 0x0802, 0x0801, 0x0001, 0x0001,
    0x1804, 0x2007, 0x2007, 0x0803, 0x0000, 0x0000, 0x0001, 0x0001, 0x0801, 0x0802, 0x0802, 0x0801, 0x0001, 0x1004, 0x2006, 0x1004,
    0x0803, 0x0001, 0x0000, 0x0001, 0x0802, 0x0802, 0x0801, 0x0000, 0x0000, 0x0802, 0x1805, 0x1806, 0x1805, 0x1003, 0x0801, 0x0001,
    0x0801, 0x0801, 0x0801, 0x0001, 0x0000, 0x0801, 0x1004, 0x1805, 0x1805, 0x1805, 0x0803, 0x0001, 0x0001, 0x0801, 0x0802, 0x0801,
    0x0001, 0x0802, 0x0802, 0x1005, 0x1805, 0x1004, 0x1003, 0x0802, 0x0802, 0x0001, 0x0001, 0x0001, 0x0001, 0x0001, 0x0801, 0x1003,
    0x1003, 0x1805, 0x2007, 0x2007, 0x1805, 0x1003, 0x0802, 0x0801, 0x0001, 0x0801, 0x0801, 0x0801, 0x0001, 0x0802, 0x2007, 0x2007,
    0x0001, 0x0000, 0x0000, 0x0000, 0x0000, 0x0000, 0x0000, 0x0000, 0x0001, 0x0802, 0x1003, 0x1003, 0x1003, 0x0802, 0x0001, 0x0000,
    0x0000, 0x0000, 0x0000, 0x0000, 0x0000, 0x0000, 0x0000, 0x0801, 0x1003, 0x1805, 0x1805, 0x1003, 0x0801, 0x0000, 0x0000, 0x0000,
    0x0000, 0x0000, 0x0000, 0x0000, 0x0000, 0x0802, 0x1004, 0x1805, 0x1004, 0x0803, 0x0000, 0x0000, 0x0000, 0x0000, 0x0000, 0x0000,
    0x0000, 0x0000, 0x0000, 0x0000, 0x0803, 0x1804, 0x1004, 0x1003, 0x0801, 0x0000, 0x0000, 0x0000, 0x0000, 0x0000, 0x0000, 0x0000,
    0x0000, 0x0000, 0x0000, 0x0001, 0x1004, 0x1804, 0x1804, 0x0802, 0x0000, 0x0000, 0x0000, 0x0000, 0x0000, 0x0000, 0x0000, 0x0000,
    0x0000, 0x0000, 0x0000, 0x0000, 0x0802, 0x1004, 0x1004, 0x0802, 0x0000, 0x0000, 0x0000, 0x0000, 0x0000, 0x0000, 0x0000, 0x0000,
    0x0000, 0x0000, 0x0000, 0x0000, 0x0802, 0x1804, 0x1804, 0x0801, 0x0000, 0x0000, 0x0000, 0x0000, 0x0000, 0x0000, 0x0000, 0x0000,
    0x0000, 0x0000, 0x0000, 0x0000, 0x1003, 0x2006, 0x0801, 0x0000, 0x0000, 0x0000, 0x0000, 0x0000, 0x0000, 0x0000, 0x0000, 0x0000,
    0x0000, 0x0000, 0x0000, 0x2006, 0x1002, 0x0000, 0x0000, 0x0000, 0x0000, 0x0000, 0x0000, 0x0000, 0x0000, 0x0000, 0x0000, 0x0000,
    0x0000, 0x2005, 0x0001, 0x0000, 0x0020, 0x3026, 0x600C, 0x680E, 0x6811, 0x6874, 0x7174, 0x7191, 0x7A32, 0x7A52, 0x8B33, 0x8353,
    0x7B72, 0x7BB3, 0x6393, 0x6BF4, 0x72B5, 0x4C7B, 0x1CFC, 0x1D5C, 0x14D8, 0x2411, 0x11C6, 0x0000, 0x0000, 0x0000, 0x2005, 0x0000,
    0x0000, 0x0000, 0x0000, 0x0000, 0x0000, 0x0000, 0x0000, 0x0000, 0x0000, 0x0000, 0x0000, 0x0001, 0x2807, 0x0001, 0x0000, 0x0000,
    0x0000, 0x0000, 0x0000, 0x0000, 0x0000, 0x0000, 0x0000, 0x0000, 0x0000, 0x0000, 0x2006, 0x1804, 0x0000, 0x0000, 0x0000, 0x0000,
    0x0000, 0x0000, 0x0000, 0x0000, 0x0000, 0x0000, 0x0000, 0x1804, 0x2808, 0x0802, 0x0000, 0x0000, 0x0000, 0x0000, 0x0000, 0x0000,
    0x0000, 0x0000, 0x0000, 0x0000, 0x1004, 0x2006, 0x1003, 0x0000, 0x0000, 0x0000, 0x0000, 0x0000, 0x0000, 0x0000, 0x0000, 0x0000,
    0x0000, 0x0000, 0x1804, 0x1805, 0x1004, 0x0000, 0x0000, 0x0000, 0x0000, 0x0000, 0x0000, 0x0000, 0x0000, 0x0000, 0x0000, 0x0802,
    0x1004, 0x1003, 0x0802, 0x0000, 0x0000, 0x0000, 0x0000, 0x0000, 0x0000, 0x0000, 0x0000, 0x0020, 0x0801, 0x0803, 0x0803, 0x0802,
    0x0000, 0x0000, 0x0000, 0x0000, 0x0000, 0x0000, 0x0000, 0x0000, 0x0000, 0x0802, 0x1003, 0x1003, 0x0802, 0x0001, 0x0000, 0x0000,
    0x0000, 0x0000, 0x0000, 0x0000, 0x0000, 0x0000, 0x0802, 0x1003, 0x0803, 0x0802, 0x0001, 0x0000, 0x0000, 0x0000, 0x0000, 0x0000,
    0x0000, 0x0000, 0x0000, 0x0001, 0x1003, 0x1805, 0x1004, 0x1003, 0x0802, 0x0000, 0x0000, 0x0000, 0x0000, 0x0000, 0x0000, 0x0802,
    0x1004, 0x1004, 0x1003, 0x0803, 0x1003, 0x2005, 0x2808, 0x2807, 0x2807, 0x2809, 0x1805, 0x1003, 0x0801, 0x0801, 0x0801, 0x0802,
    0x0802, 0x0802, 0x0802, 0x1804, 0x2006, 0x2007, 0x1805, 0x2007, 0x2006, 0x1003, 0x1003, 0x1003, 0x1003, 0x1003, 0x1003, 0x0801,
    0x0802, 0x1003, 0x2006, 0x2808, 0x2807, 0x2006, 0x1804, 0x1002, 0x0802, 0x0802, 0x1003, 0x1004, 0x1003, 0x0802, 0x0802, 0x1003,
    0x1805, 0x1805, 0x2808, 0x2006, 0x2808, 0x2006, 0x1004, 0x0803, 0x0802, 0x1003, 0x1003, 0x1003, 0x1004, 0x1003, 0x0802, 0x1003,
    0x1004, 0x2006, 0x2006, 0x2808, 0x2007, 0x1805, 0x1004, 0x1003, 0x1003, 0x1004, 0x1003, 0x1003, 0x1003, 0x1003, 0x1004, 0x1004,
    0x1004, 0x2006, 0x2006, 0x2808, 0x300A, 0x2005, 0x1804, 0x1804, 0x1805, 0x1805, 0x1804, 0x1804, 0x1805, 0x1804, 0x1804, 0x1804,
    0x1804, 0x1804, 0x2005, 0x2807, 0x400C, 0x3008, 0x2006, 0x1805, 0x2005, 0x2005, 0x1805, 0x1805, 0x1805, 0x1805, 0x1805, 0x1804,
    0x1804, 0x1804, 0x2006, 0x3009, 0x400C, 0x2806, 0x2005, 0x2005, 0x2005, 0x2005, 0x2005, 0x2006, 0x2005, 0x2006, 0x2005, 0x2005,
    0x2005, 0x1804, 0x3008, 0x3008, 0x2005, 0x2005, 0x2005, 0x2806, 0x2806, 0x3007, 0x3006, 0x3006, 0x3006, 0x3006, 0x3807, 0x3807,
    0x4007, 0x580B, 0x5009, 0x5009, 0x5009, 0x4807, 0x4007, 0x3825, 0x4827, 0x780E, 0x7810, 0x6813, 0x7035, 0x7077, 0x7099, 0x70FA,
    0x5A3A, 0x5259, 0x42FA, 0x3B9B, 0x33D9, 0x2C77, 0x2C54, 0x3ACC, 0x3126, 0x4006, 0x4807, 0x4809, 0x4808, 0x4007, 0x500A, 0x4808,
    0x4007, 0x4007, 0x4007, 0x4007, 0x3807, 0x4007, 0x3807, 0x3807, 0x3007, 0x3007, 0x2806, 0x2005, 0x3008, 0x400A, 0x2005, 0x2005,
    0x2005, 0x2806, 0x2006, 0x2005, 0x2005, 0x2005, 0x2006, 0x2005, 0x2005, 0x1805, 0x1805, 0x400C, 0x3009, 0x2005, 0x1804, 0x1805,
    0x2006, 0x2807, 0x2005, 0x2005, 0x1804, 0x1804, 0x1804, 0x1804, 0x2807, 0x400B, 0x2807, 0x1805, 0x1805, 0x2005, 0x1805, 0x1805,
    0x1805, 0x2005, 0x2005, 0x1805, 0x1004, 0x2005, 0x300A, 0x2807, 0x2807, 0x2006, 0x1805, 0x1805, 0x1004, 0x1804, 0x1805, 0x1805,
    0x1805, 0x1805, 0x1004, 0x1804, 0x3009, 0x2808, 0x2006, 0x2807, 0x1805, 0x1005, 0x1004, 0x1805, 0x1804, 0x1804, 0x1004, 0x1004,
    0x1004, 0x2006, 0x2808, 0x1805, 0x1805, 0x1805, 0x1804, 0x1805, 0x2006, 0x1805, 0x1805, 0x2005, 0x1805, 0x1805, 0x1804, 0x2006,
    0x2808, 0x2006, 0x1806, 0x1805, 0x1004, 0x1003, 0x1004, 0x1804, 0x1804, 0x1004, 0x1003, 0x1003, 0x1806, 0x2007, 0x2808, 0x2006,
    0x1805, 0x1004, 0x1003, 0x1003, 0x1004, 0x1004, 0x1003, 0x1003, 0x1804, 0x1806, 0x1805, 0x2007, 0x2007, 0x2007, 0x1004, 0x1003,
    0x0802, 0x0802, 0x0802, 0x0802, 0x0001, 0x0001, 0x0802, 0x1004, 0x2007, 0x2007, 0x2007, 0x2007, 0x1805, 0x1003, 0x1003, 0x1003,
    0x0001, 0x0802, 0x1004, 0x1806, 0x2006, 0x1805, 0x1003, 0x0802, 0x0000, 0x0000, 0x0000, 0x0000, 0x0000, 0x0000, 0x0000, 0x0001,
    0x0803, 0x1004, 0x1806, 0x2007, 0x1805, 0x0802, 0x0000, 0x0000, 0x0000, 0x0000, 0x0000, 0x0000, 0x0000, 0x0000, 0x0801, 0x1004,
    0x1806, 0x2007, 0x1806, 0x0802, 0x0000, 0x0000, 0x0000, 0x0000, 0x0000, 0x0000, 0x0000, 0x0020, 0x0000, 0x0802, 0x1805, 0x2006,
    0x2807, 0x1804, 0x0801, 0x0000, 0x0000, 0x0000, 0x0001, 0x0000, 0x0000, 0x0000, 0x0000, 0x0000, 0x0000, 0x0802, 0x1804, 0x2007,
    0x2808, 0x1805, 0x0801, 0x0000, 0x0001, 0x0802, 0x0802, 0x0801, 0x0001, 0x0001, 0x0001, 0x0801, 0x0001, 0x0000, 0x0001, 0x1003,
    0x2007, 0x2808, 0x1003, 0x0802, 0x0801, 0x0801, 0x0802, 0x0802, 0x0801, 0x0801, 0x0801, 0x0801, 0x0802, 0x0802, 0x0801, 0x0001,
    0x0803, 0x2808, 0x2808, 0x0802, 0x0801, 0x0802, 0x0802, 0x0802, 0x0802, 0x0802, 0x0801, 0x0801, 0x0801, 0x0802, 0x1002, 0x0802,
    0x0000, 0x1804, 0x3009, 0x1804, 0x0802, 0x1002, 0x0802, 0x0802, 0x0802, 0x0802, 0x0802, 0x0802, 0x0802, 0x0802, 0x0802, 0x0802,
    0x0001, 0x2808, 0x2006, 0x0801, 0x0802, 0x0802, 0x1002, 0x1002, 0x1002, 0x1002, 0x1002, 0x1002, 0x1002, 0x1002, 0x1802, 0x1002,
    0x3006, 0x3806, 0x1803, 0x2004, 0x2003, 0x2003, 0x1803, 0x0000, 0x0000, 0x0800, 0x1001, 0x3027, 0x4029, 0x704E, 0x702F, 0x710F,
    0x3B4F, 0x2AED, 0x3B2E, 0x2B2D, 0x1A28, 0x0881, 0x0820, 0x0000, 0x0800, 0x1803, 0x1803, 0x1803, 0x2004, 0x1803, 0x2004, 0x4007,
    0x1802, 0x1802, 0x1002, 0x1802, 0x1002, 0x1802, 0x1002, 0x1002, 0x1002, 0x1002, 0x1002, 0x1002, 0x0802, 0x2005, 0x400A, 0x0802,
    0x0802, 0x0802, 0x0802, 0x0802, 0x0802, 0x0802, 0x0802, 0x0802, 0x0802, 0x0802, 0x0802, 0x0801, 0x1804, 0x400A, 0x2005, 0x0000,
    0x0802, 0x1002, 0x0802, 0x0802, 0x0802, 0x0801, 0x0801, 0x0802, 0x0801, 0x0801, 0x2806, 0x2808, 0x0803, 0x0001, 0x0802, 0x0801,
    0x0802, 0x0802, 0x0802, 0x0802, 0x0802, 0x0801, 0x0001, 0x0802, 0x3009, 0x3009, 0x1003, 0x0000, 0x0001, 0x0802, 0x0802, 0x1002,
    0x0802, 0x0802, 0x0802, 0x0801, 0x0001, 0x0001, 0x1004, 0x300A, 0x2808, 0x1003, 0x0001, 0x0001, 0x0801, 0x0801, 0x0801, 0x0802,
    0x0802, 0x0801, 0x0001, 0x0801, 0x0802, 0x2006, 0x2007, 0x1805, 0x0803, 0x0801, 0x0802, 0x0802, 0x1002, 0x1002, 0x0802, 0x0001,
    0x0001, 0x0802, 0x1805, 0x2809, 0x2809, 0x1805, 0x0802, 0x0001, 0x0801, 0x0001, 0x0001, 0x0000, 0x0000, 0x0000, 0x0801, 0x1003,
    0x1806, 0x2007, 0x1805, 0x1003, 0x0001, 0x0000, 0x0000, 0x0000, 0x0000, 0x0000, 0x0000, 0x0001, 0x0802, 0x1805, 0x2006, 0x3009,
    0x2006, 0x1004, 0x0802, 0x0000, 0x0000, 0x0000, 0x0000, 0x0000, 0x0000, 0x0000, 0x0802, 0x1806, 0x2007, 0x1805, 0x1003, 0x0001,
    0x2809, 0x300B, 0x2809, 0x2808, 0x1805, 0x1804, 0x1804, 0x1804, 0x1805, 0x1805, 0x1805, 0x1804, 0x2005, 0x2807, 0x300A, 0x3009,
    0x3009, 0x2006, 0x1805, 0x1004, 0x1004, 0x1824, 0x1805, 0x1805, 0x1805, 0x1004, 0x1003, 0x1804, 0x2005, 0x3009, 0x380C, 0x2809,
    0x2006, 0x1804, 0x1003, 0x1003, 0x1003, 0x1804, 0x1804, 0x1804, 0x1003, 0x1003, 0x1003, 0x2006, 0x380C, 0x300A, 0x2007, 0x1003,
    0x0802, 0x0801, 0x0802, 0x0802, 0x0802, 0x0802, 0x0802, 0x1003, 0x0802, 0x0001, 0x0802, 0x1805, 0x2007, 0x2809, 0x2008, 0x1003,
    0x0001, 0x0000, 0x0000, 0x0000, 0x0000, 0x0000, 0x0000, 0x0000, 0x0000, 0x0000, 0x0000, 0x0000, 0x0000, 0x0802, 0x1805, 0x1805,
    0x0802, 0x0000, 0x0000, 0x0000, 0x0000, 0x0000, 0x0000, 0x0000, 0x0000, 0x0000, 0x0000, 0x0000, 0x0000, 0x0000, 0x0000, 0x1804,
    0x2808, 0x1805, 0x0000, 0x0000, 0x0000, 0x0000, 0x0000, 0x0000, 0x0000, 0x0000, 0x0000, 0x0000, 0x0000, 0x0000, 0x0000, 0x0000,
    0x2806, 0x3008, 0x0801, 0x0000, 0x0000, 0x0000, 0x0000, 0x0000, 0x0000, 0x0000, 0x0000, 0x0000, 0x0000, 0x0000, 0x0000, 0x0000,
    0x2006, 0x2808, 0x0020, 0x0000, 0x0000, 0x0000, 0x0000, 0x0000, 0x0000, 0x0000, 0x0000, 0x0000, 0x0000, 0x0000, 0x0000, 0x0000,
    0x4009, 0x0801, 0x0000, 0x0000, 0x0000, 0x0000, 0x0000, 0x0000, 0x0000, 0x0000, 0x0001, 0x0000, 0x0000, 0x0000, 0x0000, 0x0000,
    0x0000, 0x0000, 0x0000, 0x0000, 0x0000, 0x0000, 0x0000, 0x0021, 0x0000, 0x0000, 0x0000, 0x0000, 0x0000, 0x0000, 0x0000, 0x4008,
    0x0801, 0x0000, 0x0000, 0x0000, 0x0000, 0x0000, 0x0000, 0x0000, 0x0000, 0x0000, 0x0000, 0x0000, 0x0000, 0x0020, 0x2806, 0x3008,
    0x0000, 0x0000, 0x0000, 0x0000, 0x0000, 0x0000, 0x0000, 0x0000, 0x0000, 0x0000, 0x0000, 0x0000, 0x0000, 0x0801, 0x480A, 0x3008,
    0x0000, 0x0000, 0x0000, 0x0000, 0x0000, 0x0000, 0x0000, 0x0000, 0x0000, 0x0000, 0x0000, 0x1003, 0x3809, 0x1804, 0x0000, 0x0000,
    0x0000, 0x0000, 0x0000, 0x0000, 0x0000, 0x0000, 0x0000, 0x0000, 0x0000, 0x1003, 0x2807, 0x2006, 0x0000, 0x0000, 0x0000, 0x0000,
    0x0000, 0x0000, 0x0000, 0x0000, 0x0000, 0x0000, 0x0000, 0x0000, 0x0802, 0x1806, 0x2006, 0x1003, 0x0000, 0x0000, 0x0000, 0x0000,
    0x0000, 0x0000, 0x0000, 0x0000, 0x0000, 0x0000, 0x0802, 0x1805, 0x2007, 0x0803, 0x0000, 0x0000, 0x0000, 0x0000, 0x0000, 0x0000,
    0x0000, 0x0000, 0x0000, 0x0000, 0x1004, 0x2007, 0x3009, 0x2007, 0x1003, 0x0802, 0x1003, 0x1003, 0x1003, 0x1003, 0x1002, 0x0802,
    0x1003, 0x1004, 0x1806, 0x300A, 0x380B, 0x2006, 0x1805, 0x1804, 0x1003, 0x1805, 0x2006, 0x2006, 0x2006, 0x2006, 0x2007, 0x2006,
    0x2007, 0x2808, 0x2808, 0x3009, 0x1806, 0x1003, 0x1003, 0x1003, 0x1804, 0x1004, 0x1003, 0x1002, 0x1004, 0x1806, 0x3009, 0x302A,
    0x1004, 0x1004, 0x1004, 0x1805, 0x1805, 0x1804, 0x1003, 0x1003, 0x1004, 0x1805, 0x2807, 0x3009, 0x2007, 0x2807, 0x2007, 0x1805,
    0x1805, 0x1805, 0x1805, 0x2005, 0x2006, 0x2006, 0x2006, 0x2006, 0x2006, 0x2006, 0x380B, 0x2808, 0x2006, 0x2006, 0x1805, 0x1805,
    0x2006, 0x2006, 0x1805, 0x1805, 0x2005, 0x2006, 0x2006, 0x2006, 0x2807, 0x480D, 0x2808, 0x2807, 0x2808, 0x2006, 0x2006, 0x2006,
    0x2006, 0x2006, 0x2006, 0x2006, 0x2006, 0x2005, 0x2006, 0x2007, 0x3009, 0x480E, 0x380A, 0x3009, 0x1805, 0x1003, 0x0802, 0x0803,
    0x1004, 0x1004, 0x1004, 0x1003, 0x0001, 0x0000, 0x0000, 0x0001, 0x0000, 0x0000, 0x0000, 0x1805, 0x3009, 0x2006, 0x0802, 0x0000,
    0x0000, 0x0000, 0x0000, 0x0000, 0x0000, 0x0000, 0x0000, 0x0000, 0x0000, 0x0000, 0x0000, 0x0000, 0x0000, 0x1804, 0x2007, 0x1003,
    0x0000, 0x0000, 0x0000, 0x0000, 0x0000, 0x0000, 0x0000, 0x0000, 0x0000, 0x0000, 0x0000, 0x0000, 0x0000, 0x0000, 0x0802, 0x3008,
    0x2807, 0x0000, 0x0000, 0x0000, 0x0000, 0x0000, 0x0000, 0x0000, 0x0000, 0x0000, 0x0000, 0x0000, 0x0000, 0x0000, 0x0000, 0x1804,
    0x2006, 0x0000, 0x0000, 0x0000, 0x0000, 0x0000, 0x0000, 0x0000, 0x0000, 0x0000, 0x0000, 0x0000, 0x0000, 0x0000, 0x0000, 0x1823,
    0x4809, 0x0000, 0x0000, 0x0000, 0x0000, 0x0000, 0x0000, 0x0000, 0x0000, 0x0000, 0x0001, 0x0801, 0x0801, 0x0000, 0x0000, 0x1002,
    0x2805, 0x0000, 0x0801, 0x0001, 0x0001, 0x0001, 0x0001, 0x0000, 0x0000, 0x0000, 0x0000, 0x0000, 0x0000, 0x0000, 0x0000, 0x3006,
    0x4008, 0x0000, 0x0000, 0x0000, 0x0000, 0x0000, 0x0000, 0x0000, 0x0000, 0x0000, 0x0000, 0x0000, 0x0000, 0x0000, 0x0000, 0x2006,
    0x2806, 0x0000, 0x0000, 0x0000, 0x0000, 0x0000, 0x0000, 0x0000, 0x0000, 0x0000, 0x0000, 0x0000, 0x0000, 0x0000, 0x0000, 0x3007,
    0x3808, 0x0000, 0x0000, 0x0000, 0x0000, 0x0000, 0x0000, 0x0000, 0x0000, 0x0000, 0x0000, 0x0000, 0x0001, 0x3008, 0x3008, 0x0000,
    0x0000, 0x0000, 0x0000, 0x0000, 0x0000, 0x0000, 0x0000, 0x0000, 0x0000, 0x0000, 0x0000, 0x1805, 0x2808, 0x2807, 0x0000, 0x0000,
    0x0000, 0x0000, 0x0000, 0x0000, 0x0000, 0x0000, 0x0000, 0x0000, 0x0000, 0x0000, 0x0802, 0x1805, 0x2809, 0x1003, 0x0000, 0x0000,
    0x0000, 0x0000, 0x0000, 0x0001, 0x0001, 0x0001, 0x0000, 0x0000, 0x0801, 0x1004, 0x1805, 0x0001, 0x0801, 0x0802, 0x0803, 0x1003,
    0x1004, 0x1805, 0x1805, 0x1805, 0x1805, 0x1804, 0x1805, 0x2006, 0x2007, 0x3009, 0x1806, 0x1804, 0x1805, 0x1804, 0x1804, 0x1804,
    0x1805, 0x1805, 0x1805, 0x1804, 0x1806, 0x1805, 0x2006, 0x2808, 0x1805, 0x1004, 0x1004, 0x1804, 0x1804, 0x1805, 0x1805, 0x1004,
    0x1003, 0x1003, 0x1003, 0x2006, 0x2006, 0x3009, 0x380B, 0x2007, 0x2006, 0x1805, 0x1805, 0x1805, 0x1805, 0x1805, 0x1804, 0x1806,
    0x0000, 0x0000, 0x0000, 0x0000, 0x0000, 0x0000, 0x0001, 0x0803, 0x1003, 0x1003, 0x0802, 0x0000, 0x0000, 0x0000, 0x0000, 0x0000,
    0x0000, 0x0000, 0x0000, 0x0000, 0x0000, 0x0000, 0x0000, 0x1003, 0x1806, 0x1806, 0x0802, 0x0000, 0x0000, 0x0000, 0x0000, 0x0000,
    0x0000, 0x0000, 0x0000, 0x0000, 0x0000, 0x0000, 0x0802, 0x1805, 0x2006, 0x1805, 0x0000, 0x0000, 0x0000, 0x0000, 0x0000, 0x0000,
    0x0000, 0x0000, 0x0000, 0x0000, 0x0000, 0x0000, 0x0802, 0x2006, 0x2808, 0x2808, 0x2806, 0x2005, 0x2005, 0x1804, 0x1804, 0x1804,
    0x1004, 0x1804, 0x1804, 0x1804, 0x2006, 0x2806, 0x2806, 0x2807, 0x2807, 0x3809, 0x3809, 0x500D, 0x480B, 0x4009, 0x480A, 0x480A,
    0x4009, 0x4008, 0x3808, 0x3807, 0x3808, 0x3807, 0x3808, 0x4009, 0x480A, 0x4809, 0x4809, 0x500B, 0x400A, 0x580D, 0x4009, 0x3807,
    0x3808, 0x4008, 0x4009, 0x4809, 0x4809, 0x4009, 0x4008, 0x4008, 0x4008, 0x4008, 0x5009, 0x500A, 0x4809, 0x500A, 0x600C, 0x600B,
    0x5008, 0x600B, 0x600A, 0x580A, 0x5009, 0x4808, 0x4808, 0x5809, 0x6009, 0x600A, 0x680A, 0x680A, 0x6009, 0x5008, 0x5809, 0x700D,
    0x5809, 0x5809, 0x580A, 0x600A, 0x680A, 0x600A, 0x680A, 0x680A, 0x6809, 0x6809, 0x6809, 0x680A, 0x780B, 0x800B, 0x780B, 0xA02F,
    0x800D, 0x700B, 0x700B, 0x700A, 0x700B, 0x780C, 0x882E, 0x882E, 0x882E, 0x902E, 0x880E, 0x880D, 0x880D, 0x800D, 0x780C, 0x802E,
    0x9850, 0x780C, 0x880E, 0x900F, 0x882F, 0x802E, 0x802D, 0x800D, 0x800D, 0x800D, 0x780C, 0x700B, 0x700B, 0x700B, 0x800C, 0x882D,
    0xB832, 0x800C, 0x800C, 0x780B, 0x700A, 0x700A, 0x700A, 0x700A, 0x700A, 0x700A, 0x780B, 0x780B, 0x700A, 0x700A, 0x680A, 0x6009,
    0x882E, 0x700B, 0x700A, 0x780B, 0x700A, 0x700A, 0x6009, 0x5809, 0x5809, 0x5809, 0x580A, 0x600B, 0x600B, 0x600B, 0x600B, 0x5009,
    0x700D, 0x680C, 0x5009, 0x4808, 0x5809, 0x5009, 0x5009, 0x5009, 0x580A, 0x580A, 0x580A, 0x580B, 0x500A, 0x4008, 0x600D, 0x500B,
    0x4009, 0x4008, 0x4008, 0x4009, 0x4009, 0x4809, 0x480A, 0x4809, 0x4009, 0x4009, 0x4009, 0x4008, 0x500B, 0x6811, 0x480C, 0x400A,
    0x2806, 0x2806, 0x2806, 0x3007, 0x3808, 0x3809, 0x3809, 0x3809, 0x3809, 0x3008, 0x3007, 0x2806, 0x3009, 0x380A, 0x3008, 0x300A,
    0x2005, 0x1805, 0x2006, 0x2807, 0x3008, 0x3007, 0x2807, 0x2006, 0x2005, 0x2005, 0x2006, 0x2006, 0x2007, 0x1805, 0x0000, 0x0000,
    0x0000, 0x0000, 0x0000, 0x0000, 0x0000, 0x0000, 0x0000, 0x0000, 0x0000, 0x1004, 0x1806, 0x1004, 0x0000, 0x0000, 0x0000, 0x0000,
    0x0000, 0x0000, 0x0000, 0x0000, 0x0000, 0x0000, 0x0000, 0x0001, 0x1004, 0x1806, 0x1003, 0x0001, 0x0000, 0x0000, 0x0000, 0x0000,
    0x0000, 0x0000, 0x0000, 0x0000, 0x0000, 0x0000, 0x0802, 0x1004, 0x1004, 0x0802, 0x0000, 0x0000, 0x0000, 0x0000, 0x0000, 0x0000,
    0x0000, 0x0000, 0x0000, 0x0802, 0x1004, 0x2006, 0x1806, 0x1004, 0x0001, 0x0000, 0x0000, 0x0000, 0x0000, 0x0000, 0x0000, 0x0000,
    0x0000, 0x0000, 0x0000, 0x0001, 0x1003, 0x1805, 0x1805, 0x1003, 0x0801, 0x0000, 0x0000, 0x0000, 0x0000, 0x0000, 0x0000, 0x0000,
    0x0000, 0x0000, 0x0000, 0x1002, 0x1805, 0x2006, 0x1804, 0x0802, 0x0000, 0x0000, 0x0000, 0x0000, 0x0000, 0x0000, 0x0000, 0x0000,
    0x0000, 0x0000, 0x0000, 0x0802, 0x1805, 0x2808, 0x1805, 0x0802, 0x0000, 0x0000, 0x0000, 0x0000, 0x0000, 0x0000, 0x0000, 0x0000,
    0x0000, 0x0000, 0x0000, 0x0000, 0x0000, 0x0000, 0x0001, 0x1805, 0x3008, 0x3008, 0x0802, 0x0000, 0x0801, 0x1002, 0x1002, 0x1002,
    0x0802, 0x0802, 0x0801, 0x0801, 0x0801, 0x0802, 0x1002, 0x0801, 0x1002, 0x1803, 0x3809, 0x3808, 0x1002, 0x0801, 0x0802, 0x1002,
    0x1002, 0x1002, 0x1002, 0x1002, 0x1002, 0x1002, 0x1002, 0x1002, 0x1002, 0x1002, 0x1002, 0x1803, 0x480A, 0x500B, 0x1002, 0x1002,
    0x1803, 0x1803, 0x1803, 0x1803, 0x1803, 0x1802, 0x1802, 0x1802, 0x1802, 0x2003, 0x2003, 0x2804, 0x2003, 0x3006, 0x600C, 0x1802,
    0x1803, 0x1803, 0x1803, 0x2003, 0x2003, 0x2003, 0x2003, 0x2003, 0x2002, 0x2002, 0x2002, 0x2003, 0x2803, 0x2803, 0x3004, 0x880E,
    0x2804, 0x2003, 0x2003, 0x2003, 0x2003, 0x2804, 0x3805, 0x3806, 0x3806, 0x3006, 0x3005, 0x3005, 0x3005, 0x3806, 0x3006, 0x688B,
    0xA994, 0x3005, 0x3806, 0x3806, 0x4007, 0x3006, 0x2804, 0x3806, 0x3005, 0x2804, 0x2803, 0x2003, 0x2003, 0x2003, 0x2804, 0x2003,
    0x782C, 0x6009, 0x2003, 0x2803, 0x2003, 0x2002, 0x2003, 0x2002, 0x2003, 0x2003, 0x2803, 0x2003, 0x2003, 0x2002, 0x2003, 0x2003,
    0x2003, 0x880E, 0x4007, 0x2803, 0x2803, 0x2003, 0x1802, 0x1802, 0x1802, 0x1802, 0x2003, 0x2003, 0x2003, 0x1803, 0x1803, 0x1803,
    0x1002, 0x2003, 0x680C, 0x3006, 0x1001, 0x1002, 0x1002, 0x1002, 0x1803, 0x1803, 0x1803, 0x1802, 0x1002, 0x1002, 0x0801, 0x0802,
    0x480B, 0x3808, 0x0801, 0x0801, 0x1002, 0x1002, 0x1002, 0x1002, 0x1002, 0x1002, 0x1002, 0x1002, 0x1002, 0x0801, 0x1002, 0x3008,
    0x2807, 0x1002, 0x0000, 0x0801, 0x0802, 0x1002, 0x1002, 0x0802, 0x0802, 0x0801, 0x0801, 0x0801, 0x0000, 0x0000, 0x1002, 0x2808,
    0x2809, 0x2006, 0x0802, 0x0000, 0x0000, 0x0801, 0x0001, 0x0000, 0x0000, 0x0001, 0x0000, 0x0000, 0x0801, 0x1805, 0x2808, 0x1805,
    0x0000, 0x0000, 0x0000, 0x0000, 0x0000, 0x0000, 0x0000, 0x0000, 0x0000, 0x0000, 0x0000, 0x1003, 0x1805, 0x2006, 0x1004, 0x0000,
    0x0000, 0x0000, 0x0000, 0x0000, 0x0000, 0x0000, 0x0000, 0x0000, 0x0000, 0x0801, 0x1003, 0x1805, 0x1805, 0x1004, 0x0801, 0x0000,
    0x0000, 0x0000, 0x0000, 0x0000, 0x0000, 0x0000, 0x0000, 0x0000, 0x0001, 0x0803, 0x1004, 0x1805, 0x1004, 0x0802, 0x0000, 0x0000,
    0x1003, 0x1806, 0x1805, 0x1805, 0x0802, 0x0000, 0x0000, 0x0000, 0x0000, 0x0000, 0x0000, 0x0000, 0x0000, 0x0000, 0x0000, 0x0000,
    0x0021, 0x1805, 0x2006, 0x1806, 0x1004, 0x0000, 0x0000, 0x0000, 0x0000, 0x0000, 0x0000, 0x0000, 0x0000, 0x0000, 0x0000, 0x0000,
    0x0000, 0x1004, 0x2007, 0x2007, 0x1004, 0x0000, 0x0000, 0x0000, 0x0000, 0x0000, 0x0000, 0x0000, 0x0000, 0x0000, 0x0000, 0x0000,
    0x0801, 0x1804, 0x1805, 0x1805, 0x1003, 0x0001, 0x0000, 0x0000, 0x0000, 0x0000, 0x0000, 0x0000, 0x0000, 0x0000, 0x0000, 0x0000,
    0x0000, 0x0000, 0x0000, 0x0000, 0x0001, 0x2006, 0x3028, 0x2005, 0x0801, 0x0000, 0x0000, 0x0000, 0x0000, 0x0000, 0x0000, 0x0000,
    0x0000, 0x0000, 0x0000, 0x0000, 0x0000, 0x0000, 0x0000, 0x0802, 0x2005, 0x1805, 0x0802, 0x0000, 0x0000, 0x0000, 0x0000, 0x0000,
    0x0000, 0x0000, 0x0000, 0x0000, 0x0000, 0x0000, 0x0000, 0x0000, 0x0000, 0x0000, 0x1002, 0x2807, 0x2005, 0x0000, 0x0000, 0x0000,
    0x0000, 0x0000, 0x0000, 0x0000, 0x0000, 0x0000, 0x0000, 0x0000, 0x0000, 0x0000, 0x0000, 0x0000, 0x1002, 0x480A, 0x0801, 0x0000,
    0x0000, 0x0000, 0x0000, 0x0000, 0x0000, 0x0000, 0x0000, 0x0000, 0x0000, 0x0000, 0x0000, 0x0000, 0x0000, 0x0000, 0x2004, 0x4007,
    0x0000, 0x0000, 0x0000, 0x0000, 0x0000, 0x0000, 0x0000, 0x0000, 0x1002, 0x3006, 0x0802, 0x0802, 0x1003, 0x1804, 0x1003, 0x68AB,
    0xA1F3, 0x1002, 0x1803, 0x1003, 0x0801, 0x2804, 0x4007, 0x0802, 0x0802, 0x0000, 0x0000, 0x0000, 0x0000, 0x0000, 0x0000, 0x0000,
    0x2003, 0x5808, 0x0000, 0x0000, 0x0000, 0x0000, 0x0000, 0x0000, 0x0000, 0x0000, 0x0000, 0x0000, 0x0000, 0x0000, 0x0000, 0x0000,
    0x0000, 0x1802, 0x580A, 0x0000, 0x0000, 0x0000, 0x0000, 0x0000, 0x0000, 0x0000, 0x0000, 0x0000, 0x0000, 0x0000, 0x0000, 0x0000,
    0x0000, 0x0000, 0x0801, 0x4809, 0x2004, 0x0000, 0x0000, 0x0000, 0x0000, 0x0000, 0x0000, 0x0000, 0x0000, 0x0000, 0x0000, 0x0000,
    0x0000, 0x3007, 0x3008, 0x0801, 0x0000, 0x0000, 0x0000, 0x0000, 0x0000, 0x0000, 0x0000, 0x0000, 0x0000, 0x0000, 0x0000, 0x0000,
    0x1003, 0x3008, 0x2808, 0x0001, 0x0000, 0x0000, 0x0000, 0x0000, 0x0000, 0x0000, 0x0000, 0x0000, 0x0000, 0x0000, 0x0000, 0x0000,
    0x0801, 0x2006, 0x2808, 0x2006, 0x0801, 0x0000, 0x0000, 0x0000, 0x0000, 0x0000, 0x0000, 0x0000, 0x0000, 0x0000, 0x0801, 0x2007,
    0x2808, 0x1805, 0x0000, 0x0000, 0x0000, 0x0000, 0x0000, 0x0000, 0x0000, 0x0000, 0x0000, 0x0000, 0x0000, 0x1003, 0x2007, 0x2808,
    0x2006, 0x0000, 0x0000, 0x0000, 0x0000, 0x0000, 0x0000, 0x0000, 0x0000, 0x0000, 0x0000, 0x0000, 0x0000, 0x1003, 0x1805, 0x1805,
    0x1004, 0x0000, 0x0020, 0x0020, 0x0000, 0x0000, 0x0000, 0x0000, 0x0000, 0x0000, 0x0000, 0x0000, 0x0802, 0x1004, 0x1806, 0x1805,
    0x400C, 0x380B, 0x2808, 0x2808, 0x2808, 0x2808, 0x2807, 0x2808, 0x3008, 0x3008, 0x3009, 0x3009, 0x2808, 0x2808, 0x380A, 0x3009,
    0x400C, 0x500F, 0x400C, 0x3009, 0x3009, 0x3009, 0x3008, 0x2808, 0x2807, 0x2807, 0x3008, 0x3809, 0x380A, 0x3009, 0x380B, 0x380B,
    0x3809, 0x400D, 0x300A, 0x2808, 0x3009, 0x380A, 0x3809, 0x3809, 0x3008, 0x3008, 0x3008, 0x3009, 0x3809, 0x3008, 0x3008, 0x380A,
    0x380C, 0x480E, 0x2809, 0x2006, 0x1805, 0x1806, 0x2007, 0x2006, 0x1805, 0x1805, 0x1804, 0x1805, 0x1805, 0x1806, 0x2006, 0x2006,
    0x2006, 0x1805, 0x2007, 0x2808, 0x3009, 0x1806, 0x0802, 0x0000, 0x0001, 0x0801, 0x0001, 0x0000, 0x0000, 0x0000, 0x0000, 0x0000,
    0x0000, 0x0000, 0x0000, 0x0000, 0x0000, 0x1003, 0x3008, 0x380A, 0x0802, 0x0000, 0x0000, 0x0000, 0x0000, 0x0000, 0x0000, 0x0000,
    0x0000, 0x0000, 0x0000, 0x0000, 0x0000, 0x0000, 0x0000, 0x0000, 0x0001, 0x3008, 0x3007, 0x0001, 0x0000, 0x0000, 0x0000, 0x0000,
    0x0000, 0x0000, 0x0000, 0x0000, 0x0000, 0x0000, 0x0000, 0x0000, 0x0000, 0x0000, 0x0000, 0x0801, 0x480A, 0x1002, 0x0020, 0x0000,
    0x0000, 0x0000, 0x0000, 0x0000, 0x0000, 0x0000, 0x0000, 0x0000, 0x0000, 0x0000, 0x0000, 0x0000, 0x0000, 0x0000, 0x3807, 0x1002,
    0x0000, 0x0000, 0x0000, 0x0000, 0x0000, 0x0000, 0x0000, 0x0801, 0x0801, 0x704C, 0x684B, 0x1803, 0x2005, 0x2806, 0x2005, 0x98EE,
    0xB234, 0x2005, 0x2806, 0x1803, 0x1003, 0x980F, 0x5008, 0x1002, 0x1803, 0x0801, 0x0000, 0x0000, 0x0000, 0x0000, 0x0000, 0x0000,
    0x0000, 0x602A, 0x1001, 0x0000, 0x0000, 0x0000, 0x0000, 0x0000, 0x0000, 0x0000, 0x0000, 0x0000, 0x0000, 0x0000, 0x0000, 0x0000,
    0x0000, 0x0000, 0x2804, 0x4808, 0x0000, 0x0000, 0x0000, 0x0000, 0x0000, 0x0000, 0x0000, 0x0000, 0x0000, 0x0000, 0x0000, 0x0000,
    0x0000, 0x0000, 0x0000, 0x0000, 0x4009, 0x4008, 0x0000, 0x0000, 0x0000, 0x0000, 0x0000, 0x0000, 0x0000, 0x0000, 0x0000, 0x0000,
    0x0000, 0x0000, 0x1804, 0x3808, 0x2004, 0x0000, 0x0000, 0x0000, 0x0000, 0x0000, 0x0000, 0x0000, 0x0000, 0x0000, 0x0000, 0x0000,
    0x0000, 0x0000, 0x2806, 0x400B, 0x2006, 0x0000, 0x0000, 0x0000, 0x0000, 0x0000, 0x0000, 0x0000, 0x0000, 0x0000, 0x0000, 0x0000,
    0x0000, 0x0000, 0x0000, 0x1004, 0x3009, 0x2807, 0x2006, 0x0803, 0x1003, 0x1003, 0x1804, 0x1805, 0x2005, 0x2006, 0x2007, 0x2007,
    0x3009, 0x400C, 0x380B, 0x380A, 0x2808, 0x3009, 0x3008, 0x3008, 0x3008, 0x3008, 0x3008, 0x3009, 0x3009, 0x3009, 0x2808, 0x3009,
    0x400D, 0x3009, 0x380A, 0x300A, 0x3009, 0x380A, 0x380A, 0x3009, 0x3008, 0x3008, 0x3008, 0x2808, 0x2808, 0x2807, 0x2807, 0x380B,
    0x480E, 0x380B, 0x400C, 0x380B, 0x2808, 0x2807, 0x2808, 0x2808, 0x2808, 0x3008, 0x3008, 0x3008, 0x2808, 0x3009, 0x3009, 0x400C,
    0x0000, 0x0000, 0x0801, 0x0802, 0x0801, 0x0801, 0x0801, 0x0801, 0x0001, 0x0001, 0x0801, 0x1003, 0x1806, 0x2007, 0x2007, 0x0802,
    0x0001, 0x0000, 0x0801, 0x0802, 0x0802, 0x0801, 0x0801, 0x0801, 0x0801, 0x0801, 0x0801, 0x0801, 0x1003, 0x2006, 0x2808, 0x1805,
    0x0801, 0x0000, 0x0001, 0x0801, 0x0801, 0x0801, 0x0802, 0x0802, 0x0801, 0x0801, 0x0801, 0x0001, 0x0801, 0x1805, 0x2809, 0x1806,
    0x0801, 0x0801, 0x0801, 0x0001, 0x1002, 0x1002, 0x1803, 0x1803, 0x1803, 0x1803, 0x1802, 0x1802, 0x1802, 0x1802, 0x1803, 0x1002,
    0x1803, 0x4008, 0x480B, 0x3007, 0x1803, 0x1001, 0x1802, 0x1803, 0x2003, 0x1803, 0x1802, 0x1802, 0x1802, 0x1002, 0x1002, 0x1002,
    0x1802, 0x1002, 0x0801, 0x1802, 0x3807, 0x3809, 0x2004, 0x1802, 0x1822, 0x1802, 0x1002, 0x1001, 0x1001, 0x1001, 0x1002, 0x1002,
    0x1002, 0x1002, 0x1001, 0x1002, 0x1802, 0x1002, 0x1002, 0x2003, 0x482A, 0x3006, 0x1002, 0x1001, 0x1002, 0x0801, 0x0801, 0x1002,
    0x1002, 0x1001, 0x0801, 0x0801, 0x0801, 0x0801, 0x0801, 0x1001, 0x1001, 0x0801, 0x0801, 0x3808, 0x1803, 0x0000, 0x1001, 0x1002,
    0x1022, 0x1022, 0x1001, 0x0801, 0x0801, 0x0801, 0x0801, 0x0801, 0x0801, 0x1022, 0x1022, 0x0822, 0x0801, 0x1002, 0x4008, 0x0801,
    0x1001, 0x1002, 0x1002, 0x1803, 0x1803, 0x2004, 0x2004, 0x1002, 0x1803, 0x1804, 0x802D, 0xB031, 0x4808, 0x4009, 0x3007, 0xB890,
    0xB9B4, 0x4007, 0x4809, 0x4808, 0xC033, 0x5009, 0x0001, 0x1003, 0x1003, 0x2004, 0x2004, 0x1803, 0x1002, 0x0801, 0x0801, 0x0801,
    0x0000, 0x3806, 0x4006, 0x0801, 0x1002, 0x1001, 0x1001, 0x0801, 0x0801, 0x0801, 0x1001, 0x1002, 0x1002, 0x1002, 0x1802, 0x1002,
    0x0801, 0x0801, 0x0000, 0x3807, 0x3806, 0x1001, 0x1802, 0x1002, 0x1001, 0x0801, 0x0801, 0x0801, 0x1001, 0x0801, 0x0801, 0x1002,
    0x1002, 0x0801, 0x1001, 0x0801, 0x0801, 0x500A, 0x4808, 0x0801, 0x0801, 0x0801, 0x0801, 0x0801, 0x0801, 0x0801, 0x0801, 0x0801,
    0x0801, 0x0801, 0x0000, 0x0801, 0x500B, 0x3807, 0x0801, 0x0801, 0x1002, 0x1002, 0x1002, 0x1002, 0x1002, 0x1002, 0x1002, 0x1002,
    0x1802, 0x1802, 0x1001, 0x1803, 0x4009, 0x4008, 0x1001, 0x1001, 0x1002, 0x1002, 0x1802, 0x1803, 0x1802, 0x1802, 0x1802, 0x1802,
    0x1802, 0x1802, 0x1002, 0x1001, 0x1802, 0x2806, 0x480A, 0x3807, 0x1002, 0x1003, 0x0801, 0x1002, 0x0801, 0x0001, 0x0801, 0x0801,
    0x0801, 0x0001, 0x1003, 0x2808, 0x2005, 0x0801, 0x0000, 0x0801, 0x0801, 0x0801, 0x0801, 0x0802, 0x0802, 0x0802, 0x0801, 0x0001,
    0x0000, 0x0000, 0x2006, 0x2808, 0x2006, 0x1003, 0x0801, 0x0801, 0x0801, 0x0801, 0x0801, 0x0801, 0x0801, 0x0802, 0x0802, 0x0001,
    0x0001, 0x0801, 0x1804, 0x2006, 0x1805, 0x1003, 0x0801, 0x0000, 0x0001, 0x0801, 0x0801, 0x0801, 0x0801, 0x0802, 0x0801, 0x0001,
    0x0000, 0x0000, 0x0000, 0x0000, 0x0000, 0x0000, 0x0000, 0x0000, 0x0000, 0x1003, 0x1805, 0x1805, 0x1003, 0x0000, 0x0000, 0x0000,
    0x0000, 0x0000, 0x0000, 0x0000, 0x0000, 0x0000, 0x0000, 0x0000, 0x0000, 0x0000, 0x0001, 0x1004, 0x1004, 0x0802, 0x0000, 0x0000,
    0x0000, 0x0000, 0x0000, 0x0000, 0x0000, 0x0000, 0x0000, 0x0000, 0x0000, 0x0000, 0x0000, 0x0001, 0x1805, 0x1806, 0x0801, 0x0000,
    0x0000, 0x0000, 0x0000, 0x700B, 0x880C, 0x6809, 0x5809, 0x5808, 0x5809, 0x5809, 0x5809, 0x5808, 0x5829, 0x600A, 0x5809, 0x700C,
    0x680B, 0x680C, 0x680A, 0x680A, 0x680A, 0x680A, 0x5808, 0x5808, 0x5809, 0x6009, 0x600A, 0x600A, 0x5809, 0x5809, 0x600A, 0x680B,
    0x600B, 0x600A, 0x780D, 0x600A, 0x680B, 0x6009, 0x6009, 0x600A, 0x602A, 0x600A, 0x600A, 0x600A, 0x680A, 0x680B, 0x700B, 0x682B,
    0x680A, 0x680A, 0x700B, 0x800C, 0x700B, 0x700B, 0x680A, 0x700B, 0x700B, 0x6009, 0x700B, 0x700B, 0x680B, 0x600A, 0x5009, 0x4809,
    0x5009, 0x580A, 0x580B, 0x500A, 0x5009, 0x4809, 0x500A, 0x580A, 0x600B, 0x600B, 0x800E, 0x780D, 0x5008, 0x580A, 0x4007, 0x4008,
    0x4809, 0x4808, 0x4808, 0x4007, 0x4007, 0x4007, 0x580A, 0x580A, 0x600B, 0x600B, 0x680B, 0x700C, 0x600A, 0x982F, 0x900F, 0x5008,
    0x3807, 0x3807, 0x4008, 0x5009, 0x500A, 0x580A, 0x500A, 0x600B, 0x600B, 0x680C, 0x682C, 0xE8B7, 0xD0B5, 0x702E, 0x700D, 0xC953,
    0xCA17, 0x700C, 0x784E, 0xD8F7, 0xD875, 0x680C, 0x680B, 0x600B, 0x500A, 0x500A, 0x5009, 0x5009, 0x5009, 0x4007, 0x3807, 0x3006,
    0x4808, 0x700C, 0xA00F, 0x900E, 0x980F, 0x900E, 0x800D, 0x680B, 0x600A, 0x680B, 0x4808, 0x4808, 0x4809, 0x5009, 0x4809, 0x4007,
    0x3006, 0x3006, 0x580A, 0x500A, 0x900F, 0x800C, 0x680B, 0x680B, 0x680B, 0x680B, 0x680B, 0x5809, 0x4007, 0x4027, 0x4828, 0x5009,
    0x5009, 0x5009, 0x5008, 0x600B, 0x680C, 0x600A, 0x780D, 0x580B, 0x3807, 0x4008, 0x4809, 0x4809, 0x500A, 0x5009, 0x4809, 0x4809,
    0x4809, 0x4829, 0x4809, 0x4809, 0x4809, 0x700E, 0x802E, 0x780D, 0x600A, 0x582A, 0x582A, 0x582A, 0x582A, 0x582A, 0x600A, 0x600B,
    0x600B, 0x600B, 0x680C, 0x580A, 0x5009, 0x680D, 0x700C, 0x5809, 0x600A, 0x680C, 0x680B, 0x600A, 0x600A, 0x5809, 0x5809, 0x5809,
    0x5008, 0x5008, 0x5008, 0x6009, 0x680B, 0x600A, 0x5809, 0x600C, 0x600B, 0x5009, 0x682B, 0x702C, 0x882E, 0x1802, 0x0000, 0x0000,
    0x0000, 0x0000, 0x0000, 0x0000, 0x1003, 0x1805, 0x1003, 0x0000, 0x0000, 0x0000, 0x0000, 0x0000, 0x0000, 0x0000, 0x0000, 0x0000,
    0x0000, 0x0000, 0x0000, 0x0000, 0x1003, 0x1806, 0x1004, 0x0000, 0x0000, 0x0000, 0x0000, 0x0000, 0x0000, 0x0000, 0x0000, 0x0000,
    0x0000, 0x0000, 0x0000, 0x0000, 0x0802, 0x1004, 0x1806, 0x1003, 0x0801, 0x0000, 0x0000, 0x0000, 0x0000, 0x0000, 0x0000, 0x0000,
    0x0000, 0x0000, 0x0000, 0x0000, 0x0000, 0x0001, 0x1804, 0x2007, 0x2007, 0x1805, 0x0801, 0x0000, 0x0000, 0x0000, 0x0000, 0x0000,
    0x0000, 0x0000, 0x0000, 0x0000, 0x0000, 0x0000, 0x0000, 0x0000, 0x1804, 0x2007, 0x1806, 0x0802, 0x0000, 0x0000, 0x0000, 0x0000,
    0x0000, 0x0000, 0x0000, 0x0000, 0x0000, 0x0000, 0x0000, 0x0000, 0x0000, 0x1004, 0x2808, 0x1806, 0x0801, 0x0000, 0x0000, 0x0000,
    0x0000, 0x0000, 0x5808, 0x3806, 0x0800, 0x0000, 0x0000, 0x0000, 0x0000, 0x0000, 0x0000, 0x0000, 0x0000, 0x0000, 0x1805, 0x2807,
    0x0801, 0x0000, 0x0000, 0x0000, 0x0000, 0x0000, 0x0000, 0x0000, 0x0000, 0x0000, 0x0000, 0x0000, 0x0000, 0x0000, 0x0000, 0x0000,
    0x0000, 0x2006, 0x2004, 0x0000, 0x0000, 0x0000, 0x0000, 0x0000, 0x0000, 0x0000, 0x0000, 0x0801, 0x0801, 0x0802, 0x0001, 0x0001,
    0x0000, 0x0802, 0x1804, 0x1002, 0x0000, 0x0000, 0x0000, 0x0000, 0x0000, 0x0000, 0x0000, 0x0802, 0x1003, 0x1002, 0x0801, 0x0001,
    0x0801, 0x1002, 0x1003, 0x1003, 0x1003, 0x0802, 0x0802, 0x1003, 0x0802, 0x2806, 0x4009, 0x2805, 0x2805, 0x2004, 0x0000, 0x0000,
    0x0000, 0x0000, 0x0000, 0x0000, 0x0000, 0x0000, 0x2805, 0x2005, 0x2005, 0x1804, 0x1803, 0x2805, 0x4006, 0x880E, 0x700C, 0x2804,
    0x0000, 0x0000, 0x0000, 0x0000, 0x0000, 0x0000, 0x0000, 0x580A, 0x800F, 0x8830, 0x9832, 0x9831, 0xE117, 0xD094, 0xA811, 0xD997,
    0xE1F9, 0xB813, 0xD8B6, 0xD8D7, 0xA052, 0xA012, 0x9811, 0x9010, 0x4808, 0x0000, 0x0000, 0x0000, 0x0000, 0x0000, 0x0000, 0x0000,
    0x3806, 0x700C, 0x980F, 0x5829, 0x5009, 0x5809, 0x5008, 0x5008, 0x5008, 0x4807, 0x0000, 0x0000, 0x0000, 0x0000, 0x0000, 0x0000,
    0x0000, 0x0801, 0x3806, 0x3005, 0x3807, 0x4009, 0x0801, 0x2004, 0x3005, 0x2805, 0x2804, 0x1002, 0x0000, 0x0000, 0x0000, 0x0000,
    0x0000, 0x0000, 0x0000, 0x1002, 0x1002, 0x0801, 0x0000, 0x2806, 0x2005, 0x0801, 0x0802, 0x0801, 0x0001, 0x0001, 0x0001, 0x0001,
    0x0801, 0x0802, 0x0802, 0x0802, 0x1803, 0x2005, 0x2004, 0x0802, 0x0000, 0x0000, 0x0000, 0x0000, 0x0000, 0x0000, 0x0000, 0x0000,
    0x0802, 0x0801, 0x0001, 0x0000, 0x0000, 0x0000, 0x1004, 0x2008, 0x0002, 0x1002, 0x0802, 0x0000, 0x0000, 0x0000, 0x0000, 0x0000,
    0x0000, 0x0000, 0x0000, 0x0000, 0x0000, 0x0000, 0x0000, 0x0000, 0x2007, 0x0003, 0x1022, 0x0821, 0x3806, 0x782C, 0x0000, 0x0000,
    0x0000, 0x0000, 0x0000, 0x0000, 0x0000, 0x0001, 0x2006, 0x2809, 0x1004, 0x0000, 0x0000, 0x0000, 0x0000, 0x0000, 0x0000, 0x0000,
    0x0000, 0x0000, 0x0000, 0x0000, 0x0000, 0x0000, 0x1003, 0x2007, 0x2006, 0x0801, 0x0000, 0x0000, 0x0000, 0x0000, 0x0000, 0x0000,
    0x0000, 0x0000, 0x0000, 0x0000, 0x0000, 0x0000, 0x0001, 0x1003, 0x2007, 0x2007, 0x1805, 0x0001, 0x0000, 0x0000, 0x0000, 0x0000,
    0x0000, 0x0000, 0x0000, 0x0802, 0x1805, 0x2006, 0x1805, 0x0802, 0x0000, 0x0000, 0x0000, 0x0000, 0x0000, 0x0000, 0x0000, 0x0000,
    0x0000, 0x0000, 0x0000, 0x0000, 0x0000, 0x0000, 0x1003, 0x2808, 0x1806, 0x0801, 0x0000, 0x0000, 0x0000, 0x0000, 0x0000, 0x0000,
    0x0000, 0x0000, 0x0000, 0x0000, 0x0000, 0x0000, 0x0000, 0x0001, 0x1806, 0x2007, 0x0802, 0x0000, 0x0000, 0x0000, 0x0000, 0x0000,
    0x0000, 0x4807, 0x4006, 0x0000, 0x0802, 0x0001, 0x0001, 0x0000, 0x0000, 0x0000, 0x0000, 0x0001, 0x0802, 0x2005, 0x3009, 0x1002,
    0x0000, 0x0000, 0x0000, 0x0000, 0x0000, 0x0000, 0x0000, 0x0000, 0x0000, 0x0000, 0x0000, 0x0000, 0x0000, 0x0000, 0x0001, 0x1003,
    0x3809, 0x2005, 0x0000, 0x0000, 0x0000, 0x0000, 0x0000, 0x0000, 0x0000, 0x0001, 0x0000, 0x0801, 0x0802, 0x0802, 0x0802, 0x0802,
    0x1003, 0x2005, 0x1003, 0x0000, 0x0000, 0x0000, 0x0000, 0x0000, 0x0000, 0x0000, 0x0001, 0x0801, 0x1003, 0x1003, 0x1803, 0x1804,
    0x1804, 0x1003, 0x1002, 0x1002, 0x1002, 0x1003, 0x1002, 0x0801, 0x1003, 0x3008, 0x1804, 0x2005, 0x2005, 0x0802, 0x0000, 0x0000,
    0x0000, 0x0000, 0x0000, 0x0000, 0x0000, 0x0801, 0x1002, 0x1804, 0x1804, 0x1804, 0x1804, 0x0802, 0x3007, 0x500B, 0x3007, 0x0801,
    0x0000, 0x0000, 0x0000, 0x0000, 0x0000, 0x0000, 0x0801, 0x2007, 0x500D, 0x600E, 0x700F, 0x600E, 0x8830, 0xD835, 0xD015, 0xE016,
    0xE858, 0xD015, 0xC054, 0x9811, 0x8010, 0x700F, 0x680F, 0x580D, 0x2005, 0x0801, 0x0000, 0x0000, 0x0000, 0x0000, 0x0000, 0x0000,
    0x0802, 0x2807, 0x700D, 0x4008, 0x1003, 0x1003, 0x1003, 0x1804, 0x2005, 0x1002, 0x0801, 0x0000, 0x0000, 0x0000, 0x0000, 0x0000,
    0x0000, 0x0000, 0x0801, 0x1002, 0x0001, 0x4008, 0x3807, 0x1003, 0x1003, 0x0802, 0x0001, 0x0000, 0x0801, 0x0000, 0x0000, 0x0000,
    0x0000, 0x0000, 0x0000, 0x0000, 0x0801, 0x0801, 0x0801, 0x1002, 0x400A, 0x2005, 0x0802, 0x0801, 0x0801, 0x0001, 0x0801, 0x0801,
    0x0801, 0x0802, 0x1003, 0x2005, 0x3007, 0x1002, 0x0000, 0x0000, 0x0802, 0x0000, 0x0000, 0x0000, 0x0000, 0x0000, 0x0000, 0x0000,
    0x0001, 0x0801, 0x0801, 0x0801, 0x0801, 0x0801, 0x0801, 0x2005, 0x380A, 0x1003, 0x0000, 0x0001, 0x0000, 0x0000, 0x0000, 0x0000,
    0x0000, 0x0000, 0x0000, 0x0000, 0x0000, 0x0000, 0x0000, 0x0020, 0x1003, 0x300A, 0x0802, 0x0802, 0x0000, 0x5849, 0x784C, 0x0000,
    0x0000, 0x0000, 0x0000, 0x0000, 0x0000, 0x0000, 0x0020, 0x0801, 0x2008, 0x2007, 0x0000, 0x0000, 0x0000, 0x0000, 0x0000, 0x0000,
    0x0000, 0x0000, 0x0000, 0x0000, 0x0000, 0x0000, 0x0000, 0x0000, 0x1003, 0x2007, 0x1805, 0x0000, 0x0000, 0x0000, 0x0000, 0x0000,
    0x0000, 0x0000, 0x0000, 0x0000, 0x0000, 0x0000, 0x0000, 0x0000, 0x0000, 0x0001, 0x1004, 0x2007, 0x1806, 0x0802, 0x0000, 0x0000,
    0x1806, 0x2006, 0x300A, 0x400D, 0x2808, 0x2006, 0x1804, 0x1804, 0x2005, 0x2005, 0x2005, 0x2005, 0x1805, 0x1805, 0x1805, 0x2005,
    0x2006, 0x2006, 0x1805, 0x2006, 0x2006, 0x380B, 0x380C, 0x2807, 0x2005, 0x1805, 0x2005, 0x2006, 0x2006, 0x2006, 0x2006, 0x2006,
    0x2006, 0x2006, 0x2006, 0x2006, 0x1805, 0x2006, 0x3009, 0x480E, 0x2808, 0x2005, 0x2005, 0x2006, 0x2006, 0x1003, 0x0801, 0x0000,
    0x1803, 0x5009, 0x0000, 0x1004, 0x1803, 0x0001, 0x0000, 0x0000, 0x0000, 0x0000, 0x0000, 0x0000, 0x0000, 0x0000, 0x0000, 0x0000,
    0x0000, 0x0000, 0x0000, 0x0000, 0x0000, 0x0000, 0x0000, 0x0803, 0x0000, 0x0000, 0x0000, 0x0000, 0x0000, 0x0000, 0x0000, 0x0000,
    0x0801, 0x0000, 0x0000, 0x0000, 0x0000, 0x0000, 0x0000, 0x0000, 0x0801, 0x0802, 0x0000, 0x0000, 0x0000, 0x0000, 0x0000, 0x0000,
    0x0000, 0x0000, 0x0000, 0x0000, 0x0000, 0x0000, 0x0000, 0x0000, 0x0000, 0x0000, 0x0803, 0x0000, 0x0000, 0x0000, 0x0000, 0x0001,
    0x0000, 0x0000, 0x0000, 0x0000, 0x0000, 0x0000, 0x0000, 0x0000, 0x0000, 0x0000, 0x0000, 0x0000, 0x0000, 0x0801, 0x0000, 0x0000,
    0x0000, 0x0000, 0x0000, 0x0000, 0x0801, 0x0803, 0x0000, 0x0000, 0x0000, 0x0000, 0x0000, 0x0000, 0x1002, 0x0001, 0x0802, 0x0801,
    0x0000, 0x0000, 0x0000, 0x0000, 0x0000, 0x0000, 0x1004, 0x1002, 0x2005, 0x2806, 0x3808, 0x480A, 0x580C, 0x680E, 0x8810, 0xA812,
    0xB013, 0xA012, 0x9011, 0x8010, 0x700E, 0x480B, 0x3809, 0x3008, 0x2806, 0x1805, 0x0000, 0x0000, 0x0000, 0x0000, 0x0000, 0x0000,
    0x0000, 0x0801, 0x1002, 0x2003, 0x0000, 0x0000, 0x0000, 0x0000, 0x0000, 0x0000, 0x1003, 0x0000, 0x0000, 0x0000, 0x0000, 0x0000,
    0x0000, 0x0000, 0x0000, 0x0000, 0x0000, 0x0000, 0x1003, 0x0000, 0x0000, 0x0000, 0x0000, 0x0000, 0x1004, 0x0000, 0x0000, 0x0000,
    0x0000, 0x0000, 0x0000, 0x0000, 0x0000, 0x0000, 0x0000, 0x0000, 0x0000, 0x0001, 0x0000, 0x0000, 0x0000, 0x0000, 0x0000, 0x0000,
    0x0000, 0x0000, 0x0000, 0x0000, 0x0000, 0x0000, 0x0000, 0x0000, 0x0803, 0x0801, 0x0000, 0x0000, 0x0000, 0x0000, 0x0000, 0x0000,
    0x0000, 0x0000, 0x0000, 0x0000, 0x0000, 0x0000, 0x0000, 0x0000, 0x0000, 0x0000, 0x0000, 0x0802, 0x0802, 0x0000, 0x0000, 0x0000,
    0x0000, 0x0000, 0x0000, 0x0000, 0x0000, 0x0000, 0x0000, 0x0020, 0x0000, 0x0000, 0x0001, 0x0001, 0x1004, 0x0000, 0x786D, 0x3826,
    0x0000, 0x0801, 0x1003, 0x2006, 0x2807, 0x2807, 0x2006, 0x2006, 0x2006, 0x380A, 0x480D, 0x2007, 0x1805, 0x2006, 0x2007, 0x2007,
    0x2006, 0x2006, 0x2006, 0x2006, 0x2006, 0x2006, 0x2806, 0x2006, 0x2006, 0x2808, 0x380B, 0x400E, 0x2808, 0x2006, 0x1805, 0x2006,
    0x2006, 0x2006, 0x2006, 0x2006, 0x2006, 0x2006, 0x2006, 0x2005, 0x2006, 0x2005, 0x1805, 0x2006, 0x3008, 0x400D, 0x380B, 0x2006,
    0x300A, 0x1806, 0x1004, 0x1004, 0x1004, 0x1804, 0x1804, 0x1804, 0x1804, 0x1804, 0x1804, 0x1804, 0x1804, 0x1804, 0x1804, 0x1004,
    0x1804, 0x2807, 0x400C, 0x380C, 0x1805, 0x1804, 0x1804, 0x1804, 0x1804, 0x1804, 0x1804, 0x1805, 0x1805, 0x1804, 0x1804, 0x1804,
    0x1805, 0x1804, 0x1804, 0x1805, 0x380A, 0x380C, 0x2006, 0x2005, 0x1805, 0x1805, 0x1805, 0x1804, 0x1804, 0x1003, 0x0801, 0x0801,
    0x4029, 0x0801, 0x0001, 0x1004, 0x0000, 0x0020, 0x2824, 0x5029, 0x4028, 0x3828, 0x4828, 0x5829, 0x582A, 0x580A, 0x4008, 0x0000,
    0x0000, 0x0000, 0x0000, 0x0000, 0x0000, 0x0000, 0x0803, 0x0802, 0x0000, 0x0000, 0x4007, 0x5009, 0x4829, 0x5009, 0x4809, 0x4809,
    0x3006, 0x0000, 0x0000, 0x0000, 0x0000, 0x0000, 0x0000, 0x0000, 0x1003, 0x0001, 0x0000, 0x1823, 0x4829, 0x4028, 0x4828, 0x5029,
    0x502A, 0x5009, 0x0801, 0x0000, 0x0000, 0x0000, 0x0000, 0x0000, 0x0000, 0x0802, 0x0802, 0x0000, 0x2003, 0x4828, 0x4829, 0x4829,
    0x502A, 0x502A, 0x502A, 0x3827, 0x0000, 0x2003, 0x5809, 0x5009, 0x4809, 0x4809, 0x502A, 0x582A, 0x4829, 0x0000, 0x0000, 0x0000,
    0x0000, 0x0000, 0x0000, 0x0000, 0x1003, 0x0802, 0x0000, 0x4027, 0x4808, 0x4808, 0x5829, 0x582A, 0x5029, 0x582A, 0x2804, 0x0000,
    0x0000, 0x0000, 0x0000, 0x0000, 0x0000, 0x0000, 0x1805, 0x0000, 0x3006, 0x502A, 0x600B, 0x780E, 0x780E, 0x782E, 0x8030, 0x602D,
    0x700E, 0x9811, 0xA011, 0x9831, 0x9010, 0x702D, 0x700B, 0x4006, 0x0802, 0x1805, 0x0000, 0x0000, 0x0000, 0x0000, 0x0000, 0x0000,
    0x0000, 0x2004, 0x5029, 0x5009, 0x600A, 0x682B, 0x602B, 0x580A, 0x4027, 0x0000, 0x1004, 0x0001, 0x0000, 0x0000, 0x0000, 0x0000,
    0x0000, 0x0000, 0x0000, 0x4008, 0x580A, 0x580A, 0x5009, 0x5009, 0x5009, 0x580A, 0x2804, 0x0000, 0x1005, 0x0000, 0x0000, 0x0000,
    0x0000, 0x0000, 0x0000, 0x0000, 0x1803, 0x4809, 0x4809, 0x4029, 0x3828, 0x4028, 0x4829, 0x584A, 0x4048, 0x0020, 0x3026, 0x482A,
    0x4029, 0x4049, 0x3848, 0x4049, 0x504A, 0x584B, 0x2825, 0x0000, 0x0802, 0x0802, 0x0000, 0x0000, 0x0000, 0x0000, 0x0000, 0x0000,
    0x0000, 0x2025, 0x3848, 0x3848, 0x4049, 0x4849, 0x4048, 0x3848, 0x3848, 0x2024, 0x0000, 0x0803, 0x1004, 0x0000, 0x0000, 0x0000,
    0x0000, 0x0000, 0x0000, 0x0000, 0x1845, 0x386A, 0x3089, 0x3868, 0x3848, 0x3848, 0x2845, 0x0000, 0x0802, 0x1004, 0x0000, 0x804D,
    0x1802, 0x0001, 0x1002, 0x1804, 0x1805, 0x2005, 0x1805, 0x1805, 0x1804, 0x1804, 0x1804, 0x2807, 0x400D, 0x2807, 0x1805, 0x1805,
    0x1805, 0x1804, 0x1804, 0x1805, 0x1805, 0x1805, 0x1804, 0x1804, 0x1805, 0x1805, 0x1805, 0x1804, 0x2005, 0x380B, 0x380C, 0x2007,
    0x1804, 0x1804, 0x1804, 0x1804, 0x1804, 0x1804, 0x1804, 0x1804, 0x1804, 0x1804, 0x1804, 0x1804, 0x1004, 0x1004, 0x1804, 0x2808,
    0x0000, 0x0000, 0x0000, 0x0000, 0x0000, 0x0000, 0x0000, 0x0000, 0x0000, 0x0000, 0x0000, 0x0000, 0x0000, 0x0000, 0x0000, 0x0802,
    0x2006, 0x2807, 0x1003, 0x0000, 0x0000, 0x0000, 0x0000, 0x0000, 0x0000, 0x0000, 0x0000, 0x0000, 0x0000, 0x0000, 0x0000, 0x0000,
    0x0000, 0x0000, 0x0802, 0x1806, 0x1004, 0x0000, 0x0000, 0x0000, 0x0000, 0x0000, 0x0000, 0x0000, 0x0000, 0x0000, 0x0000, 0x3009,
    0x1804, 0x0000, 0x1805, 0x0000, 0x0000, 0x2003, 0xA897, 0xA0FA, 0x98F9, 0x90F8, 0x98D8, 0xA0B9, 0xA0B9, 0xB09B, 0x582E, 0x0000,
    0x0000, 0x0000, 0x0000, 0x0000, 0x0000, 0x0001, 0x1805, 0x0803, 0x0000, 0x2826, 0xA899, 0xA0D9, 0xA8DA, 0xA8BA, 0xA0B9, 0xB07A,
    0x482A, 0x0000, 0x0000, 0x0000, 0x0000, 0x0000, 0x0000, 0x0802, 0x1004, 0x0802, 0x0000, 0x7873, 0xA8BA, 0xA0B9, 0xA0B9, 0xA8BA,
    0xB09C, 0x8033, 0x0000, 0x0000, 0x0000, 0x0000, 0x0000, 0x0000, 0x0000, 0x1004, 0x0802, 0x0001, 0x8873, 0xB0BB, 0xA0B9, 0xA0B9,
    0xA8B9, 0xA8BA, 0xB09B, 0xB899, 0x2825, 0x9054, 0xB0D9, 0xB0DA, 0xB0DA, 0xB0BA, 0xB0BA, 0xB0BB, 0x9054, 0x0000, 0x0000, 0x0000,
    0x0000, 0x0000, 0x0000, 0x0000, 0x1005, 0x0802, 0x2826, 0xB07A, 0xA8B9, 0xB0D9, 0xB8DA, 0xC0DB, 0xC0DC, 0xD0BE, 0x582D, 0x0000,
    0x0000, 0x0000, 0x0000, 0x0000, 0x0000, 0x0801, 0x1807, 0x1804, 0xB859, 0xD09B, 0xD89C, 0xE87C, 0xE87B, 0xE07B, 0xE85B, 0xC076,
    0xD034, 0xF816, 0xF836, 0xF837, 0xF837, 0xF816, 0xF817, 0xC811, 0x1805, 0x2807, 0x0000, 0x0000, 0x0000, 0x0000, 0x0000, 0x0000,
    0x0000, 0x8031, 0xB87A, 0xC07A, 0xD87C, 0xE09C, 0xD8BB, 0xD09B, 0xC899, 0x1824, 0x1807, 0x1003, 0x0000, 0x0000, 0x0000, 0x0000,
    0x0000, 0x0000, 0x0801, 0x8856, 0xB09A, 0xB09A, 0xB0BA, 0xB0BA, 0xB0BA, 0xC89C, 0x9093, 0x0000, 0x1806, 0x0802, 0x0000, 0x0000,
    0x0000, 0x0000, 0x0000, 0x0000, 0x1805, 0x8078, 0x88B8, 0x98B9, 0x90D8, 0x98F9, 0xA0F9, 0xA8FA, 0xB0FA, 0x3047, 0x8074, 0xA0BA,
    0x88F8, 0x88F8, 0x88F8, 0x90F9, 0x98FA, 0x98DB, 0x88B6, 0x0802, 0x0803, 0x1806, 0x0801, 0x0000, 0x0000, 0x0000, 0x0000, 0x0000,
    0x0000, 0x304B, 0x60B7, 0x68F7, 0x7919, 0x7918, 0x7937, 0x7116, 0x7918, 0x68D5, 0x0802, 0x0802, 0x1004, 0x0802, 0x0000, 0x0000,
    0x0000, 0x0000, 0x0000, 0x0000, 0x1845, 0x60F7, 0x58F7, 0x60F6, 0x6916, 0x6917, 0x8118, 0x58CC, 0x0000, 0x1003, 0x0802, 0x2804,
    0x882F, 0x0800, 0x0020, 0x0000, 0x0000, 0x0000, 0x0000, 0x0000, 0x0000, 0x0000, 0x0000, 0x0000, 0x0801, 0x2007, 0x1805, 0x0000,
    0x0000, 0x0000, 0x0000, 0x0000, 0x0000, 0x0000, 0x0000, 0x0000, 0x0000, 0x0000, 0x0000, 0x0000, 0x0000, 0x0000, 0x1003, 0x2807,
    0x1806, 0x0000, 0x0000, 0x0000, 0x0000, 0x0000, 0x0000, 0x0000, 0x0000, 0x0000, 0x0000, 0x0000, 0x0000, 0x0000, 0x0000, 0x0000,
    0x0000, 0x0000, 0x0000, 0x0000, 0x0000, 0x0000, 0x0000, 0x0000, 0x0000, 0x0000, 0x0000, 0x0000, 0x0000, 0x1804, 0x3009, 0x2809,
    0x1003, 0x0000, 0x0000, 0x0000, 0x0000, 0x0000, 0x0000, 0x0000, 0x0000, 0x0000, 0x0000, 0x0000, 0x0000, 0x0000, 0x0000, 0x0000,
    0x0802, 0x1805, 0x1805, 0x0801, 0x0000, 0x0000, 0x0000, 0x0000, 0x0000, 0x0000, 0x0000, 0x0000, 0x0000, 0x0000, 0x2005, 0x2007,
    0x0000, 0x1805, 0x1002, 0x0000, 0x0000, 0x7870, 0x90D8, 0x80F7, 0x88D7, 0x88D7, 0x80D7, 0x80D7, 0x88D8, 0x6892, 0x0000, 0x0000,
    0x0000, 0x0000, 0x0000, 0x0000, 0x0000, 0x2006, 0x1805, 0x1005, 0x0801, 0x8074, 0x90B8, 0x88D7, 0x90D7, 0x88B7, 0x98D9, 0x7894,
    0x0000, 0x0000, 0x0000, 0x0000, 0x0000, 0x0000, 0x0000, 0x1806, 0x1004, 0x0001, 0x2827, 0xA0BA, 0x90B8, 0x90B7, 0x90B7, 0x90B7,
    0x90B7, 0x2025, 0x0000, 0x0000, 0x0000, 0x0000, 0x0000, 0x0000, 0x1003, 0x1806, 0x0001, 0x2025, 0xA099, 0x90D8, 0x90B8, 0x90B7,
    0x90B7, 0x88B7, 0xA0BA, 0x8073, 0x482A, 0xA8BA, 0x88F7, 0x90D7, 0x98D8, 0x98D8, 0x90D7, 0x90B9, 0x404B, 0x0000, 0x0000, 0x0000,
    0x0000, 0x0000, 0x0000, 0x0001, 0x2007, 0x0000, 0x4029, 0xB09B, 0xA0B8, 0xA0B8, 0xA0D8, 0xA0D8, 0xA0D9, 0xA8BA, 0x2026, 0x0000,
    0x0000, 0x0000, 0x0000, 0x0000, 0x0000, 0x0802, 0x2009, 0x2827, 0xC07A, 0xB899, 0xC09A, 0xC09A, 0xC879, 0xD07A, 0xE05B, 0xC877,
    0xE035, 0xF836, 0xF015, 0xF015, 0xF015, 0xF015, 0xF816, 0xC812, 0x2006, 0x3809, 0x0000, 0x0000, 0x0000, 0x0000, 0x0000, 0x0000,
    0x0000, 0x682F, 0xA89B, 0xB099, 0xC099, 0xB899, 0xB899, 0xC0B9, 0xC8BB, 0x3828, 0x1005, 0x1004, 0x0000, 0x0000, 0x0000, 0x0000,
    0x0000, 0x0000, 0x0000, 0x5851, 0x8098, 0x80B6, 0x98B7, 0x98B8, 0x98D8, 0xA0DA, 0x98B8, 0x1023, 0x1806, 0x1805, 0x0000, 0x0000,
    0x0000, 0x0000, 0x0000, 0x0000, 0x0000, 0x4871, 0x70B6, 0x88B7, 0x80D7, 0x88D7, 0x88F7, 0x88F7, 0x98FA, 0x608D, 0x482C, 0x98D9,
    0x78F7, 0x78F7, 0x78F7, 0x78F7, 0x78F7, 0x70F7, 0x80F9, 0x3049, 0x0001, 0x1807, 0x1005, 0x0000, 0x0000, 0x0000, 0x0000, 0x0000,
    0x0000, 0x0822, 0x40B3, 0x50F5, 0x6116, 0x6116, 0x6115, 0x6116, 0x6116, 0x7138, 0x308B, 0x0000, 0x0803, 0x1005, 0x0001, 0x0000,
    0x0000, 0x0000, 0x0000, 0x0000, 0x0000, 0x206A, 0x50D5, 0x48F4, 0x5915, 0x5915, 0x5916, 0x8917, 0x2844, 0x0000, 0x1805, 0x0001,
    0x5028, 0x704B, 0x0000, 0x0000, 0x0000, 0x0000, 0x0000, 0x0000, 0x0000, 0x0000, 0x0000, 0x0000, 0x0000, 0x0000, 0x1004, 0x2008,
    0x1805, 0x0000, 0x0000, 0x0000, 0x0000, 0x0000, 0x0000, 0x0000, 0x0000, 0x0000, 0x0000, 0x0000, 0x0000, 0x0000, 0x0000, 0x0000,
    0x1004, 0x3009, 0x3008, 0x1002, 0x0000, 0x0000, 0x0000, 0x0000, 0x0000, 0x0000, 0x0000, 0x0000, 0x0000, 0x0000, 0x0000, 0x0000,
    0x0000, 0x0000, 0x0000, 0x0000, 0x0000, 0x0000, 0x0000, 0x0000, 0x0000, 0x0000, 0x0000, 0x1804, 0x2808, 0x3008, 0x1003, 0x0000,
    0x0000, 0x0000, 0x0000, 0x0000, 0x0000, 0x0000, 0x0000, 0x0000, 0x0000, 0x0000, 0x0000, 0x0000, 0x0000, 0x0000, 0x0801, 0x1805,
    0x1805, 0x0802, 0x0000, 0x0000, 0x0000, 0x0000, 0x0000, 0x0000, 0x0000, 0x0000, 0x0000, 0x0000, 0x0000, 0x1803, 0x3809, 0x0000,
    0x0802, 0x1004, 0x0000, 0x0000, 0x4849, 0xA0B9, 0x80D6, 0x88D7, 0x88D8, 0x88D7, 0x88D7, 0x88D7, 0x88B7, 0x2024, 0x0000, 0x0000,
    0x0000, 0x0000, 0x0000, 0x0000, 0x1003, 0x2006, 0x1005, 0x0002, 0x486B, 0xA0BA, 0x90D8, 0x90D7, 0x90D7, 0x90B7, 0x98B9, 0x3047,
    0x0000, 0x0000, 0x0000, 0x0000, 0x0000, 0x0000, 0x0802, 0x1806, 0x1004, 0x0001, 0x7092, 0xA0DA, 0x90D7, 0x90B7, 0x90B7, 0x98B9,
    0x7092, 0x0000, 0x0000, 0x0000, 0x0000, 0x0000, 0x0000, 0x0000, 0x2007, 0x1005, 0x0000, 0x506C, 0x98D9, 0x90D7, 0x98D8, 0x98B8,
    0x98B8, 0x90B8, 0xA8BA, 0x484A, 0x704F, 0xA8DA, 0x98D8, 0x98D8, 0x98D9, 0x98D8, 0x90B8, 0x90B8, 0x2026, 0x0000, 0x0000, 0x0000,
    0x0000, 0x0000, 0x0000, 0x0802, 0x2008, 0x0000, 0x604E, 0xB0BB, 0xA8B8, 0xA8B9, 0xA8B9, 0xA8B8, 0xA8D9, 0xA0B9, 0x1805, 0x0000,
    0x0000, 0x0000, 0x0000, 0x0000, 0x0000, 0x1003, 0x2809, 0x2827, 0xC87B, 0xC87A, 0xC87A, 0xD07A, 0xD879, 0xD87A, 0xE85B, 0xC897,
    0xD814, 0xF836, 0xF015, 0xF035, 0xF015, 0xF015, 0xF816, 0xD012, 0x2807, 0x480B, 0x0000, 0x0000, 0x0000, 0x0000, 0x0000, 0x0000,
    0x0000, 0x500C, 0xB07B, 0xC07A, 0xC87A, 0xC099, 0xC89A, 0xC89A, 0xD0BC, 0x504B, 0x0001, 0x2006, 0x0000, 0x0000, 0x0000, 0x0000,
    0x0000, 0x0000, 0x0000, 0x504E, 0x8878, 0x88B7, 0xA0B9, 0xA0B9, 0xA0D9, 0xA0D9, 0xB0BA, 0x2826, 0x0804, 0x2008, 0x0000, 0x0000,
    0x0000, 0x0000, 0x0000, 0x0000, 0x0000, 0x404D, 0x7096, 0x88D7, 0x88D7, 0x88D7, 0x88F8, 0x90F8, 0x90F9, 0x98D6, 0x3829, 0x98B8,
    0x8118, 0x80F7, 0x78F7, 0x78F7, 0x78F7, 0x78F7, 0x80F8, 0x68B3, 0x0000, 0x1004, 0x2007, 0x0001, 0x0000, 0x0000, 0x0000, 0x0000,
    0x0000, 0x0000, 0x286B, 0x50B4, 0x6115, 0x6916, 0x6916, 0x6937, 0x6937, 0x6937, 0x6135, 0x0823, 0x0802, 0x1005, 0x1807, 0x0000,
    0x0000, 0x0000, 0x0000, 0x0000, 0x0000, 0x0001, 0x40B1, 0x50D5, 0x5916, 0x6116, 0x5915, 0x6116, 0x6911, 0x0820, 0x0801, 0x1844,
    0x0000, 0x706B, 0x4827, 0x0000, 0x0000, 0x0000, 0x0000, 0x0000, 0x0000, 0x0000, 0x0000, 0x0000, 0x0000, 0x0000, 0x0000, 0x0801,
    0x2807, 0x2808, 0x0802, 0x0000, 0x0000, 0x0000, 0x0000, 0x0000, 0x0000, 0x0000, 0x0000, 0x0000, 0x0000, 0x0000, 0x0000, 0x0000,
    0x0000, 0x0020, 0x2025, 0x300A, 0x2808, 0x0802, 0x0000, 0x0000, 0x0000, 0x0000, 0x0000, 0x0000, 0x0000, 0x0000, 0x0000, 0x0000,
    0x0000, 0x0000, 0x0000, 0x0000, 0x0000, 0x0000, 0x0000, 0x0000, 0x0000, 0x1805, 0x2809, 0x1806, 0x0001, 0x0000, 0x0000, 0x0000,
    0x0000, 0x0000, 0x0000, 0x0000, 0x0000, 0x0000, 0x0000, 0x0000, 0x0000, 0x0000, 0x0000, 0x0000, 0x0000, 0x1004, 0x2007, 0x0801,
    0x0000, 0x0000, 0x0000, 0x0000, 0x0000, 0x0000, 0x0000, 0x0000, 0x0000, 0x0000, 0x0000, 0x0000, 0x0001, 0x400B, 0x1002, 0x0000,
    0x1004, 0x0000, 0x0000, 0x1803, 0xA877, 0x90D8, 0x90D7, 0x88D8, 0x90D8, 0x90B8, 0x88D7, 0x98B9, 0x504C, 0x0000, 0x0000, 0x0000,
    0x0000, 0x0000, 0x0000, 0x0000, 0x2007, 0x1004, 0x0803, 0x0801, 0x9076, 0xA0B9, 0x98B8, 0x90B8, 0x90B8, 0x98B9, 0x6871, 0x0000,
    0x0000, 0x0000, 0x0000, 0x0000, 0x0000, 0x0000, 0x2006, 0x1004, 0x0002, 0x1825, 0x9898, 0x90B8, 0x98B8, 0x98B8, 0x90B8, 0xA0BA,
    0x3829, 0x0000, 0x0000, 0x0000, 0x0000, 0x0000, 0x0000, 0x0802, 0x2007, 0x0803, 0x0801, 0x80B4, 0x98D8, 0x90D8, 0x98B8, 0x98B8,
    0x98D8, 0x98B9, 0xA8B7, 0x2826, 0x9095, 0xA0D9, 0xA0D9, 0x98D9, 0xA0D9, 0x98D8, 0x98B8, 0x8095, 0x0802, 0x0000, 0x0000, 0x0000,
    0x0000, 0x0000, 0x0000, 0x1805, 0x2007, 0x0001, 0x9074, 0xB0B9, 0xA8B9, 0xB0B9, 0xB0B9, 0xA8B9, 0xA8BA, 0x8895, 0x0802, 0x0000,
    0x0000, 0x0000, 0x0000, 0x0000, 0x0000, 0x1804, 0x1806, 0x3008, 0xC85A, 0xD07A, 0xD85A, 0xE05A, 0xE05A, 0xE05A, 0xE85B, 0xC096,
    0xD014, 0xF816, 0xF815, 0xF815, 0xF815, 0xF015, 0xF816, 0xD013, 0x2005, 0x3809, 0x0000, 0x0000, 0x0000, 0x0000, 0x0000, 0x0000,
    0x0000, 0x3808, 0xB85A, 0xC859, 0xD07A, 0xD07A, 0xD07A, 0xC89A, 0xD89C, 0x604C, 0x0001, 0x3009, 0x0000, 0x0000, 0x0000, 0x0000,
    0x0000, 0x0000, 0x0000, 0x382A, 0x9079, 0x8898, 0xA899, 0xA8B9, 0xA8B9, 0xA0B9, 0xB8BB, 0x604D, 0x0000, 0x2808, 0x0802, 0x0000,
    0x0000, 0x0000, 0x0000, 0x0000, 0x0000, 0x3049, 0x80B8, 0x88D8, 0x88D8, 0x88D8, 0x88D8, 0x90F8, 0x88F8, 0xA0F9, 0x3848, 0x7092,
    0x80F8, 0x78F7, 0x78F7, 0x78F7, 0x78F7, 0x78F8, 0x78F8, 0x78D8, 0x1825, 0x0001, 0x1806, 0x1004, 0x0000, 0x0000, 0x0000, 0x0000,
    0x0000, 0x0000, 0x0803, 0x48B3, 0x58F5, 0x6916, 0x6917, 0x6917, 0x6937, 0x6937, 0x7139, 0x38AD, 0x0000, 0x0804, 0x1807, 0x1003,
    0x0000, 0x0000, 0x0000, 0x0000, 0x0000, 0x0000, 0x1826, 0x58D6, 0x6116, 0x6116, 0x6116, 0x5915, 0x7118, 0x488B, 0x0000, 0x0822,
    0x0802, 0x0000, 0x906E, 0x2003, 0x0000, 0x0000, 0x0000, 0x0000, 0x0000, 0x0000, 0x0000, 0x0000, 0x0000, 0x0000, 0x0000, 0x0000,
    0x0000, 0x0801, 0x2006, 0x1806, 0x0000, 0x0000, 0x0000, 0x0000, 0x0000, 0x0000, 0x0000, 0x0000, 0x0000, 0x0000, 0x0000, 0x0000,
    0x0000, 0x0000, 0x0000, 0x0000, 0x1003, 0x2808, 0x2007, 0x0802, 0x0000, 0x0000, 0x0000, 0x0000, 0x0000, 0x0000, 0x0000, 0x0000,
    0x1805, 0x2005, 0x1805, 0x1805, 0x1805, 0x1805, 0x1805, 0x2006, 0x400C, 0x480E, 0x2808, 0x2006, 0x2006, 0x2006, 0x2006, 0x2006,
    0x2006, 0x2006, 0x2006, 0x2006, 0x2006, 0x2006, 0x2005, 0x1805, 0x2006, 0x2006, 0x1805, 0x1805, 0x380C, 0x380B, 0x2006, 0x1805,
    0x2006, 0x2006, 0x2006, 0x2006, 0x2006, 0x2005, 0x1805, 0x1004, 0x1003, 0x0802, 0x0001, 0x0000, 0x2807, 0x2005, 0x0000, 0x1805,
    0x0803, 0x0000, 0x0000, 0x8030, 0xA0B9, 0x98D8, 0xA0B8, 0x98B8, 0xA0B8, 0x98D8, 0xA0BA, 0x9095, 0x0801, 0x0000, 0x0000, 0x0000,
    0x0000, 0x0000, 0x0000, 0x2006, 0x1805, 0x1004, 0x0000, 0x504C, 0xA899, 0x98D8, 0xA0D9, 0xA098, 0xA099, 0x9898, 0x2025, 0x0000,
    0x0000, 0x0000, 0x0000, 0x0000, 0x0000, 0x1004, 0x2006, 0x0803, 0x0000, 0x6070, 0xB0BA, 0x98D8, 0xA0B8, 0xA098, 0xA89A, 0x9096,
    0x0801, 0x0000, 0x0000, 0x0000, 0x0000, 0x0000, 0x0000, 0x2006, 0x1806, 0x0001, 0x3047, 0xA8B9, 0xA0B8, 0xA0B8, 0xA0B8, 0xA0B8,
    0xA0B8, 0xB0DA, 0x8091, 0x382A, 0xB09A, 0xA0D8, 0xA8B9, 0xA8D9, 0xA8D9, 0xA0B9, 0xA89A, 0x6850, 0x0000, 0x0000, 0x0000, 0x0000,
    0x0000, 0x0000, 0x0000, 0x2006, 0x1004, 0x1003, 0xA878, 0xB899, 0xB899, 0xB8BA, 0xB8BA, 0xB8B9, 0xB0BB, 0x8094, 0x0001, 0x0001,
    0x0000, 0x0000, 0x0000, 0x0000, 0x0000, 0x3808, 0x2007, 0x482A, 0xD85C, 0xD87A, 0xE05B, 0xE85B, 0xE85A, 0xE07A, 0xF07B, 0xB896,
    0xD014, 0xF816, 0xF815, 0xF815, 0xF815, 0xF815, 0xF816, 0xE014, 0x3006, 0x400A, 0x0000, 0x0000, 0x0000, 0x0000, 0x0000, 0x0000,
    0x0000, 0x2806, 0xC03A, 0xD05A, 0xD87A, 0xD87A, 0xD87B, 0xD07A, 0xD89C, 0x8852, 0x0001, 0x380B, 0x0802, 0x0000, 0x0000, 0x0000,
    0x0000, 0x0000, 0x0000, 0x2807, 0x9879, 0x9898, 0xA899, 0xB8B9, 0xB8BA, 0xB0B9, 0xC09B, 0x7852, 0x0000, 0x1806, 0x1804, 0x0000,
    0x0000, 0x0000, 0x0000, 0x0000, 0x0001, 0x1004, 0x7896, 0x88B9, 0x98D8, 0x98D8, 0x98D8, 0x98D8, 0x98D8, 0xA0D9, 0x686D, 0x404A,
    0x98FA, 0x80F8, 0x88F8, 0x8118, 0x80F8, 0x8118, 0x7918, 0x891A, 0x48AE, 0x0000, 0x1004, 0x2027, 0x0001, 0x0000, 0x0000, 0x0000,
    0x0000, 0x0000, 0x0000, 0x388D, 0x6918, 0x6937, 0x7137, 0x6937, 0x7157, 0x6957, 0x6938, 0x6917, 0x1023, 0x0802, 0x0803, 0x2008,
    0x0000, 0x0000, 0x0000, 0x0000, 0x0000, 0x0000, 0x0000, 0x38AF, 0x6918, 0x6116, 0x6117, 0x6936, 0x6917, 0x8118, 0x2844, 0x0000,
    0x0802, 0x0001, 0x2824, 0x806D, 0x0000, 0x0801, 0x0802, 0x1004, 0x2006, 0x2005, 0x2006, 0x2006, 0x2006, 0x2006, 0x2006, 0x2006,
    0x2006, 0x2005, 0x2006, 0x400C, 0x400D, 0x2006, 0x2006, 0x2006, 0x2006, 0x2006, 0x2006, 0x2006, 0x2006, 0x2006, 0x2006, 0x2006,
    0x2006, 0x2006, 0x2006, 0x2006, 0x1805, 0x2006, 0x380B, 0x480F, 0x3009, 0x1805, 0x1805, 0x1805, 0x2006, 0x2006, 0x2006, 0x2006,
    0x1806, 0x1805, 0x1804, 0x1804, 0x2006, 0x400C, 0x400D, 0x2007, 0x1804, 0x1804, 0x1805, 0x2006, 0x2006, 0x2006, 0x2006, 0x2006,
    0x2006, 0x2006, 0x2005, 0x2006, 0x2006, 0x2006, 0x2005, 0x1805, 0x1805, 0x2808, 0x380B, 0x2007, 0x2005, 0x2005, 0x2006, 0x2006,
    0x2006, 0x2006, 0x2006, 0x2006, 0x2006, 0x1805, 0x1805, 0x1004, 0x1003, 0x0802, 0x0000, 0x1004, 0x2807, 0x0000, 0x0802, 0x1004,
    0x0000, 0x0000, 0x5029, 0xB079, 0x90D8, 0xA0B8, 0xA0B9, 0xA0B8, 0xA0B8, 0xA0B9, 0xA89A, 0x3828, 0x0000, 0x0001, 0x0000, 0x0000,
    0x0001, 0x0000, 0x1003, 0x2008, 0x1004, 0x0802, 0x1824, 0xA098, 0xA8B9, 0xA0D9, 0xA8B9, 0xA8B9, 0xB09B, 0x6870, 0x0000, 0x0000,
    0x0000, 0x0000, 0x0000, 0x0000, 0x0001, 0x3009, 0x1005, 0x0002, 0x1824, 0xA098, 0xA8B9, 0xA8D9, 0xA8B9, 0xA899, 0xB89B, 0x504C,
    0x0000, 0x0001, 0x0000, 0x0000, 0x0000, 0x0000, 0x1002, 0x300A, 0x1005, 0x0001, 0x7091, 0xB0DA, 0xA8B9, 0xA8B9, 0xA8B8, 0xA8B9,
    0xA0B8, 0xC0DB, 0x506D, 0x7051, 0xB89B, 0xA8B9, 0xB0B9, 0xB0D9, 0xB0D9, 0xA8B9, 0xA89A, 0x402B, 0x0000, 0x0001, 0x0000, 0x0000,
    0x0001, 0x0000, 0x0802, 0x2809, 0x0002, 0x3047, 0xC89B, 0xC09A, 0xC09A, 0xC09A, 0xC0BA, 0xB899, 0xC0BB, 0x8073, 0x0000, 0x0001,
    0x0000, 0x0001, 0x0001, 0x0001, 0x0000, 0x3808, 0x1805, 0x504B, 0xE87D, 0xE05A, 0xE85B, 0xE87B, 0xE87A, 0xE87A, 0xF09B, 0xC0B6,
    0xD014, 0xF816, 0xF815, 0xF815, 0xF815, 0xF815, 0xF815, 0xF816, 0x3807, 0x602D, 0x1802, 0x0001, 0x0001, 0x0000, 0x0000, 0x0000,
    0x0001, 0x2025, 0xB839, 0xD05A, 0xD87A, 0xE05B, 0xE07B, 0xD87B, 0xD07B, 0xB837, 0x0802, 0x2809, 0x1003, 0x0000, 0x0001, 0x0001,
    0x0001, 0x0000, 0x0000, 0x1805, 0xA057, 0xA099, 0xB0B9, 0xC0BA, 0xB8BA, 0xB8BA, 0xB8BA, 0xB078, 0x1003, 0x1004, 0x2808, 0x0000,
    0x0001, 0x0001, 0x0001, 0x0000, 0x0001, 0x0001, 0x5870, 0x98B9, 0x98D8, 0xA0D9, 0x98D9, 0x98D9, 0x98D9, 0x98D9, 0xA096, 0x3848,
    0x98B8, 0x88F9, 0x88F9, 0x8918, 0x8118, 0x8138, 0x8138, 0x8939, 0x70F5, 0x0801, 0x0803, 0x2008, 0x1003, 0x0000, 0x0000, 0x0000,
    0x0000, 0x0000, 0x0000, 0x1025, 0x6917, 0x6938, 0x7158, 0x6938, 0x7138, 0x7158, 0x6957, 0x795A, 0x48EF, 0x0000, 0x0803, 0x1806,
    0x1806, 0x0000, 0x0001, 0x0000, 0x0000, 0x0000, 0x0000, 0x1024, 0x58F6, 0x6117, 0x6937, 0x6937, 0x6937, 0x7138, 0x68F2, 0x0000,
    0x0000, 0x1004, 0x0000, 0x3826, 0x582A, 0x0000, 0x1002, 0x1004, 0x2006, 0x2006, 0x2005, 0x2006, 0x2006, 0x2006, 0x2006, 0x2006,
    0x2006, 0x2006, 0x2006, 0x2006, 0x1805, 0x2808, 0x400D, 0x2808, 0x2006, 0x2006, 0x2006, 0x2006, 0x2006, 0x2006, 0x2006, 0x2006,
    0x2006, 0x2006, 0x2006, 0x2005, 0x2006, 0x2006, 0x1805, 0x1805, 0x2006, 0x402C, 0x5010, 0x300A, 0x1805, 0x1805, 0x2006, 0x2006,
    0x0000, 0x0000, 0x0000, 0x2005, 0x2808, 0x1805, 0x0000, 0x0000, 0x0000, 0x0000, 0x0000, 0x0000, 0x0000, 0x0000, 0x0000, 0x0000,
    0x0000, 0x0000, 0x0000, 0x0000, 0x0000, 0x0000, 0x0000, 0x0000, 0x1003, 0x1004, 0x0001, 0x0000, 0x0000, 0x0000, 0x0000, 0x0000,
    0x0000, 0x0000, 0x0000, 0x0000, 0x0000, 0x0000, 0x0000, 0x0000, 0x0000, 0x0000, 0x0802, 0x3009, 0x0000, 0x0000, 0x1004, 0x0000,
    0x0000, 0x1802, 0xA896, 0xA098, 0xA0B8, 0xA8B9, 0xA8B9, 0xA0D8, 0xA0B8, 0xB8BB, 0x606E, 0x0000, 0x0801, 0x0001, 0x0001, 0x0001,
    0x0001, 0x0001, 0x3008, 0x1005, 0x1004, 0x0000, 0x7871, 0xB09A, 0xA898, 0xA8B9, 0xB0B9, 0xB099, 0xA878, 0x1823, 0x0001, 0x0001,
    0x0001, 0x0001, 0x0801, 0x0000, 0x2006, 0x2808, 0x1005, 0x0000, 0x686F, 0xB09A, 0xA8B9, 0xB0B9, 0xB099, 0xB099, 0xA897, 0x1022,
    0x0001, 0x0001, 0x0001, 0x0001, 0x0802, 0x0000, 0x2807, 0x2008, 0x0803, 0x1003, 0xA898, 0xB0D9, 0xB0B9, 0xB0B9, 0xA898, 0xB098,
    0xB0BA, 0xC0B9, 0x3829, 0xA856, 0xB89A, 0xB8B9, 0xB8B9, 0xB8BA, 0xB8D9, 0xB8DA, 0xB099, 0x2005, 0x0001, 0x0802, 0x0801, 0x0001,
    0x0802, 0x0001, 0x1804, 0x380A, 0x0000, 0x606D, 0xD09C, 0xC079, 0xC89A, 0xC899, 0xC899, 0xC098, 0xC8BB, 0x706F, 0x0001, 0x0801,
    0x0802, 0x0001, 0x0802, 0x0802, 0x0001, 0x2807, 0x1004, 0x684E, 0xF09D, 0xE87A, 0xF07B, 0xE89B, 0xE89A, 0xE89A, 0xF89B, 0xC096,
    0xD014, 0xF816, 0xF815, 0xF815, 0xF815, 0xF815, 0xF815, 0xF816, 0x3006, 0x600C, 0x2004, 0x0802, 0x0802, 0x0001, 0x0802, 0x0801,
    0x0802, 0x2005, 0xB038, 0xD05B, 0xE07A, 0xE07B, 0xE07B, 0xD85A, 0xD85B, 0xC838, 0x0802, 0x2007, 0x2806, 0x0001, 0x0802, 0x0001,
    0x0001, 0x0001, 0x0001, 0x0802, 0x8853, 0xB09A, 0xB899, 0xC89A, 0xC89A, 0xC0BA, 0xC099, 0xC09A, 0x2825, 0x0003, 0x380B, 0x0802,
    0x0001, 0x0801, 0x0802, 0x0802, 0x0802, 0x0001, 0x3829, 0xA0B9, 0xA0D9, 0xA0D9, 0xA8B9, 0xA0D9, 0xA0D9, 0x98D8, 0xB8BA, 0x484A,
    0x80B3, 0x991A, 0x8918, 0x8918, 0x8918, 0x8938, 0x8938, 0x8118, 0x8939, 0x3089, 0x0001, 0x1806, 0x2828, 0x0001, 0x0001, 0x0000,
    0x0001, 0x0001, 0x0801, 0x0001, 0x408F, 0x7139, 0x6957, 0x7138, 0x7157, 0x7158, 0x7158, 0x7138, 0x7959, 0x2066, 0x0001, 0x1004,
    0x282B, 0x0802, 0x0001, 0x0001, 0x0001, 0x0001, 0x0001, 0x0001, 0x2069, 0x6917, 0x6937, 0x6937, 0x7138, 0x6936, 0x8139, 0x50AC,
    0x0000, 0x0000, 0x1003, 0x0000, 0x688C, 0x4047, 0x0000, 0x0000, 0x0000, 0x0000, 0x0000, 0x0000, 0x0000, 0x0000, 0x0000, 0x0000,
    0x0000, 0x0000, 0x0000, 0x0000, 0x0000, 0x0000, 0x0802, 0x1806, 0x0803, 0x0000, 0x0000, 0x0000, 0x0000, 0x0000, 0x0000, 0x0000,
    0x0000, 0x0000, 0x0000, 0x0000, 0x0000, 0x0000, 0x0000, 0x0000, 0x0000, 0x0000, 0x1004, 0x2808, 0x2807, 0x1003, 0x0000, 0x0000,
    0x1003, 0x2808, 0x300A, 0x1805, 0x0000, 0x0000, 0x0000, 0x0000, 0x0000, 0x0000, 0x0000, 0x0000, 0x0000, 0x0000, 0x0000, 0x0000,
    0x0000, 0x0000, 0x0000, 0x0000, 0x0000, 0x0000, 0x0802, 0x1805, 0x1003, 0x0000, 0x0000, 0x0000, 0x0000, 0x0000, 0x0000, 0x0000,
    0x0000, 0x0000, 0x0000, 0x0000, 0x0000, 0x0000, 0x0000, 0x0000, 0x0000, 0x0000, 0x3809, 0x1002, 0x0000, 0x1004, 0x0802, 0x0000,
    0x0000, 0x8850, 0xB8BA, 0xA0B8, 0xA8B9, 0xB0B9, 0xB0B9, 0xA8B8, 0xB89A, 0x9095, 0x0822, 0x0802, 0x0802, 0x0803, 0x0802, 0x0802,
    0x0001, 0x2006, 0x2006, 0x1004, 0x0001, 0x3027, 0xB89A, 0xB098, 0xB099, 0xB0B9, 0xB0B8, 0xC09A, 0x604C, 0x0001, 0x0803, 0x0802,
    0x0802, 0x0802, 0x0802, 0x0802, 0x3809, 0x1005, 0x0803, 0x2045, 0xB098, 0xB099, 0xB8B9, 0xC099, 0xB899, 0xC89B, 0x684E, 0x0001,
    0x0802, 0x0802, 0x0803, 0x0802, 0x0802, 0x0802, 0x3009, 0x1806, 0x0000, 0x506C, 0xC0BB, 0xB8D9, 0xB8B9, 0xB8B9, 0xB899, 0xB899,
    0xC8BB, 0x8892, 0x502C, 0xD09B, 0xB8B9, 0xC0B9, 0xC0B9, 0xC0BA, 0xC0B9, 0xC8DB, 0x9894, 0x0802, 0x0803, 0x1003, 0x0803, 0x0803,
    0x0802, 0x0001, 0x2807, 0x2808, 0x0000, 0x8091, 0xD09B, 0xC89A, 0xC89A, 0xC89A, 0xC89A, 0xC099, 0xD0BB, 0x4849, 0x0002, 0x0803,
    0x0802, 0x0802, 0x0802, 0x0803, 0x0802, 0x480D, 0x0803, 0x704E, 0xF89D, 0xE8BB, 0xF0BB, 0xF0BB, 0xF0BB, 0xF0BB, 0xF8BB, 0xB855,
    0xD014, 0xF816, 0xF815, 0xF815, 0xF815, 0xF815, 0xF815, 0xF816, 0x3806, 0x600D, 0x2806, 0x0803, 0x0803, 0x0803, 0x0803, 0x0802,
    0x0802, 0x1804, 0xB858, 0xE07B, 0xE09B, 0xE09B, 0xE09B, 0xE07A, 0xE07A, 0xE05B, 0x2806, 0x1806, 0x4009, 0x0002, 0x0802, 0x0802,
    0x0802, 0x0802, 0x0803, 0x0002, 0x7831, 0xC8BC, 0xC0B9, 0xC89A, 0xC89A, 0xC8BA, 0xC09A, 0xD0BB, 0x584C, 0x0001, 0x380B, 0x2006,
    0x0802, 0x0803, 0x0803, 0x0802, 0x0803, 0x0802, 0x1004, 0x9897, 0xA8D9, 0xA8D9, 0xB0D9, 0xA8D8, 0xA8D8, 0xA0D8, 0xB0DA, 0x7890,
    0x504C, 0xA8FA, 0x8158, 0x8938, 0x8938, 0x8958, 0x8938, 0x8138, 0x9139, 0x68D3, 0x0000, 0x0804, 0x2007, 0x1004, 0x0002, 0x0802,
    0x0802, 0x0802, 0x0801, 0x0002, 0x1827, 0x6917, 0x6957, 0x7158, 0x7158, 0x7158, 0x7158, 0x7158, 0x7959, 0x5110, 0x0000, 0x1004,
    0x1006, 0x1828, 0x0001, 0x0001, 0x0802, 0x0802, 0x0802, 0x0802, 0x0001, 0x50F0, 0x7959, 0x7158, 0x7158, 0x7158, 0x7137, 0x8938,
    0x2044, 0x0000, 0x0801, 0x0001, 0x0000, 0x888E, 0x2824, 0x0000, 0x0000, 0x0000, 0x0000, 0x0000, 0x0000, 0x0000, 0x0000, 0x0000,
    0x0000, 0x0000, 0x0000, 0x0000, 0x0000, 0x0000, 0x0000, 0x0000, 0x1805, 0x2006, 0x0802, 0x0000, 0x0000, 0x0000, 0x0000, 0x0000,
    0x0000, 0x0000, 0x0000, 0x0000, 0x0000, 0x0000, 0x0000, 0x0000, 0x0000, 0x0000, 0x0000, 0x0000, 0x1003, 0x3008, 0x300A, 0x1805,
    0x3029, 0x1805, 0x0000, 0x0000, 0x0000, 0x0000, 0x0000, 0x0000, 0x0000, 0x0000, 0x0000, 0x0000, 0x0000, 0x0000, 0x0000, 0x0000,
    0x0000, 0x0000, 0x0000, 0x0000, 0x0001, 0x1005, 0x1004, 0x0000, 0x0000, 0x0000, 0x0000, 0x0000, 0x0000, 0x0000, 0x0000, 0x0000,
    0x0000, 0x0000, 0x0000, 0x0000, 0x0000, 0x0000, 0x0000, 0x1002, 0x0000, 0x2806, 0x2004, 0x0000, 0x0802, 0x1003, 0x0000, 0x0000,
    0x4848, 0xC09A, 0xB0D9, 0xB0D9, 0xB0D9, 0xB0D9, 0xB0D9, 0xB8B9, 0xC09A, 0x3047, 0x0002, 0x1004, 0x0803, 0x1004, 0x1003, 0x0803,
    0x1003, 0x2808, 0x1004, 0x1004, 0x0802, 0xA076, 0xC0BB, 0xB8B9, 0xB8B9, 0xB8D9, 0xC0BA, 0xA075, 0x1023, 0x0803, 0x1003, 0x0803,
    0x0803, 0x1004, 0x0002, 0x2807, 0x2007, 0x1005, 0x0000, 0x7070, 0xD09B, 0xC0B9, 0xC8B9, 0xC8B9, 0xC89A, 0xC89A, 0x2826, 0x0803,
    0x1004, 0x1003, 0x0803, 0x1004, 0x0803, 0x2006, 0x2808, 0x0804, 0x0001, 0xA0B6, 0xC8DB, 0xC0D9, 0xC8BA, 0xC0D9, 0xC0B9, 0xB8B9,
    0xD0DB, 0x484A, 0x8071, 0xD0DC, 0xC0DA, 0xC0D9, 0xC8DA, 0xC8DA, 0xC0DA, 0xD8DD, 0x8070, 0x0002, 0x1004, 0x1004, 0x1004, 0x0803,
    0x0803, 0x0002, 0x480B, 0x2007, 0x0802, 0xB0B7, 0xD8BB, 0xD0BA, 0xD09A, 0xD09A, 0xD09A, 0xD0BA, 0xD89B, 0x484A, 0x0002, 0x1004,
    0x1004, 0x0803, 0x0803, 0x0804, 0x1003, 0x502D, 0x0804, 0x804F, 0xF8BD, 0xF0DB, 0xF0DB, 0xF0DB, 0xF0DB, 0xF0FB, 0xF93C, 0xB0B5,
    0xD014, 0xF816, 0xF015, 0xF815, 0xF815, 0xF815, 0xF015, 0xF816, 0x5809, 0x600D, 0x3808, 0x0803, 0x1004, 0x1004, 0x1004, 0x1004,
    0x1004, 0x0802, 0xB856, 0xF09C, 0xE8BA, 0xE89B, 0xE89A, 0xE89B, 0xE8BB, 0xF0BD, 0x3827, 0x0805, 0x500C, 0x0802, 0x1003, 0x0803,
    0x0803, 0x0803, 0x1004, 0x0003, 0x482B, 0xD0BB, 0xC8B9, 0xC89A, 0xC89A, 0xC8BA, 0xC8BA, 0xD8DC, 0x8892, 0x0000, 0x300B, 0x4009,
    0x0802, 0x1004, 0x0803, 0x0803, 0x0803, 0x0803, 0x0002, 0x8893, 0xC0FA, 0xB0F9, 0xB0F9, 0xB0F9, 0xA8F9, 0xA8F9, 0xB0DA, 0xB0F8,
    0x402A, 0xA8D9, 0x9158, 0x9178, 0x9978, 0x9979, 0x9178, 0x9158, 0x9158, 0x9159, 0x2046, 0x0002, 0x1006, 0x2809, 0x0802, 0x0803,
    0x0803, 0x0803, 0x0802, 0x0803, 0x0002, 0x50F2, 0x7958, 0x7158, 0x7958, 0x7978, 0x7978, 0x7158, 0x7157, 0x7978, 0x2066, 0x0802,
    0x1005, 0x184A, 0x0825, 0x0802, 0x0803, 0x0803, 0x0803, 0x0803, 0x0802, 0x1845, 0x7958, 0x7978, 0x7978, 0x7978, 0x7957, 0x7958,
    0x7934, 0x0800, 0x0000, 0x0803, 0x0001, 0x2024, 0x908F, 0x0801, 0x1004, 0x0000, 0x0000, 0x0000, 0x0000, 0x0000, 0x0000, 0x0000,
    0x0000, 0x0000, 0x0000, 0x0000, 0x0000, 0x0000, 0x0000, 0x0000, 0x0000, 0x0802, 0x2006, 0x1806, 0x0000, 0x0000, 0x0000, 0x0000,
    0x0000, 0x0000, 0x0000, 0x0000, 0x0000, 0x0000, 0x0000, 0x0000, 0x0000, 0x0000, 0x0000, 0x0000, 0x0000, 0x0000, 0x0802, 0x2807,
    0x0000, 0x0000, 0x0000, 0x0000, 0x0000, 0x0000, 0x0000, 0x0000, 0x0000, 0x0000, 0x0000, 0x0000, 0x0000, 0x0000, 0x0000, 0x0000,
    0x0000, 0x0000, 0x0000, 0x1805, 0x1806, 0x0802, 0x0000, 0x0000, 0x0000, 0x0000, 0x0000, 0x0000, 0x0000, 0x0000, 0x0000, 0x0000,
    0x0000, 0x0000, 0x0000, 0x0000, 0x0000, 0x0000, 0x1804, 0x0802, 0x1004, 0x3008, 0x0000, 0x0001, 0x1004, 0x0000, 0x0000, 0x1822,
    0xA8B6, 0xB0D9, 0xB8F9, 0xB8D9, 0xB8D9, 0xB8D9, 0xB8D9, 0xD0BB, 0x706E, 0x0001, 0x1004, 0x1004, 0x1004, 0x1004, 0x1004, 0x0803,
    0x3008, 0x1805, 0x1005, 0x0000, 0x606D, 0xD0BC, 0xB8D9, 0xC0D9, 0xC0D9, 0xC0D9, 0xD0BB, 0x504A, 0x0002, 0x1004, 0x1004, 0x0803,
    0x1004, 0x0803, 0x1806, 0x3029, 0x1005, 0x0803, 0x1823, 0xB899, 0xC8BA, 0xC8BA, 0xC8B9, 0xC8B9, 0xD8BC, 0x8851, 0x0802, 0x1005,
    0x1004, 0x1004, 0x1004, 0x1004, 0x0803, 0x2808, 0x1806, 0x0002, 0x3848, 0xD8DC, 0xC8DA, 0xC8DA, 0xC8DA, 0xC8D9, 0xC8B9, 0xC0B9,
    0xC0D8, 0x3028, 0xB8B8, 0xC8DA, 0xC8DA, 0xD0DA, 0xD0FA, 0xD0FA, 0xC8FA, 0xD8FC, 0x484A, 0x0003, 0x1004, 0x1004, 0x1004, 0x1004,
    0x0803, 0x1004, 0x400B, 0x1005, 0x2025, 0xD0BA, 0xD8BA, 0xD8BA, 0xD8BA, 0xD8BA, 0xD8BA, 0xD8BA, 0xD099, 0x2806, 0x0804, 0x1004,
    0x1004, 0x1004, 0x1004, 0x1004, 0x1004, 0x300A, 0x1005, 0xB096, 0xF8FD, 0xF11B, 0xF13C, 0xF13C, 0xF13B, 0xF11B, 0xF97C, 0xA8D4,
    0xD014, 0xF816, 0xF015, 0xF815, 0xF815, 0xF835, 0xF035, 0xF816, 0x680A, 0x500B, 0x4809, 0x0804, 0x1805, 0x1005, 0x1004, 0x1005,
    0x1805, 0x0002, 0x9852, 0xF8BC, 0xE8DB, 0xE8BB, 0xE89B, 0xE8DB, 0xE8DA, 0xF8DD, 0x682C, 0x0804, 0x500D, 0x1805, 0x1004, 0x1004,
    0x1004, 0x1004, 0x1004, 0x0804, 0x3849, 0xD0DA, 0xC8D9, 0xD0DA, 0xC8BA, 0xD0DA, 0xD0DA, 0xD8DB, 0xB8B8, 0x1003, 0x1808, 0x480C,
    0x1004, 0x0803, 0x1004, 0x1004, 0x0803, 0x1004, 0x0002, 0x586D, 0xC8FB, 0xB119, 0xB119, 0xB0F9, 0xB119, 0xB0F9, 0xB0FA, 0xC11B,
    0x486B, 0x88B3, 0xA97A, 0x9978, 0x9979, 0x9999, 0x9199, 0x9178, 0x8958, 0x997A, 0x50CE, 0x0000, 0x1006, 0x2829, 0x1826, 0x0804,
    0x1004, 0x1004, 0x0803, 0x0803, 0x0802, 0x1867, 0x7958, 0x7158, 0x7978, 0x7978, 0x7978, 0x7978, 0x7977, 0x7979, 0x5913, 0x0001,
    0x1005, 0x1005, 0x186A, 0x0804, 0x1004, 0x1004, 0x0803, 0x0803, 0x1004, 0x0001, 0x40EE, 0x8179, 0x7957, 0x8178, 0x7977, 0x7937,
    0x915A, 0x50AA, 0x0000, 0x0001, 0x1005, 0x0000, 0x4848, 0x602B, 0x0002, 0x1805, 0x0000, 0x0000, 0x0000, 0x0000, 0x0000, 0x0000,
    0x0000, 0x0000, 0x0000, 0x0000, 0x0000, 0x0000, 0x0000, 0x0000, 0x0000, 0x0000, 0x0000, 0x1004, 0x2008, 0x1004, 0x0000, 0x0000,
    0x0000, 0x0000, 0x0000, 0x0000, 0x0000, 0x0000, 0x0000, 0x0000, 0x0000, 0x0000, 0x0000, 0x0000, 0x0000, 0x0000, 0x0000, 0x0000,
    0x0000, 0x0000, 0x0000, 0x0000, 0x0000, 0x0000, 0x0000, 0x0000, 0x0000, 0x0000, 0x0000, 0x0000, 0x0000, 0x0000, 0x0000, 0x0000,
    0x0000, 0x1004, 0x1806, 0x0803, 0x0000, 0x0000, 0x0000, 0x0000, 0x0000, 0x0000, 0x0000, 0x0000, 0x0000, 0x0000, 0x0000, 0x0000,
    0x0000, 0x0000, 0x0000, 0x0000, 0x0000, 0x1805, 0x1003, 0x0001, 0x3009, 0x0801, 0x0000, 0x1804, 0x0801, 0x0000, 0x0000, 0x90B1,
    0xC11B, 0xB0F9, 0xB8F9, 0xB8F9, 0xB8F9, 0xB8F9, 0xC0FA, 0xA8B6, 0x1002, 0x0804, 0x1004, 0x1004, 0x1004, 0x1004, 0x0803, 0x2807,
    0x3009, 0x1006, 0x0803, 0x1823, 0xB0D8, 0xC0DA, 0xC119, 0xC0F9, 0xC0F9, 0xD0DB, 0xA8B5, 0x0803, 0x1004, 0x1004, 0x1003, 0x1004,
    0x1004, 0x0002, 0x3009, 0x2008, 0x1005, 0x0000, 0x706F, 0xD0DB, 0xC0D9, 0xC8DA, 0xC8DA, 0xC8D9, 0xD0DA, 0x3027, 0x0803, 0x1004,
    0x1004, 0x1004, 0x1004, 0x0803, 0x2007, 0x380A, 0x1005, 0x0001, 0x9073, 0xD8DC, 0xC8DA, 0xC8DA, 0xC8DA, 0xC8DA, 0xC8D9, 0xD0FB,
    0x78D0, 0x504A, 0xE0DC, 0xC8FA, 0xD0DA, 0xD0DA, 0xD0DA, 0xD0FA, 0xD8FB, 0xC8D8, 0x1804, 0x1004, 0x1004, 0x1004, 0x1004, 0x1004,
    0x0804, 0x2007, 0x480D, 0x0002, 0x502A, 0xE0DC, 0xD0DA, 0xD8DA, 0xD8BA, 0xD8DA, 0xD8DA, 0xE0DB, 0xC8B9, 0x1804, 0x1005, 0x1004,
    0x1004, 0x1004, 0x1004, 0x0804, 0x2806, 0x482C, 0x0001, 0xB897, 0xF95D, 0xF17C, 0xF95C, 0xF15B, 0xF15B, 0xF15B, 0xF99C, 0x98D3,
    0xD014, 0xF816, 0xF015, 0xF815, 0xF815, 0xF835, 0xF035, 0xF836, 0x6809, 0x3809, 0x582C, 0x1005, 0x1805, 0x1005, 0x1004, 0x1004,
    0x1805, 0x0804, 0x9071, 0xF8FD, 0xE91B, 0xE8FB, 0xE8FB, 0xE8FB, 0xE8FB, 0xF8DE, 0xA072, 0x0001, 0x500E, 0x1805, 0x0803, 0x1004,
    0x1004, 0x1004, 0x1004, 0x1005, 0x1826, 0xB8D8, 0xD0FA, 0xD0FA, 0xD0DA, 0xD8FA, 0xD0FA, 0xD0DA, 0xE0FD, 0x3828, 0x0004, 0x402D,
    0x1805, 0x0804, 0x1004, 0x1004, 0x1004, 0x1004, 0x0804, 0x2027, 0xA8D8, 0xB159, 0xB139, 0xB119, 0xB119, 0xB119, 0xB119, 0xC13B,
    0x78D0, 0x486A, 0xB15B, 0x9198, 0x9979, 0x9999, 0x9199, 0x9179, 0x9178, 0x9999, 0x8976, 0x0802, 0x0804, 0x2028, 0x2849, 0x0803,
    0x1004, 0x1004, 0x1004, 0x0803, 0x1004, 0x0002, 0x50F1, 0x8179, 0x7978, 0x7998, 0x7978, 0x7978, 0x7998, 0x7978, 0x8179, 0x2887,
    0x0002, 0x1004, 0x1847, 0x1047, 0x0803, 0x1004, 0x0803, 0x0803, 0x1003, 0x0804, 0x0823, 0x6955, 0x8179, 0x7978, 0x8178, 0x8178,
    0x8158, 0x9178, 0x1844, 0x0000, 0x0802, 0x1005, 0x0000, 0x682C, 0x3005, 0x0802, 0x2006, 0x0001, 0x0000, 0x0000, 0x0000, 0x0000,
    0x0000, 0x0000, 0x0000, 0x0000, 0x0000, 0x0000, 0x0000, 0x0000, 0x0000, 0x0000, 0x0000, 0x0000, 0x0000, 0x1805, 0x2007, 0x0001,
    0x0000, 0x0000, 0x0000, 0x0000, 0x0000, 0x0000, 0x0000, 0x0000, 0x0000, 0x0000, 0x0000, 0x0000, 0x0000, 0x0000, 0x0000, 0x0000,
    0x2007, 0x2007, 0x2006, 0x2007, 0x2007, 0x2007, 0x2007, 0x2007, 0x2007, 0x2007, 0x2807, 0x2007, 0x2007, 0x2006, 0x2006, 0x2006,
    0x3009, 0x480E, 0x2808, 0x2006, 0x2007, 0x2807, 0x2007, 0x2007, 0x2007, 0x2007, 0x2006, 0x2006, 0x2007, 0x2006, 0x2007, 0x2006,
    0x2006, 0x2807, 0x2006, 0x1004, 0x2006, 0x1004, 0x0000, 0x3809, 0x1003, 0x0000, 0x0803, 0x0802, 0x0000, 0x0000, 0x584A, 0xC93B,
    0xB939, 0xC15A, 0xC13A, 0xC119, 0xB939, 0xB919, 0xC91A, 0x4049, 0x0803, 0x1004, 0x1004, 0x1004, 0x1004, 0x1004, 0x1805, 0x400B,
    0x1806, 0x1805, 0x0000, 0x78B0, 0xC8FB, 0xB919, 0xC93A, 0xC93A, 0xC91A, 0xD8FB, 0x4849, 0x0803, 0x1004, 0x1003, 0x1003, 0x1004,
    0x0803, 0x1806, 0x3029, 0x1005, 0x0803, 0x1823, 0xC8D9, 0xC91A, 0xC91A, 0xC91A, 0xC8FA, 0xE0FC, 0x90B1, 0x0002, 0x1005, 0x1004,
    0x1004, 0x1004, 0x1004, 0x0804, 0x380A, 0x2008, 0x0803, 0x1823, 0xC8B9, 0xD0FA, 0xD0F9, 0xD11A, 0xD119, 0xD119, 0xD0FA, 0xE13C,
    0x488A, 0x8891, 0xE11C, 0xD0FA, 0xD0FA, 0xD11A, 0xD119, 0xD0F9, 0xE0FB, 0x98B3, 0x0803, 0x1005, 0x1004, 0x1004, 0x1004, 0x1004,
    0x0804, 0x400B, 0x300A, 0x0001, 0x8070, 0xE8FC, 0xD8FA, 0xD8FA, 0xE0FA, 0xE0FA, 0xE0FA, 0xE8FC, 0xC0B7, 0x1004, 0x1805, 0x1004,
    0x1004, 0x1004, 0x1004, 0x0804, 0x3008, 0x502D, 0x0001, 0xC0B7, 0xF97D, 0xF17C, 0xF95C, 0xF17B, 0xF19B, 0xF19C, 0xF9FC, 0xA113,
    0xD014, 0xF836, 0xF815, 0xF815, 0xF815, 0xF835, 0xF035, 0xF836, 0x6809, 0x3809, 0x602D, 0x1005, 0x1805, 0x1005, 0x1004, 0x1004,
    0x1805, 0x1005, 0x786E, 0xF93D, 0xE95B, 0xF13B, 0xF13B, 0xF13B, 0xE91B, 0xF8FD, 0xB0B5, 0x0000, 0x400C, 0x3008, 0x0803, 0x1004,
    0x1004, 0x1004, 0x1004, 0x1005, 0x1004, 0x98B4, 0xC8FA, 0xD91A, 0xD8FA, 0xD91A, 0xD91A, 0xD11A, 0xE93D, 0x586C, 0x0002, 0x300A,
    0x3809, 0x0803, 0x1004, 0x1004, 0x1004, 0x1004, 0x1004, 0x0803, 0x88B3, 0xB95A, 0xB159, 0xB159, 0xB959, 0xB159, 0xB159, 0xB95A,
    0x98F6, 0x3048, 0xB179, 0x9999, 0x9999, 0x9999, 0x9999, 0x9999, 0x9999, 0x99B8, 0xA1DB, 0x38AA, 0x0002, 0x1005, 0x204A, 0x1004,
    0x1004, 0x1004, 0x1004, 0x1004, 0x1004, 0x0803, 0x2068, 0x8179, 0x8198, 0x8198, 0x8198, 0x7998, 0x8198, 0x7998, 0x8199, 0x6132,
    0x0000, 0x1004, 0x1004, 0x188B, 0x1005, 0x1004, 0x1004, 0x1004, 0x1004, 0x1004, 0x0803, 0x2888, 0x8178, 0x8177, 0x8197, 0x8197,
    0x8197, 0x9199, 0x7932, 0x0000, 0x0000, 0x0802, 0x0001, 0x0800, 0x706E, 0x1002, 0x0802, 0x2007, 0x2006, 0x2006, 0x2807, 0x2807,
    0x2007, 0x2007, 0x2007, 0x2007, 0x2007, 0x2807, 0x2807, 0x2807, 0x2007, 0x2007, 0x2007, 0x2007, 0x2006, 0x2006, 0x380B, 0x400D,
    0x2807, 0x2007, 0x2007, 0x2007, 0x2807, 0x2807, 0x2807, 0x2007, 0x2007, 0x2007, 0x2007, 0x2007, 0x2007, 0x2007, 0x2007, 0x2007,
    0x1004, 0x1003, 0x1003, 0x1003, 0x1004, 0x1004, 0x1004, 0x1004, 0x1004, 0x1004, 0x1004, 0x1004, 0x1003, 0x1804, 0x380B, 0x2808,
    0x1003, 0x1003, 0x1003, 0x1004, 0x1004, 0x1004, 0x1004, 0x1004, 0x1004, 0x1003, 0x1003, 0x1003, 0x1004, 0x1003, 0x1003, 0x1003,
    0x1003, 0x1003, 0x1805, 0x2808, 0x1003, 0x0000, 0x3008, 0x2806, 0x0000, 0x0802, 0x0803, 0x0000, 0x0000, 0x1022, 0xB918, 0xB95A,
    0xB959, 0xC17A, 0xC15A, 0xC15A, 0xC179, 0xD15B, 0x70AF, 0x0002, 0x1005, 0x1004, 0x1004, 0x1004, 0x1004, 0x0802, 0x380A, 0x2007,
    0x1806, 0x0002, 0x3067, 0xC93A, 0xC159, 0xC97A, 0xC97A, 0xC95A, 0xD93B, 0xA0D3, 0x0802, 0x1005, 0x1004, 0x1004, 0x1004, 0x1004,
    0x0803, 0x300A, 0x2808, 0x1806, 0x0000, 0x608D, 0xD13B, 0xC939, 0xC93A, 0xD13A, 0xD11A, 0xE11B, 0x4048, 0x0803, 0x1005, 0x1004,
    0x1004, 0x1004, 0x0803, 0x2006, 0x400B, 0x1006, 0x0001, 0x586B, 0xD8FB, 0xC919, 0xD13A, 0xD13A, 0xD13A, 0xD13A, 0xD91B, 0xC939,
    0x3047, 0xC8D9, 0xD13A, 0xD11A, 0xD0FA, 0xD11A, 0xD11A, 0xD119, 0xE0FC, 0x706E, 0x0803, 0x1005, 0x1004, 0x1004, 0x1004, 0x1005,
    0x0804, 0x400A, 0x2007, 0x0000, 0xA0B4, 0xE93C, 0xD93A, 0xE11A, 0xE13A, 0xE13A, 0xE13A, 0xF13C, 0xA8B4, 0x0802, 0x1805, 0x1004,
    0x1004, 0x1004, 0x1004, 0x0804, 0x400A, 0x300A, 0x1804, 0xE11B, 0xF95C, 0xF15C, 0xF19C, 0xF1BB, 0xF1DC, 0xF9DC, 0xFA7C, 0x9913,
    0xD814, 0xF835, 0xF015, 0xF815, 0xF815, 0xF835, 0xF015, 0xF836, 0x882C, 0x3009, 0x602D, 0x1025, 0x1806, 0x1805, 0x1805, 0x1805,
    0x1806, 0x1007, 0x506A, 0xF93C, 0xF13A, 0xF13B, 0xF13B, 0xF13B, 0xE95B, 0xF15C, 0xE13A, 0x1823, 0x380B, 0x400B, 0x0804, 0x1005,
    0x1004, 0x1004, 0x1004, 0x1005, 0x0803, 0x80B0, 0xD93B, 0xD15A, 0xD95A, 0xD95A, 0xD95A, 0xD15A, 0xE17C, 0x98D3, 0x0001, 0x2008,
    0x3809, 0x0802, 0x1004, 0x1004, 0x1004, 0x1004, 0x1005, 0x0803, 0x508C, 0xB97A, 0xB179, 0xB979, 0xB999, 0xB999, 0xB999, 0xB199,
    0xC97B, 0x486A, 0x8112, 0xB1DA, 0x9998, 0x99B9, 0x99B9, 0x99B9, 0x99B9, 0x99D9, 0xA1DA, 0x7173, 0x0000, 0x1005, 0x1828, 0x2028,
    0x0803, 0x1004, 0x1004, 0x1004, 0x1004, 0x1005, 0x0824, 0x6954, 0x89BA, 0x81B8, 0x81B8, 0x8198, 0x81B8, 0x81B8, 0x81B8, 0x89B9,
    0x2888, 0x0001, 0x1005, 0x1849, 0x20AA, 0x0803, 0x1004, 0x1004, 0x1004, 0x1004, 0x1004, 0x0002, 0x5910, 0x9199, 0x89B8, 0x89B8,
    0x89B8, 0x8998, 0xA1BA, 0x48A9, 0x0000, 0x0000, 0x0802, 0x0000, 0x2024, 0x784E, 0x0000, 0x1003, 0x300A, 0x2808, 0x1003, 0x1004,
    0x1004, 0x1004, 0x1004, 0x1004, 0x1004, 0x1004, 0x1004, 0x1004, 0x1004, 0x1003, 0x1003, 0x1003, 0x1004, 0x1004, 0x1003, 0x1003,
    0x2807, 0x480D, 0x2807, 0x1003, 0x1004, 0x1804, 0x1004, 0x1004, 0x1004, 0x1004, 0x1004, 0x1004, 0x1004, 0x1004, 0x1004, 0x1004,
    0x0000, 0x0000, 0x0000, 0x0000, 0x0000, 0x0000, 0x0000, 0x0000, 0x0000, 0x0000, 0x0000, 0x0000, 0x1804, 0x2808, 0x1003, 0x0000,
    0x0000, 0x0000, 0x0000, 0x0000, 0x0000, 0x0000, 0x0000, 0x0000, 0x0000, 0x0000, 0x0000, 0x0000, 0x0000, 0x0000, 0x0000, 0x0000,
    0x0000, 0x1003, 0x2006, 0x0001, 0x0000, 0x1804, 0x380A, 0x0000, 0x0001, 0x1004, 0x0000, 0x0000, 0x0000, 0x78D0, 0xC97B, 0xB979,
    0xC179, 0xB979, 0xC179, 0xC199, 0xC9BB, 0xA956, 0x0801, 0x0802, 0x0803, 0x0803, 0x0803, 0x0803, 0x0002, 0x2828, 0x3009, 0x1006,
    0x1806, 0x0000, 0xA115, 0xD15B, 0xC159, 0xC979, 0xC97A, 0xD17A, 0xC939, 0x1824, 0x0002, 0x0803, 0x1003, 0x1003, 0x1004, 0x0002,
    0x2006, 0x382B, 0x1006, 0x1005, 0x1023, 0xB918, 0xC93A, 0xC939, 0xC939, 0xC939, 0xD93C, 0xA0F3, 0x0002, 0x1004, 0x0803, 0x0803,
    0x0803, 0x0803, 0x0002, 0x400A, 0x2809, 0x1806, 0x0000, 0xA0D4, 0xD13A, 0xD139, 0xD13A, 0xD13A, 0xD13A, 0xD13A, 0xE13C, 0x88D1,
    0x586B, 0xE93C, 0xD11A, 0xD11A, 0xD11A, 0xD11A, 0xD11A, 0xD91A, 0xE0FB, 0x3026, 0x0003, 0x1004, 0x0804, 0x0803, 0x0803, 0x0002,
    0x1805, 0x502D, 0x0805, 0x1823, 0xD119, 0xE15B, 0xD93A, 0xE13A, 0xE13A, 0xE15A, 0xE15A, 0xF15C, 0x708D, 0x0001, 0x0803, 0x0803,
    0x1004, 0x1004, 0x1005, 0x0003, 0x4009, 0x3009, 0x2005, 0xE91B, 0xF97C, 0xF19C, 0xF9DC, 0xF1FC, 0xF9FC, 0xFA1C, 0xFA7C, 0x90D1,
    0xD814, 0xF835, 0xF015, 0xF815, 0xF815, 0xF835, 0xF035, 0xF836, 0x982D, 0x2007, 0x580C, 0x0804, 0x1806, 0x1806, 0x1006, 0x1805,
    0x1005, 0x0003, 0x4869, 0xF91C, 0xF17B, 0xF1DB, 0xF19B, 0xF15B, 0xF17B, 0xF19B, 0xF17C, 0x2825, 0x1806, 0x500C, 0x0002, 0x0803,
    0x0803, 0x1003, 0x1003, 0x1004, 0x0002, 0x588C, 0xE13C, 0xD15A, 0xD97A, 0xD97A, 0xD97A, 0xD17A, 0xD97B, 0xC138, 0x1003, 0x1006,
    0x484C, 0x1805, 0x0003, 0x0803, 0x0803, 0x0803, 0x0803, 0x0003, 0x2026, 0xB199, 0xB199, 0xB199, 0xB1B9, 0xB199, 0xB1B9, 0xB199,
    0xC1BB, 0x8112, 0x508C, 0xC1DB, 0x99B8, 0x99B8, 0x99B9, 0x99D9, 0x99D9, 0x99D9, 0x99B9, 0x99B9, 0x1865, 0x0803, 0x1808, 0x286D,
    0x0804, 0x0802, 0x1003, 0x0803, 0x1003, 0x1004, 0x0002, 0x2068, 0x919A, 0x81B8, 0x81B8, 0x81B8, 0x81B8, 0x81B8, 0x81B8, 0x89D9,
    0x6974, 0x0000, 0x1005, 0x1006, 0x20AB, 0x0845, 0x0001, 0x1003, 0x1003, 0x0802, 0x0803, 0x0802, 0x1024, 0x8998, 0x91B9, 0x89D8,
    0x89B8, 0x89B8, 0x89B7, 0x91B7, 0x2064, 0x0000, 0x0001, 0x0802, 0x0000, 0x4829, 0x482A, 0x0000, 0x0000, 0x2006, 0x1805, 0x0000,
    0x0000, 0x0000, 0x0000, 0x0000, 0x0000, 0x0000, 0x0000, 0x0000, 0x0000, 0x0000, 0x0000, 0x0000, 0x0000, 0x0000, 0x0000, 0x0000,
    0x0000, 0x0802, 0x2808, 0x2007, 0x0000, 0x0000, 0x0000, 0x0000, 0x0000, 0x0000, 0x0000, 0x0000, 0x0000, 0x0000, 0x0000, 0x0000,
    0x0000, 0x0000, 0x0000, 0x0000, 0x0000, 0x0000, 0x0000, 0x0000, 0x0000, 0x0000, 0x1003, 0x380A, 0x2808, 0x0000, 0x0000, 0x0000,
    0x0000, 0x0000, 0x0000, 0x0000, 0x0000, 0x0000, 0x0000, 0x0000, 0x0000, 0x0000, 0x0000, 0x0000, 0x0000, 0x0000, 0x0000, 0x0000,
    0x2006, 0x2807, 0x0000, 0x0000, 0x0802, 0x382B, 0x0001, 0x0000, 0x1004, 0x0802, 0x0000, 0x0000, 0x4869, 0xC95A, 0xB978, 0xB979,
    0xC179, 0xB979, 0xB999, 0xC19A, 0xC1BA, 0x508A, 0x2047, 0x1047, 0x1046, 0x2028, 0x2048, 0x1867, 0x312A, 0x40AC, 0x1806, 0x1806,
    0x0001, 0x488A, 0xD15B, 0xC159, 0xC959, 0xC979, 0xC179, 0xD17B, 0x68AD, 0x3007, 0x384A, 0x1847, 0x1047, 0x1847, 0x2047, 0x3128,
    0x50CE, 0x2007, 0x1805, 0x0000, 0x60AD, 0xD93B, 0xC959, 0xC95A, 0xC959, 0xC959, 0xD15A, 0x4068, 0x3007, 0x2048, 0x1869, 0x1868,
    0x2047, 0x2847, 0x392A, 0x406C, 0x1808, 0x0804, 0x3046, 0xD91B, 0xD13A, 0xD13A, 0xD13A, 0xD15A, 0xD15A, 0xD13A, 0xE15C, 0x406A,
    0x90D2, 0xE13C, 0xD11A, 0xD11A, 0xD91A, 0xD91A, 0xD119, 0xD91B, 0xA0D3, 0x2826, 0x4809, 0x2808, 0x300A, 0x2809, 0x2008, 0x30C9,
    0x49CD, 0x48AD, 0x0804, 0x3867, 0xE13B, 0xD93A, 0xD95A, 0xE13A, 0xE15A, 0xE15A, 0xD95A, 0xE93C, 0x5049, 0x3027, 0x3869, 0x2089,
    0x208A, 0x2069, 0x302A, 0x38A9, 0x68EE, 0x2027, 0x2005, 0xE91C, 0xF1BC, 0xF1FC, 0xFA1C, 0xFA3C, 0xFA5C, 0xFA3C, 0xFA9C, 0x8911,
    0xD813, 0xF835, 0xF015, 0xF815, 0xF815, 0xF815, 0xF015, 0xF836, 0x980D, 0x1004, 0x8152, 0x510D, 0x502D, 0x502D, 0x402C, 0x306B,
    0x28E9, 0x51CD, 0x2845, 0xE11A, 0xF1FC, 0xF23C, 0xF21C, 0xF1FB, 0xF19B, 0xE95B, 0xF97D, 0x5049, 0x0804, 0x50AE, 0x390A, 0x3008,
    0x3029, 0x2809, 0x280A, 0x2829, 0x318A, 0x28A7, 0xC8F9, 0xD17A, 0xD17A, 0xD17A, 0xD97A, 0xD19A, 0xD17A, 0xD97B, 0x3846, 0x0003,
    0x386C, 0x592F, 0x3069, 0x18A8, 0x1086, 0x1066, 0x1827, 0x38CB, 0x20C7, 0x9134, 0xB9BB, 0xB199, 0xB1B9, 0xB1B9, 0xB9B9, 0xB9B9,
    0xB9DA, 0xB1B8, 0x3869, 0xA977, 0x99B9, 0x99B8, 0x99B9, 0xA1D9, 0xA1D9, 0x99D9, 0x99D8, 0xA1DA, 0x590F, 0x0000, 0x1006, 0x186B,
    0x318E, 0x28A8, 0x2048, 0x1067, 0x1086, 0x1046, 0x3088, 0x18C7, 0x60F1, 0x89D9, 0x81D8, 0x89B8, 0x89D8, 0x89B8, 0x89D8, 0x89B8,
    0x91FA, 0x30C9, 0x0001, 0x1006, 0x0825, 0x292C, 0x20E7, 0x1047, 0x1067, 0x1066, 0x1847, 0x2068, 0x28E9, 0x40CB, 0x91B9, 0x89D8,
    0x89D8, 0x89D8, 0x89D7, 0x99DA, 0x7973, 0x0000, 0x0000, 0x0001, 0x0000, 0x0000, 0x484D, 0x2826, 0x0000, 0x0000, 0x1805, 0x2808,
    0x0802, 0x0000, 0x0000, 0x0000, 0x0000, 0x0000, 0x0000, 0x0000, 0x0000, 0x0000, 0x0000, 0x0000, 0x0000, 0x0000, 0x0000, 0x0000,
    0x0000, 0x0000, 0x0000, 0x1805, 0x380A, 0x2006, 0x0000, 0x0000, 0x0000, 0x0000, 0x0000, 0x0000, 0x0000, 0x0000, 0x0000, 0x0000,
    0x0000, 0x0000, 0x0000, 0x0000, 0x0000, 0x0000, 0x0000, 0x0000, 0x0801, 0x2808, 0x3009, 0x1003, 0x0000, 0x0000, 0x0000, 0x0000,
    0x0000, 0x0000, 0x0000, 0x0000, 0x0000, 0x0000, 0x0000, 0x0000, 0x0000, 0x0000, 0x0000, 0x0000, 0x0000, 0x0000, 0x0801, 0x3008,
    0x1806, 0x0000, 0x0000, 0x0000, 0x302A, 0x1004, 0x0000, 0x0803, 0x1003, 0x0000, 0x0000, 0x1002, 0xB937, 0xC19A, 0xB999, 0xC199,
    0xC199, 0xC199, 0xC199, 0xC19A, 0xA976, 0x1804, 0x2869, 0x1067, 0x1067, 0x2048, 0x2048, 0x18A6, 0x62D1, 0x290A, 0x0803, 0x0804,
    0x0801, 0xB117, 0xD15A, 0xC179, 0xC179, 0xC179, 0xC179, 0xC97A, 0x3047, 0x382A, 0x384A, 0x2068, 0x1068, 0x1067, 0x1045, 0x41EB,
    0x61F1, 0x1807, 0x1005, 0x1022, 0xB117, 0xC959, 0xC959, 0xC959, 0xD15A, 0xD15A, 0xC138, 0x2024, 0x3809, 0x2068, 0x1889, 0x1888,
    0x1867, 0x3067, 0x5AF1, 0x398C, 0x1005, 0x0000, 0x78D0, 0xE15C, 0xD15A, 0xD15A, 0xD15A, 0xD15A, 0xD159, 0xD95A, 0xC9B9, 0x3868,
    0xC938, 0xD13A, 0xD139, 0xD13A, 0xD91A, 0xD91A, 0xD119, 0xE13B, 0x88B0, 0x2006, 0x4829, 0x2807, 0x2809, 0x2809, 0x2808, 0x390A,
    0x5B51, 0x28E9, 0x0001, 0x508A, 0xE95C, 0xD95A, 0xD95A, 0xE13A, 0xE15A, 0xE15A, 0xD93A, 0xE93B, 0x2845, 0x3849, 0x488C, 0x20AA,
    0x20AA, 0x2089, 0x2848, 0x492A, 0x9A34, 0x1005, 0x3848, 0xF99C, 0xF21B, 0xFA1C, 0xFA3C, 0xFA3C, 0xFA5C, 0xFA5C, 0xFADC, 0x8911,
    0xD814, 0xF835, 0xF815, 0xF815, 0xF815, 0xF815, 0xF014, 0xF816, 0xB00F, 0x1004, 0xAA76, 0x69EF, 0x604E, 0x584D, 0x484B, 0x308A,
    0x2969, 0x51CC, 0x2826, 0xE15A, 0xFA1C, 0xF25C, 0xFA3C, 0xF21C, 0xF21C, 0xE99B, 0xF9BE, 0x708D, 0x0002, 0x69D3, 0x6210, 0x3808,
    0x382A, 0x282A, 0x2829, 0x2027, 0x39CB, 0x18A5, 0xB0F7, 0xD17A, 0xD17A, 0xD17A, 0xD97A, 0xD99A, 0xD199, 0xE1BC, 0x68CC, 0x0002,
    0x288B, 0x5A51, 0x38A8, 0x18E8, 0x10A7, 0x10A7, 0x1847, 0x412A, 0x19AA, 0x70AF, 0xB9BB, 0xB1B9, 0xB1B9, 0xB1B9, 0xB1B9, 0xB9D9,
    0xB1D9, 0xC9FB, 0x48AA, 0x7911, 0xB1DA, 0x99B8, 0x99D9, 0xA1D9, 0xA1D9, 0x99D9, 0x99D8, 0x99D9, 0x91B7, 0x1022, 0x0804, 0x1867,
    0x6352, 0x30E8, 0x1067, 0x10A7, 0x08C8, 0x0867, 0x38C9, 0x112A, 0x38AA, 0x91D9, 0x81D7, 0x89D8, 0x89D8, 0x89D8, 0x89D8, 0x89D8,
    0x91F9, 0x79B5, 0x0021, 0x1004, 0x0003, 0x3A4D, 0x4A0C, 0x0846, 0x1087, 0x0867, 0x1067, 0x1888, 0x312B, 0x0843, 0x8196, 0x91D8,
    0x91D8, 0x91F8, 0x91F8, 0x91D8, 0x99F9, 0x40C9, 0x0000, 0x0000, 0x0002, 0x0000, 0x0802, 0x506E, 0x1022, 0x0000, 0x0000, 0x1003,
    0x300A, 0x1004, 0x0000, 0x0000, 0x0000, 0x0000, 0x0000, 0x0000, 0x0000, 0x0000, 0x0000, 0x0000, 0x0000, 0x0000, 0x0000, 0x0000,
    0x0000, 0x0000, 0x0000, 0x0000, 0x0001, 0x2808, 0x300A, 0x1003, 0x0000, 0x0000, 0x0000, 0x0000, 0x0000, 0x0000, 0x0000, 0x0000,
    0x0000, 0x0000, 0x0000, 0x0000, 0x0000, 0x0000, 0x0000, 0x1805, 0x3009, 0x1805, 0x0000, 0x0000, 0x0000, 0x0000, 0x0000, 0x0000,
    0x0000, 0x0000, 0x0000, 0x0000, 0x0000, 0x0000, 0x0000, 0x0000, 0x0000, 0x0000, 0x0000, 0x0000, 0x0000, 0x1804, 0x380A, 0x1003,
    0x0000, 0x0000, 0x0000, 0x2848, 0x2026, 0x0000, 0x0002, 0x1806, 0x0000, 0x0000, 0x0000, 0x80EF, 0xC97A, 0xB999, 0xC199, 0xC199,
    0xC1B9, 0xC1B9, 0xC199, 0xC99A, 0x9134, 0x0803, 0x0804, 0x1004, 0x1004, 0x0804, 0x0803, 0x0001, 0x1087, 0x18CB, 0x1004, 0x0000,
    0x60CD, 0xD97C, 0xC179, 0xC179, 0xC179, 0xC179, 0xC179, 0xC179, 0x3048, 0x0003, 0x0804, 0x0804, 0x0803, 0x1004, 0x1003, 0x0803,
    0x48EC, 0x1808, 0x0001, 0x60CC, 0xE19D, 0xC959, 0xC979, 0xC959, 0xC959, 0xC979, 0xC939, 0x2026, 0x0004, 0x0804, 0x1003, 0x1004,
    0x1003, 0x0002, 0x1825, 0x408C, 0x0804, 0x1022, 0xC159, 0xD97B, 0xD15A, 0xD15A, 0xD15A, 0xD15A, 0xD159, 0xE17B, 0x8932, 0x506B,
    0xE15C, 0xD139, 0xD139, 0xD13A, 0xD13A, 0xD139, 0xD139, 0xE15B, 0xA0D3, 0x0805, 0x0804, 0x0804, 0x1005, 0x0804, 0x0804, 0x0001,
    0x1886, 0x30AA, 0x0000, 0x80F0, 0xE97C, 0xD95A, 0xD95A, 0xE15A, 0xE13A, 0xE13A, 0xD93A, 0xE93B, 0x4849, 0x0806, 0x1005, 0x1806,
    0x1806, 0x1806, 0x1805, 0x0003, 0x582D, 0x2807, 0x50CA, 0xFA5D, 0xF25B, 0xFA5C, 0xFA5C, 0xFA5C, 0xFA9C, 0xFA9D, 0xFB1D, 0x8911,
    0xE014, 0xF815, 0xF015, 0xF815, 0xF015, 0xF015, 0xF015, 0xF835, 0xD012, 0x3808, 0x8052, 0x280A, 0x300A, 0x2809, 0x2008, 0x1807,
    0x1805, 0x2007, 0x3007, 0xD959, 0xFA7C, 0xFA7C, 0xFA5C, 0xFA1C, 0xF21B, 0xF1FB, 0xF9DE, 0x9911, 0x0003, 0x7030, 0x1806, 0x1006,
    0x1005, 0x1806, 0x1005, 0x1004, 0x0803, 0x1024, 0xB0F5, 0xD97A, 0xD179, 0xD97A, 0xD99A, 0xD97A, 0xD99A, 0xE1DB, 0xA174, 0x0001,
    0x306B, 0x2047, 0x0001, 0x1004, 0x1004, 0x1004, 0x1004, 0x0803, 0x0044, 0x70D0, 0xC1BB, 0xB1D9, 0xB9B9, 0xB1B9, 0xB9B9, 0xB9B9,
    0xB1B9, 0xB9BA, 0x8933, 0x40CA, 0xB9FB, 0x99D9, 0xA1D9, 0xA1D9, 0xA1D9, 0xA1D8, 0x99F8, 0x99F8, 0xAA3B, 0x40EB, 0x0001, 0x208A,
    0x192B, 0x0001, 0x0803, 0x0804, 0x1004, 0x1004, 0x0803, 0x0002, 0x38EB, 0x91D9, 0x89D8, 0x89F8, 0x91F8, 0x91F8, 0x91F9, 0x91F9,
    0x89F8, 0x91FA, 0x38EB, 0x0000, 0x1004, 0x09AC, 0x0086, 0x0803, 0x0803, 0x0803, 0x0804, 0x0804, 0x0003, 0x0865, 0x89B6, 0x99F9,
    0x91F8, 0x99F8, 0x91F8, 0x91F8, 0x91F8, 0x99F7, 0x1843, 0x0000, 0x0001, 0x0802, 0x0000, 0x1844, 0x40ED, 0x0000, 0x0000, 0x0000,
    0x0801, 0x3009, 0x2007, 0x0000, 0x0000, 0x0000, 0x0000, 0x0000, 0x0000, 0x0000, 0x0000, 0x0000, 0x0000, 0x0000, 0x0000, 0x0000,
    0x0000, 0x0000, 0x0000, 0x0000, 0x0000, 0x0000, 0x1003, 0x3009, 0x2808, 0x0001, 0x0000, 0x0000, 0x0000, 0x0000, 0x0000, 0x0000,
    0x0000, 0x0000, 0x0000, 0x0000, 0x0000, 0x1003, 0x300A, 0x2007, 0x0001, 0x0000, 0x0000, 0x0000, 0x0000, 0x0000, 0x0000, 0x0000,
    0x0000, 0x0000, 0x0000, 0x0000, 0x0000, 0x0000, 0x0000, 0x0000, 0x0000, 0x0000, 0x0000, 0x0000, 0x2007, 0x3009, 0x0801, 0x0000,
    0x0000, 0x0000, 0x1024, 0x306B, 0x0000, 0x0001, 0x0804, 0x0802, 0x0000, 0x0000, 0x4888, 0xD1B9, 0xB999, 0xC199, 0xC1B9, 0xC1B9,
    0xC1B9, 0xC1B9, 0xC1B9, 0xC9BB, 0x80F0, 0x0002, 0x1806, 0x1004, 0x1005, 0x1005, 0x1005, 0x1005, 0x20AA, 0x20AC, 0x0803, 0x2044,
    0xC179, 0xC99A, 0xC199, 0xC179, 0xC979, 0xC999, 0xC99A, 0xB958, 0x1824, 0x1004, 0x1805, 0x1005, 0x1005, 0x1006, 0x1005, 0x1826,
    0x48CD, 0x0804, 0x0801, 0xB197, 0xD9DB, 0xD19A, 0xC979, 0xC979, 0xC979, 0xD17A, 0xB917, 0x1805, 0x1006, 0x1005, 0x1005, 0x1005,
    0x1005, 0x1005, 0x2849, 0x408E, 0x0002, 0x50AA, 0xE17C, 0xC95A, 0xD15A, 0xD15A, 0xD17A, 0xD97A, 0xD17A, 0xE9BC, 0x488A, 0x88B1,
    0xE15B, 0xD179, 0xD17A, 0xD17A, 0xD17A, 0xD15A, 0xD139, 0xE17B, 0x70AF, 0x0805, 0x1807, 0x1806, 0x1805, 0x1005, 0x1805, 0x1005,
    0x2849, 0x308B, 0x0000, 0xA934, 0xE99C, 0xD97A, 0xE17A, 0xE17A, 0xE17A, 0xE17A, 0xE15B, 0xD95A, 0x3027, 0x2008, 0x1807, 0x1807,
    0x2007, 0x1807, 0x2008, 0x1807, 0x6831, 0x2807, 0x50C9, 0xFA7E, 0xF27B, 0xFA7C, 0xFA7C, 0xFABC, 0xFADC, 0xFAFD, 0xFB9D, 0x8931,
    0xD813, 0xF835, 0xF015, 0xF815, 0xF815, 0xF815, 0xF815, 0xF835, 0xD012, 0x3027, 0x88B4, 0x380B, 0x400D, 0x400D, 0x380C, 0x300B,
    0x300B, 0x402D, 0x2807, 0xC939, 0xFABC, 0xF29C, 0xFA9C, 0xFA5C, 0xF23C, 0xF1FB, 0xF9BD, 0xB114, 0x0000, 0x600F, 0x2008, 0x1807,
    0x2007, 0x1807, 0x1806, 0x1806, 0x2028, 0x0803, 0x90B2, 0xE19B, 0xD199, 0xD99A, 0xD9BA, 0xD9BA, 0xD9BA, 0xD9BA, 0xC198, 0x0801,
    0x2848, 0x384A, 0x0804, 0x1806, 0x1005, 0x1005, 0x1005, 0x1005, 0x0065, 0x40AA, 0xC1FB, 0xB1D9, 0xB9D9, 0xB9B9, 0xB9B9, 0xB9B9,
    0xB1B9, 0xB1B9, 0xB9B9, 0x38AA, 0xAA18, 0xA1DA, 0xA1F8, 0xA1F9, 0xA1F8, 0xA1F8, 0xA218, 0x9A18, 0xAA1A, 0x8194, 0x0001, 0x2068,
    0x392D, 0x0804, 0x1005, 0x1005, 0x1005, 0x1005, 0x1004, 0x0865, 0x1086, 0x89F8, 0x9218, 0x91F8, 0x91F8, 0x91F8, 0x9218, 0x91F8,
    0x89F8, 0x91D9, 0x7195, 0x0021, 0x0803, 0x11CD, 0x10C8, 0x1005, 0x1005, 0x1005, 0x1005, 0x1005, 0x1027, 0x08A5, 0x71B3, 0xA23A,
    0x9218, 0x9A18, 0x9A18, 0x9A18, 0x9A38, 0xA25B, 0x71D1, 0x0000, 0x0000, 0x0001, 0x0001, 0x0000, 0x210A, 0x212A, 0x0000, 0x0000,
    0x0000, 0x0000, 0x2006, 0x2808, 0x0001, 0x0000, 0x0000, 0x0000, 0x0000, 0x0000, 0x0000, 0x0000, 0x0000, 0x0000, 0x0000, 0x0000,
    0x0000, 0x0000, 0x0000, 0x0000, 0x0000, 0x0000, 0x0000, 0x0000, 0x2006, 0x380B, 0x2006, 0x0000, 0x0000, 0x0000, 0x0000, 0x0000,
    0x0000, 0x0000, 0x0000, 0x0001, 0x2808, 0x300A, 0x1003, 0x0000, 0x0000, 0x0000, 0x0000, 0x0000, 0x0000, 0x0000, 0x0000, 0x0000,
    0x0000, 0x0000, 0x0000, 0x0000, 0x0000, 0x0000, 0x0000, 0x0000, 0x0000, 0x0000, 0x0001, 0x3009, 0x2008, 0x0000, 0x0000, 0x0000,
    0x0000, 0x0801, 0x384C, 0x0001, 0x0001, 0x0804, 0x1004, 0x0000, 0x0000, 0x0821, 0xB176, 0xC9BA, 0xC1D9, 0xC1DA, 0xC1FA, 0xC1DA,
    0xC1DA, 0xC1BA, 0xC1D9, 0xD1DC, 0x60CD, 0x0003, 0x1004, 0x1004, 0x1004, 0x1004, 0x1005, 0x1005, 0x1869, 0x208A, 0x0000, 0x8111,
    0xD19B, 0xC199, 0xC9B9, 0xC999, 0xC99A, 0xC9BA, 0xD9DB, 0xA155, 0x0803, 0x1805, 0x1004, 0x1005, 0x1005, 0x1005, 0x1005, 0x1006,
    0x404E, 0x0000, 0x48AA, 0xD99C, 0xC9DA, 0xD1BA, 0xD199, 0xC9B9, 0xC9B9, 0xD9BC, 0x80F1, 0x0003, 0x1805, 0x1004, 0x1005, 0x1005,
    0x1005, 0x1005, 0x282A, 0x406D, 0x0000, 0x9913, 0xE17C, 0xC979, 0xD17A, 0xD19A, 0xD19A, 0xD9BA, 0xD9BA, 0xC9B9, 0x3848, 0xC938,
    0xD17A, 0xD1B9, 0xD99A, 0xD19A, 0xD19A, 0xD99A, 0xD19A, 0xD15A, 0x3047, 0x1006, 0x1005, 0x1005, 0x1005, 0x1005, 0x1005, 0x1005,
    0x2829, 0x2048, 0x1022, 0xC959, 0xE1BA, 0xD99A, 0xE19A, 0xE19A, 0xE1BA, 0xE19A, 0xF1DC, 0xB156, 0x0802, 0x2007, 0x1806, 0x1806,
    0x1807, 0x2007, 0x2809, 0x2009, 0x6031, 0x3007, 0x58CA, 0xFA3E, 0xF29B, 0xFA9C, 0xFABC, 0xFAFC, 0xFB1C, 0xFB3D, 0xFBDC, 0x8130,
    0xD813, 0xF835, 0xF815, 0xF815, 0xF815, 0xF815, 0xF015, 0xF815, 0xD011, 0x3847, 0x88B3, 0x480E, 0x500E, 0x480E, 0x402D, 0x380C,
    0x380C, 0x482E, 0x2006, 0x9933, 0xFA9D, 0xF2BC, 0xFABC, 0xF29C, 0xF25C, 0xF25B, 0xFA5D, 0xC996, 0x0800, 0x582D, 0x2808, 0x2008,
    0x2008, 0x2007, 0x1807, 0x1806, 0x2008, 0x0804, 0x606D, 0xE97C, 0xD9B9, 0xD9BA, 0xE1BA, 0xD9DA, 0xD9DA, 0xD199, 0xD97B, 0x3045,
    0x2006, 0x384B, 0x1005, 0x1005, 0x1005, 0x1005, 0x1004, 0x1005, 0x0846, 0x1886, 0xB9F9, 0xBA19, 0xB9F9, 0xB9D9, 0xB9D9, 0xB9D9,
    0xB9D9, 0xB1D9, 0xCA1B, 0x58EE, 0x7992, 0xB23B, 0xA1F8, 0xA239, 0xA219, 0xA219, 0xA238, 0xA239, 0xA219, 0xA1F9, 0x1844, 0x1866,
    0x490F, 0x0804, 0x1005, 0x1005, 0x1005, 0x1005, 0x1004, 0x1026, 0x0022, 0x6173, 0x9A19, 0x9218, 0x9218, 0x9218, 0x9A38, 0x9218,
    0x9218, 0x91F8, 0x9A1A, 0x30EA, 0x0000, 0x118D, 0x0886, 0x1004, 0x1004, 0x1005, 0x1005, 0x1005, 0x1026, 0x0065, 0x496E, 0xAA3A,
    0x9A38, 0x9A39, 0x9A58, 0x9A59, 0x9A59, 0x9A39, 0xAA9B, 0x38E8, 0x0000, 0x0000, 0x0023, 0x0001, 0x0000, 0x19AE, 0x08A6, 0x0000,
    0x0000, 0x0000, 0x0000, 0x1004, 0x3009, 0x1003, 0x0000, 0x0000, 0x0000, 0x0000, 0x0000, 0x0000, 0x0000, 0x0000, 0x0000, 0x0000,
    0x0000, 0x0000, 0x0000, 0x0000, 0x0000, 0x0000, 0x0000, 0x0000, 0x0000, 0x0001, 0x2808, 0x300A, 0x1003, 0x0000, 0x0000, 0x0000,
    0x0000, 0x0000, 0x2007, 0x400C, 0x2007, 0x0000, 0x0000, 0x0000, 0x0000, 0x0000, 0x0000, 0x0000, 0x0000, 0x0000, 0x0000, 0x0000,
    0x0000, 0x0000, 0x0000, 0x0000, 0x0000, 0x0000, 0x0000, 0x0000, 0x0000, 0x1804, 0x380B, 0x1804, 0x0000, 0x0000, 0x0000, 0x0000,
    0x0000, 0x30CE, 0x1847, 0x0000, 0x0002, 0x0804, 0x0000, 0x0000, 0x0000, 0x790E, 0xD1DB, 0xB9F9, 0xC21A, 0xCA1A, 0xCA1A, 0xCA3A,
    0xC9FA, 0xC1DA, 0xD21B, 0xA1F8, 0x0824, 0x1005, 0x1005, 0x1805, 0x1806, 0x1006, 0x1806, 0x1806, 0x2049, 0x0844, 0x2044, 0xC17A,
    0xC9BA, 0xC9D9, 0xC9D9, 0xC9F9, 0xC9FA, 0xC9D9, 0xD9DB, 0x60EE, 0x0804, 0x2007, 0x1806, 0x1805, 0x1805, 0x1806, 0x1806, 0x2008,
    0x384C, 0x0000, 0xA976, 0xD9BB, 0xC9D9, 0xD1DA, 0xD1F9, 0xD1F9, 0xD1FA, 0xDA1C, 0x40AA, 0x0002, 0x1005, 0x1805, 0x1806, 0x1806,
    0x1807, 0x1806, 0x2829, 0x2007, 0x1843, 0xC97A, 0xD99A, 0xD1B9, 0xD99A, 0xD9DA, 0xD9DA, 0xD1BA, 0xE9BC, 0x9153, 0x58EC, 0xEA1C,
    0xD1F9, 0xD1FA, 0xD9DA, 0xD9B9, 0xD9BA, 0xD9BA, 0xD9DA, 0xC99A, 0x1825, 0x1806, 0x1005, 0x1806, 0x1807, 0x1806, 0x1806, 0x2007,
    0x302A, 0x2027, 0x2044, 0xD95A, 0xE1BA, 0xE1DA, 0xE1DB, 0xE1FA, 0xE1FA, 0xE1FA, 0xF23C, 0xA974, 0x0001, 0x2007, 0x1807, 0x2008,
    0x2809, 0x302A, 0x300B, 0x302B, 0x582F, 0x2806, 0x710C, 0xFA5E, 0xF29B, 0xFADC, 0xFB3C, 0xFB3C, 0xFB7C, 0xFB9D, 0xFC3C, 0x8150,
    0xD813, 0xF835, 0xF815, 0xF815, 0xF815, 0xF815, 0xF835, 0xF835, 0xE013, 0x4047, 0x8072, 0x580F, 0x6010, 0x6011, 0x6012, 0x5811,
    0x480E, 0x502F, 0x1004, 0x68ED, 0xFABE, 0xF31C, 0xFB1C, 0xFAFC, 0xFAFC, 0xF2BC, 0xF2BC, 0xF25B, 0x3065, 0x500C, 0x302A, 0x2829,
    0x302A, 0x2829, 0x2028, 0x2028, 0x2809, 0x1825, 0x3868, 0xE19C, 0xD9DA, 0xD9DA, 0xE21A, 0xE21A, 0xD9FA, 0xD9DA, 0xE9FC, 0x68EC,
    0x1004, 0x302B, 0x1005, 0x1005, 0x1005, 0x1806, 0x1806, 0x1807, 0x1828, 0x0844, 0x9176, 0xC21A, 0xBA19, 0xB9F9, 0xBA19, 0xBA19,
    0xBA19, 0xBA19, 0xC21B, 0x9194, 0x40EC, 0xBA7A, 0xA218, 0xAA59, 0xAA59, 0xAA59, 0xAA59, 0xAA59, 0xA238, 0xB25B, 0x616E, 0x0022,
    0x20EC, 0x1006, 0x1026, 0x1005, 0x1026, 0x1006, 0x1806, 0x1827, 0x0824, 0x28EC, 0x9A19, 0x9A38, 0x9A58, 0xA259, 0x9A59, 0x9A39,
    0x9A59, 0x9A58, 0xA27A, 0x79F6, 0x0000, 0x08E8, 0x1066, 0x1004, 0x1005, 0x1006, 0x1046, 0x0866, 0x0846, 0x0845, 0x08C6, 0x8299,
    0xA279, 0x9278, 0x9A98, 0x9A79, 0x9A78, 0x9A79, 0xA29A, 0x9AB8, 0x1062, 0x0000, 0x0021, 0x0023, 0x0000, 0x0042, 0x21EF, 0x0021,
    0x0000, 0x0000, 0x0000, 0x0000, 0x0802, 0x380A, 0x2006, 0x0000, 0x0000, 0x0000, 0x0000, 0x0000, 0x0000, 0x0000, 0x0000, 0x0000,
    0x0000, 0x0000, 0x0000, 0x0000, 0x0000, 0x0000, 0x0000, 0x0000, 0x0000, 0x0000, 0x0000, 0x1004, 0x380A, 0x3009, 0x0001, 0x0000,
    0x400B, 0x400C, 0x400D, 0x380B, 0x3008, 0x380A, 0x3809, 0x3829, 0x3809, 0x3809, 0x3809, 0x3809, 0x3809, 0x3809, 0x3809, 0x3009,
    0x3809, 0x3809, 0x3809, 0x3809, 0x3809, 0x380A, 0x3809, 0x380A, 0x480D, 0x480E, 0x380B, 0x2808, 0x2006, 0x0802, 0x0803, 0x0000,
    0x28AA, 0x20AA, 0x0000, 0x0001, 0x1005, 0x0801, 0x0000, 0x0000, 0x48A8, 0xD23A, 0xBA39, 0xC239, 0xC239, 0xC23A, 0xC25A, 0xC25A,
    0xC259, 0xCA7A, 0xC29A, 0x28CB, 0x0000, 0x0001, 0x0001, 0x0002, 0x0003, 0x1004, 0x0001, 0x0001, 0x0003, 0x0000, 0x8192, 0xCA1B,
    0xC219, 0xCA19, 0xCA59, 0xCA39, 0xC259, 0xCA5A, 0xA9D8, 0x0002, 0x0000, 0x0003, 0x1004, 0x0803, 0x0001, 0x0001, 0x0001, 0x0003,
    0x0000, 0x40E8, 0xDA7B, 0xCA39, 0xCA39, 0xCA39, 0xCA39, 0xCA19, 0xDA5A, 0xA1F6, 0x0000, 0x0001, 0x0001, 0x0001, 0x0003, 0x0003,
    0x0002, 0x0002, 0x0002, 0x0000, 0x60EC, 0xD9FC, 0xD219, 0xD239, 0xD21A, 0xD23A, 0xDA3A, 0xD1D9, 0xE23C, 0x58CD, 0x9993, 0xE27C,
    0xD239, 0xD23A, 0xDA3A, 0xDA19, 0xD1F9, 0xD1F9, 0xE21B, 0x9193, 0x0000, 0x0001, 0x0002, 0x0002, 0x0003, 0x0002, 0x0002, 0x0002,
    0x0804, 0x0000, 0x60AC, 0xF21C, 0xDA19, 0xE21A, 0xE25A, 0xE25A, 0xE25A, 0xE23A, 0xF27C, 0x790E, 0x0000, 0x0003, 0x1004, 0x1005,
    0x1005, 0x1006, 0x0804, 0x1005, 0x1806, 0x0000, 0x91F1, 0xFB5E, 0xF35B, 0xFB9C, 0xFBBC, 0xFBDC, 0xFBDC, 0xFBDD, 0xFC5C, 0x8151,
    0xE014, 0xF835, 0xF815, 0xF815, 0xF815, 0xF815, 0xF835, 0xF835, 0xE813, 0x2004, 0x482B, 0x480B, 0x480C, 0x480C, 0x380B, 0x300A,
    0x2808, 0x3008, 0x0000, 0x596B, 0xFBBF, 0xF39C, 0xFB9C, 0xFB5C, 0xFB7C, 0xFB3C, 0xF2FC, 0xFA9C, 0x3065, 0x0003, 0x1005, 0x1005,
    0x1006, 0x0804, 0x1004, 0x0002, 0x0003, 0x0000, 0x0001, 0xC9F9, 0xE27B, 0xDA5A, 0xE23A, 0xDA3A, 0xDA3A, 0xDA5A, 0xE27C, 0xA1D3,
    0x0000, 0x0002, 0x0001, 0x0802, 0x0002, 0x0002, 0x0003, 0x0003, 0x0803, 0x0000, 0x58EF, 0xCA5B, 0xBA39, 0xC259, 0xBA59, 0xBA59,
    0xBA39, 0xBA39, 0xBA39, 0xBA38, 0x38CB, 0xAAD9, 0xB29A, 0xAA79, 0xAA79, 0xAA79, 0xAA79, 0xAA99, 0xAA99, 0xB2BA, 0x9AB7, 0x0042,
    0x0001, 0x0002, 0x0001, 0x0001, 0x0001, 0x0002, 0x0803, 0x0804, 0x0000, 0x0001, 0x7215, 0xAA79, 0x9A78, 0xA279, 0xA278, 0xA258,
    0xA279, 0x9A79, 0x9A78, 0xA279, 0x390A, 0x0000, 0x0001, 0x0002, 0x0003, 0x0803, 0x0002, 0x0021, 0x0001, 0x0001, 0x0000, 0x29CE,
    0x9B19, 0xA2B8, 0x9AD8, 0xA298, 0xA2B9, 0x9AB9, 0x9AF8, 0xA33A, 0x5A0F, 0x0000, 0x0000, 0x0023, 0x0043, 0x0000, 0x08C6, 0x19CD,
    0x0000, 0x0801, 0x1003, 0x1805, 0x2006, 0x380A, 0x400C, 0x380B, 0x3009, 0x3008, 0x380A, 0x3009, 0x3009, 0x3809, 0x3809, 0x3809,
    0x3809, 0x3809, 0x3809, 0x3809, 0x3809, 0x3809, 0x3009, 0x3809, 0x3809, 0x3808, 0x3009, 0x3008, 0x3009, 0x400D, 0x400C, 0x400D,
    0x3009, 0x1003, 0x0000, 0x0000, 0x0000, 0x0000, 0x0000, 0x0000, 0x0000, 0x0000, 0x0000, 0x0000, 0x0000, 0x0000, 0x0000, 0x0000,
    0x0000, 0x0000, 0x0000, 0x0000, 0x0000, 0x0000, 0x0001, 0x380A, 0x3009, 0x0000, 0x0000, 0x0001, 0x0000, 0x0000, 0x0000, 0x2026,
    0x408C, 0x0000, 0x0000, 0x1003, 0x1804, 0x0000, 0x0000, 0x1823, 0xC237, 0xC29A, 0xC299, 0xC299, 0xC279, 0xC299, 0xC299, 0xC29A,
    0xC299, 0xC2BA, 0xAA78, 0x616E, 0x612B, 0x592C, 0x614C, 0x616C, 0x40C8, 0x0000, 0x510A, 0x616C, 0x616C, 0x79AF, 0xCA9A, 0xC27A,
    0xC279, 0xC25A, 0xC279, 0xC279, 0xC279, 0xCA9A, 0x99F4, 0x614C, 0x614C, 0x592C, 0x0822, 0x30A6, 0x714D, 0x614C, 0x612C, 0x610B,
    0x610B, 0xB256, 0xD2BA, 0xCA99, 0xCA9A, 0xCA79, 0xCA59, 0xCA59, 0xD25A, 0x91B3, 0x696D, 0x2065, 0x1843, 0x694D, 0x692C, 0x692D,
    0x610C, 0x58EB, 0x58EB, 0x692C, 0xC257, 0xD29A, 0xD299, 0xD29A, 0xD259, 0xD279, 0xD259, 0xDA7A, 0xCA99, 0x40AA, 0xD239, 0xDA7A,
    0xD27A, 0xDA9A, 0xD27A, 0xD27A, 0xD259, 0xD239, 0xDA39, 0x9192, 0x610C, 0x690C, 0x692C, 0x692C, 0x712D, 0x2064, 0x1842, 0x690C,
    0x690C, 0x714C, 0xC237, 0xEA9B, 0xDA59, 0xE25A, 0xE27A, 0xE27A, 0xE27A, 0xE27A, 0xF27C, 0x99D3, 0x716D, 0x714D, 0x1022, 0x38C6,
    0x796D, 0x712C, 0x712D, 0x714C, 0x694C, 0x71AD, 0xD317, 0xFBDD, 0xFC1C, 0xFC1C, 0xFC1D, 0xFBFD, 0xFC3D, 0xFC3D, 0xFCFD, 0x81B1,
    0xE014, 0xF835, 0xF014, 0xF814, 0xF835, 0xF835, 0xF835, 0xF815, 0xF054, 0x88CE, 0x804D, 0x886E, 0x884E, 0x802D, 0x702A, 0x6829,
    0x1001, 0x20E4, 0x7A6E, 0xB375, 0xFC5E, 0xF3FC, 0xFBFC, 0xFBBC, 0xFB9C, 0xFB5C, 0xF35C, 0xFB5D, 0xA212, 0x694C, 0x716C, 0x714D,
    0x794E, 0x590A, 0x0000, 0x50E9, 0x692C, 0x694C, 0x718D, 0xD299, 0xE2DB, 0xDABA, 0xDABA, 0xDABA, 0xDA9A, 0xD29A, 0xDA9A, 0xCA79,
    0x696D, 0x614C, 0x510A, 0x0000, 0x40C8, 0x696E, 0x696D, 0x612C, 0x592C, 0x592C, 0x81D1, 0xC2DA, 0xC2B9, 0xC2B9, 0xBA99, 0xBA99,
    0xBA79, 0xBA79, 0xBA99, 0xCABB, 0x594E, 0x6A32, 0xCB1B, 0xAA98, 0xAAB8, 0xAAB9, 0xAA99, 0xAAB9, 0xAAB9, 0xAAB9, 0xAADA, 0x69F0,
    0x512B, 0x512B, 0x514C, 0x514C, 0x492C, 0x514C, 0x30C7, 0x0020, 0x494B, 0x518C, 0x7233, 0xB2FA, 0xAAB9, 0xAA99, 0xAA99, 0xAA99,
    0xAA99, 0xAA98, 0xA298, 0xAAB9, 0x8A96, 0x51AC, 0x51AD, 0x59AD, 0x28C5, 0x0041, 0x496C, 0x514C, 0x516C, 0x518C, 0x51AD, 0x51CE,
    0x9AD8, 0xAAD9, 0xA2F8, 0xAAF8, 0xAAF9, 0xA2F9, 0xA2F9, 0xA2D8, 0xAAF9, 0x28C6, 0x0000, 0x0000, 0x0044, 0x0022, 0x0000, 0x11CC,
    0x116A, 0x0000, 0x0000, 0x0000, 0x0000, 0x0000, 0x0000, 0x1804, 0x3009, 0x1003, 0x0000, 0x0000, 0x0000, 0x0000, 0x0000, 0x0000,
    0x0000, 0x0000, 0x0000, 0x0000, 0x0000, 0x0000, 0x0000, 0x0000, 0x0000, 0x0000, 0x0000, 0x0000, 0x0000, 0x0000, 0x0802, 0x2808,
    0x0000, 0x0000, 0x0000, 0x0000, 0x0000, 0x0000, 0x0000, 0x0000, 0x0000, 0x0000, 0x0000, 0x0000, 0x0000, 0x0000, 0x0000, 0x0000,
    0x0000, 0x0000, 0x0000, 0x0000, 0x0000, 0x1003, 0x380A, 0x1805, 0x0000, 0x0000, 0x0000, 0x0000, 0x0000, 0x0000, 0x0822, 0x30EE,
    0x0001, 0x0000, 0x0801, 0x2006, 0x0000, 0x0000, 0x0000, 0x9171, 0xCABB, 0xBA99, 0xC2B9, 0xC299, 0xC2B9, 0xC2B9, 0xC2B9, 0xC299,
    0xC299, 0xC299, 0xC2B9, 0xD2FB, 0xCAFB, 0xCAFB, 0xCADB, 0xDAFD, 0x6952, 0x4929, 0xDAFC, 0xD2FB, 0xD31C, 0xD2FB, 0xC299, 0xC299,
    0xC299, 0xC299, 0xC299, 0xC299, 0xC299, 0xC299, 0xCADA, 0xD2FC, 0xDB1C, 0xDB1D, 0x3089, 0xAA35, 0xE2DD, 0xDADB, 0xDABB, 0xDABC,
    0xDABC, 0xD2BA, 0xCA99, 0xCA9A, 0xCA9A, 0xCA79, 0xCA79, 0xCA79, 0xCA59, 0xD27A, 0xF31E, 0x594E, 0x89D1, 0xF33E, 0xDABB, 0xDA9C,
    0xDA9C, 0xDA7B, 0xDA7B, 0xE2BC, 0xD2BA, 0xD299, 0xD299, 0xD29A, 0xD29A, 0xD299, 0xD279, 0xEAFC, 0x91D3, 0x692E, 0xEADC, 0xD279,
    0xD2BA, 0xD2BA, 0xD29A, 0xD29A, 0xD299, 0xD279, 0xD259, 0xDA7A, 0xE29B, 0xE29C, 0xE29C, 0xE27B, 0xFAFF, 0x60ED, 0x794E, 0xFADD,
    0xE29B, 0xEABC, 0xE2BB, 0xDA7A, 0xE27A, 0xE27A, 0xE29A, 0xE29A, 0xE27A, 0xEA9B, 0xEABA, 0xF2DC, 0xFB3D, 0xFB9E, 0x38E7, 0xBA35,
    0xFAFE, 0xFADD, 0xFABD, 0xFAFE, 0xFB5E, 0xFBDE, 0xFBDD, 0xFBBC, 0xFBDC, 0xFBFC, 0xFC3D, 0xFC5D, 0xFC9D, 0xFCBD, 0xFD7D, 0x81D0,
    0xD813, 0xF835, 0xF014, 0xF834, 0xF835, 0xF835, 0xF835, 0xF834, 0xF835, 0xF897, 0xF857, 0xF857, 0xF837, 0xF837, 0xF816, 0xF838,
    0x700A, 0x8BD2, 0xFD7F, 0xFC7D, 0xFC3C, 0xFC1C, 0xFBFC, 0xFBDC, 0xFBDC, 0xFBBC, 0xFBBC, 0xFBBC, 0xFBBD, 0xFB5E, 0xFB5D, 0xFB3D,
    0xFB3E, 0xE27A, 0x2845, 0xE31B, 0xFAFC, 0xF2FC, 0xF33C, 0xE2DB, 0xE2BA, 0xE2DA, 0xDADA, 0xDADA, 0xDADA, 0xDABA, 0xD2BA, 0xD2BA,
    0xDAFB, 0xE31C, 0xE2DC, 0x3086, 0xAAB7, 0xDB3C, 0xCADB, 0xCABB, 0xCABB, 0xCADB, 0xCAFA, 0xC2D9, 0xC2D9, 0xC2B9, 0xBAB9, 0xBAB9,
    0xBAB9, 0xBAB9, 0xBAB9, 0xC2FA, 0x8A13, 0x396C, 0xC35B, 0xAAB8, 0xB2F9, 0xB2D9, 0xB2D9, 0xAAB9, 0xAAB9, 0xAAB9, 0xAAB9, 0xB2FA,
    0xBB1B, 0xBAFA, 0xBAFB, 0xBB1B, 0xBB1B, 0xBADB, 0xA277, 0x1927, 0x9B7B, 0xBAFA, 0xB2F9, 0xAAB9, 0xAAB9, 0xAA99, 0xAA98, 0xAA98,
    0xAAB8, 0xAAB9, 0xAAB9, 0xAAB8, 0xAAFA, 0xBB5B, 0xB35B, 0xBB5C, 0x9296, 0x1928, 0xA39C, 0xB2FA, 0xB33A, 0xB35A, 0xB35A, 0xB33A,
    0xAAD8, 0xA2F8, 0xA2F8, 0xA2F8, 0xAAF8, 0xA2F8, 0xA2F8, 0xA2D8, 0xAAF9, 0x8A95, 0x0821, 0x0000, 0x0022, 0x0046, 0x0000, 0x0000,
    0x0A0E, 0x0083, 0x0000, 0x0000, 0x0000, 0x0000, 0x0000, 0x0000, 0x0802, 0x300A, 0x1005, 0x0000, 0x0000, 0x0000, 0x0000, 0x0000,
    0x0000, 0x0000, 0x0000, 0x0000, 0x0000, 0x0000, 0x0000, 0x0000, 0x0000, 0x0000, 0x0000, 0x0000, 0x0000, 0x0000, 0x0000, 0x0000,
    0x0000, 0x0000, 0x0000, 0x0000, 0x0000, 0x0000, 0x0000, 0x0000, 0x0000, 0x0000, 0x0000, 0x0000, 0x0000, 0x0000, 0x0000, 0x0000,
    0x0000, 0x0000, 0x0000, 0x0000, 0x1805, 0x380A, 0x0802, 0x0000, 0x0000, 0x0000, 0x0000, 0x0000, 0x0000, 0x0000, 0x30CE, 0x1045,
    0x0000, 0x0000, 0x1805, 0x0801, 0x0000, 0x0000, 0x4087, 0xD29A, 0xBAB9, 0xC2B9, 0xC2B9, 0xC2B9, 0xC2B9, 0xC2B9, 0xC2B9, 0xC2B9,
    0xC2B9, 0xC2B9, 0xC2B9, 0xBAB8, 0xBAB8, 0xBAD8, 0xBAB9, 0xAAB8, 0x30CB, 0xB2B7, 0xCAFA, 0xC2D9, 0xC2B9, 0xC2B9, 0xC2B9, 0xC299,
    0xC299, 0xC299, 0xC2B9, 0xC299, 0xC299, 0xC2B9, 0xC2B9, 0xC2B9, 0xD31A, 0x8A15, 0x614E, 0xDAFB, 0xC2B9, 0xCAB9, 0xCAB9, 0xCAB9,
    0xCAB9, 0xCAB9, 0xCAB9, 0xCA99, 0xCA99, 0xCA99, 0xCA79, 0xCA99, 0xCA99, 0xD2DA, 0xC2D9, 0x38CA, 0xCA99, 0xCA9A, 0xCA99, 0xCA99,
    0xCA99, 0xCAB9, 0xCA99, 0xCA99, 0xD299, 0xD299, 0xD299, 0xD299, 0xD299, 0xD2BA, 0xD2BA, 0xE2FC, 0x48EB, 0xA1F4, 0xE2FB, 0xD2B9,
    0xD2BA, 0xD2BA, 0xD29A, 0xD29A, 0xD29A, 0xD299, 0xD299, 0xD299, 0xD279, 0xD279, 0xD279, 0xD279, 0xE2FB, 0x408A, 0xAA14, 0xE2FB,
    0xD299, 0xD299, 0xDA99, 0xDA9A, 0xDA9A, 0xE29A, 0xE29A, 0xE29A, 0xE29A, 0xEADA, 0xEAFA, 0xEAFA, 0xEADA, 0xF33C, 0x38E7, 0xC1F6,
    0xFA9C, 0xEAFA, 0xF2DB, 0xF31B, 0xF39B, 0xF39B, 0xFBFC, 0xFBFC, 0xFBFC, 0xFC3C, 0xFC5D, 0xFC9D, 0xFCDD, 0xFCDD, 0xFD7D, 0x71D0,
    0xD813, 0xF835, 0xF814, 0xF834, 0xF835, 0xF834, 0xF834, 0xF835, 0xF815, 0xF014, 0xF034, 0xF815, 0xF014, 0xF014, 0xF014, 0xF836,
    0x880C, 0x8BB2, 0xFD1E, 0xF43B, 0xFC7C, 0xFC5C, 0xFC3C, 0xFC1C, 0xFBFC, 0xFC1C, 0xFBFC, 0xFBDC, 0xF39B, 0xF33B, 0xF33B, 0xEB1B,
    0xEAFB, 0xF2DB, 0x488A, 0xB276, 0xEB3B, 0xE2DA, 0xE2BA, 0xE2DA, 0xE2DA, 0xE2DA, 0xDADA, 0xDADA, 0xDADA, 0xDADA, 0xD2FA, 0xD2F9,
    0xCAD9, 0xCAD9, 0xE31C, 0x614D, 0x79F2, 0xD35B, 0xBA98, 0xBAB9, 0xBAB9, 0xBAD9, 0xC2D9, 0xC2D9, 0xC2D9, 0xBAD9, 0xBAB9, 0xBAB9,
    0xBAB9, 0xBAB9, 0xBAD9, 0xBAD9, 0xC2F9, 0x28C8, 0x92B7, 0xBB19, 0xAAF8, 0xB2F9, 0xB2F9, 0xAAD9, 0xAAD9, 0xB2D9, 0xB2F9, 0xAAF9,
    0xAAF9, 0xAAF9, 0xAAF9, 0xAAF8, 0xAAF8, 0xAAD8, 0xB31A, 0x49CD, 0x4AF3, 0xB319, 0xA298, 0xAAB8, 0xAAB8, 0xAAB9, 0xAAB8, 0xAAD8,
    0xAAB8, 0xAAB8, 0xAAD9, 0xAAD9, 0xAAF9, 0xAAF8, 0xA2F8, 0xA2B8, 0xB2DA, 0x494C, 0x4AD3, 0xB39A, 0xA318, 0xA338, 0xA2F8, 0xA2F8,
    0xAB18, 0xAB18, 0xA2F8, 0xA2F8, 0xA2F8, 0xA2F8, 0xA2F8, 0xA318, 0xA2F8, 0xAB3A, 0x51AC, 0x0000, 0x0000, 0x0023, 0x0023, 0x0000,
    0x0062, 0x09ED, 0x0021, 0x0000, 0x0000, 0x0000, 0x0000, 0x0000, 0x0000, 0x0000, 0x2808, 0x2807, 0x0000, 0x0000, 0x0000, 0x0000,
    0x0000, 0x0000, 0x0000, 0x0000, 0x0000, 0x0000, 0x0000, 0x0000, 0x0000, 0x0000, 0x0000, 0x0000, 0x0000, 0x0000, 0x0000, 0x0000,
    0x0000, 0x0000, 0x0000, 0x0000, 0x0000, 0x0000, 0x0000, 0x0000, 0x0000, 0x0000, 0x0000, 0x0000, 0x0000, 0x0000, 0x0000, 0x0000,
    0x0000, 0x0000, 0x0000, 0x2807, 0x2808, 0x0000, 0x0000, 0x0000, 0x0000, 0x0000, 0x0000, 0x0000, 0x0000, 0x20AA, 0x20A9, 0x0000,
    0x0000, 0x1804, 0x1002, 0x0000, 0x0000, 0x1022, 0xBA17, 0xCADA, 0xC2D9, 0xC2D9, 0xC2D9, 0xC2D9, 0xC2B9, 0xC2B9, 0xC2B9, 0xC2D9,
    0xC2D9, 0xC2D9, 0xC2D9, 0xBAB9, 0xC2D9, 0xBAD9, 0xD37B, 0x5A31, 0x79B1, 0xD31B, 0xC2D9, 0xC2D9, 0xC2B9, 0xC2B9, 0xC2B9, 0xC2B9,
    0xC2B9, 0xC2B9, 0xC2B9, 0xC2B9, 0xC2B9, 0xC2B9, 0xCABA, 0xCA99, 0xD31A, 0x510E, 0xB236, 0xD2FA, 0xCAD9, 0xCADA, 0xCABA, 0xCABA,
    0xCA9A, 0xCABA, 0xCAB9, 0xCA99, 0xCA99, 0xCA99, 0xCA99, 0xCA99, 0xCA99, 0xE31C, 0x71CF, 0x692E, 0xDABC, 0xCA99, 0xD2BA, 0xD2BA,
    0xD2BA, 0xD2BA, 0xD2BA, 0xD2BA, 0xD2B9, 0xD29A, 0xD2B9, 0xD2B9, 0xD2BA, 0xD2DA, 0xDAFB, 0xC2FA, 0x38A9, 0xCA79, 0xD2DA, 0xD2DA,
    0xD2DA, 0xD2BA, 0xD2BA, 0xD2BA, 0xD2BA, 0xD2BA, 0xD2B9, 0xD2B9, 0xD299, 0xD299, 0xD299, 0xDABA, 0xCAD9, 0x40A9, 0xCA58, 0xDABA,
    0xDA99, 0xDA9A, 0xDA9A, 0xDA9A, 0xE29A, 0xE2BA, 0xE2BA, 0xE2BA, 0xEABA, 0xEADA, 0xEAFA, 0xEB3B, 0xF31B, 0xDAB9, 0x48A8, 0xE299,
    0xF2FC, 0xF31B, 0xF31C, 0xF37C, 0xFB9C, 0xFBBC, 0xF3FC, 0xFC1C, 0xFC3C, 0xFC7C, 0xFC9D, 0xFCBD, 0xFCFD, 0xFCFD, 0xFDBD, 0x71CF,
    0xE013, 0xF835, 0xF815, 0xF835, 0xF835, 0xF835, 0xF835, 0xF835, 0xF835, 0xF835, 0xF835, 0xF815, 0xF835, 0xF815, 0xF014, 0xF856,
    0x980E, 0x8B32, 0xFD1E, 0xF45C, 0xFCBD, 0xFC7C, 0xFC7D, 0xFC3C, 0xFC1C, 0xFC3C, 0xFBFC, 0xFBDC, 0xFBBC, 0xFB9C, 0xF37B, 0xF35B,
    0xF31B, 0xFB7D, 0x592C, 0xA1F3, 0xFB7C, 0xE2FA, 0xE2FB, 0xE2DA, 0xE2FA, 0xE2FA, 0xDADA, 0xDADA, 0xDAFA, 0xDADA, 0xD2FA, 0xD2F9,
    0xD2FA, 0xD2D9, 0xE33B, 0x9A53, 0x510D, 0xD31B, 0xBAB8, 0xC2D9, 0xC2F9, 0xC2F9, 0xC2D9, 0xC2D9, 0xC2D9, 0xBAD9, 0xBAD9, 0xBAD9,
    0xBAD9, 0xBAD9, 0xBAD9, 0xBAD9, 0xCB1A, 0x61AE, 0x59F0, 0xBB5B, 0xAAF8, 0xAB19, 0xAB19, 0xB2F9, 0xAAF9, 0xB319, 0xB2F9, 0xB2F9,
    0xAAF9, 0xB319, 0xB2F9, 0xB2F9, 0xAAF9, 0xAAF8, 0xB319, 0x9274, 0x21ED, 0xABBA, 0xA298, 0xAAD8, 0xAAD9, 0xAAD9, 0xAAD9, 0xAAF9,
    0xAAD9, 0xAAD9, 0xAAF9, 0xAAF9, 0xAAF9, 0xAAF9, 0xAB19, 0xA2F8, 0xAAD9, 0xA2B7, 0x21ED, 0x9C3A, 0xAB39, 0xA359, 0xA339, 0xA339,
    0xA339, 0xA339, 0xA319, 0xA318, 0xA319, 0xA318, 0xA318, 0xA318, 0xA318, 0xA318, 0xA359, 0x20E7, 0x0000, 0x0000, 0x0043, 0x0022,
    0x0000, 0x08E6, 0x098A, 0x0000, 0x0000, 0x0000, 0x0000, 0x0000, 0x0000, 0x0000, 0x0000, 0x1805, 0x2809, 0x0801, 0x0000, 0x0000,
    0x0000, 0x0000, 0x0000, 0x0000, 0x0000, 0x0000, 0x0000, 0x0000, 0x0000, 0x0000, 0x0000, 0x0000, 0x0000, 0x0000, 0x0000, 0x0000,
    0x0000, 0x0000, 0x0000, 0x0000, 0x0000, 0x0000, 0x0000, 0x0000, 0x0000, 0x0000, 0x0000, 0x0000, 0x0000, 0x0000, 0x0000, 0x0000,
    0x0000, 0x0801, 0x3009, 0x1805, 0x0000, 0x0000, 0x0000, 0x0000, 0x0000, 0x0000, 0x0000, 0x0000, 0x1885, 0x28EC, 0x0000, 0x0000,
    0x1003, 0x1805, 0x0000, 0x0000, 0x0000, 0x91B1, 0xD2FC, 0xC2D9, 0xC2D9, 0xC2DA, 0xC2F9, 0xC31A, 0xC319, 0xCB19, 0xC2F9, 0xC2F9,
    0xC2F9, 0xC319, 0xC2F9, 0xC2D9, 0xC2F9, 0xD33A, 0xA398, 0x312B, 0xC2B9, 0xC2FA, 0xC2F9, 0xC2D9, 0xC2D9, 0xC2DA, 0xC2D9, 0xC2F9,
    0xC2F9, 0xC2F9, 0xC2F9, 0xC2D9, 0xC2F9, 0xC2F9, 0xC2D9, 0xDB1B, 0x8254, 0x510D, 0xDADB, 0xC2B9, 0xCADA, 0xCAFA, 0xCADA, 0xCAFA,
    0xCADA, 0xCADA, 0xCAD9, 0xCAB9, 0xCAB9, 0xCAB9, 0xCAB9, 0xCAB9, 0xD2B9, 0xD31B, 0x38C8, 0xBA57, 0xDAFB, 0xD2DA, 0xD2DA, 0xD2FA,
    0xD2DA, 0xD2DA, 0xD2BA, 0xD2D9, 0xD2D9, 0xD2BA, 0xD2F9, 0xD2FA, 0xD2DA, 0xD2FA, 0xEB7C, 0x8A33, 0x590C, 0xE2DB, 0xD2D9, 0xD2DA,
    0xD2FA, 0xD2FA, 0xDAFA, 0xDB1A, 0xDAFA, 0xDAFA, 0xDAFA, 0xDAD9, 0xD2D9, 0xDADA, 0xD2D9, 0xE2DB, 0x9A14, 0x40A9, 0xE29B, 0xDAB9,
    0xDADA, 0xDADA, 0xDABA, 0xE2BA, 0xE2DA, 0xE2FA, 0xE2DA, 0xE2DA, 0xEADA, 0xEAFA, 0xEB1B, 0xEB3B, 0xFB5C, 0xCAD8, 0x38A7, 0xF31B,
    0xF33B, 0xF35B, 0xF35C, 0xFB7C, 0xFBBC, 0xFBDC, 0xFC3C, 0xFC3C, 0xFC5C, 0xFC9C, 0xFCBD, 0xFCDD, 0xFD1D, 0xFD3D, 0xFDDD, 0x79F0,
    0xE014, 0xF835, 0xF815, 0xF835, 0xF835, 0xF835, 0xF835, 0xF834, 0xF835, 0xF835, 0xF835, 0xF815, 0xF814, 0xF815, 0xF014, 0xF836,
    0xA80E, 0x8A50, 0xFD7F, 0xF49C, 0xFCBD, 0xFC9D, 0xFC7D, 0xFC7C, 0xFC5C, 0xFC5C, 0xFC3C, 0xFC1C, 0xFBDC, 0xFBBC, 0xF3BC, 0xF3BC,
    0xEB5B, 0xFB7D, 0x798E, 0x794F, 0xFB9D, 0xE31A, 0xE33B, 0xE31A, 0xE31A, 0xE31A, 0xE2FA, 0xDAFA, 0xDAFA, 0xDADA, 0xDAFA, 0xD31A,
    0xD31A, 0xD31A, 0xDB1A, 0xC2F8, 0x38A9, 0xC2D9, 0xC2F9, 0xC2F9, 0xC319, 0xC2F9, 0xC2F9, 0xC2F9, 0xC2F9, 0xC2F9, 0xBB19, 0xBB19,
    0xBB19, 0xBB19, 0xBAF9, 0xBAF9, 0xC31A, 0x9A75, 0x294B, 0xB37A, 0xAB19, 0xAB39, 0xAB19, 0xB339, 0xB339, 0xB339, 0xB339, 0xB339,
    0xB339, 0xB339, 0xB319, 0xB339, 0xAB19, 0xAB19, 0xAB18, 0xB35A, 0x316B, 0x7357, 0xBB1A, 0xA2F8, 0xAB19, 0xAB19, 0xAB19, 0xAB19,
    0xAB19, 0xAB19, 0xAB19, 0xAB39, 0xAB39, 0xAB39, 0xAB39, 0xA319, 0xA2F9, 0xBB9B, 0x59F0, 0x3B12, 0xB3FB, 0xA339, 0xA379, 0xA359,
    0xA359, 0xA359, 0xA359, 0xA379, 0xA379, 0xA378, 0xA379, 0xA359, 0xA359, 0xA358, 0xA37A, 0x8336, 0x0021, 0x0000, 0x0000, 0x0043,
    0x0021, 0x0000, 0x09AA, 0x0126, 0x0000, 0x0000, 0x0000, 0x0000, 0x0000, 0x0000, 0x0000, 0x0000, 0x1003, 0x2809, 0x1004, 0x0000,
    0x0000, 0x0000, 0x0000, 0x0000, 0x0000, 0x0000, 0x0000, 0x0000, 0x0000, 0x0000, 0x0000, 0x0000, 0x0000, 0x0000, 0x0000, 0x0000,
    0x0000, 0x0000, 0x0000, 0x0000, 0x0000, 0x0000, 0x0000, 0x0000, 0x0000, 0x0000, 0x0000, 0x0000, 0x0000, 0x0000, 0x0000, 0x0000,
    0x1804, 0x300A, 0x1003, 0x0000, 0x0000, 0x0000, 0x0000, 0x0000, 0x0000, 0x0000, 0x0000, 0x0002, 0x310D, 0x0821, 0x0000, 0x0001,
    0x1805, 0x0000, 0x0000, 0x0000, 0x48A7, 0xD2FB, 0xC31A, 0xC31A, 0xC33A, 0xC31A, 0xC33A, 0xC33A, 0xC33A, 0xCB5A, 0xC359, 0xC339,
    0xC31A, 0xC319, 0xC319, 0xC319, 0xC2F9, 0xCBBB, 0x39EE, 0x8A53, 0xCB1B, 0xC2F9, 0xC31A, 0xCAFA, 0xC31A, 0xC31A, 0xC319, 0xC319,
    0xC2F9, 0xC319, 0xC2F9, 0xC2F9, 0xCB1A, 0xCB1A, 0xCAF9, 0xD39B, 0x416D, 0xB296, 0xD31B, 0xCB19, 0xCB1A, 0xCB1A, 0xD31A, 0xD31A,
    0xD33A, 0xCB1A, 0xCAF9, 0xCAF9, 0xCAF9, 0xCAF9, 0xCAF9, 0xCAF9, 0xE35B, 0x8A53, 0x614D, 0xE33C, 0xD31A, 0xD31A, 0xD31A, 0xD31A,
    0xD2FA, 0xD2DA, 0xD2FA, 0xD2FA, 0xD2FA, 0xD2FA, 0xD31A, 0xD31A, 0xD2FA, 0xD2DA, 0xE35C, 0x516D, 0xA274, 0xDB1B, 0xD2FA, 0xD2FA,
    0xD31A, 0xD31A, 0xDB1A, 0xDB3A, 0xDB3A, 0xDB3A, 0xDB1A, 0xDB1A, 0xDAFA, 0xDADA, 0xDADA, 0xEB1C, 0x8191, 0x716E, 0xEB1C, 0xDAF9,
    0xDAFA, 0xE31A, 0xE2FA, 0xE2FA, 0xE31A, 0xE2FA, 0xEAFA, 0xEADA, 0xEB1B, 0xEB3A, 0xEB3B, 0xEB5A, 0xFB9C, 0xBB97, 0x40A8, 0xF31C,
    0xF33B, 0xF37B, 0xF39C, 0xFB9C, 0xFBDC, 0xFC1C, 0xFC7C, 0xFC7D, 0xFC7D, 0xFCDD, 0xFCDD, 0xFD1D, 0xFD5D, 0xFD5D, 0xFE7D, 0x79CF,
    0xE014, 0xF835, 0xF814, 0xF814, 0xF834, 0xF834, 0xF834, 0xF834, 0xF834, 0xF814, 0xF834, 0xF814, 0xF834, 0xF814, 0xF814, 0xF835,
    0xC811, 0x692C, 0xFDBE, 0xFD3D, 0xFD1D, 0xFCFD, 0xFCDD, 0xFCBD, 0xFCBD, 0xFCBD, 0xFC7D, 0xFC3C, 0xFBFC, 0xFBFC, 0xFBBC, 0xFBBC,
    0xF37B, 0xFBBD, 0xA212, 0x512A, 0xFC1E, 0xE35A, 0xE37B, 0xE35A, 0xE35A, 0xE33A, 0xE31A, 0xE33A, 0xDB1A, 0xDAFA, 0xDB3A, 0xDB3A,
    0xD31A, 0xD33A, 0xD31A, 0xD33A, 0x38E9, 0xA296, 0xD35B, 0xC319, 0xC319, 0xC339, 0xC319, 0xC319, 0xC339, 0xC339, 0xC339, 0xBB39,
    0xBB39, 0xBB3A, 0xBB39, 0xBB39, 0xBB39, 0xC37A, 0x396B, 0x8B56, 0xBB7B, 0xAB59, 0xAB59, 0xAB59, 0xB359, 0xAB59, 0xB379, 0xB359,
    0xAB59, 0xB359, 0xAB79, 0xB359, 0xB359, 0xAB59, 0xAB58, 0xB39A, 0x7231, 0x2A8F, 0xB3FB, 0xAB18, 0xAB59, 0xAB59, 0xAB59, 0xAB39,
    0xAB59, 0xAB59, 0xAB79, 0xAB79, 0xAB79, 0xAB59, 0xAB59, 0xAB59, 0xA379, 0xA399, 0xA337, 0x21ED, 0x847A, 0xB339, 0xA379, 0xA379,
    0xA379, 0xA399, 0xA379, 0xA399, 0xA399, 0xA399, 0xA399, 0xA399, 0xA379, 0x9B99, 0x9B58, 0xABBA, 0x49EC, 0x0000, 0x0000, 0x0020,
    0x0042, 0x0000, 0x0021, 0x026D, 0x0082, 0x0000, 0x0000, 0x0000, 0x0000, 0x0000, 0x0000, 0x0000, 0x0000, 0x0001, 0x300A, 0x2007,
    0x0000, 0x0000, 0x0000, 0x0000, 0x0000, 0x0000, 0x0000, 0x0000, 0x0000, 0x0000, 0x0000, 0x0000, 0x0000, 0x0000, 0x0000, 0x0000,
    0x0000, 0x0000, 0x0000, 0x0000, 0x0000, 0x0000, 0x0000, 0x0000, 0x0000, 0x0000, 0x0000, 0x0000, 0x0000, 0x0000, 0x0000, 0x2807,
    0x3008, 0x0801, 0x0000, 0x0000, 0x0000, 0x0000, 0x0000, 0x0000, 0x0000, 0x0000, 0x0000, 0x312D, 0x1065, 0x0000, 0x0000, 0x1805,
    0x0000, 0x0000, 0x0000, 0x1021, 0xC2B7, 0xC37A, 0xBB59, 0xC37A, 0xC379, 0xC359, 0xC399, 0xC379, 0xC39A, 0xC379, 0xC379, 0xC379,
    0xC359, 0xC359, 0xC37A, 0xC339, 0xD37A, 0x8316, 0x496D, 0xCB9A, 0xBB59, 0xC379, 0xC379, 0xC37A, 0xC379, 0xC379, 0xC359, 0xC379,
    0xC359, 0xC339, 0xC339, 0xC339, 0xC35A, 0xC339, 0xDB9B, 0x8AD5, 0x596E, 0xDBDC, 0xCB9A, 0xCB79, 0xCB59, 0xCB79, 0xCB59, 0xCB5A,
    0xCB7A, 0xCB7A, 0xCB59, 0xCB39, 0xCB39, 0xCB59, 0xCB5A, 0xCB39, 0xDBBB, 0x494D, 0xA274, 0xDB9C, 0xD37A, 0xD35A, 0xD35A, 0xD35A,
    0xD33A, 0xCB5A, 0xD33A, 0xD33A, 0xD359, 0xD33A, 0xD35A, 0xD35A, 0xD33A, 0xDB3A, 0xBB18, 0x38E9, 0xD39A, 0xD37A, 0xD37A, 0xD35A,
    0xD35A, 0xD359, 0xD35A, 0xD37A, 0xD37A, 0xD37A, 0xD35A, 0xDB3A, 0xD33A, 0xDB3A, 0xD31A, 0xEB9D, 0x592C, 0x9A53, 0xEB9C, 0xDB59,
    0xDB5A, 0xDB3A, 0xE33A, 0xE33A, 0xE35A, 0xE33A, 0xE33A, 0xE35B, 0xEB9B, 0xEB9A, 0xEB9A, 0xEB7A, 0xFC1D, 0xB376, 0x794F, 0xFB7D,
    0xEB5B, 0xF39B, 0xF3DC, 0xFBDC, 0xFC1C, 0xFC5C, 0xFCBC, 0xFCBD, 0xFCDD, 0xFD1D, 0xFD5D, 0xFD7D, 0xFDBD, 0xFDDD, 0xFE9E, 0x71CE,
    0xE013, 0xF835, 0xF814, 0xF834, 0xF834, 0xF834, 0xF834, 0xF834, 0xF834, 0xF834, 0xF834, 0xF834, 0xF814, 0xF834, 0xF814, 0xF835,
    0xD812, 0x50EA, 0xF5DD, 0xFD7D, 0xFD9D, 0xFD5D, 0xFD3D, 0xFCFD, 0xFCFD, 0xFD1D, 0xFCBD, 0xFC7C, 0xFC5C, 0xFC5C, 0xFC1C, 0xF41C,
    0xF3DB, 0xFBFC, 0xD317, 0x616C, 0xF3FD, 0xE37A, 0xE39A, 0xE39A, 0xE37A, 0xDB7A, 0xDB5A, 0xDB7A, 0xDB5A, 0xDB5A, 0xD37A, 0xD37A,
    0xD33A, 0xD33A, 0xCB39, 0xDBBC, 0x61AE, 0x7211, 0xDBDC, 0xBB59, 0xC379, 0xC379, 0xC379, 0xC359, 0xBB99, 0xBB79, 0xBB79, 0xBB79,
    0xBB7A, 0xBB79, 0xBB59, 0xBB79, 0xB358, 0xC3FB, 0x620F, 0x4AB1, 0xC3FC, 0xAB99, 0xABD9, 0xABB9, 0xAB99, 0xABB9, 0xABB9, 0xAB99,
    0xAB79, 0xAB79, 0xABB9, 0xAB99, 0xAB99, 0xAB99, 0xAB99, 0xA399, 0xA378, 0x19AB, 0x7C58, 0xB379, 0xA399, 0xA3B9, 0xA379, 0xA399,
    0xA3B9, 0xAB99, 0xA3D9, 0xABB9, 0xA3D9, 0xA3B9, 0xAB99, 0xA3B9, 0xA399, 0xA398, 0xB41A, 0x5A2F, 0x2AF0, 0xAC3B, 0x9B98, 0x9BD8,
    0x9BB9, 0x9BD9, 0x9BD9, 0x9BD9, 0x9BD9, 0x9BD9, 0x9BF9, 0xA3D9, 0xA3D9, 0x9BD9, 0x9BB9, 0x9BB9, 0x93F9, 0x18E5, 0x0000, 0x0000,
    0x0022, 0x0022, 0x0000, 0x00A3, 0x0A6C, 0x0000, 0x0000, 0x0000, 0x0000, 0x0000, 0x0000, 0x0000, 0x0000, 0x0000, 0x0000, 0x2807,
    0x3029, 0x0001, 0x0000, 0x0000, 0x0000, 0x0000, 0x0000, 0x0000, 0x0000, 0x0000, 0x0000, 0x0000, 0x0000, 0x0000, 0x0000, 0x0000,
    0x0000, 0x0000, 0x0000, 0x0000, 0x0000, 0x0000, 0x0000, 0x0000, 0x0000, 0x0000, 0x0000, 0x0000, 0x0000, 0x0801, 0x3009, 0x2006,
    0x0000, 0x0000, 0x0000, 0x0000, 0x0000, 0x0000, 0x0000, 0x0000, 0x0000, 0x0000, 0x28CB, 0x20E9, 0x0000, 0x0000, 0x2806, 0x1803,
    0x0000, 0x0000, 0x0000, 0x81EF, 0xCBDB, 0xBB99, 0xC399, 0xBBB9, 0xBBB9, 0xBB99, 0xBBB9, 0xBBB9, 0xBBB9, 0xBBB9, 0xBBB9, 0xBBD9,
    0xBBB9, 0xBBB9, 0xBBB9, 0xC3B9, 0xBBFA, 0x39AE, 0xB357, 0xC3DA, 0xBBD9, 0xC3D9, 0xC3D9, 0xC3D9, 0xC3B9, 0xC3D9, 0xC3D9, 0xC3B9,
    0xC3B9, 0xC3B9, 0xC3B9, 0xC3D9, 0xC3DA, 0xC3D9, 0xC3FA, 0x414E, 0xBB78, 0xCC1B, 0xC3FA, 0xC3DA, 0xC3D9, 0xC3D9, 0xC3B9, 0xC3BA,
    0xC3B9, 0xC3D9, 0xC3B9, 0xC3B9, 0xCB99, 0xC3DA, 0xC3D9, 0xD3FA, 0x9AF6, 0x494D, 0xDBFB, 0xCBDA, 0xCBDA, 0xCBBA, 0xCBBA, 0xCBBA,
    0xCBBA, 0xCBBA, 0xCBBA, 0xCBB9, 0xCBB9, 0xCBB9, 0xCBBA, 0xCBBA, 0xCBB9, 0xDBFC, 0x8211, 0x69CE, 0xE43C, 0xCBB9, 0xCBDA, 0xCBDA,
    0xCBD9, 0xCBB9, 0xCBB9, 0xCBB9, 0xCBB9, 0xCBB9, 0xD3BA, 0xD39A, 0xCBBA, 0xCBBA, 0xCBDA, 0xD39B, 0x40CA, 0xC357, 0xDBDB, 0xD3BA,
    0xD3BA, 0xDBBA, 0xDBBA, 0xDBBA, 0xDBBA, 0xDBBA, 0xDBBA, 0xDBBA, 0xE3BA, 0xE3BA, 0xEBBB, 0xEBBB, 0xFC5D, 0x89D2, 0x89B0, 0xFC3D,
    0xEBDB, 0xF3FB, 0xF41B, 0xF43C, 0xFC5C, 0xFC9C, 0xFCDC, 0xFCFD, 0xFD1D, 0xFD7D, 0xFD9D, 0xFDDD, 0xFDFD, 0xFE3D, 0xFEBE, 0x71EE,
    0xD813, 0xF835, 0xF814, 0xF834, 0xF834, 0xF835, 0xF835, 0xF834, 0xF834, 0xF834, 0xF814, 0xF834, 0xF834, 0xF834, 0xF834, 0xF835,
    0xE813, 0x58EB, 0xE61C, 0xFD9D, 0xFDBD, 0xFD9D, 0xFD7D, 0xFD3D, 0xFD3D, 0xFD3D, 0xFCFD, 0xFCBD, 0xFC9C, 0xFC7C, 0xF45C, 0xF43C,
    0xF3FB, 0xF3FB, 0xEBBA, 0x48A9, 0xDB5A, 0xEBBB, 0xE3BB, 0xE3BB, 0xDB9A, 0xDBBA, 0xDBBA, 0xDBDA, 0xD3BA, 0xD3BA, 0xD3BA, 0xD3BA,
    0xCBBA, 0xCBBA, 0xC399, 0xD3FB, 0x9AF4, 0x59AE, 0xD41C, 0xBBD9, 0xC3D9, 0xC3D9, 0xBBD9, 0xBBB9, 0xBBD9, 0xBBD9, 0xBBD9, 0xBBD9,
    0xB3D9, 0xBBD9, 0xB3D9, 0xB3B9, 0xB3B9, 0xB3F9, 0xA356, 0x21CB, 0xA45A, 0xB3D9, 0xABF9, 0xABF9, 0xABF9, 0xABF9, 0xA3F9, 0xA3F9,
    0xA3F9, 0xABD9, 0xA3D9, 0xA3D9, 0xA3F9, 0xA3D9, 0xA3D8, 0xA3B8, 0xAC1A, 0x6250, 0x3331, 0xBC5B, 0x9BD8, 0xA3F9, 0xA3D9, 0xA3F9,
    0xA3F9, 0xA3F9, 0xA3F9, 0xA3F9, 0xA3F9, 0xA3F9, 0xA3F9, 0xA3F9, 0xA3F9, 0xA3F9, 0xA3F9, 0x9BB8, 0x21EB, 0x7478, 0xA3F9, 0x9418,
    0x9C19, 0x9C19, 0x9C19, 0x9C19, 0x9C19, 0x9C19, 0x9C19, 0x9C19, 0x9C19, 0x9C19, 0x9C19, 0x93F8, 0x9C3A, 0x7B95, 0x0041, 0x0000,
    0x0000, 0x0023, 0x0002, 0x0000, 0x0946, 0x09A8, 0x0000, 0x0000, 0x0000, 0x0000, 0x0000, 0x0000, 0x0000, 0x0000, 0x0000, 0x0000,
    0x1004, 0x300A, 0x1003, 0x0000, 0x0000, 0x0000, 0x0000, 0x0000, 0x0000, 0x0000, 0x0000, 0x0000, 0x0000, 0x0000, 0x0000, 0x0000,
    0x0000, 0x0000, 0x0000, 0x0000, 0x0000, 0x0000, 0x0000, 0x0000, 0x0000, 0x0000, 0x0000, 0x0000, 0x1004, 0x380A, 0x1004, 0x0000,
    0x0000, 0x0000, 0x0000, 0x0000, 0x0000, 0x0000, 0x0000, 0x0000, 0x0000, 0x1887, 0x41D3, 0x0001, 0x0000, 0x1004, 0x3006, 0x0000,
    0x0000, 0x0000, 0x48A8, 0xCB9A, 0xBBD9, 0xBBB9, 0xC3B9, 0xBBD9, 0xBBD9, 0xBBD9, 0xBBB9, 0xBBB9, 0xBBB9, 0xBBB9, 0xBBB9, 0xBBB9,
    0xBBD9, 0xBBD9, 0xBBD9, 0xD43B, 0x6272, 0x7272, 0xCC1B, 0xBBD9, 0xBBD9, 0xC3D9, 0xBBD9, 0xBBD9, 0xBBD9, 0xC3D9, 0xC3D9, 0xC3D9,
    0xC3D9, 0xC3D9, 0xC3D9, 0xC3F9, 0xBBD9, 0xD43B, 0x7A94, 0x69F0, 0xD41B, 0xC3D9, 0xC3FA, 0xC3FA, 0xC3F9, 0xC3D9, 0xC3D9, 0xC3D9,
    0xC3D9, 0xC3D9, 0xC3D9, 0xC3D9, 0xC3D9, 0xC3D9, 0xC3B9, 0xDC3B, 0x518F, 0x8A72, 0xDC3B, 0xCBDA, 0xCBDA, 0xCBDA, 0xCBDA, 0xCBDA,
    0xCBDA, 0xCBDA, 0xCBB9, 0xCBB9, 0xCBB9, 0xCBB9, 0xCBBA, 0xCBBA, 0xCBD9, 0xDC1B, 0x510C, 0x9AD4, 0xD41B, 0xCBD9, 0xCBFA, 0xCBFA,
    0xCBFA, 0xCBDA, 0xCBD9, 0xCBB9, 0xCBB9, 0xCBB9, 0xCBB9, 0xCBDA, 0xCBDA, 0xCBB9, 0xD41A, 0xBB58, 0x50EB, 0xDBFA, 0xD3DA, 0xD3DA,
    0xD3DA, 0xD3BA, 0xD3BA, 0xDBBA, 0xDBBA, 0xDBBA, 0xDBDA, 0xDBBA, 0xDBBA, 0xE3BA, 0xEBDA, 0xE3BA, 0xFC5D, 0x61AE, 0x9A32, 0xFC7D,
    0xEBFB, 0xF3FB, 0xF41C, 0xF45C, 0xFC5C, 0xFCBC, 0xFD1C, 0xFD1C, 0xFD3C, 0xFD7D, 0xFD9D, 0xFDBD, 0xFDFD, 0xFE3D, 0xFEDE, 0x71EE,
    0xD813, 0xF835, 0xF814, 0xF814, 0xF834, 0xF834, 0xF834, 0xF834, 0xF834, 0xF834, 0xF834, 0xF834, 0xF814, 0xF834, 0xF834, 0xF834,
    0xF014, 0x60CA, 0xDDFB, 0xFDDD, 0xFDBD, 0xFD9D, 0xFD7D, 0xFD3D, 0xFD3D, 0xFD3D, 0xFCFD, 0xFCDD, 0xFCBC, 0xFC9C, 0xF45C, 0xF43C,
    0xF41B, 0xF3FB, 0xF43C, 0x612C, 0xC317, 0xEBFC, 0xE3BA, 0xE3BA, 0xE3BB, 0xDBDA, 0xDBDA, 0xDBDA, 0xDBDA, 0xD3BA, 0xD3BA, 0xCBBA,
    0xCBB9, 0xCBBA, 0xC3D9, 0xCBFA, 0xC3B8, 0x392B, 0xC3DA, 0xC3D9, 0xBBD9, 0xBBD9, 0xBBD9, 0xBBD9, 0xBBF9, 0xBBF9, 0xBBD9, 0xB3F9,
    0xB3F9, 0xB3F9, 0xB3F9, 0xB3F9, 0xB3F9, 0xB3F9, 0xBC1A, 0x39AB, 0x7BD6, 0xBC3A, 0xA3F9, 0xABF9, 0xABF9, 0xABF9, 0xA3F9, 0xA3F9,
    0xA3F9, 0xA3F9, 0xA3F9, 0xA3F9, 0xA3F9, 0xA3D8, 0xA3D8, 0xA3D8, 0xA3F9, 0x9B97, 0x1A0C, 0x8C79, 0xABD9, 0x9BF8, 0xA3D9, 0xA3F9,
    0xA3F9, 0xA3F9, 0xA3F9, 0xA3F9, 0xA3F9, 0xA3F9, 0xA3F9, 0xA419, 0xA3F9, 0xA3F9, 0x9BF8, 0xA43A, 0x6271, 0x2AF0, 0xA4BB, 0x93F8,
    0x9C39, 0x9C19, 0x9C19, 0x9C39, 0x9C39, 0x9C19, 0x9419, 0x9C39, 0x9C19, 0x9C19, 0x9419, 0x9419, 0x93F8, 0xA47A, 0x422C, 0x0000,
    0x0000, 0x0001, 0x0044, 0x0000, 0x0000, 0x0A2B, 0x0105, 0x0000, 0x0000, 0x0000, 0x0000, 0x0000, 0x0000, 0x0000, 0x0000, 0x0000,
    0x0000, 0x0802, 0x380A, 0x2005, 0x0000, 0x0000, 0x0000, 0x0000, 0x0000, 0x0000, 0x0000, 0x0000, 0x0000, 0x0000, 0x0000, 0x0000,
    0x0000, 0x0000, 0x0000, 0x0000, 0x0000, 0x0000, 0x0000, 0x0000, 0x0000, 0x0000, 0x0000, 0x2006, 0x3009, 0x0001, 0x0000, 0x0000,
    0x0000, 0x0000, 0x0000, 0x0000, 0x0000, 0x0000, 0x0000, 0x0000, 0x0021, 0x2A30, 0x0062, 0x0000, 0x0001, 0x3007, 0x0000, 0x0000,
    0x0000, 0x1022, 0xBAD7, 0xC3DA, 0xBBB9, 0xC3D9, 0xC3D9, 0xBBD9, 0xBBD9, 0xBBD9, 0xBBD9, 0xBBB9, 0xBBB9, 0xBBB9, 0xBBB9, 0xBBB9,
    0xBBD9, 0xBBD9, 0xC3FA, 0xA3B8, 0x418D, 0xC3D9, 0xC3D9, 0xBBF9, 0xBBD9, 0xBBD9, 0xBBD9, 0xBBD9, 0xBBD9, 0xBBD9, 0xC3D9, 0xC3D9,
    0xC3D9, 0xC3D9, 0xC3F9, 0xC3F9, 0xBBF9, 0xC41A, 0x414D, 0xB378, 0xCBFA, 0xC3F9, 0xC3F9, 0xC3F9, 0xC3F9, 0xC3F9, 0xC3F9, 0xC3F9,
    0xC3F9, 0xC3F9, 0xC3D9, 0xC3D9, 0xC3D9, 0xC3D9, 0xCBFA, 0xB399, 0x390C, 0xD3FA, 0xCBFA, 0xCBFA, 0xCBDA, 0xCBDA, 0xCBDA, 0xCBDA,
    0xCBDA, 0xCBB9, 0xCBD9, 0xCBD9, 0xCBD9, 0xCBD9, 0xCBD9, 0xCBD9, 0xD41A, 0xBBB9, 0x410B, 0xCBDA, 0xCBFA, 0xCBFA, 0xCBFA, 0xCBFA,
    0xCBFA, 0xCBDA, 0xCBD9, 0xCBD9, 0xCBD9, 0xCBDA, 0xCBDA, 0xCBDA, 0xCBDA, 0xCBD9, 0xDC3B, 0x92B4, 0x594D, 0xE43C, 0xD3DA, 0xD3DA,
    0xD3DA, 0xD3DA, 0xD3DA, 0xDBDA, 0xDBDA, 0xDBDA, 0xDBDA, 0xDBBA, 0xDBBA, 0xE3BA, 0xE3DA, 0xE3BA, 0xFC5D, 0x594C, 0xB2D5, 0xF45D,
    0xEC1B, 0xEC1B, 0xF43C, 0xF43C, 0xFC5C, 0xFCBC, 0xFD1C, 0xFD1C, 0xFD3C, 0xFD7D, 0xFD7D, 0xFDBD, 0xFE1D, 0xFE1D, 0xFE9E, 0x69CE,
    0xD813, 0xF834, 0xF814, 0xF834, 0xF814, 0xF834, 0xF834, 0xF834, 0xF834, 0xF834, 0xF834, 0xF814, 0xF814, 0xF834, 0xF814, 0xF814,
    0xF815, 0x5848, 0xDD59, 0xFDFE, 0xFD9D, 0xFD9D, 0xFD7D, 0xFD5D, 0xFD3D, 0xFD3D, 0xFCFD, 0xFCDC, 0xFCDC, 0xFC9C, 0xF45C, 0xF43B,
    0xF43B, 0xEC1B, 0xFC7D, 0x79CF, 0x9A92, 0xF43C, 0xDB7A, 0xE3BA, 0xE3DB, 0xDBDA, 0xDBDA, 0xDBDA, 0xD3DA, 0xD3DA, 0xD3BA, 0xCBBA,
    0xCBB9, 0xCBD9, 0xC3F9, 0xC3D9, 0xD3FA, 0x49AC, 0x9B36, 0xCC1A, 0xBBF9, 0xBBF9, 0xBBF9, 0xBBF9, 0xBBF9, 0xBBF9, 0xB3F9, 0xB3F9,
    0xB3F9, 0xB3F9, 0xB3F9, 0xB3F9, 0xB3F9, 0xABD9, 0xBC3B, 0x7A92, 0x3AAF, 0xBCDC, 0xA3F9, 0xAC19, 0xA3F9, 0xABF9, 0xA3F9, 0xA3F9,
    0xA3F9, 0xA3F9, 0xA3F9, 0xA3F9, 0xA3F9, 0xA3F8, 0xA3F9, 0xA3F8, 0x9BF8, 0xB45B, 0x522E, 0x4393, 0xB47A, 0x9BD8, 0xA3F9, 0xA3F9,
    0xA3F9, 0xA3F9, 0xA3F9, 0xA3F9, 0xA3F9, 0xA3F9, 0xA3F9, 0xA419, 0xA3F9, 0xA419, 0xA3F9, 0x9BF8, 0xA3F9, 0x2A2D, 0x7498, 0xAC3A,
    0x9419, 0x9C19, 0x9439, 0x9C39, 0x9C39, 0x9C19, 0x9439, 0x9439, 0x9419, 0x9439, 0x9439, 0x9439, 0x9439, 0x9438, 0x8C59, 0x10E5,
    0x0000, 0x0000, 0x0021, 0x0022, 0x0000, 0x0021, 0x026C, 0x0061, 0x0000, 0x0000, 0x0000, 0x0000, 0x0000, 0x0000, 0x0000, 0x0000,
    0x0000, 0x0000, 0x0000, 0x2006, 0x2807, 0x0000, 0x0000, 0x0000, 0x0000, 0x0000, 0x0000, 0x0000, 0x0000, 0x0000, 0x0000, 0x0000,
    0x2006, 0x2006, 0x2006, 0x2006, 0x2006, 0x2006, 0x2006, 0x2006, 0x2006, 0x2006, 0x3009, 0x480D, 0x2807, 0x2807, 0x2006, 0x2006,
    0x2006, 0x2006, 0x1004, 0x1004, 0x0802, 0x0001, 0x0001, 0x0020, 0x4310, 0x314B, 0x1805, 0x3007, 0x500C, 0x0802, 0x0000, 0x0000,
    0x0000, 0x91D0, 0xCBDB, 0xBBD9, 0xBBD9, 0xBBD9, 0xBBD9, 0xBBD9, 0xBBD9, 0xBBD9, 0xBBD9, 0xBBD9, 0xBBB9, 0xBBB9, 0xBBD9, 0xBBD9,
    0xBBD9, 0xBBD9, 0xCC7B, 0x4230, 0x92F4, 0xCC3B, 0xBBF9, 0xBBF9, 0xBBF9, 0xBBD9, 0xBBD9, 0xBBD9, 0xBBD9, 0xBBD9, 0xBBD9, 0xBBD9,
    0xBBD9, 0xBBD9, 0xBBD9, 0xBBD9, 0xCC3B, 0x7292, 0x61F0, 0xD43B, 0xC3F9, 0xC3F9, 0xC3F9, 0xC3F9, 0xC3F9, 0xC3F9, 0xC3F9, 0xC3F9,
    0xC3F9, 0xC3F9, 0xC3D9, 0xC3D9, 0xC3D9, 0xC3D9, 0xD43B, 0x6A72, 0x6A0F, 0xDC3B, 0xC3F9, 0xCBFA, 0xCBD9, 0xCBD9, 0xCBD9, 0xCBD9,
    0xCBD9, 0xCBD9, 0xCBD9, 0xCBD9, 0xCBD9, 0xCBD9, 0xCBD9, 0xC3D9, 0xDC5B, 0x82B3, 0x69AF, 0xD3FB, 0xC3D9, 0xCBFA, 0xCBFA, 0xCBFA,
    0xCBFA, 0xCBF9, 0xCBDA, 0xCBDA, 0xCBD9, 0xCBD9, 0xCBD9, 0xCBDA, 0xCBFA, 0xCBD9, 0xDC5B, 0x6990, 0x81F0, 0xE41C, 0xCBDA, 0xD3DA,
    0xD3FA, 0xD3DA, 0xD3DA, 0xD3DA, 0xDBDA, 0xDBDA, 0xDBDA, 0xDBBA, 0xDBBA, 0xE3BA, 0xE3BA, 0xE39A, 0xEBDC, 0x50AB, 0xC317, 0xF3FC,
    0xEBFB, 0xEC1B, 0xF43B, 0xF45C, 0xFC7C, 0xFC9C, 0xFCFC, 0xFCDC, 0xFD1C, 0xFD7C, 0xFD7D, 0xFD9D, 0xFDFD, 0xFDFD, 0xFE7D, 0x61ED,
    0xD834, 0xF814, 0xF814, 0xF814, 0xF814, 0xF834, 0xF814, 0xF834, 0xF834, 0xF834, 0xF814, 0xF814, 0xF834, 0xF834, 0xF834, 0xF034,
    0xF814, 0x702A, 0xDD3A, 0xFDDE, 0xFD7D, 0xFD7D, 0xFD7D, 0xFD5D, 0xFD1C, 0xFCFC, 0xFCDC, 0xFCBC, 0xFCBC, 0xF47C, 0xF45C, 0xF41B,
    0xF43B, 0xEC1B, 0xFC1D, 0x9251, 0x71AE, 0xF43C, 0xDB79, 0xE3BA, 0xDBBA, 0xDBDA, 0xDBDA, 0xD3DA, 0xD3DA, 0xD3BA, 0xD3D9, 0xCBD9,
    0xCBD9, 0xCBD9, 0xC3D9, 0xC3D9, 0xCBFB, 0x7250, 0x62B1, 0xD47B, 0xB3F9, 0xBBF9, 0xBBF9, 0xBBF9, 0xBBF9, 0xB3F9, 0xB3F9, 0xB3F9,
    0xB3F9, 0xB3F9, 0xB3F9, 0xB3F9, 0xB3F9, 0xABD9, 0xABF9, 0xA397, 0x220C, 0x9CBA, 0xABF9, 0xA419, 0xA419, 0xA419, 0xA419, 0xA419,
    0xA419, 0xA419, 0xA3F9, 0xA419, 0xA419, 0xA3F8, 0xA3F9, 0xA3F8, 0x9BF8, 0xA419, 0x8B55, 0x1A4C, 0x94BA, 0xA3D8, 0xA419, 0xA419,
    0xA419, 0xA419, 0xA419, 0xA419, 0xA419, 0xA419, 0xA419, 0xA419, 0xA419, 0x9C19, 0xA419, 0x9C18, 0xA43A, 0x7353, 0x2350, 0xA4FB,
    0x9C18, 0x9C39, 0x9439, 0x9439, 0x9439, 0x9439, 0x9439, 0x9439, 0x9439, 0x9439, 0x9439, 0x9458, 0x9439, 0x9438, 0x9C7A, 0x63B3,
    0x0020, 0x0000, 0x0000, 0x00A4, 0x08C6, 0x0822, 0x0968, 0x032F, 0x0020, 0x0001, 0x0001, 0x0802, 0x1004, 0x1805, 0x1805, 0x2005,
    0x2006, 0x2006, 0x2006, 0x2006, 0x400D, 0x380B, 0x2007, 0x2006, 0x2006, 0x2006, 0x2006, 0x2006, 0x2006, 0x2006, 0x2006, 0x2006,
    0x1003, 0x1003, 0x1003, 0x1003, 0x1003, 0x1003, 0x1003, 0x0802, 0x2807, 0x400C, 0x1804, 0x0802, 0x1003, 0x1003, 0x1003, 0x1003,
    0x1003, 0x1003, 0x0802, 0x0802, 0x0001, 0x0000, 0x0000, 0x10C4, 0x6B94, 0x0802, 0x1003, 0x2806, 0x2805, 0x0000, 0x0000, 0x0000,
    0x50C8, 0xD35A, 0xBBB9, 0xBBD9, 0xBBF9, 0xBBF9, 0xBBF9, 0xBBD9, 0xBBF9, 0xBBF9, 0xBBD9, 0xBBD9, 0xBBD9, 0xBBD9, 0xBBD9, 0xBBD9,
    0xB3D9, 0xCC3A, 0x83D7, 0x49EF, 0xCC1A, 0xBC19, 0xC419, 0xBBF9, 0xBBF9, 0xBBF9, 0xBBF9, 0xBBD9, 0xBBD9, 0xBBD9, 0xBBD9, 0xBBD9,
    0xBBD9, 0xBBD9, 0xBBF9, 0xBBD9, 0xBBFA, 0x316C, 0xB398, 0xC41A, 0xC3F9, 0xC3F9, 0xC3F9, 0xC3F9, 0xC3F9, 0xC3F9, 0xC3F9, 0xC3F9,
    0xC3F9, 0xC3F9, 0xC3F9, 0xC3F9, 0xC3F9, 0xC3F9, 0xCC5B, 0x396C, 0xBB77, 0xCBFA, 0xC3D9, 0xC3F9, 0xCBD9, 0xCBDA, 0xCBD9, 0xCBD9,
    0xCBD9, 0xC3D9, 0xC3D9, 0xC3D9, 0xC3D9, 0xCBD9, 0xCBF9, 0xC3B9, 0xDC7C, 0x518D, 0x9AB4, 0xCBFB, 0xC3D9, 0xCBFA, 0xCC1A, 0xCC1A,
    0xCBFA, 0xCBF9, 0xCBF9, 0xCBF9, 0xCBF9, 0xCBF9, 0xCBF9, 0xCBD9, 0xCBF9, 0xCBD9, 0xDC7B, 0x490C, 0xAAD5, 0xDC1B, 0xCBFA, 0xD3FA,
    0xD3FA, 0xD3FA, 0xD3FA, 0xD3FA, 0xDBFA, 0xDBDA, 0xDBDA, 0xDBDA, 0xDBDA, 0xE3DA, 0xE3BA, 0xE3BA, 0xDB7A, 0x60ED, 0xE3BB, 0xEBFB,
    0xEBDB, 0xEC1B, 0xF41B, 0xF45C, 0xFC7C, 0xFC9C, 0xFCDC, 0xFCDC, 0xFD1C, 0xFD5C, 0xFD5C, 0xFD7C, 0xFDBD, 0xFDDD, 0xFE9E, 0x720E,
    0xD874, 0xF834, 0xF834, 0xF834, 0xF834, 0xF834, 0xF834, 0xF834, 0xF834, 0xF834, 0xF834, 0xF834, 0xF834, 0xF834, 0xF834, 0xF034,
    0xF835, 0x900C, 0xD478, 0xFE1E, 0xFD9D, 0xFD7D, 0xFD7D, 0xFD5D, 0xFD1C, 0xFCFC, 0xFCBC, 0xFCBC, 0xFC9C, 0xFC7C, 0xF43C, 0xF3FB,
    0xF41B, 0xEC1B, 0xF3FC, 0xBB16, 0x694E, 0xEC3C, 0xDB99, 0xDBBA, 0xDBBA, 0xDBBA, 0xD3D9, 0xD3DA, 0xD3B9, 0xD3B9, 0xD3D9, 0xCBD9,
    0xCBD9, 0xCBD9, 0xC3F9, 0xC3D9, 0xC3FA, 0xAB56, 0x424F, 0xC47B, 0xB3D8, 0xBBF9, 0xBBF9, 0xBBF9, 0xB3F9, 0xB3F9, 0xB3F9, 0xB419,
    0xB419, 0xB3F9, 0xB3F9, 0xB3F9, 0xABF9, 0xABD9, 0xABD8, 0xBC1A, 0x4A4E, 0x6B94, 0xB43A, 0xA419, 0xA419, 0xA419, 0xA419, 0xA419,
    0xA419, 0xA419, 0xA419, 0xA419, 0xA419, 0xA419, 0xA419, 0x9C19, 0x9BF9, 0x9BF8, 0xAC3A, 0x39ED, 0x5C15, 0xAC3A, 0x9C19, 0xA419,
    0xA439, 0xA419, 0x9C39, 0x9C39, 0xA419, 0xA419, 0xA419, 0x9C39, 0x9C39, 0x9C39, 0x9C39, 0x9C39, 0x9C18, 0xA459, 0x324D, 0x44B7,
    0xA459, 0x9438, 0x9439, 0x9439, 0x9459, 0x9459, 0x9459, 0x9459, 0x8C59, 0x9459, 0x8C79, 0x8C79, 0x9479, 0x8C59, 0x8C18, 0x949A,
    0x2A6C, 0x0000, 0x0000, 0x0042, 0x0085, 0x0021, 0x0021, 0x03F2, 0x00A3, 0x0000, 0x0000, 0x0001, 0x0802, 0x0802, 0x0802, 0x0802,
    0x1003, 0x1003, 0x1003, 0x1003, 0x0802, 0x1003, 0x380C, 0x2809, 0x0802, 0x1003, 0x1003, 0x1003, 0x1003, 0x1003, 0x1003, 0x1003,
    0x0000, 0x0000, 0x0000, 0x0000, 0x0000, 0x0000, 0x0000, 0x2005, 0x3009, 0x0801, 0x0000, 0x0000, 0x0000, 0x0000, 0x0000, 0x0000,
    0x0000, 0x0000, 0x0000, 0x0000, 0x0000, 0x0000, 0x0000, 0x1883, 0x6A71, 0x0000, 0x0000, 0x0000, 0x0001, 0x0000, 0x0000, 0x2043,
    0xBA76, 0xBB99, 0xBB98, 0xBBB9, 0xC3D9, 0xC3D9, 0xC3D9, 0xBBD9, 0xB3F8, 0xBBD9, 0xBBD8, 0xBBD9, 0xBBD9, 0xBBD9, 0xBBD9, 0xBBB9,
    0xBBB9, 0xBC7A, 0x4272, 0xB357, 0xCC1A, 0xBBF9, 0xC3F9, 0xC3D9, 0xC3D9, 0xC3F9, 0xBBF9, 0xBBD9, 0xBBD9, 0xBBD9, 0xBBB9, 0xBBB9,
    0xBBB9, 0xBBD9, 0xBBD9, 0xD4BB, 0x7354, 0x6A51, 0xD3FB, 0xBBF9, 0xC3F9, 0xC3D9, 0xC3D9, 0xC3D9, 0xC3D9, 0xC3D9, 0xC3D9, 0xC3D9,
    0xC3F9, 0xC3F9, 0xC3F9, 0xC3D9, 0xC3B9, 0xDC5B, 0x8397, 0x6A70, 0xD41A, 0xC3D9, 0xC3D9, 0xCBD9, 0xCBD9, 0xCBD9, 0xCBD9, 0xC3D9,
    0xC3D9, 0xCBD9, 0xC3D9, 0xCBD9, 0xC3B9, 0xCBB9, 0xCBD9, 0xD3FA, 0xBC1A, 0x51AD, 0xD3FA, 0xC3D9, 0xC3B9, 0xCBD9, 0xCBF9, 0xCBF9,
    0xCBF9, 0xCBF9, 0xCBD9, 0xCBD9, 0xCBD9, 0xCBD9, 0xCBD9, 0xCBD9, 0xCBB9, 0xCBD9, 0xC3FA, 0x514C, 0xCBD9, 0xCBFA, 0xCBF9, 0xD3DA,
    0xD3D9, 0xD3DA, 0xD3FA, 0xD3DA, 0xDBDA, 0xDBDA, 0xDBBA, 0xDBB9, 0xDBB9, 0xDBBA, 0xDBBA, 0xE3DA, 0xCBD9, 0x618D, 0xF47C, 0xEBDA,
    0xEBDB, 0xEBDB, 0xF3DB, 0xF41C, 0xFC5C, 0xFC9C, 0xFCFC, 0xFCFC, 0xFCFC, 0xF53C, 0xFD3C, 0xF55C, 0xFD9D, 0xFDBD, 0xFEDE, 0x722E,
    0xE155, 0xF813, 0xF013, 0xF013, 0xF813, 0xF813, 0xF813, 0xF813, 0xF813, 0xF813, 0xF813, 0xF813, 0xF813, 0xF813, 0xF013, 0xF013,
    0xF855, 0x986E, 0x9BD3, 0xFE7F, 0xF57C, 0xFD7C, 0xFD3C, 0xF51C, 0xF51C, 0xFCDC, 0xFCBC, 0xFC9C, 0xFC7B, 0xFC5B, 0xF41B, 0xF3DB,
    0xEBFB, 0xEBFB, 0xEBFB, 0xE41A, 0x69AF, 0xE45B, 0xDBBA, 0xDB9A, 0xDB9A, 0xDB99, 0xD399, 0xD3B9, 0xD3B9, 0xD3BA, 0xD3D9, 0xCBB9,
    0xCBD9, 0xC3D9, 0xC3D9, 0xC3D9, 0xC3F9, 0xCC39, 0x422E, 0xAC79, 0xC3B9, 0xBBD9, 0xBBF9, 0xBBF9, 0xBBF9, 0xB3D9, 0xB3F9, 0xB3F9,
    0xB3F9, 0xB3D9, 0xB3D9, 0xB3D8, 0xB3D9, 0xB3D9, 0xB3D8, 0xBC1A, 0x8B34, 0x3A6E, 0xBCBB, 0xA3F8, 0xA419, 0xAC19, 0xAC19, 0xAC19,
    0xA419, 0xA3F9, 0xA3F9, 0xA3F8, 0xA3F8, 0xA3F9, 0xA3F9, 0xA3F8, 0xA3D8, 0xA3F8, 0xAC3A, 0x8B55, 0x2B30, 0xA51C, 0xABF8, 0xAC19,
    0xA3F9, 0xA3F9, 0xA3F8, 0xA3F8, 0xA419, 0xA419, 0xA419, 0xA419, 0xA439, 0xA419, 0xA419, 0xA419, 0xA439, 0xA459, 0x8B95, 0x2330,
    0x8D1B, 0xA3F8, 0x9438, 0x9C38, 0x9C19, 0x9C39, 0x9C59, 0x9439, 0x9439, 0x9438, 0x9459, 0x9459, 0x9438, 0x9438, 0x9418, 0x9C39,
    0x7C78, 0x0905, 0x0000, 0x0021, 0x0021, 0x0000, 0x0000, 0x032E, 0x0082, 0x0000, 0x0000, 0x0000, 0x0000, 0x0000, 0x0000, 0x0000,
    0x0000, 0x0000, 0x0000, 0x0000, 0x0000, 0x0000, 0x0000, 0x2807, 0x2006, 0x0000, 0x0000, 0x0000, 0x0000, 0x0000, 0x0000, 0x0000,
    0x0000, 0x0000, 0x0000, 0x0000, 0x0000, 0x0000, 0x3009, 0x3008, 0x0000, 0x0000, 0x0000, 0x0000, 0x0000, 0x0000, 0x0000, 0x0000,
    0x0000, 0x0000, 0x0000, 0x0000, 0x0000, 0x0000, 0x0000, 0x1083, 0x6251, 0x0000, 0x0000, 0x0802, 0x0801, 0x0000, 0x0000, 0x698C,
    0xDC5D, 0xC4BA, 0xC47A, 0xCC5A, 0xB49A, 0xACBA, 0xBC7A, 0xBC9A, 0xBC99, 0xC459, 0xB4BA, 0xB4DA, 0xB4BA, 0xB4DA, 0xB4DA, 0xB47A,
    0xB51B, 0x426D, 0x4A4D, 0xCD1C, 0xBD1B, 0xB4DA, 0xB4BA, 0xBC9A, 0xBCBA, 0xB53B, 0xBCFA, 0xBCBA, 0xBCDA, 0xB4BA, 0xBCBA, 0xB4BA,
    0xBCBA, 0xB4BA, 0xBCFB, 0xACB8, 0x2189, 0x9BF7, 0xBC9B, 0xB49A, 0xBCBA, 0xBC9B, 0xC49A, 0xBCDA, 0xBCBA, 0xCCBA, 0xBCDA, 0xBCFA,
    0xD4DB, 0xCCBA, 0xC4BA, 0xC49A, 0xC47A, 0xB458, 0x2148, 0x8B74, 0xD4DC, 0xC49A, 0xCC7A, 0xCC7A, 0xCCBA, 0xC4BA, 0xC49A, 0xD47A,
    0xCC9A, 0xCCBA, 0xCC9A, 0xCC7A, 0xCC9A, 0xCC9A, 0xCC9A, 0xD4FB, 0x62B0, 0x49EC, 0xD51C, 0xC4BA, 0xC47A, 0xC45A, 0xBCBA, 0xC4BB,
    0xCCBB, 0xD4BB, 0xCCBA, 0xCCBB, 0xCCBB, 0xCCBA, 0xC4BA, 0xCC9B, 0xCC7A, 0xD4DB, 0x8353, 0x39A9, 0xD4FB, 0xCC7A, 0xCC9B, 0xD47B,
    0xD49A, 0xD4BB, 0xD4DB, 0xD4DB, 0xDCBB, 0xDC9B, 0xE49B, 0xE4BB, 0xE49B, 0xEC9C, 0xF47C, 0xF4FD, 0x92F3, 0x3127, 0xECBD, 0xECDC,
    0xF4FC, 0xF4DC, 0xF4DC, 0xFCFD, 0xFD5D, 0xFD5D, 0xFD7E, 0xFD7E, 0xFD9D, 0xFDBD, 0xFDBE, 0xFE1E, 0xFE3E, 0xFE1F, 0xF5DC, 0x3106,
    0xCB14, 0xFC1A, 0xFB99, 0xFB99, 0xFB79, 0xFB79, 0xFB79, 0xFB79, 0xFB99, 0xFB9A, 0xFB79, 0xFB59, 0xFB59, 0xFB59, 0xFB79, 0xFB79,
    0xFBFB, 0x714B, 0x524A, 0xFE5F, 0xFE1E, 0xFE1F, 0xFDDF, 0xFDBE, 0xFDBE, 0xFDDE, 0xFD9E, 0xFD1D, 0xFD5E, 0xFD3D, 0xFD1D, 0xF4BC,
    0xF49C, 0xF49C, 0xF49C, 0xE4DC, 0x3147, 0xA395, 0xECDD, 0xE47B, 0xE43B, 0xE45B, 0xD47A, 0xCC7A, 0xD47A, 0xD49B, 0xD49A, 0xCC9B,
    0xCC5A, 0xCC5A, 0xC47A, 0xBC9A, 0xBCBA, 0xCD3B, 0x41EA, 0x5ACF, 0xB4FB, 0xACB9, 0xB4DA, 0xBCBA, 0xBC99, 0xB4BA, 0xB4BA, 0xB4DA,
    0xB499, 0xB4BA, 0xB49A, 0xACFA, 0x9CFA, 0x9CFA, 0x94FA, 0x94DA, 0x9477, 0x1905, 0x6C36, 0x9D3B, 0x9CDA, 0xA4DA, 0x951A, 0x94FA,
    0x94D9, 0x94FA, 0x94F9, 0x94F9, 0x9519, 0x951A, 0x8CF9, 0x8CF9, 0x8CF9, 0x8CFA, 0x8D1A, 0x8D3A, 0x19E9, 0x5C34, 0x955B, 0x851A,
    0x8CFA, 0x8CDA, 0x8CFA, 0x8CFA, 0x851A, 0x94DA, 0x8CFA, 0x94FA, 0x94FA, 0x8519, 0x7CF9, 0x7CFA, 0x84FA, 0x84FA, 0x8D5B, 0x21C9,
    0x330F, 0x753A, 0x7519, 0x751A, 0x753A, 0x753A, 0x753A, 0x755A, 0x7D3A, 0x7D3A, 0x855A, 0x7D5A, 0x7D3A, 0x753A, 0x7D3A, 0x7D5A,
    0x7DDC, 0x232E, 0x0000, 0x0021, 0x0021, 0x0000, 0x0000, 0x034F, 0x0082, 0x0000, 0x0000, 0x0000, 0x0000, 0x0000, 0x0000, 0x0000,
    0x0000, 0x0000, 0x0000, 0x0000, 0x0000, 0x0000, 0x0000, 0x0000, 0x2006, 0x3009, 0x0801, 0x0000, 0x0000, 0x0000, 0x0000, 0x0000,
    0x0000, 0x0000, 0x0000, 0x0000, 0x1003, 0x380A, 0x1805, 0x0000, 0x0000, 0x0000, 0x0000, 0x0000, 0x0000, 0x0000, 0x0000, 0x0000,
    0x0000, 0x0000, 0x0000, 0x0000, 0x0000, 0x0000, 0x0000, 0x1083, 0x5A50, 0x0000, 0x0000, 0x0801, 0x0001, 0x0000, 0x0000, 0x0802,
    0x310C, 0x416E, 0x316E, 0x394D, 0x316C, 0x21AD, 0x296D, 0x21AD, 0x392D, 0x38ED, 0x298D, 0x316D, 0x296C, 0x296C, 0x298C, 0x31AD,
    0x216A, 0x0002, 0x0001, 0x212B, 0x31AD, 0x296C, 0x294C, 0x316C, 0x318D, 0x21EE, 0x298D, 0x210C, 0x298D, 0x216D, 0x296E, 0x296E,
    0x316E, 0x294D, 0x298D, 0x1086, 0x0000, 0x1886, 0x298D, 0x314C, 0x294C, 0x296D, 0x312C, 0x296D, 0x394D, 0x414E, 0x396D, 0x316D,
    0x414D, 0x392D, 0x314E, 0x392E, 0x394E, 0x1886, 0x0000, 0x1866, 0x394E, 0x394E, 0x312D, 0x314D, 0x314D, 0x314E, 0x394E, 0x410D,
    0x412E, 0x392E, 0x390E, 0x40EE, 0x390E, 0x410E, 0x412F, 0x28EA, 0x0001, 0x0000, 0x310B, 0x392E, 0x390E, 0x390D, 0x212C, 0x394D,
    0x410D, 0x410E, 0x392E, 0x392E, 0x392E, 0x412D, 0x392D, 0x412E, 0x494F, 0x414F, 0x1045, 0x0000, 0x30CB, 0x414F, 0x392E, 0x414E,
    0x414F, 0x4970, 0x4170, 0x396F, 0x490F, 0x50F0, 0x58F0, 0x60F1, 0x58F1, 0x68F1, 0x78D0, 0x690F, 0x1825, 0x0000, 0x388C, 0x6912,
    0x6912, 0x6912, 0x6932, 0x6111, 0x6911, 0x68F1, 0x68D2, 0x60B1, 0x68F1, 0x70F2, 0x70F2, 0x9954, 0x9934, 0x9114, 0x508C, 0x0000,
    0x3806, 0xA130, 0xB951, 0xB950, 0xB130, 0xB110, 0xA910, 0xA910, 0xA910, 0xB931, 0xB931, 0xC132, 0xC112, 0xC112, 0xC111, 0xC131,
    0xA0CE, 0x2002, 0x0002, 0x68EE, 0xB135, 0x9914, 0x9913, 0x8112, 0x8112, 0x9154, 0x8912, 0x78D0, 0x8153, 0x7933, 0x7912, 0x70F2,
    0x70F1, 0x68F0, 0x70F1, 0x38AB, 0x0001, 0x1026, 0x50EF, 0x5910, 0x50EF, 0x510E, 0x410D, 0x40EE, 0x410F, 0x4130, 0x510F, 0x412F,
    0x40EE, 0x410D, 0x392D, 0x314E, 0x314E, 0x290C, 0x0000, 0x0803, 0x290C, 0x394E, 0x316D, 0x314D, 0x312D, 0x294D, 0x296D, 0x298E,
    0x410D, 0x314E, 0x394F, 0x318E, 0x298E, 0x298E, 0x21AD, 0x21CE, 0x10E7, 0x0000, 0x0887, 0x29AD, 0x296C, 0x294C, 0x198C, 0x198C,
    0x19AC, 0x11CC, 0x11CB, 0x11EB, 0x11EB, 0x11EC, 0x11EB, 0x09EB, 0x0A0B, 0x09EB, 0x0A4C, 0x0988, 0x0000, 0x0084, 0x11CC, 0x11CC,
    0x19CC, 0x11AB, 0x19EC, 0x11CB, 0x11EC, 0x19AA, 0x19CB, 0x19AB, 0x19AB, 0x11CB, 0x11CB, 0x11CB, 0x11CB, 0x120C, 0x09AA, 0x0000,
    0x0021, 0x09A9, 0x0A2B, 0x0A2C, 0x026D, 0x024C, 0x022B, 0x028D, 0x0A2B, 0x0A6C, 0x0A4C, 0x024B, 0x0A6C, 0x0A8D, 0x0A8D, 0x02CD,
    0x026B, 0x0083, 0x0000, 0x0021, 0x0021, 0x0000, 0x0000, 0x032E, 0x0082, 0x0000, 0x0000, 0x0000, 0x0000, 0x0000, 0x0000, 0x0000,
    0x0000, 0x0000, 0x0000, 0x0000, 0x0000, 0x0000, 0x0000, 0x0000, 0x0000, 0x1004, 0x3009, 0x1804, 0x0000, 0x0000, 0x0000, 0x0000,
    0x0000, 0x0000, 0x0000, 0x1805, 0x380A, 0x1002, 0x0000, 0x0000, 0x0000, 0x0000, 0x0000, 0x0000, 0x0000, 0x0000, 0x0000, 0x0000,
    0x0000, 0x0000, 0x0000, 0x0000, 0x0000, 0x0000, 0x0000, 0x1083, 0x6270, 0x0000, 0x0000, 0x0001, 0x0001, 0x0000, 0x0000, 0x0001,
    0x0825, 0x0805, 0x0805, 0x0806, 0x0826, 0x0826, 0x0805, 0x0005, 0x0005, 0x0805, 0x0805, 0x0805, 0x0805, 0x0805, 0x0004, 0x0805,
    0x1007, 0x1047, 0x0023, 0x0825, 0x0004, 0x0804, 0x0805, 0x0806, 0x0806, 0x0005, 0x0004, 0x0004, 0x0005, 0x0826, 0x0826, 0x0826,
    0x0806, 0x0805, 0x0804, 0x1027, 0x0823, 0x1028, 0x0807, 0x0805, 0x0804, 0x0004, 0x0805, 0x0805, 0x0806, 0x0805, 0x0806, 0x1006,
    0x0805, 0x0804, 0x0804, 0x0805, 0x0805, 0x1828, 0x0845, 0x0826, 0x0806, 0x0806, 0x0805, 0x0805, 0x0805, 0x0806, 0x0805, 0x0005,
    0x0804, 0x0805, 0x0805, 0x0804, 0x0804, 0x0805, 0x0805, 0x1006, 0x1006, 0x0002, 0x0805, 0x0804, 0x0805, 0x0806, 0x1006, 0x0805,
    0x0805, 0x0805, 0x0804, 0x0806, 0x0805, 0x0805, 0x0805, 0x0806, 0x1006, 0x1007, 0x1808, 0x0803, 0x1007, 0x0805, 0x0805, 0x0805,
    0x1006, 0x1006, 0x1006, 0x0805, 0x1005, 0x1006, 0x1006, 0x1006, 0x1005, 0x0805, 0x0805, 0x1007, 0x2009, 0x0803, 0x1809, 0x1807,
    0x1007, 0x1807, 0x1007, 0x1807, 0x1006, 0x1006, 0x1808, 0x2008, 0x1807, 0x2008, 0x2008, 0x1807, 0x2809, 0x200A, 0x400D, 0x2805,
    0x5009, 0x4008, 0x3807, 0x3807, 0x4008, 0x4809, 0x4809, 0x4809, 0x4008, 0x5009, 0x5009, 0x4809, 0x4809, 0x4008, 0x3807, 0x3806,
    0x4809, 0x3005, 0x3009, 0x300C, 0x2007, 0x2008, 0x2008, 0x2008, 0x1807, 0x1807, 0x1807, 0x1806, 0x1007, 0x1807, 0x1807, 0x1006,
    0x1006, 0x1006, 0x0806, 0x1808, 0x1004, 0x1809, 0x1007, 0x1006, 0x1006, 0x1006, 0x0806, 0x1007, 0x1006, 0x0806, 0x1008, 0x0807,
    0x0807, 0x0806, 0x0806, 0x0806, 0x0805, 0x1007, 0x0844, 0x1007, 0x1007, 0x0805, 0x0805, 0x0805, 0x0805, 0x0806, 0x0806, 0x0806,
    0x0806, 0x0806, 0x0806, 0x0806, 0x0805, 0x0805, 0x1005, 0x1007, 0x1027, 0x0022, 0x1068, 0x0805, 0x0805, 0x0804, 0x0804, 0x0024,
    0x0025, 0x0025, 0x0024, 0x0024, 0x0024, 0x0024, 0x0024, 0x0024, 0x0024, 0x0024, 0x0044, 0x0085, 0x0063, 0x00A6, 0x0044, 0x0064,
    0x0065, 0x0064, 0x0044, 0x0044, 0x0044, 0x0064, 0x0044, 0x0043, 0x0044, 0x0045, 0x0065, 0x0065, 0x0064, 0x0043, 0x0085, 0x0063,
    0x00C6, 0x0064, 0x0043, 0x0044, 0x0085, 0x0085, 0x0085, 0x0064, 0x0064, 0x0064, 0x0063, 0x0064, 0x0064, 0x0065, 0x0064, 0x0043,
    0x0085, 0x0062, 0x0000, 0x0021, 0x0022, 0x0000, 0x0000, 0x032E, 0x0083, 0x0000, 0x0000, 0x0000, 0x0000, 0x0000, 0x0000, 0x0000,
    0x0000, 0x0000, 0x0000, 0x0000, 0x0000, 0x0000, 0x0000, 0x0000, 0x0000, 0x0000, 0x0801, 0x3009, 0x2807, 0x0000, 0x0000, 0x0000,
    0x0000, 0x0000, 0x3008, 0x3009, 0x0001, 0x0000, 0x0000, 0x0000, 0x0000, 0x0000, 0x0000, 0x0000, 0x0000, 0x0000, 0x0000, 0x0000,
    0x0000, 0x0000, 0x0000, 0x0000, 0x0000, 0x0000, 0x0000, 0x1083, 0x6291, 0x0000, 0x0000, 0x0001, 0x0001, 0x0000, 0x0000, 0x0022,
    0x10A9, 0x1089, 0x10AA, 0x18AA, 0x10CA, 0x10AA, 0x10AA, 0x10AA, 0x10A9, 0x10AA, 0x10AA, 0x108A, 0x108A, 0x108A, 0x1089, 0x1089,
    0x10AB, 0x08A8, 0x0085, 0x08EB, 0x10A9, 0x10AA, 0x10AA, 0x10AA, 0x10AA, 0x10A9, 0x10A9, 0x1089, 0x10AA, 0x10AA, 0x10A9, 0x10A9,
    0x188A, 0x188A, 0x108A, 0x18EC, 0x0084, 0x10CA, 0x108A, 0x108A, 0x108A, 0x188A, 0x186A, 0x186A, 0x186A, 0x188A, 0x186A, 0x186A,
    0x186A, 0x1869, 0x1869, 0x186A, 0x186A, 0x20CD, 0x0885, 0x0889, 0x186A, 0x186A, 0x188A, 0x188A, 0x186A, 0x186A, 0x186A, 0x186A,
    0x186A, 0x186A, 0x186A, 0x184A, 0x184A, 0x184A, 0x1849, 0x186B, 0x184A, 0x0845, 0x188B, 0x184A, 0x184A, 0x186B, 0x186B, 0x186B,
    0x186A, 0x184A, 0x184A, 0x184A, 0x186A, 0x204B, 0x206B, 0x206B, 0x206B, 0x186B, 0x188A, 0x0844, 0x208D, 0x206B, 0x206B, 0x206B,
    0x206C, 0x206B, 0x204B, 0x204B, 0x204B, 0x284C, 0x284C, 0x282C, 0x282B, 0x282C, 0x284C, 0x304D, 0x402E, 0x1005, 0x382F, 0x304E,
    0x302D, 0x302D, 0x304E, 0x382E, 0x302D, 0x382E, 0x382F, 0x402F, 0x4831, 0x5031, 0x4831, 0x402F, 0x4830, 0x4831, 0x7034, 0x4008,
    0x780C, 0x680C, 0x680B, 0x680C, 0x700D, 0x700D, 0x780E, 0x700D, 0x700C, 0x680C, 0x600B, 0x600B, 0x600B, 0x600B, 0x600B, 0x580B,
    0x780E, 0x3806, 0x480B, 0x5832, 0x484F, 0x5051, 0x5051, 0x4851, 0x4850, 0x4030, 0x382F, 0x382F, 0x382F, 0x382E, 0x302D, 0x302D,
    0x282C, 0x284C, 0x284C, 0x384E, 0x1005, 0x302C, 0x284B, 0x284C, 0x284C, 0x284D, 0x284D, 0x286D, 0x206D, 0x206C, 0x184B, 0x206C,
    0x186C, 0x184B, 0x184B, 0x186A, 0x186A, 0x188C, 0x0885, 0x088A, 0x188B, 0x1869, 0x186A, 0x186A, 0x186A, 0x186A, 0x188A, 0x186A,
    0x108A, 0x188A, 0x186A, 0x188A, 0x108A, 0x188A, 0x188A, 0x18AB, 0x10CB, 0x0041, 0x08C9, 0x10A9, 0x10A9, 0x10A9, 0x08C9, 0x08C9,
    0x08C9, 0x08C9, 0x00C9, 0x00C9, 0x00C8, 0x00C8, 0x00C8, 0x00E8, 0x00E8, 0x00E9, 0x00E8, 0x0108, 0x00A3, 0x0108, 0x0109, 0x0129,
    0x0129, 0x0129, 0x0129, 0x0129, 0x0129, 0x0108, 0x0128, 0x0108, 0x0108, 0x0109, 0x0129, 0x0129, 0x0129, 0x0108, 0x0149, 0x0084,
    0x016A, 0x0149, 0x0108, 0x0128, 0x0149, 0x0149, 0x0149, 0x0148, 0x0128, 0x0128, 0x0128, 0x0129, 0x0129, 0x0128, 0x0128, 0x0107,
    0x0189, 0x00C4, 0x0000, 0x0021, 0x0021, 0x0000, 0x0000, 0x032E, 0x0082, 0x0000, 0x0000, 0x0000, 0x0000, 0x0000, 0x0000, 0x0000,
    0x0000, 0x0000, 0x0000, 0x0000, 0x0000, 0x0000, 0x0000, 0x0000, 0x0000, 0x0000, 0x0000, 0x0000, 0x2007, 0x3009, 0x0801, 0x0000,
    0x0802, 0x300A, 0x2006, 0x0000, 0x0000, 0x0000, 0x0000, 0x0000, 0x0000, 0x0000, 0x0000, 0x0000, 0x0000, 0x0000, 0x0000, 0x0000,
    0x0000, 0x0000, 0x0000, 0x0000, 0x0000, 0x0000, 0x0000, 0x1083, 0x62B0, 0x0000, 0x0000, 0x0001, 0x0001, 0x0000, 0x0000, 0x0022,
    0x090B, 0x08CA, 0x10EA, 0x10EA, 0x090A, 0x08EA, 0x08EA, 0x08EA, 0x08EA, 0x08EA, 0x08EA, 0x08CA, 0x08CA, 0x08EA, 0x10CA, 0x08CA,
    0x10EA, 0x092A, 0x00E7, 0x094D, 0x08CA, 0x08EA, 0x08EA, 0x08EA, 0x08EA, 0x08EA, 0x08EA, 0x08EA, 0x08EA, 0x08CA, 0x10CA, 0x10EA,
    0x10CA, 0x10CB, 0x10AA, 0x114D, 0x00A5, 0x08EA, 0x10CA, 0x08CA, 0x10CB, 0x10CA, 0x10AA, 0x10AA, 0x10AA, 0x10AA, 0x108A, 0x108A,
    0x10AA, 0x108A, 0x108A, 0x108A, 0x186A, 0x18EC, 0x00A5, 0x10EB, 0x188B, 0x108A, 0x108A, 0x108A, 0x188A, 0x188A, 0x108A, 0x108A,
    0x186A, 0x188A, 0x188A, 0x186A, 0x186A, 0x108A, 0x1089, 0x188B, 0x186A, 0x0866, 0x18CD, 0x188B, 0x188B, 0x188B, 0x188B, 0x188B,
    0x188B, 0x188B, 0x188B, 0x188A, 0x188B, 0x188B, 0x188B, 0x188B, 0x188B, 0x188B, 0x18CC, 0x0886, 0x20EF, 0x208B, 0x208C, 0x208B,
    0x188B, 0x208B, 0x208B, 0x188B, 0x206C, 0x286C, 0x206C, 0x284C, 0x284C, 0x286C, 0x304D, 0x304E, 0x482E, 0x1805, 0x4050, 0x304E,
    0x304D, 0x304D, 0x304D, 0x382E, 0x382E, 0x382E, 0x402F, 0x482F, 0x5030, 0x5010, 0x5030, 0x5030, 0x5830, 0x4830, 0x7012, 0x3806,
    0x800C, 0x800D, 0x800D, 0x800D, 0x800D, 0x800D, 0x880D, 0x780C, 0x780C, 0x780C, 0x780C, 0x700C, 0x780C, 0x780D, 0x780D, 0x780C,
    0x880E, 0x4006, 0x500B, 0x6032, 0x5030, 0x5030, 0x5031, 0x5030, 0x5030, 0x4830, 0x404F, 0x382F, 0x402F, 0x384E, 0x304E, 0x304D,
    0x304D, 0x304D, 0x286D, 0x384F, 0x1825, 0x386E, 0x286C, 0x284D, 0x286D, 0x286D, 0x306D, 0x286D, 0x288D, 0x288D, 0x208C, 0x208C,
    0x188C, 0x188C, 0x188C, 0x188C, 0x188B, 0x18CD, 0x08A5, 0x08CA, 0x18AC, 0x188B, 0x18AB, 0x10AB, 0x108B, 0x10AB, 0x10AB, 0x108A,
    0x10AA, 0x10AB, 0x10AA, 0x10AA, 0x10AA, 0x10CA, 0x10AA, 0x10CB, 0x10EB, 0x0041, 0x0109, 0x08C9, 0x08E9, 0x08E9, 0x08EA, 0x010A,
    0x00E9, 0x00E9, 0x0109, 0x0109, 0x00E8, 0x00E8, 0x00E8, 0x00E8, 0x0108, 0x0109, 0x0109, 0x0149, 0x00C4, 0x018A, 0x0108, 0x0129,
    0x0129, 0x0129, 0x0129, 0x0128, 0x0108, 0x0128, 0x0128, 0x0128, 0x0128, 0x0128, 0x0128, 0x0149, 0x0149, 0x0128, 0x0169, 0x0083,
    0x01CB, 0x016A, 0x0149, 0x0149, 0x0149, 0x0149, 0x0128, 0x0148, 0x0128, 0x0148, 0x0169, 0x0149, 0x0148, 0x0148, 0x0149, 0x0148,
    0x01CA, 0x00C4, 0x0000, 0x0021, 0x0021, 0x0000, 0x0000, 0x034E, 0x0082, 0x0000, 0x0000, 0x0000, 0x0000, 0x0000, 0x0000, 0x0000,
    0x0000, 0x0000, 0x0000, 0x0000, 0x0000, 0x0000, 0x0000, 0x0000, 0x0000, 0x0000, 0x0000, 0x0000, 0x0000, 0x1805, 0x300A, 0x1003,
    0x380A, 0x1003, 0x0000, 0x0000, 0x0000, 0x0000, 0x0000, 0x0000, 0x0000, 0x0000, 0x0000, 0x0000, 0x0000, 0x0000, 0x0000, 0x0000,
    0x0000, 0x0000, 0x0000, 0x0000, 0x0000, 0x0000, 0x0000, 0x1083, 0x62B0, 0x0000, 0x0020, 0x0802, 0x0001, 0x0000, 0x0000, 0x0042,
    0x092C, 0x08EB, 0x110C, 0x10EB, 0x090B, 0x08EB, 0x08EB, 0x090B, 0x090B, 0x090B, 0x08EA, 0x08EA, 0x08EA, 0x08EB, 0x08EB, 0x08EB,
    0x110C, 0x094A, 0x00E6, 0x096E, 0x08CA, 0x090B, 0x090A, 0x090A, 0x08EA, 0x08EB, 0x08EB, 0x010B, 0x090A, 0x10EB, 0x10EB, 0x10EB,
    0x08EB, 0x08EB, 0x10AA, 0x116E, 0x00C5, 0x08EC, 0x10AA, 0x10CB, 0x10CB, 0x10CA, 0x10CB, 0x10CB, 0x10CB, 0x10CA, 0x10CA, 0x10CA,
    0x10AA, 0x10AA, 0x108A, 0x108B, 0x108A, 0x190D, 0x08A6, 0x08CA, 0x188B, 0x108A, 0x108A, 0x188A, 0x188A, 0x188A, 0x188A, 0x188A,
    0x186A, 0x186A, 0x186A, 0x186A, 0x108A, 0x108A, 0x108A, 0x188A, 0x2069, 0x0886, 0x18EE, 0x18AB, 0x18AB, 0x188B, 0x188B, 0x188B,
    0x188B, 0x188B, 0x188B, 0x188B, 0x188B, 0x188B, 0x188B, 0x188C, 0x188C, 0x208C, 0x20AC, 0x0086, 0x190F, 0x188A, 0x188C, 0x188C,
    0x188B, 0x208B, 0x188C, 0x188C, 0x206C, 0x206C, 0x206C, 0x286C, 0x284D, 0x304D, 0x302D, 0x302E, 0x480E, 0x1005, 0x384F, 0x304D,
    0x302E, 0x304E, 0x384E, 0x402F, 0x402F, 0x4830, 0x5030, 0x5010, 0x5030, 0x5030, 0x5811, 0x5831, 0x5811, 0x5030, 0x7812, 0x3006,
    0x800C, 0x900E, 0x900D, 0x880D, 0x880D, 0x800C, 0x800C, 0x800C, 0x880D, 0x900D, 0x880D, 0x880D, 0x880D, 0x880D, 0x800D, 0x800D,
    0x880E, 0x4006, 0x580C, 0x6834, 0x5831, 0x5831, 0x5812, 0x5831, 0x5031, 0x5031, 0x5031, 0x4850, 0x404F, 0x384F, 0x384E, 0x306E,
    0x304E, 0x306E, 0x286E, 0x386F, 0x1825, 0x4050, 0x304D, 0x304E, 0x306E, 0x288E, 0x288D, 0x286D, 0x286E, 0x288D, 0x208D, 0x208C,
    0x188C, 0x188C, 0x208D, 0x18AC, 0x18AC, 0x18EE, 0x00A5, 0x18EB, 0x18CD, 0x10AB, 0x10AB, 0x10AA, 0x10AB, 0x10AB, 0x10AA, 0x10AB,
    0x10AB, 0x10AB, 0x10AB, 0x10AB, 0x10AB, 0x10CB, 0x10CA, 0x10A9, 0x10CA, 0x0062, 0x016C, 0x08C9, 0x08EA, 0x090A, 0x090B, 0x010A,
    0x010A, 0x010A, 0x010A, 0x0129, 0x0129, 0x0129, 0x0129, 0x0129, 0x0129, 0x0129, 0x0109, 0x018B, 0x00E5, 0x01CB, 0x0109, 0x0109,
    0x0108, 0x0108, 0x0108, 0x0108, 0x0108, 0x0129, 0x0129, 0x0149, 0x0149, 0x0128, 0x0128, 0x0149, 0x016A, 0x016A, 0x01AB, 0x0083,
    0x01AA, 0x0149, 0x0129, 0x0149, 0x0128, 0x0128, 0x0128, 0x0148, 0x0169, 0x0169, 0x0148, 0x0169, 0x0169, 0x0169, 0x016A, 0x0189,
    0x01EB, 0x00E4, 0x0000, 0x0021, 0x0021, 0x0000, 0x0000, 0x034E, 0x00A2, 0x0000, 0x0000, 0x0000, 0x0000, 0x0000, 0x0000, 0x0000,
    0x0000, 0x0000, 0x0000, 0x0000, 0x0000, 0x0000, 0x0000, 0x0000, 0x0000, 0x0000, 0x0000, 0x0000, 0x0000, 0x0000, 0x0801, 0x3008,
    0x0000, 0x0000, 0x0000, 0x0000, 0x0000, 0x0000, 0x0000, 0x0000, 0x0000, 0x0000, 0x0000, 0x0000, 0x0000, 0x0000, 0x0000, 0x0000,
    0x0000, 0x0000, 0x0000, 0x0000, 0x0000, 0x0000, 0x0000, 0x1083, 0x62B0, 0x0000, 0x0020, 0x0822, 0x0801, 0x0000, 0x0000, 0x0021,
    0x110A, 0x116D, 0x096D, 0x096D, 0x096C, 0x096C, 0x094C, 0x094C, 0x092B, 0x094C, 0x092B, 0x092B, 0x092B, 0x090B, 0x090C, 0x112D,
    0x190C, 0x0865, 0x0042, 0x094B, 0x094C, 0x096B, 0x094B, 0x092B, 0x092B, 0x092B, 0x090A, 0x090A, 0x094C, 0x112C, 0x110C, 0x110C,
    0x10EC, 0x10CB, 0x18EC, 0x10C9, 0x0021, 0x08A8, 0x110C, 0x110B, 0x110B, 0x10EB, 0x10EB, 0x10EB, 0x10EB, 0x10CC, 0x10CB, 0x18EC,
    0x18CC, 0x18AC, 0x18AC, 0x18AC, 0x20AD, 0x28AC, 0x0022, 0x0844, 0x18AB, 0x18AB, 0x18CB, 0x10AB, 0x18AB, 0x18AB, 0x18CB, 0x18CC,
    0x18AB, 0x18AB, 0x18AB, 0x18AB, 0x18AB, 0x208C, 0x188C, 0x208C, 0x1045, 0x0022, 0x18CC, 0x20CD, 0x18CD, 0x18CC, 0x18CC, 0x18CC,
    0x18CC, 0x18AC, 0x208C, 0x18CD, 0x18CD, 0x18CD, 0x18CC, 0x20AD, 0x20AD, 0x20AD, 0x1846, 0x0021, 0x188B, 0x288D, 0x288E, 0x28AE,
    0x20AE, 0x20AE, 0x20AE, 0x208D, 0x286E, 0x306E, 0x306E, 0x384F, 0x386F, 0x4030, 0x4030, 0x4830, 0x2007, 0x0001, 0x302C, 0x4830,
    0x4030, 0x4831, 0x5031, 0x5032, 0x5011, 0x6012, 0x6012, 0x5811, 0x6012, 0x6012, 0x6012, 0x7013, 0x7013, 0x7834, 0x600F, 0x0801,
    0x5808, 0xA80F, 0xA00E, 0xA00F, 0xA00F, 0x980E, 0x980E, 0x980E, 0x880D, 0x980E, 0x980E, 0xA00E, 0xA00F, 0xA02F, 0x980E, 0x900E,
    0x880E, 0x1802, 0x2005, 0x7813, 0x7813, 0x7814, 0x7814, 0x7014, 0x6033, 0x6012, 0x6013, 0x4830, 0x5031, 0x4830, 0x4830, 0x4851,
    0x3850, 0x404F, 0x384F, 0x302B, 0x0001, 0x302B, 0x4831, 0x4050, 0x4071, 0x4071, 0x3870, 0x3070, 0x306F, 0x308F, 0x28AE, 0x28AE,
    0x20AD, 0x20AC, 0x20CD, 0x20AD, 0x288F, 0x20CD, 0x0042, 0x1046, 0x20AD, 0x20AD, 0x20AC, 0x18AC, 0x18AC, 0x18AC, 0x10CC, 0x10CC,
    0x18AC, 0x10EC, 0x090B, 0x110C, 0x090C, 0x10EB, 0x08EB, 0x10EB, 0x10A8, 0x0020, 0x08E8, 0x112C, 0x092B, 0x092C, 0x016C, 0x016B,
    0x016C, 0x014B, 0x014A, 0x014A, 0x014A, 0x016A, 0x014A, 0x014A, 0x016A, 0x018B, 0x018B, 0x0128, 0x0021, 0x00E6, 0x018A, 0x018A,
    0x01AA, 0x01AB, 0x01AB, 0x01AA, 0x01AA, 0x0169, 0x0169, 0x01AA, 0x018A, 0x0169, 0x018A, 0x018A, 0x01AA, 0x01CB, 0x01AA, 0x0041,
    0x00C5, 0x01AA, 0x01CA, 0x01CA, 0x01AA, 0x01AA, 0x01A9, 0x01AA, 0x0169, 0x01CA, 0x01CA, 0x01AA, 0x01AA, 0x01CA, 0x01CB, 0x01EB,
    0x01CA, 0x0042, 0x0000, 0x0021, 0x0041, 0x0000, 0x0000, 0x034E, 0x00A2, 0x0000, 0x0000, 0x0000, 0x0000, 0x0000, 0x0000, 0x0000,
    0x0000, 0x0000, 0x0000, 0x0000, 0x0000, 0x0000, 0x0000, 0x0000, 0x0000, 0x0000, 0x0000, 0x0000, 0x0000, 0x0000, 0x0000, 0x0000,
    0x0000, 0x0000, 0x0000, 0x0000, 0x0000, 0x0000, 0x0000, 0x0000, 0x0000, 0x0000, 0x0000, 0x0000, 0x0000, 0x0000, 0x0000, 0x0000,
    0x0000, 0x0000, 0x0000, 0x0000, 0x0000, 0x0000, 0x0000, 0x1083, 0x62B0, 0x0000, 0x0020, 0x0822, 0x0802, 0x0000, 0x0000, 0x0000,
    0x0021, 0x0063, 0x0062, 0x0062, 0x0062, 0x0063, 0x0062, 0x0062, 0x0021, 0x0042, 0x0042, 0x0042, 0x0042, 0x0042, 0x0042, 0x0043,
    0x0022, 0x0000, 0x0000, 0x0021, 0x0063, 0x0042, 0x0042, 0x0042, 0x0042, 0x0042, 0x0021, 0x0021, 0x0042, 0x0042, 0x0042, 0x0042,
    0x0022, 0x0022, 0x0022, 0x0000, 0x0000, 0x0000, 0x0042, 0x0042, 0x0042, 0x0042, 0x0042, 0x0042, 0x0042, 0x0042, 0x0022, 0x0022,
    0x0023, 0x0022, 0x0022, 0x0022, 0x0823, 0x0001, 0x0000, 0x0000, 0x0022, 0x0022, 0x0022, 0x0022, 0x0022, 0x0022, 0x0022, 0x0042,
    0x0022, 0x0022, 0x0022, 0x0022, 0x0022, 0x0802, 0x0822, 0x0822, 0x0000, 0x0000, 0x0022, 0x0823, 0x0023, 0x0023, 0x0023, 0x0022,
    0x0042, 0x0022, 0x0022, 0x0043, 0x0022, 0x0043, 0x0043, 0x0022, 0x0022, 0x0022, 0x0000, 0x0000, 0x0001, 0x0823, 0x0823, 0x0823,
    0x0823, 0x0823, 0x0823, 0x0022, 0x0803, 0x0803, 0x0823, 0x0803, 0x0803, 0x1003, 0x1003, 0x1003, 0x0000, 0x0000, 0x0801, 0x1003,
    0x0803, 0x1003, 0x1004, 0x1004, 0x1003, 0x1003, 0x1003, 0x1003, 0x1003, 0x1003, 0x1003, 0x1803, 0x1803, 0x1804, 0x0801, 0x0000,
    0x0000, 0x2002, 0x2002, 0x2002, 0x2003, 0x2002, 0x2003, 0x2002, 0x1001, 0x1802, 0x2002, 0x2002, 0x2003, 0x2002, 0x1802, 0x2002,
    0x1802, 0x0000, 0x0000, 0x1802, 0x1804, 0x1804, 0x1804, 0x1804, 0x1003, 0x1003, 0x1003, 0x0802, 0x1003, 0x1003, 0x1003, 0x1003,
    0x0803, 0x0803, 0x1003, 0x0000, 0x0000, 0x0000, 0x1003, 0x1003, 0x1003, 0x1004, 0x1003, 0x0803, 0x0802, 0x0022, 0x0023, 0x0023,
    0x0022, 0x0022, 0x0022, 0x0023, 0x0803, 0x0822, 0x0000, 0x0000, 0x0802, 0x0823, 0x0822, 0x0822, 0x0023, 0x0022, 0x0022, 0x0022,
    0x0022, 0x0042, 0x0042, 0x0042, 0x0042, 0x0042, 0x0042, 0x0043, 0x0000, 0x0000, 0x0000, 0x0063, 0x0042, 0x0042, 0x0062, 0x0062,
    0x0062, 0x0042, 0x0042, 0x0042, 0x0042, 0x0042, 0x0042, 0x0041, 0x0062, 0x0062, 0x0062, 0x0020, 0x0000, 0x0000, 0x0062, 0x0062,
    0x0062, 0x0082, 0x0082, 0x0082, 0x0082, 0x0041, 0x0041, 0x0062, 0x0062, 0x0042, 0x0062, 0x0062, 0x0062, 0x0062, 0x0041, 0x0000,
    0x0000, 0x0062, 0x0082, 0x0062, 0x0082, 0x0082, 0x0062, 0x0062, 0x0041, 0x0062, 0x0082, 0x0062, 0x0062, 0x0062, 0x0062, 0x0082,
    0x0041, 0x0000, 0x0000, 0x0021, 0x0041, 0x0000, 0x0000, 0x034F, 0x00A3, 0x0000, 0x0000, 0x0000, 0x0000, 0x0000, 0x0000, 0x0000,
    0x0000, 0x0000, 0x0000, 0x0000, 0x0000, 0x0000, 0x0000, 0x0000, 0x0000, 0x0000, 0x0000, 0x0000, 0x0000, 0x0000, 0x0000, 0x0000,
    0x0000, 0x0000, 0x0000, 0x0000, 0x0000, 0x0000, 0x0000, 0x0000, 0x0000, 0x0000, 0x0000, 0x0000, 0x0000, 0x0000, 0x0000, 0x0000,
    0x0000, 0x0000, 0x0000, 0x0000, 0x0000, 0x0000, 0x0000, 0x10A3, 0x62F1, 0x0000, 0x0020, 0x0022, 0x0002, 0x0000, 0x0001, 0x0001,
    0x0000, 0x0000, 0x0000, 0x0000, 0x0000, 0x0000, 0x0000, 0x0000, 0x0000, 0x0000, 0x0000, 0x0000, 0x0000, 0x0000, 0x0000, 0x0000,
    0x0000, 0x0000, 0x0000, 0x0000, 0x0000, 0x0000, 0x0000, 0x0000, 0x0000, 0x0000, 0x0000, 0x0000, 0x0000, 0x0000, 0x0000, 0x0000,
    0x0000, 0x0000, 0x0000, 0x0000, 0x0000, 0x0000, 0x0000, 0x0000, 0x0000, 0x0000, 0x0000, 0x0000, 0x0000, 0x0000, 0x0000, 0x0000,
    0x0000, 0x0000, 0x0000, 0x0000, 0x0000, 0x0000, 0x0000, 0x0000, 0x0000, 0x0000, 0x0000, 0x0000, 0x0000, 0x0000, 0x0000, 0x0000,
    0x0000, 0x0000, 0x0000, 0x0000, 0x0000, 0x0000, 0x0000, 0x0000, 0x0000, 0x0000, 0x0000, 0x0000, 0x0000, 0x0000, 0x0000, 0x0000,
    0x0000, 0x0000, 0x0000, 0x0000, 0x0000, 0x0000, 0x0000, 0x0000, 0x0000, 0x0000, 0x0000, 0x0000, 0x0000, 0x0000, 0x0000, 0x0000,
    0x0000, 0x0000, 0x0000, 0x0000, 0x0000, 0x0000, 0x0000, 0x0000, 0x0000, 0x0000, 0x0000, 0x0000, 0x0000, 0x0000, 0x0000, 0x0000,
    0x0000, 0x0000, 0x0000, 0x0000, 0x0000, 0x0000, 0x0000, 0x0000, 0x0000, 0x0000, 0x0000, 0x0000, 0x0000, 0x0000, 0x0000, 0x0000,
    0x0000, 0x0000, 0x0000, 0x0000, 0x0000, 0x0000, 0x0000, 0x0000, 0x0000, 0x0000, 0x0000, 0x0000, 0x0000, 0x0000, 0x0000, 0x0000,
    0x0000, 0x0000, 0x0000, 0x0000, 0x0000, 0x0000, 0x0000, 0x0000, 0x0000, 0x0000, 0x0000, 0x0000, 0x0000, 0x0000, 0x0000, 0x0000,
    0x0000, 0x0000, 0x0000, 0x0000, 0x0000, 0x0000, 0x0000, 0x0000, 0x0000, 0x0000, 0x0000, 0x0000, 0x0000, 0x0000, 0x0000, 0x0000,
    0x0000, 0x0000, 0x0000, 0x0000, 0x0000, 0x0000, 0x0000, 0x0000, 0x0000, 0x0000, 0x0000, 0x0000, 0x0000, 0x0000, 0x0000, 0x0000,
    0x0000, 0x0000, 0x0000, 0x0000, 0x0000, 0x0000, 0x0000, 0x0000, 0x0000, 0x0000, 0x0000, 0x0000, 0x0000, 0x0000, 0x0000, 0x0000,
    0x0000, 0x0000, 0x0000, 0x0000, 0x0000, 0x0000, 0x0000, 0x0000, 0x0000, 0x0000, 0x0000, 0x0000, 0x0000, 0x0000, 0x0000, 0x0000,
    0x0000, 0x0000, 0x0000, 0x0000, 0x0000, 0x0000, 0x0000, 0x0000, 0x0000, 0x0000, 0x0000, 0x0000, 0x0000, 0x0000, 0x0000, 0x0000,
    0x0000, 0x0000, 0x0000, 0x0000, 0x0000, 0x0000, 0x0000, 0x0000, 0x0000, 0x0000, 0x0000, 0x0000, 0x0000, 0x0000, 0x0000, 0x0000,
    0x0000, 0x0020, 0x0020, 0x0041, 0x0041, 0x0000, 0x0000, 0x034F, 0x00A3, 0x0000, 0x0000, 0x0000, 0x0000, 0x0000, 0x0000, 0x0000,
    0x0000, 0x0000, 0x0000, 0x0000, 0x0000, 0x0000, 0x0000, 0x0000, 0x0000, 0x0000, 0x0000, 0x0000, 0x0000, 0x0000, 0x0000, 0x0000,
    0x0000, 0x0000, 0x0000, 0x0000, 0x0000, 0x0000, 0x0000, 0x0000, 0x0000, 0x0000, 0x0000, 0x0000, 0x0000, 0x0000, 0x0000, 0x0000,
    0x0000, 0x0000, 0x0000, 0x0000, 0x0000, 0x0000, 0x0000, 0x10A3, 0x6332, 0x0000, 0x0021, 0x0021, 0x0000, 0x0000, 0x0021, 0x0021,
    0x0000, 0x0000, 0x0000, 0x0000, 0x0000, 0x0000, 0x0000, 0x0000, 0x0000, 0x0000, 0x0000, 0x0000, 0x0000, 0x0000, 0x0000, 0x0000,
    0x0000, 0x0000, 0x0000, 0x0000, 0x0000, 0x0000, 0x0000, 0x0000, 0x0000, 0x0000, 0x0000, 0x0000, 0x0000, 0x0000, 0x0000, 0x0000,
    0x0000, 0x0000, 0x0000, 0x0000, 0x0000, 0x0000, 0x0000, 0x0000, 0x0000, 0x0000, 0x0000, 0x0000, 0x0000, 0x0000, 0x0000, 0x0000,
    0x0000, 0x0000, 0x0000, 0x0000, 0x0000, 0x0000, 0x0000, 0x0000, 0x0000, 0x0000, 0x0000, 0x0000, 0x0000, 0x0000, 0x0000, 0x0000,
    0x0000, 0x0000, 0x0000, 0x0000, 0x0000, 0x0000, 0x0000, 0x0000, 0x0000, 0x0000, 0x0000, 0x0000, 0x0000, 0x0000, 0x0000, 0x0000,
    0x0000, 0x0000, 0x0000, 0x0000, 0x0000, 0x0000, 0x0000, 0x0000, 0x0000, 0x0000, 0x0000, 0x0000, 0x0000, 0x0000, 0x0000, 0x0000,
    0x0000, 0x0000, 0x0000, 0x0000, 0x0000, 0x0000, 0x0000, 0x0000, 0x0000, 0x0000, 0x0000, 0x0000, 0x0000, 0x0000, 0x0000, 0x0000,
    0x0000, 0x0000, 0x0000, 0x0000, 0x0000, 0x0000, 0x0000, 0x0000, 0x0000, 0x0000, 0x0000, 0x0000, 0x0000, 0x0000, 0x0000, 0x0000,
    0x0000, 0x0000, 0x0000, 0x0000, 0x0000, 0x0000, 0x0000, 0x0000, 0x0000, 0x0000, 0x0000, 0x0000, 0x0000, 0x0000, 0x0000, 0x0000,
    0x0000, 0x0000, 0x0000, 0x0000, 0x0000, 0x0000, 0x0000, 0x0000, 0x0000, 0x0000, 0x0000, 0x0000, 0x0000, 0x0000, 0x0000, 0x0000,
    0x0000, 0x0000, 0x0000, 0x0000, 0x0000, 0x0000, 0x0000, 0x0000, 0x0000, 0x0000, 0x0000, 0x0000, 0x0000, 0x0000, 0x0000, 0x0000,
    0x0000, 0x0000, 0x0000, 0x0000, 0x0000, 0x0000, 0x0000, 0x0000, 0x0000, 0x0000, 0x0000, 0x0000, 0x0000, 0x0000, 0x0000, 0x0000,
    0x0000, 0x0000, 0x0000, 0x0000, 0x0000, 0x0000, 0x0000, 0x0000, 0x0000, 0x0000, 0x0000, 0x0000, 0x0000, 0x0000, 0x0000, 0x0000,
    0x0000, 0x0000, 0x0000, 0x0000, 0x0000, 0x0000, 0x0000, 0x0000, 0x0000, 0x0000, 0x0000, 0x0000, 0x0000, 0x0000, 0x0000, 0x0000,
    0x0000, 0x0000, 0x0000, 0x0000, 0x0000, 0x0000, 0x0000, 0x0000, 0x0000, 0x0000, 0x0000, 0x0000, 0x0000, 0x0000, 0x0000, 0x0000,
    0x0000, 0x0000, 0x0000, 0x0000, 0x0000, 0x0000, 0x0000, 0x0000, 0x0000, 0x0000, 0x0000, 0x0000, 0x0000, 0x0000, 0x0020, 0x0020,
    0x0020, 0x0020, 0x0020, 0x0020, 0x0021, 0x0021, 0x0000, 0x032E, 0x00A2, 0x0000, 0x0000, 0x0000, 0x0000, 0x0000, 0x0000, 0x0000,
    0x0000, 0x0000, 0x0000, 0x0000, 0x0000, 0x0000, 0x0000, 0x0000, 0x0000, 0x0000, 0x0000, 0x0000, 0x0000, 0x0000, 0x0000, 0x0000,
    0x1004, 0x1003, 0x1003, 0x1003, 0x1003, 0x1003, 0x1003, 0x1003, 0x1003, 0x1003, 0x1003, 0x1003, 0x1003, 0x1003, 0x1003, 0x1003,
    0x1003, 0x1003, 0x0802, 0x0801, 0x0001, 0x0001, 0x0000, 0x18A4, 0x6331, 0x0000, 0x0000, 0x0000, 0x0000, 0x0000, 0x0000, 0x0000,
    0x0000, 0x0000, 0x0000, 0x0000, 0x0000, 0x0000, 0x0000, 0x0000, 0x0000, 0x0000, 0x0000, 0x0000, 0x0000, 0x0000, 0x0000, 0x0000,
    0x0000, 0x0000, 0x0000, 0x0000, 0x0000, 0x0000, 0x0000, 0x0000, 0x0000, 0x0000, 0x0000, 0x0000, 0x0000, 0x0000, 0x0000, 0x0000,
    0x0000, 0x0000, 0x0000, 0x0000, 0x0000, 0x0000, 0x0000, 0x0000, 0x0000, 0x0000, 0x0000, 0x0000, 0x0000, 0x0000, 0x0000, 0x0000,
    0x0000, 0x0000, 0x0000, 0x0000, 0x0000, 0x0000, 0x0000, 0x0000, 0x0000, 0x0000, 0x0000, 0x0000, 0x0000, 0x0000, 0x0000, 0x0000,
    0x0000, 0x0000, 0x0000, 0x0000, 0x0000, 0x0000, 0x0000, 0x0000, 0x0000, 0x0000, 0x0000, 0x0000, 0x0000, 0x0000, 0x0000, 0x0000,
    0x0000, 0x0000, 0x0000, 0x0000, 0x0000, 0x0000, 0x0000, 0x0000, 0x0000, 0x0000, 0x0000, 0x0000, 0x0000, 0x0000, 0x0000, 0x0000,
    0x0000, 0x0000, 0x0000, 0x0000, 0x0000, 0x0000, 0x0000, 0x0000, 0x0000, 0x0000, 0x0000, 0x0000, 0x0000, 0x0000, 0x0000, 0x0000,
    0x0000, 0x0000, 0x0000, 0x0000, 0x0000, 0x0000, 0x0000, 0x0000, 0x0000, 0x0000, 0x0000, 0x0000, 0x0000, 0x0000, 0x0000, 0x0000,
    0x0000, 0x0000, 0x0000, 0x0000, 0x0000, 0x0000, 0x0000, 0x0000, 0x0000, 0x0000, 0x0000, 0x0000, 0x0000, 0x0000, 0x0000, 0x0000,
    0x0000, 0x0000, 0x0000, 0x0000, 0x0000, 0x0000, 0x0000, 0x0000, 0x0000, 0x0000, 0x0000, 0x0000, 0x0000, 0x0000, 0x0000, 0x0000,
    0x0000, 0x0000, 0x0000, 0x0000, 0x0000, 0x0000, 0x0000, 0x0000, 0x0000, 0x0000, 0x0000, 0x0000, 0x0000, 0x0000, 0x0000, 0x0000,
    0x0000, 0x0000, 0x0000, 0x0000, 0x0000, 0x0000, 0x0000, 0x0000, 0x0000, 0x0000, 0x0000, 0x0000, 0x0000, 0x0000, 0x0000, 0x0000,
    0x0000, 0x0000, 0x0000, 0x0000, 0x0000, 0x0000, 0x0000, 0x0000, 0x0000, 0x0000, 0x0000, 0x0000, 0x0000, 0x0000, 0x0000, 0x0000,
    0x0000, 0x0000, 0x0000, 0x0000, 0x0000, 0x0000, 0x0000, 0x0000, 0x0000, 0x0000, 0x0000, 0x0000, 0x0000, 0x0000, 0x0000, 0x0000,
    0x0000, 0x0000, 0x0000, 0x0000, 0x0000, 0x0000, 0x0000, 0x0000, 0x0000, 0x0000, 0x0000, 0x0000, 0x0000, 0x0000, 0x0000, 0x0000,
    0x0000, 0x0000, 0x0000, 0x0000, 0x0000, 0x0000, 0x0000, 0x0000, 0x0000, 0x0000, 0x0000, 0x0000, 0x0000, 0x0000, 0x0000, 0x0000,
    0x0000, 0x0000, 0x0000, 0x0000, 0x0000, 0x0000, 0x0000, 0x032E, 0x00A2, 0x0001, 0x0001, 0x0802, 0x1003, 0x1003, 0x1003, 0x1003,
    0x1003, 0x1003, 0x1003, 0x1003, 0x1003, 0x1003, 0x1003, 0x1003, 0x1003, 0x1003, 0x1003, 0x1003, 0x1003, 0x1003, 0x1003, 0x1003,
    0x2809, 0x2808, 0x2808, 0x2808, 0x2807, 0x2807, 0x2807, 0x2807, 0x2807, 0x2807, 0x2808, 0x2808, 0x2808, 0x2807, 0x2807, 0x2807,
    0x2807, 0x2807, 0x1805, 0x1805, 0x1003, 0x0802, 0x0001, 0x10A3, 0x6BB3, 0x1884, 0x1884, 0x1884, 0x18A4, 0x18A4, 0x18A4, 0x18A4,
    0x1864, 0x1864, 0x1864, 0x1884, 0x1884, 0x1844, 0x1844, 0x1844, 0x1844, 0x1844, 0x1843, 0x1864, 0x1824, 0x2024, 0x1844, 0x1844,
    0x1824, 0x1824, 0x1844, 0x1844, 0x1824, 0x1824, 0x1844, 0x1823, 0x1823, 0x1823, 0x1823, 0x1823, 0x1823, 0x1823, 0x1823, 0x1823,
    0x1803, 0x1803, 0x1803, 0x1803, 0x1803, 0x1803, 0x1803, 0x1803, 0x1803, 0x1803, 0x1803, 0x1803, 0x1803, 0x1803, 0x1803, 0x1803,
    0x1803, 0x1803, 0x1803, 0x1803, 0x1803, 0x1803, 0x1803, 0x1803, 0x1803, 0x1803, 0x1803, 0x1803, 0x1803, 0x1803, 0x1803, 0x1803,
    0x1803, 0x1803, 0x1803, 0x1803, 0x1803, 0x1803, 0x1803, 0x1803, 0x1803, 0x1803, 0x1803, 0x1803, 0x1803, 0x1803, 0x1803, 0x1803,
    0x1803, 0x1803, 0x1003, 0x1002, 0x1002, 0x1003, 0x1003, 0x1003, 0x1003, 0x1002, 0x1002, 0x1002, 0x1002, 0x1003, 0x1003, 0x1803,
    0x1003, 0x1803, 0x1803, 0x1803, 0x1803, 0x1803, 0x1803, 0x1803, 0x1803, 0x1803, 0x1803, 0x1803, 0x1803, 0x1803, 0x1803, 0x1803,
    0x1803, 0x1803, 0x1803, 0x1803, 0x1803, 0x1803, 0x1803, 0x1803, 0x1803, 0x2003, 0x2003, 0x2003, 0x2003, 0x2003, 0x2003, 0x2003,
    0x2003, 0x2003, 0x2003, 0x2003, 0x2003, 0x2003, 0x2003, 0x2003, 0x2003, 0x2003, 0x2003, 0x2003, 0x2003, 0x2003, 0x2003, 0x2003,
    0x2003, 0x2003, 0x2003, 0x2003, 0x2003, 0x2003, 0x2003, 0x2003, 0x2003, 0x2003, 0x1803, 0x1803, 0x1803, 0x1803, 0x1803, 0x1803,
    0x1803, 0x1803, 0x1803, 0x1803, 0x1803, 0x1803, 0x1803, 0x1003, 0x1003, 0x1003, 0x1003, 0x1003, 0x1003, 0x1003, 0x1002, 0x1002,
    0x1002, 0x1002, 0x1002, 0x1002, 0x1002, 0x1002, 0x1002, 0x1002, 0x1002, 0x1002, 0x1002, 0x1002, 0x1002, 0x1002, 0x1002, 0x1002,
    0x1002, 0x1002, 0x1003, 0x1002, 0x1002, 0x1002, 0x1003, 0x0802, 0x0802, 0x0803, 0x0802, 0x0823, 0x0823, 0x0823, 0x0823, 0x0823,
    0x0823, 0x0823, 0x0823, 0x0823, 0x0823, 0x0843, 0x0843, 0x0843, 0x0863, 0x0063, 0x0063, 0x0063, 0x0063, 0x0063, 0x0063, 0x0063,
    0x0063, 0x0063, 0x0063, 0x0063, 0x0063, 0x0063, 0x0063, 0x0063, 0x0063, 0x0063, 0x0063, 0x0083, 0x0083, 0x0083, 0x0083, 0x0083,
    0x0083, 0x0083, 0x0083, 0x0083, 0x0083, 0x0082, 0x0082, 0x0082, 0x0083, 0x00A3, 0x00A3, 0x00A3, 0x00A3, 0x00C3, 0x00C3, 0x00C3,
    0x00C3, 0x00C3, 0x00C3, 0x00C3, 0x00C3, 0x00C3, 0x00C3, 0x03B0, 0x0083, 0x0801, 0x0802, 0x1805, 0x2007, 0x2007, 0x2807, 0x2807,
    0x2807, 0x2807, 0x2807, 0x2807, 0x2807, 0x2807, 0x2807, 0x2807, 0x2807, 0x2807, 0x2807, 0x2807, 0x2807, 0x2807, 0x2807, 0x2807,
    0x0000, 0x0000, 0x0000, 0x0000, 0x0000, 0x0000, 0x0000, 0x0000, 0x0000, 0x0000, 0x0000, 0x0000, 0x0000, 0x0000, 0x0000, 0x0000,
    0x0000, 0x0000, 0x0000, 0x0000, 0x0000, 0x0000, 0x1003, 0x0001, 0x524E, 0x7292, 0x6A51, 0x6A91, 0x6AB2, 0x6AB2, 0x62D2, 0x6AB2,
    0x79F2, 0x7A12, 0x79D2, 0x6A32, 0x6251, 0x7930, 0x7911, 0x7130, 0x7130, 0x7130, 0x7130, 0x6970, 0x78D0, 0x8090, 0x78F0, 0x70F0,
    0x78D0, 0x78B0, 0x78D0, 0x70F0, 0x78AF, 0x78D0, 0x70F0, 0x70CF, 0x70CF, 0x70CF, 0x788F, 0x786E, 0x786E, 0x784E, 0x784E, 0x784E,
    0x784E, 0x782E, 0x782E, 0x782E, 0x782E, 0x702E, 0x702E, 0x702E, 0x702E, 0x702D, 0x702D, 0x782E, 0x782D, 0x780E, 0x780E, 0x780E,
    0x780E, 0x700D, 0x700D, 0x700D, 0x700D, 0x702D, 0x782D, 0x702D, 0x700D, 0x700D, 0x700D, 0x700D, 0x700D, 0x700D, 0x700D, 0x700D,
    0x700D, 0x700D, 0x700D, 0x700D, 0x680D, 0x600C, 0x600C, 0x600C, 0x600C, 0x680C, 0x600C, 0x600C, 0x600C, 0x600C, 0x600C, 0x600C,
    0x600C, 0x600C, 0x580C, 0x500B, 0x500B, 0x500C, 0x580C, 0x580C, 0x580C, 0x580B, 0x500B, 0x500B, 0x500B, 0x580C, 0x580C, 0x600C,
    0x600C, 0x600C, 0x680C, 0x680C, 0x680C, 0x680C, 0x680C, 0x680C, 0x680C, 0x680C, 0x680C, 0x680C, 0x680C, 0x700C, 0x700C, 0x700C,
    0x680C, 0x680C, 0x680C, 0x680C, 0x680C, 0x680C, 0x700C, 0x700C, 0x780C, 0x800D, 0x800D, 0x800D, 0x880D, 0x880D, 0x880D, 0x880D,
    0x900D, 0x900D, 0x880D, 0x880D, 0x880D, 0x900E, 0x900E, 0x880D, 0x880D, 0x880D, 0x900D, 0x900D, 0x900E, 0x900E, 0x880D, 0x880D,
    0x880D, 0x880D, 0x880D, 0x880D, 0x880D, 0x880D, 0x800C, 0x800D, 0x800D, 0x800D, 0x780C, 0x780D, 0x780D, 0x780C, 0x700C, 0x700C,
    0x680C, 0x680C, 0x680C, 0x680C, 0x680C, 0x680C, 0x680D, 0x580C, 0x580C, 0x580C, 0x580C, 0x580C, 0x500C, 0x500C, 0x500C, 0x500B,
    0x480B, 0x480B, 0x400B, 0x400B, 0x400B, 0x400B, 0x400B, 0x400B, 0x400B, 0x400B, 0x400B, 0x402B, 0x402B, 0x402B, 0x402B, 0x402B,
    0x400B, 0x400B, 0x400B, 0x400B, 0x380B, 0x382B, 0x382C, 0x382B, 0x382B, 0x384C, 0x386C, 0x386C, 0x388D, 0x388D, 0x38AD, 0x38AD,
    0x30AC, 0x30AC, 0x30CD, 0x30CD, 0x30AC, 0x28EC, 0x212C, 0x212C, 0x218D, 0x218D, 0x198C, 0x198C, 0x198C, 0x198C, 0x198C, 0x19AD,
    0x19AD, 0x19AD, 0x19CD, 0x19AC, 0x19AC, 0x19AC, 0x19CC, 0x11CC, 0x11CC, 0x11CC, 0x11EC, 0x120C, 0x120C, 0x122D, 0x122D, 0x120D,
    0x120C, 0x120C, 0x122C, 0x0A2C, 0x0A4C, 0x0A2C, 0x0A2C, 0x0A2C, 0x0A6D, 0x02AD, 0x02AD, 0x02CD, 0x0B0E, 0x0B0E, 0x02EE, 0x02EE,
    0x030F, 0x030E, 0x030E, 0x030E, 0x030E, 0x030E, 0x034F, 0x028B, 0x0801, 0x1804, 0x0000, 0x0000, 0x0000, 0x0000, 0x0000, 0x0000,
    0x0000, 0x0000, 0x0000, 0x0000, 0x0000, 0x0000, 0x0000, 0x0000, 0x0000, 0x0000, 0x0000, 0x0000, 0x0000, 0x0000, 0x0000, 0x0000,
    0x0000, 0x0000, 0x0000, 0x0000, 0x0000, 0x0000, 0x0000, 0x0000, 0x0000, 0x0000, 0x0000, 0x0000, 0x0000, 0x0000, 0x0000, 0x0000,
    0x0000, 0x0000, 0x0000, 0x0000, 0x0000, 0x1805, 0x1805, 0x0000, 0x0000, 0x0000, 0x0000, 0x0000, 0x0000, 0x0000, 0x0000, 0x0000,
    0x0000, 0x0000, 0x0000, 0x0000, 0x0000, 0x0000, 0x0000, 0x0000, 0x0000, 0x0000, 0x0000, 0x0000, 0x0000, 0x0000, 0x0000, 0x0000,
    0x0000, 0x0000, 0x0000, 0x0000, 0x0000, 0x0000, 0x0000, 0x0000, 0x0000, 0x0000, 0x0000, 0x0000, 0x0000, 0x0000, 0x0000, 0x0000,
    0x0000, 0x0000, 0x0000, 0x0000, 0x0000, 0x0000, 0x0000, 0x0000, 0x0000, 0x0000, 0x0000, 0x0000, 0x0000, 0x0000, 0x0000, 0x0000,
    0x0000, 0x0000, 0x0000, 0x0000, 0x0000, 0x0000, 0x0000, 0x0000, 0x0000, 0x0000, 0x0000, 0x0000, 0x0000, 0x0000, 0x0000, 0x0000,
    0x0000, 0x0000, 0x0000, 0x0000, 0x0000, 0x0000, 0x0000, 0x0000, 0x0000, 0x0000, 0x0000, 0x0000, 0x0000, 0x0000, 0x0000, 0x0000,
    0x0000, 0x0000, 0x0000, 0x0000, 0x0000, 0x0000, 0x0000, 0x0000, 0x0000, 0x0000, 0x0000, 0x0000, 0x0000, 0x0000, 0x0000, 0x0000,
    0x0000, 0x0000, 0x0000, 0x0000, 0x0000, 0x0000, 0x0000, 0x0000, 0x0000, 0x0000, 0x0000, 0x0000, 0x0000, 0x0000, 0x0000, 0x0000,
    0x0000, 0x0000, 0x0000, 0x0000, 0x0000, 0x0000, 0x0000, 0x0000, 0x0000, 0x0000, 0x0000, 0x0000, 0x0000, 0x0000, 0x0000, 0x0000,
    0x0000, 0x0000, 0x0000, 0x0000, 0x0000, 0x0000, 0x0000, 0x0000, 0x0000, 0x0000, 0x0000, 0x0000, 0x0000, 0x0000, 0x0000, 0x0000,
    0x0000, 0x0000, 0x0000, 0x0000, 0x0000, 0x0000, 0x0000, 0x0000, 0x0000, 0x0000, 0x0000, 0x0000, 0x0000, 0x0000, 0x0000, 0x0000,
    0x0000, 0x0000, 0x0000, 0x0000, 0x0000, 0x0000, 0x0000, 0x0000, 0x0000, 0x0000, 0x0000, 0x0000, 0x0000, 0x0000, 0x0000, 0x0000,
    0x0000, 0x0000, 0x0000, 0x0000, 0x0000, 0x0000, 0x0000, 0x0000, 0x0000, 0x0000, 0x0000, 0x0000, 0x0000, 0x0000, 0x0000, 0x0000,
    0x0000, 0x0000, 0x0000, 0x0000, 0x0000, 0x0000, 0x0000, 0x0000, 0x0000, 0x0000, 0x0000, 0x0000, 0x0000, 0x0000, 0x0000, 0x0000,
    0x0000, 0x0000, 0x0000, 0x0000, 0x0000, 0x0000, 0x0000, 0x0000, 0x0000, 0x0000, 0x0000, 0x0000, 0x0000, 0x0000, 0x0000, 0x0000,
    0x0000, 0x0000, 0x0000, 0x0000, 0x0000, 0x0000, 0x0000, 0x0000, 0x0000, 0x0000, 0x0000, 0x0000, 0x0000, 0x0000, 0x0000, 0x0000,
    0x0000, 0x0000, 0x0000, 0x0000, 0x0000, 0x0000, 0x0000, 0x0000, 0x0000, 0x0000, 0x0000, 0x0000, 0x0000, 0x0000, 0x0000, 0x0000,
    0x0000, 0x0000, 0x0000, 0x0000, 0x0000, 0x0000, 0x0000, 0x0000, 0x0000, 0x1805, 0x2007, 0x0000, 0x0000, 0x0000, 0x0000, 0x0000,
    0x0000, 0x0000, 0x0000, 0x0000, 0x0000, 0x0000, 0x0000, 0x0000, 0x0000, 0x0000, 0x0000, 0x0000, 0x0000, 0x0000, 0x0000, 0x0000,
    0x0000, 0x0000, 0x0000, 0x0000, 0x0000, 0x0000, 0x0000, 0x0000, 0x0000, 0x0000, 0x0000, 0x0000, 0x0000, 0x0000, 0x0000, 0x0000,
    0x0000, 0x0000, 0x0000, 0x0000, 0x2807, 0x2007, 0x0000, 0x0000, 0x0000, 0x0000, 0x0000, 0x0000, 0x0000, 0x0000, 0x0000, 0x0000,
    0x0000, 0x0000, 0x0000, 0x0000, 0x0000, 0x0000, 0x0000, 0x0000, 0x0000, 0x0000, 0x0000, 0x0000, 0x0000, 0x0000, 0x0000, 0x0000,
    0x0000, 0x0000, 0x0000, 0x0000, 0x0000, 0x0000, 0x0000, 0x0000, 0x0000, 0x0000, 0x0000, 0x0000, 0x0000, 0x0000, 0x0000, 0x0000,
    0x0000, 0x0000, 0x0000, 0x0000, 0x0000, 0x0000, 0x0000, 0x0000, 0x0000, 0x0000, 0x0000, 0x0000, 0x0000, 0x0000, 0x0000, 0x0000,
    0x0000, 0x0000, 0x0000, 0x0000, 0x0000, 0x0000, 0x0000, 0x0000, 0x0000, 0x0000, 0x0000, 0x0000, 0x0000, 0x0000, 0x0000, 0x0000,
    0x0000, 0x0000, 0x0000, 0x0000, 0x0000, 0x0000, 0x0000, 0x0000, 0x0000, 0x0000, 0x0000, 0x0000, 0x0000, 0x0000, 0x0000, 0x0000,
    0x0000, 0x0000, 0x0000, 0x0000, 0x0000, 0x0000, 0x0000, 0x0000, 0x0000, 0x0000, 0x0000, 0x0000, 0x0000, 0x0000, 0x0000, 0x0000,
    0x0000, 0x0000, 0x0000, 0x0000, 0x0000, 0x0000, 0x0000, 0x0000, 0x0000, 0x0000, 0x0000, 0x0000, 0x0000, 0x0000, 0x0000, 0x0000,
    0x0000, 0x0000, 0x0000, 0x0000, 0x0000, 0x0000, 0x0000, 0x0000, 0x0000, 0x0000, 0x0000, 0x0000, 0x0000, 0x0000, 0x0000, 0x0000,
    0x0000, 0x0000, 0x0000, 0x0000, 0x0000, 0x0000, 0x0000, 0x0000, 0x0000, 0x0000, 0x0000, 0x0000, 0x0000, 0x0000, 0x0000, 0x0000,
    0x0000, 0x0000, 0x0000, 0x0000, 0x0000, 0x0000, 0x0000, 0x0000, 0x0000, 0x0000, 0x0000, 0x0000, 0x0000, 0x0000, 0x0000, 0x0000,
    0x0000, 0x0000, 0x0000, 0x0000, 0x0000, 0x0000, 0x0000, 0x0000, 0x0000, 0x0000, 0x0000, 0x0000, 0x0000, 0x0000, 0x0000, 0x0000,
    0x0000, 0x0000, 0x0000, 0x0000, 0x0000, 0x0000, 0x0000, 0x0000, 0x0000, 0x0000, 0x0000, 0x0000, 0x0000, 0x0000, 0x0000, 0x0000,
    0x0000, 0x0000, 0x0000, 0x0000, 0x0000, 0x0000, 0x0000, 0x0000, 0x0000, 0x0000, 0x0000, 0x0000, 0x0000, 0x0000, 0x0000, 0x0000,
    0x0000, 0x0000, 0x0000, 0x0000, 0x0000, 0x0000, 0x0000, 0x0000, 0x0000, 0x0000, 0x0000, 0x0000, 0x0000, 0x0000, 0x0000, 0x0000,
    0x0000, 0x0000, 0x0000, 0x0000, 0x0000, 0x0000, 0x0000, 0x0000, 0x0000, 0x0000, 0x0000, 0x0000, 0x0000, 0x0000, 0x0000, 0x0000,
    0x0000, 0x0000, 0x0000, 0x0000, 0x0000, 0x0000, 0x0000, 0x0000, 0x0000, 0x0000, 0x0000, 0x0000, 0x0000, 0x0000, 0x0000, 0x0000,
    0x0000, 0x0000, 0x0000, 0x0000, 0x0000, 0x0000, 0x0000, 0x0000, 0x0000, 0x0000, 0x1805, 0x2808, 0x0000, 0x0000, 0x0000, 0x0000,
    0x0000, 0x0000, 0x0000, 0x0000, 0x0000, 0x0000, 0x0000, 0x0000, 0x0000, 0x0000, 0x0000, 0x0000, 0x0000, 0x0000, 0x0000, 0x0000,
    0x0000, 0x0000, 0x0000, 0x0000, 0x0000, 0x0000, 0x0000, 0x0000, 0x0000, 0x0000, 0x0000, 0x0000, 0x0000, 0x0000, 0x0000, 0x0000,
    0x0000, 0x0000, 0x0000, 0x3008, 0x2807, 0x0000, 0x0000, 0x0000, 0x0000, 0x0000, 0x0000, 0x0000, 0x0000, 0x0000, 0x0000, 0x0000,
    0x0000, 0x0000, 0x0000, 0x0000, 0x0000, 0x0000, 0x0000, 0x0000, 0x0000, 0x0000, 0x0000, 0x0000, 0x0000, 0x0000, 0x0000, 0x0000,
    0x0000, 0x0000, 0x0000, 0x0000, 0x0000, 0x0000, 0x0000, 0x0000, 0x0000, 0x0000, 0x0000, 0x0000, 0x0000, 0x0000, 0x0000, 0x0000,
    0x0000, 0x0000, 0x0000, 0x0000, 0x0000, 0x0000, 0x0000, 0x0000, 0x0000, 0x0000, 0x0000, 0x0000, 0x0000, 0x0000, 0x0000, 0x0000,
    0x0000, 0x0000, 0x0000, 0x0000, 0x0000, 0x0000, 0x0000, 0x0000, 0x0000, 0x0000, 0x0000, 0x0000, 0x0000, 0x0000, 0x0000, 0x0000,
    0x0000, 0x0000, 0x0000, 0x0000, 0x0000, 0x0000, 0x0000, 0x0000, 0x0000, 0x0000, 0x0000, 0x0000, 0x0000, 0x0000, 0x0000, 0x0000,
    0x0000, 0x0000, 0x0000, 0x0000, 0x0000, 0x0000, 0x0000, 0x0000, 0x0000, 0x0000, 0x0000, 0x0000, 0x0000, 0x0000, 0x0000, 0x0000,
    0x0000, 0x0000, 0x0000, 0x0000, 0x0000, 0x0000, 0x0000, 0x0000, 0x0000, 0x0000, 0x0000, 0x0000, 0x0000, 0x0000, 0x0000, 0x0000,
    0x0000, 0x0000, 0x0000, 0x0000, 0x0000, 0x0000, 0x0000, 0x0000, 0x0000, 0x0000, 0x0000, 0x0000, 0x0000, 0x0000, 0x0000, 0x0000,
    0x0000, 0x0000, 0x0000, 0x0000, 0x0000, 0x0000, 0x0000, 0x0000, 0x0000, 0x0000, 0x0000, 0x0000, 0x0000, 0x0000, 0x0000, 0x0000,
    0x0000, 0x0000, 0x0000, 0x0000, 0x0000, 0x0000, 0x0000, 0x0000, 0x0000, 0x0000, 0x0000, 0x0000, 0x0000, 0x0000, 0x0000, 0x0000,
    0x0000, 0x0000, 0x0000, 0x0000, 0x0000, 0x0000, 0x0000, 0x0000, 0x0000, 0x0000, 0x0000, 0x0000, 0x0000, 0x0000, 0x0000, 0x0000,
    0x0000, 0x0000, 0x0000, 0x0000, 0x0000, 0x0000, 0x0000, 0x0000, 0x0000, 0x0000, 0x0000, 0x0000, 0x0000, 0x0000, 0x0000, 0x0000,
    0x0000, 0x0000, 0x0000, 0x0000, 0x0000, 0x0000, 0x0000, 0x0000, 0x0000, 0x0000, 0x0000, 0x0000, 0x0000, 0x0000, 0x0000, 0x0000,
    0x0000, 0x0000, 0x0000, 0x0000, 0x0000, 0x0000, 0x0000, 0x0000, 0x0000, 0x0000, 0x0000, 0x0000, 0x0000, 0x0000, 0x0000, 0x0000,
    0x0000, 0x0000, 0x0000, 0x0000, 0x0000, 0x0000, 0x0000, 0x0000, 0x0000, 0x0000, 0x0000, 0x0000, 0x0000, 0x0000, 0x0000, 0x0000,
    0x0000, 0x0000, 0x0000, 0x0000, 0x0000, 0x0000, 0x0000, 0x0000, 0x0000, 0x0000, 0x0000, 0x0000, 0x0000, 0x0000, 0x0000, 0x0000,
    0x0000, 0x0000, 0x0000, 0x0000, 0x0000, 0x0000, 0x0000, 0x0000, 0x0000, 0x0000, 0x0000, 0x2006, 0x3008, 0x0000, 0x0000, 0x0000,
    0x0000, 0x0000, 0x0000, 0x0000, 0x0000, 0x0000, 0x0000, 0x0000, 0x0000, 0x0000, 0x0000, 0x0000, 0x0000, 0x0000, 0x0000, 0x0000,
    0x0000, 0x0000, 0x0000, 0x0000, 0x0000, 0x0000, 0x0000, 0x0000, 0x0000, 0x0000, 0x0000, 0x0000, 0x0000, 0x0000, 0x0000, 0x0000,
    0x0000, 0x0000, 0x3008, 0x2807, 0x0000, 0x0000, 0x0000, 0x0000, 0x0000, 0x0000, 0x0000, 0x0000, 0x0000, 0x0000, 0x0000, 0x0000,
    0x0000, 0x0000, 0x0000, 0x0000, 0x0000, 0x0000, 0x0000, 0x0000, 0x0000, 0x0000, 0x0000, 0x0000, 0x0000, 0x0000, 0x0000, 0x0000,
    0x0000, 0x0000, 0x0000, 0x0000, 0x0000, 0x0000, 0x0000, 0x0000, 0x0000, 0x0000, 0x0000, 0x0000, 0x0000, 0x0000, 0x0000, 0x0000,
    0x0000, 0x0000, 0x0000, 0x0000, 0x0000, 0x0000, 0x0000, 0x0000, 0x0000, 0x0000, 0x0000, 0x0000, 0x0000, 0x0000, 0x0000, 0x0000,
    0x0000, 0x0000, 0x0000, 0x0000, 0x0000, 0x0000, 0x0000, 0x0000, 0x0000, 0x0000, 0x0000, 0x0000, 0x0000, 0x0000, 0x0000, 0x0000,
    0x0000, 0x0000, 0x0000, 0x0000, 0x0000, 0x0000, 0x0000, 0x0000, 0x0000, 0x0000, 0x0000, 0x0000, 0x0000, 0x0000, 0x0000, 0x0000,
    0x0000, 0x0000, 0x0000, 0x0000, 0x0000, 0x0000, 0x0000, 0x0000, 0x0000, 0x0000, 0x0000, 0x0000, 0x0000, 0x0000, 0x0000, 0x0000,
    0x0000, 0x0000, 0x0000, 0x0000, 0x0000, 0x0000, 0x0000, 0x0000, 0x0000, 0x0000, 0x0000, 0x0000, 0x0000, 0x0000, 0x0000, 0x0000,
    0x0000, 0x0000, 0x0000, 0x0000, 0x0000, 0x0000, 0x0000, 0x0000, 0x0000, 0x0000, 0x0000, 0x0000, 0x0000, 0x0000, 0x0000, 0x0000,
    0x0000, 0x0000, 0x0000, 0x0000, 0x0000, 0x0000, 0x0000, 0x0000, 0x0000, 0x0000, 0x0000, 0x0000, 0x0000, 0x0000, 0x0000, 0x0000,
    0x0000, 0x0000, 0x0000, 0x0000, 0x0000, 0x0000, 0x0000, 0x0000, 0x0000, 0x0000, 0x0000, 0x0000, 0x0000, 0x0000, 0x0000, 0x0000,
    0x0000, 0x0000, 0x0000, 0x0000, 0x0000, 0x0000, 0x0000, 0x0000, 0x0000, 0x0000, 0x0000, 0x0000, 0x0000, 0x0000, 0x0000, 0x0000,
    0x0000, 0x0000, 0x0000, 0x0000, 0x0000, 0x0000, 0x0000, 0x0000, 0x0000, 0x0000, 0x0000, 0x0000, 0x0000, 0x0000, 0x0000, 0x0000,
    0x0000, 0x0000, 0x0000, 0x0000, 0x0000, 0x0000, 0x0000, 0x0000, 0x0000, 0x0000, 0x0000, 0x0000, 0x0000, 0x0000, 0x0000, 0x0000,
    0x0000, 0x0000, 0x0000, 0x0000, 0x0000, 0x0000, 0x0000, 0x0000, 0x0000, 0x0000, 0x0000, 0x0000, 0x0000, 0x0000, 0x0000, 0x0000,
    0x0000, 0x0000, 0x0000, 0x0000, 0x0000, 0x0000, 0x0000, 0x0000, 0x0000, 0x0000, 0x0000, 0x0000, 0x0000, 0x0000, 0x0000, 0x0000,
    0x0000, 0x0000, 0x0000, 0x0000, 0x0000, 0x0000, 0x0000, 0x0000, 0x0000, 0x0000, 0x0000, 0x0000, 0x0000, 0x0000, 0x0000, 0x0000,
    0x0000, 0x0000, 0x0000, 0x0000, 0x0000, 0x0000, 0x0000, 0x0000, 0x0000, 0x0000, 0x0000, 0x0000, 0x2006, 0x3008, 0x0000, 0x0000,
    0x0000, 0x0000, 0x0000, 0x0000, 0x0000, 0x0000, 0x0000, 0x0000, 0x0000, 0x0000, 0x0000, 0x0000, 0x0000, 0x0000, 0x0000, 0x0000,
    0x0000, 0x0000, 0x0000, 0x0000, 0x0000, 0x0000, 0x0000, 0x0000, 0x0000, 0x0000, 0x0000, 0x0000, 0x0000, 0x0000, 0x0000, 0x0000,
    0x0000, 0x3008, 0x2807, 0x0000, 0x0000, 0x0000, 0x0000, 0x0000, 0x0000, 0x0000, 0x0000, 0x0000, 0x0000, 0x0000, 0x0000, 0x0000,
    0x0000, 0x0000, 0x0000, 0x0000, 0x0000, 0x0000, 0x0000, 0x0000, 0x0000, 0x0000, 0x0000, 0x0000, 0x0000, 0x0000, 0x0000, 0x0000,
    0x0000, 0x0000, 0x0000, 0x0000, 0x0000, 0x0000, 0x0000, 0x0000, 0x0000, 0x0000, 0x0000, 0x0000, 0x0000, 0x0000, 0x0000, 0x0000,
    0x0000, 0x0000, 0x0000, 0x0000, 0x0000, 0x0000, 0x0000, 0x0000, 0x0000, 0x0000, 0x0000, 0x0000, 0x0000, 0x0000, 0x0000, 0x0000,
    0x0000, 0x0000, 0x0000, 0x0000, 0x0000, 0x0000, 0x0000, 0x0000, 0x0000, 0x0000, 0x0000, 0x0000, 0x0000, 0x0000, 0x0000, 0x0000,
    0x0000, 0x0000, 0x0000, 0x0000, 0x0000, 0x0000, 0x0000, 0x0000, 0x0000, 0x0000, 0x0000, 0x0000, 0x0000, 0x0000, 0x0000, 0x0000,
    0x0000, 0x0000, 0x0000, 0x0000, 0x0000, 0x0000, 0x0000, 0x0000, 0x0000, 0x0000, 0x0000, 0x0000, 0x0000, 0x0000, 0x0000, 0x0000,
    0x0000, 0x0000, 0x0000, 0x0000, 0x0000, 0x0000, 0x0000, 0x0000, 0x0000, 0x0000, 0x0000, 0x0000, 0x0000, 0x0000, 0x0000, 0x0000,
    0x0000, 0x0000, 0x0000, 0x0000, 0x0000, 0x0000, 0x0000, 0x0000, 0x0000, 0x0000, 0x0000, 0x0000, 0x0000, 0x0000, 0x0000, 0x0000,
    0x0000, 0x0000, 0x0000, 0x0000, 0x0000, 0x0000, 0x0000, 0x0000, 0x0000, 0x0000, 0x0000, 0x0000, 0x0000, 0x0000, 0x0000, 0x0000,
    0x0000, 0x0000, 0x0000, 0x0000, 0x0000, 0x0000, 0x0000, 0x0000, 0x0000, 0x0000, 0x0000, 0x0000, 0x0000, 0x0000, 0x0000, 0x0000,
    0x0000, 0x0000, 0x0000, 0x0000, 0x0000, 0x0000, 0x0000, 0x0000, 0x0000, 0x0000, 0x0000, 0x0000, 0x0000, 0x0000, 0x0000, 0x0000,
    0x0000, 0x0000, 0x0000, 0x0000, 0x0000, 0x0000, 0x0000, 0x0000, 0x0000, 0x0000, 0x0000, 0x0000, 0x0000, 0x0000, 0x0000, 0x0000,
    0x0000, 0x0000, 0x0000, 0x0000, 0x0000, 0x0000, 0x0000, 0x0000, 0x0000, 0x0000, 0x0000, 0x0000, 0x0000, 0x0000, 0x0000, 0x0000,
    0x0000, 0x0000, 0x0000, 0x0000, 0x0000, 0x0000, 0x0000, 0x0000, 0x0000, 0x0000, 0x0000, 0x0000, 0x0000, 0x0000, 0x0000, 0x0000,
    0x0000, 0x0000, 0x0000, 0x0000, 0x0000, 0x0000, 0x0000, 0x0000, 0x0000, 0x0000, 0x0000, 0x0000, 0x0000, 0x0000, 0x0000, 0x0000,
    0x0000, 0x0000, 0x0000, 0x0000, 0x0000, 0x0000, 0x0000, 0x0000, 0x0000, 0x0000, 0x0000, 0x0000, 0x0000, 0x0000, 0x0000, 0x0000,
    0x0000, 0x0000, 0x0000, 0x0000, 0x0000, 0x0000, 0x0000, 0x0000, 0x0000, 0x0000, 0x0000, 0x0000, 0x0000, 0x2006, 0x3809, 0x0000,
    0x0000, 0x0000, 0x0000, 0x0000, 0x0000, 0x0000, 0x0000, 0x0000, 0x0000, 0x0000, 0x0000, 0x0000, 0x0000, 0x0000, 0x0000, 0x0000,
    0x0000, 0x0000, 0x0000, 0x0000, 0x0000, 0x0000, 0x0000, 0x0000, 0x0000, 0x0000, 0x0000, 0x0000, 0x0000, 0x0000, 0x0000, 0x0000,
    0x3008, 0x2807, 0x0000, 0x0000, 0x0000, 0x0000, 0x0000, 0x0000, 0x0000, 0x0000, 0x0000, 0x0000, 0x0000, 0x0000, 0x0000, 0x0000,
    0x0000, 0x0000, 0x0000, 0x0000, 0x0000, 0x0000, 0x0000, 0x0000, 0x0000, 0x0000, 0x0000, 0x0000, 0x0000, 0x0000, 0x0000, 0x0000,
    0x0000, 0x0000, 0x0000, 0x0000, 0x0000, 0x0000, 0x0000, 0x0000, 0x0000, 0x0000, 0x0000, 0x0000, 0x0000, 0x0000, 0x0000, 0x0000,
    0x0000, 0x0000, 0x0000, 0x0000, 0x0000, 0x0000, 0x0000, 0x0000, 0x0000, 0x0000, 0x0000, 0x0000, 0x0000, 0x0000, 0x0000, 0x0000,
    0x0000, 0x0000, 0x0000, 0x0000, 0x0000, 0x0000, 0x0000, 0x0000, 0x0000, 0x0000, 0x0000, 0x0000, 0x0000, 0x0000, 0x0000, 0x0000,
    0x0000, 0x0000, 0x0000, 0x0000, 0x0000, 0x0000, 0x0000, 0x0000, 0x0000, 0x0000, 0x0000, 0x0000, 0x0000, 0x0000, 0x0000, 0x0000,
    0x0000, 0x0000, 0x0000, 0x0000, 0x0000, 0x0000, 0x0000, 0x0000, 0x0000, 0x0000, 0x0000, 0x0000, 0x0000, 0x0000, 0x0000, 0x0000,
    0x0000, 0x0000, 0x0000, 0x0000, 0x0000, 0x0000, 0x0000, 0x0000, 0x0000, 0x0000, 0x0000, 0x0000, 0x0000, 0x0000, 0x0000, 0x0000,
    0x0000, 0x0000, 0x0000, 0x0000, 0x0000, 0x0000, 0x0000, 0x0000, 0x0000, 0x0000, 0x0000, 0x0000, 0x0000, 0x0000, 0x0000, 0x0000,
    0x0000, 0x0000, 0x0000, 0x0000, 0x0000, 0x0000, 0x0000, 0x0000, 0x0000, 0x0000, 0x0000, 0x0000, 0x0000, 0x0000, 0x0000, 0x0000,
    0x0000, 0x0000, 0x0000, 0x0000, 0x0000, 0x0000, 0x0000, 0x0000, 0x0000, 0x0000, 0x0000, 0x0000, 0x0000, 0x0000, 0x0000, 0x0000,
    0x0000, 0x0000, 0x0000, 0x0000, 0x0000, 0x0000, 0x0000, 0x0000, 0x0000, 0x0000, 0x0000, 0x0000, 0x0000, 0x0000, 0x0000, 0x0000,
    0x0000, 0x0000, 0x0000, 0x0000, 0x0000, 0x0000, 0x0000, 0x0000, 0x0000, 0x0000, 0x0000, 0x0000, 0x0000, 0x0000, 0x0000, 0x0000,
    0x0000, 0x0000, 0x0000, 0x0000, 0x0000, 0x0000, 0x0000, 0x0000, 0x0000, 0x0000, 0x0000, 0x0000, 0x0000, 0x0000, 0x0000, 0x0000,
    0x0000, 0x0000, 0x0000, 0x0000, 0x0000, 0x0000, 0x0000, 0x0000, 0x0000, 0x0000, 0x0000, 0x0000, 0x0000, 0x0000, 0x0000, 0x0000,
    0x0000, 0x0000, 0x0000, 0x0000, 0x0000, 0x0000, 0x0000, 0x0000, 0x0000, 0x0000, 0x0000, 0x0000, 0x0000, 0x0000, 0x0000, 0x0000,
    0x0000, 0x0000, 0x0000, 0x0000, 0x0000, 0x0000, 0x0000, 0x0000, 0x0000, 0x0000, 0x0000, 0x0000, 0x0000, 0x0000, 0x0000, 0x0000,
    0x0000, 0x0000, 0x0000, 0x0000, 0x0000, 0x0000, 0x0000, 0x0000, 0x0000, 0x0000, 0x0000, 0x0000, 0x0000, 0x0000, 0x2005, 0x3809,
    0x0001, 0x0000, 0x0000, 0x0000, 0x0000, 0x0000, 0x0000, 0x0000, 0x0000, 0x0000, 0x0000, 0x0000, 0x0000, 0x0000, 0x0000, 0x0000,
    0x0000, 0x0000, 0x0000, 0x0000, 0x0000, 0x0000, 0x0000, 0x0000, 0x0000, 0x0000, 0x0000, 0x0000, 0x0000, 0x0000, 0x0000, 0x3009,
    0x2807, 0x0000, 0x0000, 0x0000, 0x0000, 0x0000, 0x0000, 0x0000, 0x0000, 0x0000, 0x0000, 0x0000, 0x0000, 0x0000, 0x0000, 0x0000,
    0x0802, 0x1805, 0x1805, 0x1805, 0x1805, 0x1805, 0x1804, 0x1804, 0x1804, 0x1804, 0x1805, 0x1805, 0x1805, 0x1805, 0x1805, 0x1805,
    0x2005, 0x2005, 0x2005, 0x2005, 0x2005, 0x2005, 0x2005, 0x2005, 0x1805, 0x1805, 0x1805, 0x2005, 0x1805, 0x1805, 0x1805, 0x1805,
    0x2005, 0x2005, 0x2005, 0x2005, 0x2005, 0x2005, 0x2005, 0x2005, 0x2005, 0x2005, 0x2005, 0x2005, 0x2005, 0x2005, 0x2005, 0x2005,
    0x2005, 0x2005, 0x2005, 0x2005, 0x2005, 0x2005, 0x2005, 0x2005, 0x2005, 0x2005, 0x2005, 0x2005, 0x2005, 0x2005, 0x2005, 0x2005,
    0x1805, 0x1805, 0x1805, 0x1805, 0x2005, 0x2005, 0x2005, 0x2005, 0x2005, 0x2005, 0x2005, 0x2005, 0x2005, 0x2005, 0x1805, 0x1805,
    0x2005, 0x2005, 0x2005, 0x2005, 0x2005, 0x2005, 0x2005, 0x2005, 0x2005, 0x2005, 0x2005, 0x2005, 0x2005, 0x2005, 0x2005, 0x2005,
    0x2005, 0x2005, 0x2005, 0x2005, 0x2005, 0x2005, 0x2005, 0x2005, 0x2005, 0x2005, 0x2005, 0x2005, 0x2005, 0x2005, 0x2005, 0x2005,
    0x2005, 0x2005, 0x2005, 0x2005, 0x2005, 0x2005, 0x2005, 0x2005, 0x2005, 0x2005, 0x2005, 0x2005, 0x2005, 0x2005, 0x2005, 0x2005,
    0x2806, 0x2806, 0x2806, 0x2806, 0x2806, 0x2806, 0x2806, 0x2806, 0x2806, 0x2806, 0x2806, 0x2006, 0x2005, 0x2005, 0x2005, 0x2005,
    0x2005, 0x2005, 0x2005, 0x2005, 0x2005, 0x2005, 0x2005, 0x2005, 0x2005, 0x2005, 0x2005, 0x2005, 0x2005, 0x2005, 0x2005, 0x2005,
    0x2005, 0x2005, 0x2005, 0x2005, 0x2005, 0x2005, 0x2005, 0x2005, 0x2005, 0x2005, 0x2005, 0x2005, 0x2005, 0x2005, 0x2005, 0x2005,
    0x1805, 0x1805, 0x1805, 0x1804, 0x1805, 0x1805, 0x1805, 0x1805, 0x1805, 0x1805, 0x1805, 0x1805, 0x1805, 0x1805, 0x1805, 0x1805,
    0x2005, 0x2005, 0x2005, 0x2005, 0x2005, 0x1805, 0x1805, 0x2005, 0x2005, 0x2005, 0x1805, 0x1805, 0x1805, 0x1805, 0x1805, 0x1805,
    0x1805, 0x1805, 0x1805, 0x1805, 0x1805, 0x1805, 0x1805, 0x1805, 0x1805, 0x1805, 0x1805, 0x1805, 0x1805, 0x1804, 0x1804, 0x1804,
    0x1804, 0x1804, 0x1804, 0x1805, 0x1805, 0x1805, 0x1805, 0x1805, 0x1805, 0x1805, 0x1805, 0x1805, 0x1805, 0x1805, 0x1805, 0x1805,
    0x1805, 0x1805, 0x1805, 0x1805, 0x1805, 0x1805, 0x1805, 0x1805, 0x1805, 0x1025, 0x1065, 0x08C6, 0x08E6, 0x0106, 0x0167, 0x0104,
    0x0000, 0x0000, 0x0000, 0x0000, 0x0000, 0x0000, 0x0000, 0x0000, 0x0000, 0x0000, 0x0000, 0x0000, 0x0000, 0x0000, 0x0000, 0x2005,
    0x3809, 0x0000, 0x0000, 0x0000, 0x0000, 0x0000, 0x0000, 0x0000, 0x0000, 0x0000, 0x0000, 0x0000, 0x0000, 0x0000, 0x0000, 0x0000,
    0x0000, 0x0000, 0x0000, 0x0000, 0x0000, 0x0000, 0x0000, 0x0000, 0x0000, 0x0000, 0x0000, 0x0000, 0x0000, 0x0000, 0x3008, 0x2806,
    0x0000, 0x0000, 0x0000, 0x0000, 0x0000, 0x0000, 0x0000, 0x0000, 0x0000, 0x0000, 0x0000, 0x0000, 0x0000, 0x0000, 0x0000, 0x1003,
    0x2809, 0x2006, 0x2006, 0x2005, 0x2005, 0x2005, 0x2005, 0x2005, 0x2005, 0x2005, 0x2005, 0x2005, 0x2005, 0x2006, 0x2006, 0x2006,
    0x2006, 0x2006, 0x2006, 0x2006, 0x2006, 0x2006, 0x2006, 0x2006, 0x2006, 0x2005, 0x2005, 0x2006, 0x2006, 0x2006, 0x2006, 0x2006,
    0x2006, 0x2006, 0x2006, 0x2006, 0x2006, 0x2006, 0x2006, 0x2006, 0x2006, 0x2006, 0x2006, 0x2006, 0x2806, 0x2806, 0x2006, 0x2006,
    0x2806, 0x2806, 0x2006, 0x2006, 0x2806, 0x2006, 0x2006, 0x2006, 0x2806, 0x2806, 0x2806, 0x2006, 0x2006, 0x2006, 0x2006, 0x2006,
    0x2006, 0x2005, 0x2005, 0x2006, 0x2006, 0x2006, 0x2006, 0x2006, 0x2806, 0x2006, 0x2006, 0x2006, 0x2006, 0x2006, 0x2006, 0x2005,
    0x2006, 0x2006, 0x2006, 0x2006, 0x2006, 0x2806, 0x2806, 0x2806, 0x2006, 0x2006, 0x2006, 0x2006, 0x2006, 0x2006, 0x2806, 0x2806,
    0x2806, 0x2806, 0x2806, 0x2806, 0x2806, 0x2806, 0x2806, 0x2806, 0x2806, 0x2806, 0x2806, 0x2806, 0x2806, 0x2806, 0x2806, 0x2806,
    0x2806, 0x2806, 0x2806, 0x2806, 0x2806, 0x2806, 0x2806, 0x2806, 0x2806, 0x2806, 0x2806, 0x2806, 0x2806, 0x2806, 0x2806, 0x2806,
    0x3007, 0x3007, 0x3007, 0x3007, 0x3007, 0x3007, 0x3007, 0x3007, 0x3007, 0x3007, 0x2806, 0x2806, 0x2806, 0x2806, 0x2806, 0x2806,
    0x2806, 0x2806, 0x2806, 0x2806, 0x2806, 0x2806, 0x2806, 0x2806, 0x2806, 0x2806, 0x2806, 0x2806, 0x2806, 0x2806, 0x2806, 0x2806,
    0x2806, 0x2806, 0x2806, 0x2806, 0x2806, 0x2806, 0x2806, 0x2806, 0x2806, 0x2806, 0x2806, 0x2806, 0x2806, 0x2806, 0x2006, 0x2006,
    0x2006, 0x2006, 0x2006, 0x2005, 0x2005, 0x2006, 0x2006, 0x2006, 0x2006, 0x2006, 0x2006, 0x2006, 0x2006, 0x2006, 0x2006, 0x2006,
    0x2006, 0x2006, 0x2006, 0x2006, 0x2006, 0x2006, 0x2006, 0x2006, 0x2006, 0x2006, 0x2006, 0x2006, 0x2006, 0x2006, 0x2006, 0x2006,
    0x2006, 0x2006, 0x2006, 0x2006, 0x2006, 0x2006, 0x2006, 0x2006, 0x2006, 0x2005, 0x2005, 0x2005, 0x2005, 0x2005, 0x2005, 0x1805,
    0x1805, 0x1805, 0x2005, 0x2005, 0x2006, 0x2006, 0x2006, 0x2006, 0x2006, 0x2006, 0x2006, 0x2006, 0x1805, 0x1806, 0x2006, 0x2006,
    0x2006, 0x1806, 0x1805, 0x1806, 0x1806, 0x2006, 0x1806, 0x2026, 0x1826, 0x1826, 0x1887, 0x0908, 0x0948, 0x0167, 0x01A8, 0x034F,
    0x01A7, 0x0000, 0x0000, 0x0000, 0x0000, 0x0000, 0x0000, 0x0000, 0x0000, 0x0000, 0x0000, 0x0000, 0x0000, 0x0000, 0x0000, 0x0000,
    0x2005, 0x3809, 0x0000, 0x0000, 0x0000, 0x0000, 0x0000, 0x0000, 0x0000, 0x0000, 0x0000, 0x0000, 0x0000, 0x0000, 0x0000, 0x0000,
    0x0000, 0x0000, 0x0000, 0x0000, 0x0000, 0x0000, 0x0000, 0x0000, 0x0000, 0x0000, 0x0000, 0x0000, 0x0000, 0x3008, 0x2006, 0x0000,
    0x0000, 0x0000, 0x0000, 0x0000, 0x0000, 0x0000, 0x0000, 0x0000, 0x0000, 0x0000, 0x0000, 0x0000, 0x0000, 0x0000, 0x0801, 0x2808,
    0x0001, 0x0000, 0x0000, 0x0000, 0x0000, 0x0000, 0x0000, 0x0000, 0x0000, 0x0000, 0x0000, 0x0000, 0x0000, 0x0000, 0x0000, 0x0000,
    0x0000, 0x0000, 0x0000, 0x0000, 0x0000, 0x0000, 0x0000, 0x0000, 0x0000, 0x0000, 0x0000, 0x0000, 0x0000, 0x0000, 0x0000, 0x0000,
    0x0000, 0x0000, 0x0000, 0x0000, 0x0000, 0x0000, 0x0000, 0x0000, 0x0000, 0x0000, 0x0000, 0x0000, 0x0000, 0x0000, 0x0000, 0x0000,
    0x0000, 0x0000, 0x0000, 0x0000, 0x0000, 0x0000, 0x0000, 0x0000, 0x0000, 0x0000, 0x0000, 0x0000, 0x0000, 0x0000, 0x0000, 0x0000,
    0x0000, 0x0000, 0x0000, 0x0000, 0x0000, 0x0000, 0x0000, 0x0000, 0x0000, 0x0000, 0x0000, 0x0000, 0x0000, 0x0000, 0x0000, 0x0000,
    0x0000, 0x0000, 0x0000, 0x0000, 0x0000, 0x0000, 0x0000, 0x0000, 0x0000, 0x0000, 0x0000, 0x0000, 0x0000, 0x0000, 0x0000, 0x0000,
    0x0000, 0x0000, 0x0000, 0x0000, 0x0000, 0x0000, 0x0000, 0x0000, 0x0000, 0x0000, 0x0000, 0x0000, 0x0000, 0x0000, 0x0000, 0x0000,
    0x0000, 0x0000, 0x0000, 0x0000, 0x0000, 0x0000, 0x0000, 0x0000, 0x0000, 0x0000, 0x0000, 0x0000, 0x0000, 0x0000, 0x0000, 0x0000,
    0x0000, 0x0000, 0x0000, 0x0000, 0x0000, 0x0000, 0x0000, 0x0000, 0x0000, 0x0000, 0x0000, 0x0000, 0x0000, 0x0000, 0x0000, 0x0000,
    0x0000, 0x0000, 0x0000, 0x0000, 0x0000, 0x0000, 0x0000, 0x0000, 0x0000, 0x0000, 0x0000, 0x0000, 0x0000, 0x0000, 0x0000, 0x0000,
    0x0000, 0x0000, 0x0000, 0x0000, 0x0000, 0x0000, 0x0000, 0x0000, 0x0000, 0x0000, 0x0000, 0x0000, 0x0000, 0x0000, 0x0000, 0x0000,
    0x0000, 0x0000, 0x0000, 0x0000, 0x0000, 0x0000, 0x0000, 0x0000, 0x0000, 0x0000, 0x0000, 0x0000, 0x0000, 0x0000, 0x0000, 0x0000,
    0x0000, 0x0000, 0x0000, 0x0000, 0x0000, 0x0000, 0x0000, 0x0000, 0x0000, 0x0000, 0x0000, 0x0000, 0x0000, 0x0000, 0x0000, 0x0000,
    0x0000, 0x0000, 0x0000, 0x0000, 0x0000, 0x0000, 0x0000, 0x0000, 0x0000, 0x0000, 0x0000, 0x0000, 0x0000, 0x0000, 0x0000, 0x0000,
    0x0000, 0x0000, 0x0000, 0x0000, 0x0000, 0x0000, 0x0000, 0x0000, 0x0000, 0x0000, 0x0000, 0x0000, 0x0000, 0x0000, 0x0000, 0x0000,
    0x0000, 0x0000, 0x0000, 0x0000, 0x0000, 0x0000, 0x0000, 0x0000, 0x0000, 0x0000, 0x0000, 0x0000, 0x0000, 0x0000, 0x0000, 0x0061,
    0x0391, 0x00C3, 0x0000, 0x0000, 0x0000, 0x0000, 0x0000, 0x0000, 0x0000, 0x0000, 0x0000, 0x0000, 0x0000, 0x0000, 0x0000, 0x0000,
    0x0000, 0x2005, 0x400A, 0x0000, 0x0000, 0x0000, 0x0000, 0x0000, 0x0000, 0x0000, 0x0000, 0x0000, 0x0000, 0x0000, 0x0000, 0x0000,
    0x0000, 0x0000, 0x0000, 0x0000, 0x0000, 0x0000, 0x0000, 0x0000, 0x0000, 0x0000, 0x0000, 0x0000, 0x3008, 0x2005, 0x0000, 0x0000,
    0x0000, 0x0000, 0x0000, 0x0000, 0x0000, 0x0000, 0x0000, 0x0000, 0x0000, 0x0000, 0x0000, 0x0000, 0x0000, 0x0000, 0x0802, 0x2007,
    0x0000, 0x0000, 0x0000, 0x0000, 0x0000, 0x0000, 0x0000, 0x0000, 0x0000, 0x0000, 0x0000, 0x0000, 0x0000, 0x0000, 0x0000, 0x0000,
    0x0000, 0x0000, 0x0000, 0x0000, 0x0000, 0x0000, 0x0000, 0x0000, 0x0000, 0x0000, 0x0000, 0x0000, 0x0000, 0x0000, 0x0000, 0x0000,
    0x0000, 0x0000, 0x0000, 0x0000, 0x0000, 0x0000, 0x0000, 0x0000, 0x0000, 0x0000, 0x0000, 0x0000, 0x0000, 0x0000, 0x0000, 0x0000,
    0x0000, 0x0000, 0x0000, 0x0000, 0x0000, 0x0000, 0x0000, 0x0000, 0x0000, 0x0000, 0x0000, 0x0000, 0x0000, 0x0000, 0x0000, 0x0000,
    0x0000, 0x0000, 0x0000, 0x0000, 0x0000, 0x0000, 0x0000, 0x0000, 0x0000, 0x0000, 0x0000, 0x0000, 0x0000, 0x0000, 0x0000, 0x0000,
    0x0000, 0x0000, 0x0000, 0x0000, 0x0000, 0x0000, 0x0000, 0x0000, 0x0000, 0x0000, 0x0000, 0x0000, 0x0000, 0x0000, 0x0000, 0x0000,
    0x0000, 0x0000, 0x0000, 0x0000, 0x0000, 0x0000, 0x0000, 0x0000, 0x0000, 0x0000, 0x0000, 0x0000, 0x0000, 0x0000, 0x0000, 0x0000,
    0x0000, 0x0000, 0x0000, 0x0000, 0x0000, 0x0000, 0x0000, 0x0000, 0x0000, 0x0000, 0x0000, 0x0000, 0x0000, 0x0000, 0x0000, 0x0000,
    0x0000, 0x0000, 0x0000, 0x0000, 0x0000, 0x0000, 0x0000, 0x0000, 0x0000, 0x0000, 0x0000, 0x0000, 0x0000, 0x0000, 0x0000, 0x0000,
    0x0000, 0x0000, 0x0000, 0x0000, 0x0000, 0x0000, 0x0000, 0x0000, 0x0000, 0x0000, 0x0000, 0x0000, 0x0000, 0x0000, 0x0000, 0x0000,
    0x0000, 0x0000, 0x0000, 0x0000, 0x0000, 0x0000, 0x0000, 0x0000, 0x0000, 0x0000, 0x0000, 0x0000, 0x0000, 0x0000, 0x0000, 0x0000,
    0x0000, 0x0000, 0x0000, 0x0000, 0x0000, 0x0000, 0x0000, 0x0000, 0x0000, 0x0000, 0x0000, 0x0000, 0x0000, 0x0000, 0x0000, 0x0000,
    0x0000, 0x0000, 0x0000, 0x0000, 0x0000, 0x0000, 0x0000, 0x0000, 0x0000, 0x0000, 0x0000, 0x0000, 0x0000, 0x0000, 0x0000, 0x0000,
    0x0000, 0x0000, 0x0000, 0x0000, 0x0000, 0x0000, 0x0000, 0x0000, 0x0000, 0x0000, 0x0000, 0x0000, 0x0000, 0x0000, 0x0000, 0x0000,
    0x0000, 0x0000, 0x0000, 0x0000, 0x0000, 0x0000, 0x0000, 0x0000, 0x0000, 0x0000, 0x0000, 0x0000, 0x0000, 0x0000, 0x0000, 0x0000,
    0x0000, 0x0000, 0x0000, 0x0000, 0x0000, 0x0000, 0x0000, 0x0000, 0x0000, 0x0000, 0x0000, 0x0000, 0x0000, 0x0000, 0x0020, 0x0000,
    0x028C, 0x0125, 0x0000, 0x0000, 0x0000, 0x0000, 0x0000, 0x0000, 0x0000, 0x0000, 0x0000, 0x0000, 0x0000, 0x0000, 0x0000, 0x0000,
    0x0000, 0x0000, 0x2004, 0x400A, 0x0001, 0x0000, 0x0000, 0x0000, 0x0000, 0x0000, 0x0000, 0x0000, 0x0000, 0x0000, 0x0000, 0x0000,
    0x0000, 0x0000, 0x0000, 0x0000, 0x0000, 0x0000, 0x0000, 0x0000, 0x0000, 0x0000, 0x0000, 0x3809, 0x2005, 0x0000, 0x0000, 0x0000,
    0x0000, 0x0000, 0x0000, 0x0000, 0x0000, 0x0000, 0x0000, 0x0000, 0x0000, 0x0000, 0x0000, 0x0000, 0x0000, 0x0000, 0x0802, 0x2007,
    0x0000, 0x0000, 0x0000, 0x0000, 0x0000, 0x0000, 0x0000, 0x0000, 0x1805, 0x0803, 0x1004, 0x1804, 0x0803, 0x1805, 0x1804, 0x0803,
    0x1004, 0x1805, 0x1004, 0x1004, 0x1804, 0x1003, 0x1004, 0x1805, 0x1004, 0x1806, 0x0802, 0x0000, 0x0000, 0x0000, 0x0000, 0x0000,
    0x0000, 0x0000, 0x0000, 0x0000, 0x0000, 0x0000, 0x0000, 0x0000, 0x0000, 0x0000, 0x0000, 0x0000, 0x0000, 0x0000, 0x0000, 0x0000,
    0x0000, 0x0000, 0x0000, 0x0000, 0x0000, 0x0000, 0x0000, 0x0000, 0x0000, 0x0000, 0x0000, 0x0000, 0x0000, 0x0000, 0x0000, 0x0000,
    0x0000, 0x0000, 0x0000, 0x0000, 0x0000, 0x0000, 0x0000, 0x0000, 0x0000, 0x0000, 0x0000, 0x0000, 0x0000, 0x0000, 0x0000, 0x0000,
    0x0000, 0x0000, 0x0000, 0x0000, 0x0000, 0x0000, 0x0000, 0x0000, 0x0000, 0x0000, 0x0000, 0x0000, 0x0000, 0x0000, 0x0000, 0x0000,
    0x0000, 0x0000, 0x0000, 0x0000, 0x0000, 0x0000, 0x0000, 0x0000, 0x0000, 0x0000, 0x0000, 0x0000, 0x0000, 0x0000, 0x0000, 0x0000,
    0x0000, 0x0000, 0x0000, 0x0000, 0x0000, 0x0000, 0x0000, 0x0000, 0x0000, 0x0000, 0x0000, 0x0000, 0x0000, 0x0000, 0x0000, 0x0000,
    0x0000, 0x0000, 0x0000, 0x0000, 0x0000, 0x0000, 0x0000, 0x0000, 0x0000, 0x0000, 0x0000, 0x0000, 0x0000, 0x0000, 0x0000, 0x0000,
    0x0000, 0x0000, 0x0000, 0x0000, 0x0000, 0x0000, 0x0000, 0x0000, 0x0000, 0x0000, 0x0000, 0x0000, 0x0000, 0x0000, 0x0000, 0x0000,
    0x0000, 0x0000, 0x0000, 0x0000, 0x0000, 0x0000, 0x0000, 0x0000, 0x0000, 0x0000, 0x0000, 0x0000, 0x0000, 0x0000, 0x0000, 0x0000,
    0x0000, 0x0000, 0x0000, 0x0000, 0x0000, 0x0000, 0x0000, 0x0000, 0x0000, 0x0000, 0x0000, 0x0000, 0x0000, 0x0000, 0x0000, 0x0000,
    0x0000, 0x0000, 0x0000, 0x0000, 0x0000, 0x0000, 0x0000, 0x0000, 0x0000, 0x0000, 0x0000, 0x0000, 0x0000, 0x0000, 0x0000, 0x0000,
    0x0000, 0x0000, 0x0000, 0x0000, 0x0000, 0x0000, 0x0000, 0x0000, 0x0000, 0x0000, 0x0000, 0x0000, 0x0000, 0x0000, 0x0000, 0x0000,
    0x0000, 0x0000, 0x0000, 0x0000, 0x0000, 0x0000, 0x0000, 0x0000, 0x0000, 0x0000, 0x0000, 0x0000, 0x0000, 0x0000, 0x0000, 0x0000,
    0x0000, 0x0000, 0x0000, 0x0000, 0x0000, 0x0000, 0x0000, 0x0000, 0x0000, 0x0000, 0x0000, 0x0000, 0x0000, 0x0000, 0x0000, 0x0000,
    0x028B, 0x0104, 0x0000, 0x0000, 0x0000, 0x0000, 0x0000, 0x0000, 0x0000, 0x0000, 0x0000, 0x0000, 0x0000, 0x0000, 0x0000, 0x0000,
    0x0000, 0x0000, 0x0000, 0x1804, 0x3809, 0x0801, 0x0000, 0x0000, 0x0000, 0x0000, 0x0000, 0x0000, 0x0000, 0x0000, 0x0000, 0x0000,
    0x0000, 0x0000, 0x0000, 0x0000, 0x0000, 0x0000, 0x0000, 0x0000, 0x0000, 0x0000, 0x3009, 0x2005, 0x0000, 0x0000, 0x0000, 0x0000,
    0x0000, 0x0000, 0x0000, 0x0000, 0x0000, 0x0000, 0x0000, 0x0000, 0x0000, 0x0000, 0x0000, 0x0000, 0x0000, 0x0000, 0x0802, 0x2007,
    0x0000, 0x0000, 0x0000, 0x0000, 0x0000, 0x0000, 0x0000, 0x0000, 0x480A, 0x800C, 0x2003, 0x1002, 0x700C, 0x1002, 0x1804, 0x680B,
    0x5009, 0x1804, 0x700D, 0x5009, 0x0001, 0x4007, 0x3006, 0x0001, 0x680A, 0x580B, 0x1003, 0x0000, 0x0000, 0x0000, 0x0000, 0x0000,
    0x0000, 0x0000, 0x0000, 0x0000, 0x0000, 0x0000, 0x0000, 0x0000, 0x0000, 0x0000, 0x0000, 0x0000, 0x0000, 0x0000, 0x0000, 0x0000,
    0x0000, 0x0000, 0x0000, 0x0000, 0x0000, 0x0000, 0x0000, 0x0000, 0x0000, 0x0000, 0x0000, 0x0000, 0x0000, 0x0000, 0x0000, 0x0000,
    0x0000, 0x0000, 0x0000, 0x0000, 0x0000, 0x0000, 0x0000, 0x0000, 0x0000, 0x0000, 0x0000, 0x0000, 0x0000, 0x0000, 0x0000, 0x0000,
    0x0000, 0x0000, 0x0000, 0x0000, 0x0000, 0x0000, 0x0000, 0x0000, 0x0000, 0x0000, 0x0000, 0x0000, 0x0000, 0x0000, 0x0000, 0x0000,
    0x0000, 0x0000, 0x0000, 0x0000, 0x0000, 0x0000, 0x0000, 0x0000, 0x0000, 0x0000, 0x0000, 0x0000, 0x0000, 0x0000, 0x0000, 0x0000,
    0x0000, 0x0000, 0x0000, 0x0000, 0x0000, 0x0000, 0x0000, 0x0000, 0x0000, 0x0000, 0x0000, 0x0000, 0x0000, 0x0000, 0x0000, 0x0000,
    0x0000, 0x0000, 0x0000, 0x0000, 0x0000, 0x0000, 0x0000, 0x0000, 0x0000, 0x0000, 0x0000, 0x0000, 0x0000, 0x0000, 0x0000, 0x0000,
    0x0000, 0x0000, 0x0000, 0x0000, 0x0000, 0x0000, 0x0000, 0x0000, 0x0000, 0x0000, 0x0000, 0x0000, 0x0000, 0x0000, 0x0000, 0x0000,
    0x0000, 0x0000, 0x0000, 0x0000, 0x0000, 0x0000, 0x0000, 0x0000, 0x0000, 0x0000, 0x0000, 0x0000, 0x0000, 0x0000, 0x0000, 0x0000,
    0x0000, 0x0000, 0x0000, 0x0000, 0x0000, 0x0000, 0x0000, 0x0000, 0x0000, 0x0000, 0x0000, 0x0000, 0x0000, 0x0000, 0x0000, 0x0000,
    0x0000, 0x0000, 0x0000, 0x0000, 0x0000, 0x0000, 0x0000, 0x0000, 0x0000, 0x0000, 0x0000, 0x0000, 0x0000, 0x0000, 0x0000, 0x0000,
    0x0000, 0x0000, 0x0000, 0x0000, 0x0000, 0x0000, 0x0000, 0x0000, 0x0000, 0x0000, 0x0000, 0x0000, 0x0000, 0x0000, 0x0000, 0x0000,
    0x0000, 0x0000, 0x0000, 0x0000, 0x0000, 0x0000, 0x0000, 0x0000, 0x0000, 0x0000, 0x0000, 0x0000, 0x0000, 0x0000, 0x0000, 0x0000,
    0x0000, 0x0000, 0x0000, 0x0000, 0x0000, 0x0000, 0x0000, 0x0000, 0x0000, 0x0000, 0x0000, 0x0000, 0x0000, 0x0000, 0x0000, 0x0000,
    0x028B, 0x0104, 0x0000, 0x0000, 0x0000, 0x0000, 0x0000, 0x0000, 0x0000, 0x0000, 0x0000, 0x0000, 0x0000, 0x0000, 0x0000, 0x0000,
    0x0000, 0x0000, 0x0000, 0x0000, 0x1804, 0x400A, 0x0801, 0x0000, 0x0000, 0x0000, 0x0000, 0x0000, 0x0000, 0x0000, 0x0000, 0x0000,
    0x0000, 0x0000, 0x0000, 0x0000, 0x0000, 0x0000, 0x0000, 0x0000, 0x0000, 0x3809, 0x2005, 0x0000, 0x0000, 0x0000, 0x0000, 0x0000,
    0x0000, 0x0000, 0x0000, 0x0000, 0x0000, 0x0000, 0x0000, 0x0000, 0x0000, 0x0000, 0x0000, 0x0000, 0x0000, 0x0000, 0x0802, 0x2007,
    0x0000, 0x0000, 0x0000, 0x0000, 0x0000, 0x0000, 0x0000, 0x0000, 0x500B, 0xF814, 0x4005, 0x1803, 0xD015, 0x3005, 0x404A, 0xD035,
    0xA00F, 0x3026, 0xE036, 0x900E, 0x0000, 0x900E, 0x700C, 0x0001, 0xB811, 0xA010, 0x0802, 0x0000, 0x0000, 0x0000, 0x0000, 0x0000,
    0x0000, 0x0000, 0x0000, 0x00C4, 0x00A3, 0x0000, 0x0186, 0x0041, 0x0000, 0x01A8, 0x0041, 0x0000, 0x0125, 0x024A, 0x01E9, 0x0020,
    0x0105, 0x01E9, 0x01E9, 0x0125, 0x0020, 0x01C8, 0x0209, 0x00E4, 0x0083, 0x0126, 0x0000, 0x0146, 0x0020, 0x0062, 0x022A, 0x0187,
    0x0000, 0x0000, 0x0000, 0x0000, 0x0000, 0x0021, 0x01E9, 0x0209, 0x0209, 0x0061, 0x0021, 0x0209, 0x01E9, 0x0000, 0x00E4, 0x0209,
    0x0209, 0x0041, 0x0000, 0x0000, 0x0000, 0x0000, 0x0000, 0x0146, 0x0020, 0x00A2, 0x0104, 0x0000, 0x01A7, 0x024B, 0x0062, 0x0041,
    0x0209, 0x01E9, 0x01E8, 0x0041, 0x01A7, 0x024A, 0x022A, 0x0082, 0x0000, 0x0000, 0x0000, 0x0000, 0x0000, 0x0000, 0x0000, 0x0000,
    0x0000, 0x0000, 0x0000, 0x0000, 0x0000, 0x0000, 0x0000, 0x0000, 0x0000, 0x0000, 0x0000, 0x0000, 0x0000, 0x0000, 0x0000, 0x0000,
    0x0000, 0x0000, 0x0000, 0x0000, 0x0000, 0x0000, 0x0000, 0x0000, 0x0000, 0x0000, 0x0000, 0x0000, 0x0000, 0x0000, 0x0000, 0x0000,
    0x0000, 0x0000, 0x0000, 0x0000, 0x0000, 0x0000, 0x0000, 0x0000, 0x0000, 0x0000, 0x0000, 0x0000, 0x0000, 0x0000, 0x0000, 0x0000,
    0x0000, 0x0000, 0x0000, 0x0000, 0x0000, 0x0000, 0x0000, 0x0000, 0x0000, 0x0000, 0x0000, 0x0000, 0x0000, 0x0000, 0x0000, 0x0000,
    0x0000, 0x0000, 0x0000, 0x0000, 0x0000, 0x0000, 0x0000, 0x0000, 0x0000, 0x0000, 0x0000, 0x0000, 0x0000, 0x0000, 0x0000, 0x0000,
    0x0000, 0x0000, 0x0000, 0x0000, 0x0000, 0x0000, 0x0000, 0x0000, 0x0000, 0x0000, 0x0000, 0x0000, 0x0000, 0x0000, 0x0000, 0x0000,
    0x0000, 0x0000, 0x0000, 0x0000, 0x0000, 0x0000, 0x0000, 0x0000, 0x0000, 0x0000, 0x0000, 0x0000, 0x0000, 0x0000, 0x0000, 0x0000,
    0x0000, 0x0000, 0x0000, 0x0000, 0x0000, 0x0000, 0x0000, 0x0000, 0x0000, 0x0000, 0x0000, 0x0000, 0x0000, 0x0000, 0x0000, 0x0000,
    0x0000, 0x0000, 0x0000, 0x0000, 0x0000, 0x0000, 0x0000, 0x0000, 0x0000, 0x0000, 0x0000, 0x0000, 0x0000, 0x0000, 0x0000, 0x0000,
    0x028C, 0x0104, 0x0000, 0x0000, 0x0000, 0x0000, 0x0000, 0x0000, 0x0000, 0x0000, 0x0000, 0x0000, 0x0000, 0x0000, 0x0000, 0x0000,
    0x0000, 0x0000, 0x0000, 0x0000, 0x0000, 0x1804, 0x400A, 0x0802, 0x0000, 0x0000, 0x0000, 0x0000, 0x0000, 0x0000, 0x0000, 0x0000,
    0x0000, 0x0000, 0x0000, 0x0000, 0x0000, 0x0000, 0x0000, 0x0000, 0x3009, 0x1805, 0x0000, 0x0000, 0x0000, 0x0000, 0x0000, 0x0000,
    0x0000, 0x0000, 0x0000, 0x0000, 0x0000, 0x0000, 0x0000, 0x0000, 0x0000, 0x0000, 0x0000, 0x0000, 0x0000, 0x0000, 0x0802, 0x2007,
    0x0000, 0x0000, 0x0000, 0x0000, 0x0000, 0x0000, 0x0000, 0x0000, 0x500B, 0xE012, 0x702B, 0x504C, 0x980E, 0xA934, 0xB197, 0xB812,
    0xA032, 0x7090, 0xC013, 0x9830, 0x50AC, 0x980F, 0x8850, 0x3068, 0xA80F, 0x9810, 0x0802, 0x0000, 0x0000, 0x0000, 0x0000, 0x0000,
    0x0000, 0x0000, 0x0000, 0x022A, 0x01C9, 0x0000, 0x032E, 0x0061, 0x00E4, 0x03B1, 0x01A7, 0x0000, 0x00A3, 0x032E, 0x022A, 0x0000,
    0x00A3, 0x030E, 0x02CD, 0x00C3, 0x0000, 0x0209, 0x0391, 0x0062, 0x0166, 0x0434, 0x0000, 0x02ED, 0x0083, 0x02CC, 0x01A7, 0x01E9,
    0x0104, 0x0000, 0x0000, 0x0000, 0x0000, 0x00A3, 0x0370, 0x0105, 0x0146, 0x0021, 0x026B, 0x0187, 0x024B, 0x0166, 0x024A, 0x028B,
    0x0187, 0x02AC, 0x0000, 0x0000, 0x0000, 0x0000, 0x0000, 0x0391, 0x01EA, 0x0145, 0x026B, 0x0146, 0x02ED, 0x01A8, 0x02AD, 0x0021,
    0x01A7, 0x03D1, 0x0166, 0x0020, 0x030E, 0x0166, 0x0125, 0x0062, 0x0000, 0x0000, 0x0000, 0x0000, 0x0000, 0x0000, 0x0000, 0x0000,
    0x0000, 0x0000, 0x0000, 0x0000, 0x0000, 0x0000, 0x0000, 0x0000, 0x0000, 0x0000, 0x0000, 0x0000, 0x0000, 0x0000, 0x0000, 0x0000,
    0x0000, 0x0000, 0x0000, 0x0000, 0x0000, 0x0000, 0x0000, 0x0000, 0x0000, 0x0000, 0x0000, 0x0000, 0x0000, 0x0000, 0x0000, 0x0000,
    0x0000, 0x0000, 0x0000, 0x0000, 0x0000, 0x0000, 0x0000, 0x0000, 0x0000, 0x0000, 0x0000, 0x0000, 0x0000, 0x0000, 0x0000, 0x0000,
    0x0000, 0x0000, 0x0000, 0x0000, 0x0000, 0x0000, 0x0000, 0x0000, 0x0000, 0x0000, 0x0000, 0x0000, 0x0000, 0x0000, 0x0000, 0x0000,
    0x0000, 0x0000, 0x0000, 0x0000, 0x0000, 0x0000, 0x0000, 0x0000, 0x0000, 0x0000, 0x0000, 0x0000, 0x0000, 0x0000, 0x0000, 0x0000,
    0x0000, 0x0000, 0x0000, 0x0000, 0x0000, 0x0000, 0x0000, 0x0000, 0x0000, 0x0000, 0x0000, 0x0000, 0x0000, 0x0000, 0x0000, 0x0000,
    0x0000, 0x0000, 0x0000, 0x0000, 0x0000, 0x0000, 0x0000, 0x0000, 0x0000, 0x0000, 0x0000, 0x0000, 0x0000, 0x0000, 0x0000, 0x0000,
    0x0000, 0x0000, 0x0000, 0x0000, 0x0000, 0x0000, 0x0000, 0x0000, 0x0000, 0x0000, 0x0000, 0x0000, 0x0000, 0x0000, 0x0000, 0x0000,
    0x0000, 0x0000, 0x0000, 0x0000, 0x0000, 0x0000, 0x0000, 0x0000, 0x0000, 0x0022, 0x0000, 0x0000, 0x0000, 0x0000, 0x0000, 0x0000,
    0x02AC, 0x0104, 0x0000, 0x0000, 0x0000, 0x0000, 0x0000, 0x0000, 0x0000, 0x0000, 0x0000, 0x0000, 0x0000, 0x0000, 0x0000, 0x0000,
    0x0000, 0x0000, 0x0000, 0x0000, 0x0000, 0x0000, 0x1803, 0x380A, 0x0801, 0x0000, 0x0000, 0x0000, 0x0000, 0x0000, 0x0000, 0x0000,
    0x0000, 0x0000, 0x0000, 0x0000, 0x0000, 0x0000, 0x0000, 0x3809, 0x1805, 0x0000, 0x0000, 0x0000, 0x0000, 0x0000, 0x0000, 0x0000,
    0x0000, 0x0000, 0x0000, 0x0000, 0x0000, 0x0000, 0x0000, 0x0000, 0x0000, 0x0000, 0x0000, 0x0000, 0x0000, 0x0000, 0x0802, 0x2007,
    0x0000, 0x0000, 0x0000, 0x0000, 0x0000, 0x0000, 0x0000, 0x0000, 0x500B, 0xE813, 0x704B, 0x406A, 0x800D, 0xA154, 0x99B5, 0xC032,
    0x882E, 0x2828, 0xA830, 0xA051, 0x48CF, 0x9010, 0x782E, 0x1846, 0xA00E, 0x9810, 0x0802, 0x0000, 0x0000, 0x0000, 0x0000, 0x0000,
    0x0000, 0x0000, 0x0000, 0x01E9, 0x01E9, 0x0082, 0x02AC, 0x0082, 0x026B, 0x00C3, 0x026C, 0x0062, 0x0000, 0x01E9, 0x00E4, 0x0000,
    0x0000, 0x0209, 0x01C8, 0x0000, 0x0000, 0x0105, 0x02EE, 0x0000, 0x0104, 0x0454, 0x01A8, 0x022A, 0x00A3, 0x02ED, 0x0082, 0x0167,
    0x00A3, 0x0000, 0x0000, 0x0000, 0x0000, 0x0082, 0x032F, 0x0187, 0x00E4, 0x0000, 0x02ED, 0x0020, 0x0145, 0x01E8, 0x0209, 0x02AC,
    0x0167, 0x026C, 0x0000, 0x0000, 0x0000, 0x0000, 0x0000, 0x030E, 0x0371, 0x01A7, 0x01E8, 0x01A7, 0x01C8, 0x0000, 0x030E, 0x0000,
    0x0020, 0x030E, 0x0000, 0x0000, 0x02AC, 0x0166, 0x00A3, 0x0000, 0x0000, 0x0000, 0x0000, 0x0000, 0x0000, 0x0000, 0x0000, 0x0000,
    0x0000, 0x0000, 0x0000, 0x0000, 0x0000, 0x0000, 0x0000, 0x0000, 0x0000, 0x0000, 0x0000, 0x0000, 0x0000, 0x0000, 0x0000, 0x0000,
    0x0000, 0x0000, 0x0000, 0x0000, 0x0000, 0x0000, 0x0000, 0x0000, 0x0000, 0x0000, 0x0000, 0x0000, 0x0000, 0x0000, 0x0000, 0x0000,
    0x0000, 0x0000, 0x0000, 0x0000, 0x0000, 0x0000, 0x0000, 0x0000, 0x0000, 0x0000, 0x0000, 0x0000, 0x0000, 0x0000, 0x0000, 0x0000,
    0x0000, 0x0000, 0x0000, 0x0000, 0x0000, 0x0000, 0x0000, 0x0000, 0x0000, 0x0000, 0x0000, 0x0000, 0x0000, 0x0000, 0x0000, 0x0000,
    0x0000, 0x0000, 0x0000, 0x0000, 0x0000, 0x0000, 0x0000, 0x0000, 0x0000, 0x0000, 0x0000, 0x0000, 0x0000, 0x0000, 0x0000, 0x0000,
    0x0000, 0x0000, 0x0000, 0x0000, 0x0000, 0x0000, 0x0000, 0x0000, 0x0000, 0x0000, 0x0000, 0x0000, 0x0000, 0x0000, 0x0000, 0x0000,
    0x0000, 0x0000, 0x0000, 0x0000, 0x0000, 0x0000, 0x0000, 0x0000, 0x0000, 0x0000, 0x0000, 0x0000, 0x0000, 0x0000, 0x0000, 0x0000,
    0x0000, 0x0000, 0x0000, 0x0000, 0x0000, 0x0000, 0x0000, 0x0000, 0x0000, 0x0000, 0x0000, 0x0000, 0x0000, 0x0000, 0x0000, 0x0000,
    0x0000, 0x0000, 0x0000, 0x0000, 0x0000, 0x0000, 0x0000, 0x0000, 0x0000, 0x00C6, 0x0000, 0x0000, 0x0000, 0x0000, 0x0000, 0x0000,
    0x02AC, 0x0104, 0x0000, 0x0000, 0x0000, 0x0000, 0x0000, 0x0000, 0x0000, 0x0000, 0x0000, 0x0000, 0x0000, 0x0000, 0x0000, 0x0000,
    0x0000, 0x0000, 0x0000, 0x0000, 0x0000, 0x0000, 0x0000, 0x1002, 0x380A, 0x0802, 0x0000, 0x0000, 0x0000, 0x0000, 0x0000, 0x0000,
    0x0000, 0x0000, 0x0000, 0x0000, 0x0000, 0x0801, 0x380A, 0x1805, 0x0000, 0x0000, 0x0000, 0x0000, 0x0000, 0x0000, 0x0000, 0x0000,
    0x0000, 0x0000, 0x0000, 0x0000, 0x0000, 0x0000, 0x0000, 0x0000, 0x0000, 0x0000, 0x0000, 0x0000, 0x0000, 0x0000, 0x0802, 0x2807,
    0x0000, 0x0000, 0x0000, 0x0000, 0x0000, 0x0000, 0x0000, 0x0000, 0x500B, 0xE813, 0x782B, 0x3005, 0xB811, 0x702B, 0x682A, 0xD814,
    0x800C, 0x2804, 0xB832, 0x982F, 0x3807, 0xB010, 0x800C, 0x2804, 0xB811, 0x9810, 0x0802, 0x0000, 0x0000, 0x0000, 0x0000, 0x0000,
    0x0000, 0x0000, 0x0000, 0x01C8, 0x022A, 0x022A, 0x028C, 0x0125, 0x03F2, 0x0229, 0x0391, 0x0146, 0x0000, 0x022A, 0x0104, 0x0000,
    0x0000, 0x022A, 0x01E8, 0x0000, 0x0000, 0x0145, 0x02ED, 0x0000, 0x0105, 0x024B, 0x026B, 0x03B1, 0x0082, 0x02CC, 0x0082, 0x0370,
    0x0209, 0x0000, 0x0000, 0x0000, 0x0000, 0x0062, 0x032F, 0x022A, 0x0167, 0x0000, 0x02ED, 0x0041, 0x0187, 0x022A, 0x01C8, 0x0391,
    0x0350, 0x0000, 0x0000, 0x0000, 0x0000, 0x0000, 0x0000, 0x026B, 0x0188, 0x0390, 0x01A7, 0x0166, 0x01A8, 0x0000, 0x034F, 0x0020,
    0x0061, 0x02ED, 0x0020, 0x0000, 0x02CD, 0x0209, 0x0145, 0x0000, 0x0000, 0x0000, 0x0000, 0x0000, 0x0000, 0x0000, 0x0000, 0x0000,
    0x0000, 0x0000, 0x0000, 0x0000, 0x0000, 0x0000, 0x0000, 0x0000, 0x0000, 0x0000, 0x0000, 0x0000, 0x0000, 0x0000, 0x0000, 0x0000,
    0x0801, 0x0000, 0x0000, 0x0800, 0x0801, 0x0000, 0x0000, 0x0801, 0x0000, 0x0000, 0x0000, 0x0801, 0x0000, 0x0000, 0x0801, 0x0800,
    0x0000, 0x0000, 0x0801, 0x0000, 0x0000, 0x0000, 0x0801, 0x0000, 0x0000, 0x0000, 0x0801, 0x0000, 0x0000, 0x0000, 0x0801, 0x0000,
    0x0000, 0x0000, 0x0801, 0x0000, 0x0000, 0x0000, 0x0801, 0x0000, 0x0000, 0x0000, 0x0801, 0x0000, 0x0000, 0x0000, 0x0000, 0x0801,
    0x0000, 0x0000, 0x0000, 0x0001, 0x0000, 0x0000, 0x0000, 0x0801, 0x0000, 0x0000, 0x0000, 0x0001, 0x0000, 0x0000, 0x0001, 0x0000,
    0x0000, 0x0000, 0x0001, 0x0000, 0x0000, 0x0001, 0x0000, 0x0000, 0x0000, 0x0000, 0x0000, 0x0000, 0x0000, 0x0001, 0x0000, 0x0000,
    0x0000, 0x0001, 0x0000, 0x0000, 0x0000, 0x0001, 0x0000, 0x0000, 0x0000, 0x0001, 0x0000, 0x0000, 0x0000, 0x0001, 0x0000, 0x0000,
    0x0001, 0x0001, 0x0000, 0x0000, 0x0000, 0x0000, 0x0000, 0x0000, 0x0000, 0x0000, 0x0000, 0x0000, 0x0000, 0x0001, 0x0000, 0x0000,
    0x0000, 0x0001, 0x0000, 0x0000, 0x0000, 0x0001, 0x0000, 0x0000, 0x0041, 0x0149, 0x0000, 0x0000, 0x0000, 0x0000, 0x0000, 0x0000,
    0x02AC, 0x0104, 0x0000, 0x0000, 0x0000, 0x0000, 0x0000, 0x0000, 0x0000, 0x0000, 0x0000, 0x0000, 0x0000, 0x0000, 0x0000, 0x0000,
    0x0000, 0x0000, 0x0000, 0x0000, 0x0000, 0x0000, 0x0000, 0x0000, 0x1003, 0x380B, 0x1003, 0x0000, 0x0000, 0x0000, 0x0000, 0x0000,
    0x0000, 0x0000, 0x0000, 0x0000, 0x0801, 0x3009, 0x1003, 0x0000, 0x0000, 0x0000, 0x0000, 0x0000, 0x0000, 0x0000, 0x0000, 0x0000,
    0x0000, 0x0000, 0x0000, 0x0000, 0x0000, 0x0000, 0x0000, 0x0000, 0x0000, 0x0000, 0x0000, 0x0000, 0x0000, 0x0000, 0x0802, 0x2807,
    0x0000, 0x0000, 0x0000, 0x0000, 0x0000, 0x0000, 0x0000, 0x0000, 0x480A, 0xD012, 0xA82F, 0x680A, 0xE815, 0x900D, 0x800C, 0xD014,
    0xA00F, 0x6009, 0xC012, 0xA80F, 0x5007, 0xC012, 0x980E, 0x6009, 0xD013, 0x9010, 0x0803, 0x0000, 0x0000, 0x0000, 0x0000, 0x0000,
    0x0000, 0x0000, 0x0000, 0x01C8, 0x0391, 0x02CD, 0x03D1, 0x0125, 0x03B1, 0x0186, 0x030E, 0x0146, 0x0020, 0x02ED, 0x01C8, 0x0000,
    0x0000, 0x0229, 0x01C8, 0x0000, 0x0000, 0x01A7, 0x032E, 0x0020, 0x0125, 0x024A, 0x00E4, 0x04B6, 0x0062, 0x02ED, 0x00C3, 0x026B,
    0x0209, 0x0000, 0x0000, 0x0000, 0x0000, 0x00A3, 0x02CC, 0x0000, 0x0000, 0x0000, 0x030E, 0x0104, 0x0209, 0x01E8, 0x01E9, 0x0146,
    0x01A8, 0x0187, 0x0000, 0x0000, 0x0000, 0x0000, 0x0000, 0x02CD, 0x0082, 0x0370, 0x024B, 0x0146, 0x024A, 0x0104, 0x034F, 0x0020,
    0x0041, 0x02CC, 0x0000, 0x0000, 0x034E, 0x00E4, 0x0082, 0x0020, 0x0000, 0x0167, 0x0021, 0x0000, 0x00E4, 0x0146, 0x0000, 0x0000,
    0x0188, 0x00A3, 0x0000, 0x0000, 0x0000, 0x0000, 0x0000, 0x0000, 0x0000, 0x0000, 0x0000, 0x0000, 0x0000, 0x0000, 0x0000, 0x1001,
    0x700B, 0x0800, 0x0000, 0x3806, 0x680B, 0x0000, 0x0000, 0x5008, 0x3005, 0x0000, 0x3805, 0x5008, 0x0000, 0x0000, 0x600A, 0x3806,
    0x0000, 0x0000, 0x600A, 0x2804, 0x0000, 0x0801, 0x580B, 0x1002, 0x0000, 0x1002, 0x580A, 0x0801, 0x0000, 0x1803, 0x580A, 0x0801,
    0x0000, 0x1002, 0x580B, 0x1002, 0x0000, 0x1002, 0x480A, 0x0000, 0x0000, 0x1803, 0x480A, 0x0000, 0x0000, 0x0000, 0x1804, 0x400B,
    0x0000, 0x0000, 0x0801, 0x400A, 0x0802, 0x0000, 0x0801, 0x380A, 0x0802, 0x0000, 0x1805, 0x3009, 0x0000, 0x0000, 0x3009, 0x1004,
    0x0000, 0x1003, 0x3008, 0x0000, 0x0000, 0x3009, 0x1804, 0x0000, 0x0000, 0x2807, 0x1004, 0x0000, 0x0001, 0x3009, 0x0802, 0x0000,
    0x1003, 0x3009, 0x0000, 0x0000, 0x0802, 0x3009, 0x0001, 0x0000, 0x0802, 0x3009, 0x0001, 0x0000, 0x1804, 0x2809, 0x0000, 0x0000,
    0x2807, 0x2007, 0x0000, 0x0000, 0x0000, 0x2808, 0x1806, 0x0000, 0x0000, 0x2808, 0x1005, 0x0000, 0x0000, 0x2829, 0x1003, 0x0000,
    0x0801, 0x2829, 0x0001, 0x0000, 0x1003, 0x2027, 0x0000, 0x0000, 0x00E6, 0x01CB, 0x0000, 0x0000, 0x0000, 0x0000, 0x0000, 0x0000,
    0x02AC, 0x0104, 0x0000, 0x0000, 0x0000, 0x0000, 0x0000, 0x0000, 0x0000, 0x0000, 0x0000, 0x0000, 0x0000, 0x0000, 0x0000, 0x0000,
    0x0000, 0x0000, 0x0000, 0x0000, 0x0000, 0x0000, 0x0000, 0x0000, 0x0000, 0x0801, 0x380A, 0x1003, 0x0000, 0x0000, 0x0000, 0x0000,
    0x2807, 0x2807, 0x2006, 0x2006, 0x400C, 0x380A, 0x2006, 0x2807, 0x2807, 0x2807, 0x2807, 0x2807, 0x2807, 0x2807, 0x2807, 0x2807,
    0x2807, 0x2807, 0x2807, 0x2807, 0x2807, 0x2807, 0x2006, 0x1004, 0x1004, 0x0803, 0x0802, 0x0001, 0x0000, 0x0000, 0x0802, 0x2807,
    0x0000, 0x0000, 0x0000, 0x0000, 0x0000, 0x0000, 0x0000, 0x0000, 0x480A, 0xE013, 0xA82E, 0x5808, 0xE815, 0x900D, 0x780B, 0xD014,
    0xA00F, 0x6008, 0xD013, 0xA80F, 0x4807, 0xB812, 0x980F, 0x6009, 0xD813, 0x900F, 0x0802, 0x0000, 0x0000, 0x0000, 0x0000, 0x0000,
    0x0000, 0x0000, 0x0000, 0x00E4, 0x01A8, 0x0061, 0x01C8, 0x0062, 0x01E9, 0x0000, 0x0166, 0x00C3, 0x0105, 0x030E, 0x028B, 0x0061,
    0x0000, 0x0125, 0x00E4, 0x0000, 0x0061, 0x026B, 0x028C, 0x00C3, 0x0082, 0x01A8, 0x0000, 0x0209, 0x0041, 0x00E4, 0x02CD, 0x022A,
    0x00C3, 0x0000, 0x0000, 0x0000, 0x0000, 0x0062, 0x01C8, 0x0000, 0x0000, 0x0000, 0x00C4, 0x028C, 0x024B, 0x0020, 0x0146, 0x00E4,
    0x0041, 0x01E8, 0x0000, 0x0000, 0x0000, 0x0000, 0x0000, 0x01C8, 0x0041, 0x0104, 0x0187, 0x0000, 0x022A, 0x02CD, 0x00E4, 0x0000,
    0x0021, 0x01A7, 0x0000, 0x0000, 0x024A, 0x02CC, 0x028C, 0x00A3, 0x0000, 0x022A, 0x0041, 0x0000, 0x0146, 0x01C9, 0x0000, 0x0000,
    0x024B, 0x00E4, 0x0000, 0x0000, 0x0000, 0x0000, 0x0000, 0x0000, 0x0000, 0x0000, 0x0000, 0x0000, 0x0000, 0x0000, 0x0000, 0x0000,
    0x0000, 0x0000, 0x0000, 0x0000, 0x0000, 0x0000, 0x0000, 0x0000, 0x0000, 0x0000, 0x0000, 0x0000, 0x0000, 0x0000, 0x0000, 0x0000,
    0x0000, 0x0000, 0x0000, 0x0000, 0x0000, 0x0000, 0x0000, 0x0000, 0x0000, 0x0000, 0x0000, 0x0000, 0x0000, 0x0000, 0x0000, 0x0000,
    0x0000, 0x0000, 0x0000, 0x0000, 0x0000, 0x0000, 0x0000, 0x0000, 0x0000, 0x0000, 0x0000, 0x0000, 0x0000, 0x0000, 0x0000, 0x0000,
    0x0000, 0x0000, 0x0000, 0x0000, 0x0000, 0x0000, 0x0000, 0x0000, 0x0000, 0x0000, 0x0000, 0x0000, 0x0000, 0x0000, 0x0000, 0x0000,
    0x0000, 0x0000, 0x0000, 0x0000, 0x0000, 0x0000, 0x0000, 0x0000, 0x0000, 0x0000, 0x0000, 0x0000, 0x0000, 0x0000, 0x0000, 0x0000,
    0x0000, 0x0000, 0x0000, 0x0000, 0x0000, 0x0000, 0x0000, 0x0000, 0x0000, 0x0000, 0x0000, 0x0000, 0x0000, 0x0000, 0x0000, 0x0000,
    0x0000, 0x0000, 0x0000, 0x0000, 0x0000, 0x0000, 0x0000, 0x0000, 0x0000, 0x0000, 0x0000, 0x0000, 0x0000, 0x0000, 0x0000, 0x0000,
    0x0000, 0x0000, 0x0000, 0x0000, 0x0000, 0x0000, 0x0000, 0x0000, 0x0000, 0x0000, 0x0000, 0x0000, 0x0000, 0x0000, 0x0000, 0x0000,
    0x028C, 0x0105, 0x0000, 0x0000, 0x0001, 0x0803, 0x0802, 0x1003, 0x2007, 0x2807, 0x2807, 0x2807, 0x2807, 0x2807, 0x2807, 0x2807,
    0x2807, 0x2807, 0x2807, 0x2807, 0x2807, 0x2807, 0x2807, 0x2807, 0x2807, 0x2006, 0x3009, 0x400C, 0x2807, 0x2006, 0x2807, 0x2807,
    0x1003, 0x0802, 0x1003, 0x380B, 0x1804, 0x0802, 0x1003, 0x1002, 0x1002, 0x1002, 0x1002, 0x1002, 0x1002, 0x1002, 0x1002, 0x1002,
    0x1002, 0x1002, 0x1002, 0x1002, 0x1002, 0x1002, 0x0802, 0x0801, 0x0801, 0x0001, 0x0000, 0x0000, 0x0000, 0x0000, 0x0802, 0x2807,
    0x0000, 0x0000, 0x0000, 0x0000, 0x0000, 0x0000, 0x0000, 0x0000, 0x400A, 0x900E, 0x700B, 0x3806, 0x880E, 0x5008, 0x4808, 0x800D,
    0x680A, 0x4007, 0x880F, 0x700C, 0x3806, 0x800E, 0x680B, 0x4007, 0x800D, 0x600C, 0x1003, 0x0000, 0x0000, 0x0000, 0x0000, 0x0000,
    0x0000, 0x0000, 0x0000, 0x0000, 0x0000, 0x0000, 0x0000, 0x0000, 0x0000, 0x0000, 0x0000, 0x0000, 0x0000, 0x0000, 0x0000, 0x0000,
    0x0000, 0x0000, 0x0000, 0x0000, 0x0000, 0x0000, 0x0000, 0x0000, 0x0000, 0x0000, 0x0000, 0x0000, 0x0000, 0x0000, 0x0000, 0x0000,
    0x0000, 0x0000, 0x0000, 0x0000, 0x0000, 0x0000, 0x0000, 0x0000, 0x0000, 0x0000, 0x0000, 0x0000, 0x0000, 0x0000, 0x0000, 0x0000,
    0x0000, 0x0000, 0x0000, 0x0000, 0x0000, 0x0000, 0x0000, 0x0000, 0x0000, 0x0000, 0x0000, 0x0000, 0x0000, 0x0000, 0x0000, 0x0000,
    0x0000, 0x0000, 0x0000, 0x0000, 0x0000, 0x0000, 0x0000, 0x0000, 0x0000, 0x0000, 0x0000, 0x0000, 0x0000, 0x0000, 0x0000, 0x0000,
    0x0000, 0x0000, 0x0000, 0x0000, 0x0000, 0x0000, 0x0000, 0x0000, 0x0000, 0x0000, 0x0000, 0x0000, 0x0000, 0x0000, 0x0000, 0x0000,
    0x0000, 0x0000, 0x0000, 0x0000, 0x0000, 0x0000, 0x0000, 0x0000, 0x0000, 0x0000, 0x0000, 0x0000, 0x0000, 0x0000, 0x0000, 0x0000,
    0x0000, 0x0000, 0x0000, 0x0000, 0x0000, 0x0000, 0x0000, 0x0000, 0x0000, 0x0000, 0x0000, 0x0000, 0x0000, 0x0000, 0x0000, 0x0000,
    0x0000, 0x0000, 0x0000, 0x0000, 0x0000, 0x0000, 0x0000, 0x0000, 0x0000, 0x0000, 0x0000, 0x0000, 0x0000, 0x0000, 0x0000, 0x0000,
    0x0000, 0x0000, 0x0000, 0x0000, 0x0000, 0x0000, 0x0000, 0x0000, 0x0000, 0x0000, 0x0000, 0x0000, 0x0000, 0x0000, 0x0000, 0x0000,
    0x0000, 0x0000, 0x0000, 0x0000, 0x0000, 0x0000, 0x0000, 0x0000, 0x0000, 0x0000, 0x0000, 0x0000, 0x0000, 0x0000, 0x0000, 0x0000,
    0x0000, 0x0000, 0x0000, 0x0000, 0x0000, 0x0000, 0x0000, 0x0000, 0x0000, 0x0000, 0x0000, 0x0000, 0x0000, 0x0000, 0x0000, 0x0000,
    0x0000, 0x0000, 0x0000, 0x0000, 0x0000, 0x0000, 0x0000, 0x0000, 0x0000, 0x0000, 0x0000, 0x0000, 0x0000, 0x0000, 0x0000, 0x0000,
    0x0000, 0x0000, 0x0000, 0x0000, 0x0000, 0x0000, 0x0000, 0x0000, 0x0000, 0x0000, 0x0000, 0x0000, 0x0000, 0x0000, 0x0000, 0x0000,
    0x028C, 0x0105, 0x0000, 0x0000, 0x0000, 0x0001, 0x0001, 0x0001, 0x1002, 0x1003, 0x1003, 0x1003, 0x1002, 0x1002, 0x1002, 0x1002,
    0x1002, 0x1002, 0x1002, 0x1002, 0x1002, 0x1002, 0x1002, 0x1003, 0x1003, 0x1003, 0x0802, 0x1002, 0x380A, 0x1805, 0x0802, 0x1003,
    0x0000, 0x0000, 0x3009, 0x1003, 0x0000, 0x0000, 0x0000, 0x0000, 0x0000, 0x0000, 0x0000, 0x0000, 0x0000, 0x0000, 0x0000, 0x0000,
    0x0000, 0x0000, 0x0000, 0x0000, 0x0000, 0x0000, 0x0000, 0x0000, 0x0000, 0x0000, 0x0000, 0x0000, 0x0000, 0x0000, 0x0802, 0x2807,
    0x0000, 0x0000, 0x0000, 0x0000, 0x0000, 0x0000, 0x0000, 0x0000, 0x1805, 0x1004, 0x1004, 0x1004, 0x0803, 0x0803, 0x1003, 0x0804,
    0x1004, 0x1004, 0x1004, 0x1004, 0x1804, 0x1004, 0x1003, 0x1003, 0x0803, 0x1004, 0x0801, 0x0000, 0x0000, 0x0000, 0x0000, 0x0000,
    0x0000, 0x0000, 0x0000, 0x0000, 0x0000, 0x0000, 0x0000, 0x0000, 0x0000, 0x0000, 0x0000, 0x0000, 0x0000, 0x0000, 0x0000, 0x0000,
    0x0000, 0x0000, 0x0000, 0x0000, 0x0000, 0x0000, 0x0000, 0x0000, 0x0000, 0x0000, 0x0000, 0x0000, 0x0000, 0x0000, 0x0000, 0x0000,
    0x0000, 0x0000, 0x0000, 0x0000, 0x0000, 0x0000, 0x0000, 0x0000, 0x0000, 0x0000, 0x0000, 0x0000, 0x0000, 0x0000, 0x0000, 0x0000,
    0x0000, 0x0000, 0x0000, 0x0000, 0x0000, 0x0000, 0x0000, 0x0000, 0x0000, 0x0000, 0x0000, 0x0000, 0x0000, 0x0000, 0x0000, 0x0000,
    0x0000, 0x0000, 0x0000, 0x0000, 0x0000, 0x0000, 0x0000, 0x0000, 0x0000, 0x0000, 0x0000, 0x0000, 0x0000, 0x0000, 0x0000, 0x0000,
    0x0000, 0x0000, 0x0000, 0x0000, 0x0000, 0x0000, 0x0000, 0x0000, 0x0000, 0x0000, 0x0000, 0x0000, 0x0000, 0x0000, 0x0000, 0x0000,
    0x0000, 0x0000, 0x0000, 0x0000, 0x0000, 0x0000, 0x0000, 0x0000, 0x0000, 0x0000, 0x0000, 0x0000, 0x0000, 0x0000, 0x0000, 0x0000,
    0x0000, 0x0000, 0x0000, 0x0000, 0x0000, 0x0000, 0x0000, 0x0000, 0x0000, 0x0000, 0x0000, 0x0000, 0x0000, 0x0000, 0x0000, 0x0000,
    0x0000, 0x0000, 0x0000, 0x0000, 0x0000, 0x0000, 0x0000, 0x0000, 0x0000, 0x0000, 0x0000, 0x0000, 0x0000, 0x0000, 0x0000, 0x0000,
    0x0000, 0x0000, 0x0000, 0x0000, 0x0000, 0x0000, 0x0000, 0x0000, 0x0000, 0x0000, 0x0000, 0x0000, 0x0000, 0x0000, 0x0000, 0x0000,
    0x0000, 0x0000, 0x0000, 0x0000, 0x0000, 0x0000, 0x0000, 0x0000, 0x0000, 0x0000, 0x0000, 0x0000, 0x0000, 0x0000, 0x0000, 0x0000,
    0x0000, 0x0000, 0x0000, 0x0000, 0x0000, 0x0000, 0x0000, 0x0000, 0x0000, 0x0000, 0x0000, 0x0000, 0x0000, 0x0000, 0x0000, 0x0000,
    0x0000, 0x0000, 0x0000, 0x0000, 0x0000, 0x0000, 0x0000, 0x0000, 0x0000, 0x0000, 0x0000, 0x0000, 0x0000, 0x0000, 0x0000, 0x0000,
    0x0000, 0x0000, 0x0000, 0x0000, 0x0000, 0x0000, 0x0000, 0x0000, 0x0000, 0x0000, 0x0000, 0x0000, 0x0000, 0x0000, 0x0000, 0x0000,
    0x028C, 0x0104, 0x0000, 0x0000, 0x0000, 0x0000, 0x0000, 0x0000, 0x0000, 0x0000, 0x0000, 0x0000, 0x0000, 0x0000, 0x0000, 0x0000,
    0x0000, 0x0000, 0x0000, 0x0000, 0x0000, 0x0000, 0x0000, 0x0000, 0x0000, 0x0000, 0x0000, 0x0000, 0x0801, 0x3008, 0x1003, 0x0000,
    0x0802, 0x380A, 0x1004, 0x0000, 0x0000, 0x0000, 0x0000, 0x0000, 0x0000, 0x0000, 0x0000, 0x0000, 0x0000, 0x0000, 0x0000, 0x0000,
    0x0000, 0x0000, 0x0000, 0x0000, 0x0000, 0x0000, 0x0000, 0x0000, 0x0000, 0x0000, 0x0000, 0x0000, 0x0000, 0x0000, 0x0802, 0x2007,
    0x0000, 0x0000, 0x0000, 0x0000, 0x0000, 0x0000, 0x0000, 0x0000, 0x0000, 0x0000, 0x0000, 0x0000, 0x0000, 0x0000, 0x0000, 0x0000,
    0x0000, 0x0000, 0x0000, 0x0000, 0x0000, 0x0000, 0x0000, 0x0000, 0x0000, 0x0000, 0x0000, 0x0000, 0x0000, 0x0000, 0x0000, 0x0000,
    0x0000, 0x0000, 0x0000, 0x0000, 0x0000, 0x0000, 0x0000, 0x0000, 0x0000, 0x0000, 0x0000, 0x0000, 0x0000, 0x0000, 0x0000, 0x0000,
    0x0000, 0x0000, 0x0000, 0x0000, 0x0000, 0x0000, 0x0000, 0x0000, 0x0000, 0x0000, 0x0000, 0x0000, 0x0000, 0x0000, 0x0000, 0x0000,
    0x0000, 0x0000, 0x0000, 0x0000, 0x0000, 0x0000, 0x0000, 0x0000, 0x0000, 0x0000, 0x0000, 0x0000, 0x0000, 0x0000, 0x0000, 0x0000,
    0x0000, 0x0000, 0x0000, 0x0000, 0x0000, 0x0000, 0x0000, 0x0000, 0x0000, 0x0000, 0x0000, 0x0000, 0x0000, 0x0000, 0x0000, 0x0000,
    0x0000, 0x0000, 0x0000, 0x0000, 0x0000, 0x0000, 0x0000, 0x0000, 0x0000, 0x0000, 0x0000, 0x0000, 0x0000, 0x0000, 0x0000, 0x0000,
    0x0000, 0x0000, 0x0000, 0x0000, 0x0000, 0x0000, 0x0000, 0x0000, 0x0000, 0x0000, 0x0000, 0x0000, 0x0000, 0x0000, 0x0000, 0x0000,
    0x0000, 0x0000, 0x0000, 0x0000, 0x0000, 0x0000, 0x0000, 0x0000, 0x0000, 0x0000, 0x0000, 0x0000, 0x0000, 0x0000, 0x0000, 0x0000,
    0x0000, 0x0000, 0x0000, 0x0000, 0x0000, 0x0000, 0x0000, 0x0000, 0x0000, 0x0000, 0x0000, 0x0000, 0x0000, 0x0000, 0x0000, 0x0000,
    0x0000, 0x0000, 0x0000, 0x0000, 0x0000, 0x0000, 0x0000, 0x0000, 0x0000, 0x0000, 0x0000, 0x0000, 0x0000, 0x0000, 0x0000, 0x0000,
    0x0000, 0x0000, 0x0000, 0x0000, 0x0000, 0x0000, 0x0000, 0x0000, 0x0000, 0x0000, 0x0000, 0x0000, 0x0000, 0x0000, 0x0000, 0x0000,
    0x0000, 0x0000, 0x0000, 0x0000, 0x0000, 0x0000, 0x0000, 0x0000, 0x0000, 0x0000, 0x0000, 0x0000, 0x0000, 0x0000, 0x0000, 0x0000,
    0x0000, 0x0000, 0x0000, 0x0000, 0x0000, 0x0000, 0x0000, 0x0000, 0x0000, 0x0000, 0x0000, 0x0000, 0x0000, 0x0000, 0x0000, 0x0000,
    0x0000, 0x0000, 0x0000, 0x0000, 0x0000, 0x0000, 0x0000, 0x0000, 0x0000, 0x0000, 0x0000, 0x0000, 0x0000, 0x0000, 0x0000, 0x0000,
    0x0000, 0x0000, 0x0000, 0x0000, 0x0000, 0x0000, 0x0000, 0x0000, 0x0000, 0x0000, 0x0000, 0x0000, 0x0000, 0x0000, 0x0000, 0x0000,
    0x02AC, 0x0105, 0x0000, 0x0000, 0x0000, 0x0000, 0x0000, 0x0000, 0x0000, 0x0000, 0x0000, 0x0000, 0x0000, 0x0000, 0x0000, 0x0000,
    0x0000, 0x0000, 0x0000, 0x0000, 0x0000, 0x0000, 0x0000, 0x0000, 0x0000, 0x0000, 0x0000, 0x0000, 0x0000, 0x0802, 0x380A, 0x1804,
    0x400B, 0x1003, 0x0000, 0x0000, 0x0000, 0x0000, 0x0000, 0x0000, 0x0000, 0x0000, 0x0000, 0x0000, 0x0000, 0x0000, 0x0000, 0x0000,
    0x0000, 0x0000, 0x0000, 0x0000, 0x0000, 0x0000, 0x0000, 0x0000, 0x0000, 0x0000, 0x0000, 0x0000, 0x0000, 0x0000, 0x0000, 0x2807,
    0x0802, 0x0000, 0x0000, 0x0000, 0x0000, 0x0000, 0x0000, 0x0000, 0x0000, 0x0000, 0x0000, 0x0000, 0x0000, 0x0000, 0x0000, 0x0000,
    0x0000, 0x0000, 0x0000, 0x0000, 0x0000, 0x0000, 0x0000, 0x0000, 0x0000, 0x0000, 0x0000, 0x0000, 0x0000, 0x0000, 0x0000, 0x0000,
    0x0000, 0x0000, 0x0000, 0x0000, 0x0000, 0x0000, 0x0000, 0x0000, 0x0000, 0x0000, 0x0000, 0x0000, 0x0000, 0x0000, 0x0000, 0x0000,
    0x0000, 0x0000, 0x0000, 0x0000, 0x0000, 0x0000, 0x0000, 0x0000, 0x0000, 0x0000, 0x0000, 0x0000, 0x0000, 0x0000, 0x0000, 0x0000,
    0x0000, 0x0000, 0x0000, 0x0000, 0x0000, 0x0000, 0x0000, 0x0000, 0x0000, 0x0000, 0x0000, 0x0000, 0x0000, 0x0000, 0x0000, 0x0000,
    0x0000, 0x0000, 0x0000, 0x0000, 0x0000, 0x0000, 0x0000, 0x0000, 0x0000, 0x0000, 0x0000, 0x0000, 0x0000, 0x0000, 0x0000, 0x0000,
    0x0000, 0x0000, 0x0000, 0x0000, 0x0000, 0x0000, 0x0000, 0x0000, 0x0000, 0x0000, 0x0000, 0x0000, 0x0000, 0x0000, 0x0000, 0x0000,
    0x0000, 0x0000, 0x0000, 0x0000, 0x0000, 0x0000, 0x0000, 0x0000, 0x0000, 0x0000, 0x0000, 0x0000, 0x0000, 0x0000, 0x0000, 0x0000,
    0x0000, 0x0000, 0x0000, 0x0000, 0x0000, 0x0000, 0x0000, 0x0000, 0x0000, 0x0000, 0x0000, 0x0000, 0x0000, 0x0000, 0x0000, 0x0000,
    0x0000, 0x0000, 0x0000, 0x0000, 0x0000, 0x0000, 0x0000, 0x0000, 0x0000, 0x0000, 0x0000, 0x0000, 0x0000, 0x0000, 0x0000, 0x0000,
    0x0000, 0x0000, 0x0000, 0x0000, 0x0000, 0x0000, 0x0000, 0x0000, 0x0000, 0x0000, 0x0000, 0x0000, 0x0000, 0x0000, 0x0000, 0x0000,
    0x0000, 0x0000, 0x0000, 0x0000, 0x0000, 0x0000, 0x0000, 0x0000, 0x0000, 0x0000, 0x0000, 0x0000, 0x0000, 0x0000, 0x0000, 0x0000,
    0x0000, 0x0000, 0x0000, 0x0000, 0x0000, 0x0000, 0x0000, 0x0000, 0x0000, 0x0000, 0x0000, 0x0000, 0x0000, 0x0000, 0x0000, 0x0000,
    0x0000, 0x0000, 0x0000, 0x0000, 0x0000, 0x0000, 0x0000, 0x0000, 0x0000, 0x0000, 0x0000, 0x0000, 0x0000, 0x0000, 0x0000, 0x0000,
    0x0000, 0x0000, 0x0000, 0x0000, 0x0000, 0x0000, 0x0000, 0x0000, 0x0000, 0x0000, 0x0000, 0x0000, 0x0000, 0x0000, 0x0000, 0x0000,
    0x0000, 0x0000, 0x0000, 0x0000, 0x0000, 0x0000, 0x0000, 0x0000, 0x0000, 0x0000, 0x0000, 0x0000, 0x0000, 0x0000, 0x0000, 0x00E4,
    0x030E, 0x0061, 0x0000, 0x0000, 0x0000, 0x0000, 0x0000, 0x0000, 0x0000, 0x0000, 0x0000, 0x0000, 0x0000, 0x0000, 0x0000, 0x0000,
    0x0000, 0x0000, 0x0000, 0x0000, 0x0000, 0x0000, 0x0000, 0x0000, 0x0000, 0x0000, 0x0000, 0x0000, 0x0000, 0x0000, 0x0801, 0x3009,
    0x0802, 0x0000, 0x0000, 0x0000, 0x0000, 0x0000, 0x0000, 0x0000, 0x0000, 0x0000, 0x0000, 0x0000, 0x0000, 0x0000, 0x0000, 0x0000,
    0x0000, 0x0000, 0x0000, 0x0000, 0x0000, 0x0000, 0x0000, 0x0000, 0x0000, 0x0000, 0x0000, 0x0000, 0x0000, 0x0000, 0x0000, 0x0001,
    0x2008, 0x2807, 0x2006, 0x1805, 0x1805, 0x1805, 0x1805, 0x1805, 0x1806, 0x1805, 0x1805, 0x1805, 0x1805, 0x1805, 0x1805, 0x1805,
    0x1805, 0x1805, 0x1805, 0x1805, 0x1805, 0x1806, 0x1806, 0x1806, 0x1806, 0x1806, 0x1806, 0x1806, 0x2006, 0x2006, 0x2006, 0x1806,
    0x1806, 0x1806, 0x1806, 0x1806, 0x1806, 0x1806, 0x1806, 0x2006, 0x2006, 0x1805, 0x1806, 0x1805, 0x1806, 0x1806, 0x1806, 0x1806,
    0x1806, 0x1806, 0x2006, 0x1806, 0x1806, 0x1806, 0x1806, 0x1806, 0x1805, 0x1805, 0x1805, 0x1805, 0x1806, 0x1806, 0x1806, 0x1806,
    0x1806, 0x1806, 0x2006, 0x1806, 0x1806, 0x1805, 0x1805, 0x1805, 0x1805, 0x1806, 0x1806, 0x1806, 0x1806, 0x1806, 0x1806, 0x1805,
    0x1806, 0x1806, 0x1806, 0x1806, 0x1806, 0x1806, 0x1806, 0x1805, 0x1805, 0x1805, 0x1805, 0x1805, 0x1805, 0x1806, 0x1806, 0x1806,
    0x1806, 0x1805, 0x1805, 0x1805, 0x1805, 0x1805, 0x1805, 0x1805, 0x1805, 0x1805, 0x1806, 0x1806, 0x1806, 0x1806, 0x2006, 0x2006,
    0x2006, 0x1806, 0x2006, 0x2006, 0x2006, 0x2006, 0x1806, 0x2006, 0x1806, 0x1806, 0x1806, 0x2006, 0x2006, 0x1806, 0x1806, 0x1806,
    0x2006, 0x2006, 0x2006, 0x2006, 0x2006, 0x2006, 0x2006, 0x2006, 0x2006, 0x2006, 0x2006, 0x2006, 0x2006, 0x1806, 0x2006, 0x2006,
    0x2006, 0x2006, 0x2006, 0x2006, 0x2006, 0x1806, 0x1806, 0x1806, 0x1806, 0x2006, 0x2006, 0x1806, 0x1806, 0x1806, 0x1806, 0x1806,
    0x1806, 0x1806, 0x1805, 0x1806, 0x1806, 0x1806, 0x1806, 0x1806, 0x1806, 0x1806, 0x1806, 0x1806, 0x1806, 0x1806, 0x1805, 0x1805,
    0x1805, 0x1805, 0x1805, 0x1805, 0x1806, 0x1806, 0x1806, 0x1806, 0x1805, 0x1805, 0x1805, 0x1805, 0x1805, 0x1805, 0x1805, 0x1805,
    0x1805, 0x1805, 0x1805, 0x1805, 0x1806, 0x1806, 0x1806, 0x1806, 0x1806, 0x1806, 0x1805, 0x1805, 0x1805, 0x1805, 0x1805, 0x1805,
    0x1805, 0x1805, 0x1805, 0x1806, 0x1806, 0x1806, 0x1806, 0x1806, 0x1806, 0x1806, 0x1805, 0x1805, 0x1805, 0x1805, 0x1805, 0x1805,
    0x1805, 0x1805, 0x1805, 0x1805, 0x1805, 0x1805, 0x1805, 0x1805, 0x1805, 0x1805, 0x1806, 0x1805, 0x1805, 0x1805, 0x1805, 0x1805,
    0x1805, 0x1805, 0x1806, 0x1806, 0x1805, 0x1806, 0x1826, 0x1826, 0x1826, 0x1826, 0x1826, 0x10A8, 0x0948, 0x0948, 0x01EA, 0x02CE,
    0x00A3, 0x0000, 0x0000, 0x0000, 0x0000, 0x0000, 0x0000, 0x0000, 0x0000, 0x0000, 0x0000, 0x0000, 0x0000, 0x0000, 0x0000, 0x0000,
    0x0000, 0x0000, 0x0000, 0x0000, 0x0000, 0x0000, 0x0000, 0x0000, 0x0000, 0x0000, 0x0000, 0x0000, 0x0000, 0x0000, 0x0000, 0x0000,
    0x0000, 0x0000, 0x0000, 0x0000, 0x0000, 0x0000, 0x0000, 0x0000, 0x0000, 0x0000, 0x0000, 0x0000, 0x0000, 0x0000, 0x0000, 0x0000,
    0x0000, 0x0000, 0x0000, 0x0000, 0x0000, 0x0000, 0x0000, 0x0000, 0x0000, 0x0000, 0x0000, 0x0000, 0x0000, 0x0000, 0x0000, 0x0000,
    0x0000, 0x0802, 0x0801, 0x0001, 0x0001, 0x0001, 0x0001, 0x0001, 0x0001, 0x0001, 0x0001, 0x0001, 0x0001, 0x0001, 0x0001, 0x0001,
    0x0001, 0x0001, 0x0001, 0x0001, 0x0001, 0x0001, 0x0001, 0x0001, 0x0001, 0x0001, 0x0001, 0x0001, 0x0001, 0x0001, 0x0001, 0x0001,
    0x0001, 0x0001, 0x0001, 0x0001, 0x0001, 0x0001, 0x0001, 0x0001, 0x0001, 0x0001, 0x0001, 0x0001, 0x0001, 0x0001, 0x0001, 0x0001,
    0x0001, 0x0001, 0x0001, 0x0001, 0x0001, 0x0001, 0x0001, 0x0001, 0x0001, 0x0001, 0x0001, 0x0001, 0x0001, 0x0001, 0x0001, 0x0001,
    0x0001, 0x0001, 0x0001, 0x0001, 0x0001, 0x0001, 0x0001, 0x0001, 0x0001, 0x0001, 0x0001, 0x0001, 0x0001, 0x0001, 0x0001, 0x0001,
    0x0001, 0x0001, 0x0001, 0x0001, 0x0001, 0x0001, 0x0001, 0x0001, 0x0001, 0x0001, 0x0001, 0x0001, 0x0001, 0x0001, 0x0001, 0x0001,
    0x0001, 0x0001, 0x0001, 0x0001, 0x0001, 0x0001, 0x0001, 0x0001, 0x0001, 0x0001, 0x0001, 0x0001, 0x0001, 0x0001, 0x0001, 0x0801,
    0x0001, 0x0001, 0x0001, 0x0001, 0x0001, 0x0001, 0x0001, 0x0001, 0x0001, 0x0001, 0x0001, 0x0001, 0x0001, 0x0001, 0x0001, 0x0001,
    0x0001, 0x0001, 0x0801, 0x0001, 0x0001, 0x0001, 0x0001, 0x0001, 0x0001, 0x0801, 0x0001, 0x0001, 0x0001, 0x0001, 0x0001, 0x0001,
    0x0001, 0x0001, 0x0801, 0x0801, 0x0801, 0x0001, 0x0001, 0x0001, 0x0001, 0x0001, 0x0001, 0x0001, 0x0001, 0x0001, 0x0001, 0x0001,
    0x0001, 0x0001, 0x0001, 0x0001, 0x0001, 0x0001, 0x0001, 0x0001, 0x0001, 0x0001, 0x0001, 0x0001, 0x0001, 0x0001, 0x0001, 0x0001,
    0x0001, 0x0001, 0x0001, 0x0001, 0x0001, 0x0001, 0x0001, 0x0001, 0x0001, 0x0001, 0x0001, 0x0001, 0x0001, 0x0001, 0x0001, 0x0001,
    0x0001, 0x0001, 0x0001, 0x0001, 0x0001, 0x0001, 0x0001, 0x0001, 0x0001, 0x0001, 0x0001, 0x0001, 0x0001, 0x0001, 0x0001, 0x0001,
    0x0001, 0x0001, 0x0001, 0x0001, 0x0001, 0x0001, 0x0001, 0x0001, 0x0001, 0x0001, 0x0001, 0x0001, 0x0001, 0x0001, 0x0001, 0x0001,
    0x0001, 0x0001, 0x0001, 0x0001, 0x0001, 0x0001, 0x0001, 0x0001, 0x0001, 0x0001, 0x0001, 0x0001, 0x0001, 0x0001, 0x0001, 0x0001,
    0x0001, 0x0001, 0x0001, 0x0001, 0x0001, 0x0001, 0x0001, 0x0001, 0x0001, 0x0001, 0x0001, 0x0021, 0x0041, 0x0041, 0x0082, 0x0021,
    0x0000, 0x0000, 0x0000, 0x0000, 0x0000, 0x0000, 0x0000, 0x0000, 0x0000, 0x0000, 0x0000, 0x0000, 0x0000, 0x0000, 0x0000, 0x0000,
    0x0000, 0x0000, 0x0000, 0x0000, 0x0000, 0x0000, 0x0000, 0x0000, 0x0000, 0x0000, 0x0000, 0x0000, 0x0000, 0x0000, 0x0000, 0x0000,
    0x0000, 0x0000, 0x0000, 0x0000, 0x0000, 0x0000, 0x0000, 0x0000, 0x0000, 0x0000, 0x0000, 0x0000, 0x0000, 0x0000, 0x0000, 0x0000,
    0x0000, 0x0000, 0x0000, 0x0000, 0x0000, 0x0000, 0x0000, 0x0000, 0x0000, 0x0000, 0x0000, 0x0000, 0x0000, 0x0000, 0x0000, 0x0000,
    0x0000, 0x0000, 0x0000, 0x0000, 0x0000, 0x0000, 0x0000, 0x0000, 0x0000, 0x0000, 0x0000, 0x0000, 0x0000, 0x0000, 0x0000, 0x0000,
    0x0000, 0x0000, 0x0000, 0x0000, 0x0000, 0x0000, 0x0000, 0x0000, 0x0000, 0x0000, 0x0000, 0x0000, 0x0000, 0x0000, 0x0000, 0x0000,
    0x0000, 0x0000, 0x0000, 0x0000, 0x0000, 0x0000, 0x0000, 0x0000, 0x0000, 0x0000, 0x0000, 0x0000, 0x0000, 0x0000, 0x0000, 0x0000,
    0x0000, 0x0000, 0x0000, 0x0000, 0x0000, 0x0000, 0x0000, 0x0000, 0x0000, 0x0000, 0x0000, 0x0000, 0x0000, 0x0000, 0x0000, 0x0000,
    0x0000, 0x0000, 0x0000, 0x0000, 0x0000, 0x0000, 0x0000, 0x0000, 0x0000, 0x0000, 0x0000, 0x0000, 0x0000, 0x0000, 0x0000, 0x0000,
    0x0000, 0x0000, 0x0000, 0x0000, 0x0000, 0x0000, 0x0000, 0x0000, 0x0000, 0x0000, 0x0000, 0x0000, 0x0000, 0x0000, 0x0000, 0x0000,
    0x0000, 0x0000, 0x0000, 0x0000, 0x0000, 0x0000, 0x0000, 0x0000, 0x0000, 0x0000, 0x0000, 0x0000, 0x0000, 0x0000, 0x0000, 0x0000,
    0x0000, 0x0000, 0x0000, 0x0000, 0x0000, 0x0000, 0x0000, 0x0000, 0x0000, 0x0000, 0x0000, 0x0000, 0x0000, 0x0000, 0x0000, 0x0000,
    0x0000, 0x0000, 0x0000, 0x0000, 0x0000, 0x0000, 0x0000, 0x0000, 0x0000, 0x0000, 0x0000, 0x0000, 0x0000, 0x0000, 0x0000, 0x0000,
    0x0000, 0x0000, 0x0000, 0x0000, 0x0000, 0x0000, 0x0000, 0x0000, 0x0000, 0x0000, 0x0000, 0x0000, 0x0000, 0x0000, 0x0000, 0x0000,
    0x0000, 0x0000, 0x0000, 0x0000, 0x0000, 0x0000, 0x0000, 0x0000, 0x0000, 0x0000, 0x0000, 0x0000, 0x0000, 0x0000, 0x0000, 0x0000,
    0x0000, 0x0000, 0x0000, 0x0000, 0x0000, 0x0000, 0x0000, 0x0000, 0x0000, 0x0000, 0x0000, 0x0000, 0x0000, 0x0000, 0x0000, 0x0000,
    0x0000, 0x0000, 0x0000, 0x0000, 0x0000, 0x0000, 0x0000, 0x0000, 0x0000, 0x0000, 0x0000, 0x0000, 0x0000, 0x0000, 0x0000, 0x0000,
    0x0000, 0x0000, 0x0000, 0x0000, 0x0000, 0x0000, 0x0000, 0x0000, 0x0000, 0x0000, 0x0000, 0x0000, 0x0000, 0x0000, 0x0000, 0x0000,
    0x0000, 0x0000, 0x0000, 0x0000, 0x0000, 0x0000, 0x0000, 0x0000, 0x0000, 0x0000, 0x0000, 0x0000, 0x0000, 0x0000, 0x0000, 0x0000,
    0x0000, 0x0000, 0x0000, 0x0000, 0x0000, 0x0000, 0x0000, 0x0000, 0x0000, 0x0000, 0x0000, 0x0000, 0x0000, 0x0000, 0x0000, 0x0000,
    0x0000, 0x0000, 0x0000, 0x0000, 0x0000, 0x0000, 0x0000, 0x0000, 0x0000, 0x0000, 0x0000, 0x0000, 0x0000, 0x0000, 0x0000, 0x0000,
    0x0000, 0x0000, 0x0000, 0x0000, 0x0000, 0x0000, 0x0000, 0x0000, 0x0000, 0x0000, 0x0000, 0x0000, 0x0000, 0x0000, 0x0000, 0x0000,
    0x0000, 0x0000, 0x0000, 0x0000, 0x0000, 0x0000, 0x0000, 0x0000, 0x0000, 0x0000, 0x0000, 0x0000, 0x0000, 0x0000, 0x0000, 0x0000,
    0x0000, 0x0000, 0x0000, 0x0000, 0x0000, 0x0000, 0x0000, 0x0000, 0x0000, 0x0000, 0x0000, 0x0000, 0x0000, 0x0000, 0x0000, 0x0000,
    0x0000, 0x0000, 0x0000, 0x0000, 0x0000, 0x0000, 0x0000, 0x0000, 0x0000, 0x0000, 0x0000, 0x0000, 0x0000, 0x0000, 0x0000, 0x0000,
    0x0000, 0x0000, 0x0000, 0x0000, 0x0000, 0x0000, 0x0000, 0x0000, 0x0000, 0x0000, 0x0000, 0x0000, 0x0000, 0x0000, 0x0000, 0x0000,
    0x0000, 0x0000, 0x0000, 0x0000, 0x0000, 0x0000, 0x0000, 0x0000, 0x0000, 0x0000, 0x0000, 0x0000, 0x0000, 0x0000, 0x0000, 0x0000,
    0x0000, 0x0000, 0x0000, 0x0000, 0x0000, 0x0000, 0x0000, 0x0000, 0x0000, 0x0000, 0x0000, 0x0000, 0x0000, 0x0000, 0x0000, 0x0000,
    0x0000, 0x0000, 0x0000, 0x0000, 0x0000, 0x0000, 0x0000, 0x0000, 0x0000, 0x0000, 0x0000, 0x0000, 0x0000, 0x0000, 0x0000, 0x0000,
    0x0000, 0x0000, 0x0000, 0x0000, 0x0000, 0x0000, 0x0000, 0x0000, 0x0000, 0x0000, 0x0000, 0x0000, 0x0000, 0x0000, 0x0000, 0x0000,
    0x0000, 0x0000, 0x0000, 0x0000, 0x0000, 0x0000, 0x0000, 0x0000, 0x0000, 0x0000, 0x0000, 0x0000, 0x0000, 0x0000, 0x0000, 0x0000,
    0x0000, 0x0000, 0x0000, 0x0000, 0x0000, 0x0000, 0x0000, 0x0000, 0x0000, 0x0000, 0x0000, 0x0000, 0x0000, 0x0000, 0x0000, 0x0000,
    0x0000, 0x0000, 0x0000, 0x0000, 0x0000, 0x0000, 0x0000, 0x0000, 0x0000, 0x0000, 0x0000, 0x0000, 0x0000, 0x0000, 0x0000, 0x0000,
    0x0000, 0x0000, 0x0000, 0x0000, 0x0000, 0x0000, 0x0000, 0x0000, 0x0000, 0x0000, 0x0000, 0x0000, 0x0000, 0x0000, 0x0000, 0x0000,
    0x0000, 0x0000, 0x0000, 0x0000, 0x0000, 0x0000, 0x0000, 0x0000, 0x0000, 0x0000, 0x0000, 0x0000, 0x0000, 0x0000, 0x0000, 0x0000,
    0x0000, 0x0000, 0x0000, 0x0000, 0x0000, 0x0000, 0x0000, 0x0000, 0x0000, 0x0000, 0x0000, 0x0000, 0x0000, 0x0000, 0x0000, 0x0000,
    0x0000, 0x0000, 0x0000, 0x0000, 0x0000, 0x0000, 0x0000, 0x0000, 0x0000, 0x0000, 0x0000, 0x0000, 0x0000, 0x0000, 0x0000, 0x0000,
    0x0000, 0x0000, 0x0000, 0x0000, 0x0000, 0x0000, 0x0000, 0x0000, 0x0000, 0x0000, 0x0000, 0x0000, 0x0000, 0x0000, 0x0000, 0x0000,
    0x0000, 0x0000, 0x0000, 0x0000, 0x0000, 0x0000, 0x0000, 0x0000, 0x0000, 0x0000, 0x0000, 0x0000, 0x0000, 0x0000, 0x0000, 0x0000,
    0x0000, 0x0000, 0x0000, 0x0000, 0x0000, 0x0000, 0x0000, 0x0000, 0x0000, 0x0000, 0x0000, 0x0000, 0x0000, 0x0000, 0x0000, 0x0000,
    0x0000, 0x0000, 0x0000, 0x0000, 0x0000, 0x0000, 0x0000, 0x0000, 0x0000, 0x0000, 0x0000, 0x0000, 0x0000, 0x0000, 0x0000, 0x0000,
    0x0000, 0x0000, 0x0000, 0x0000, 0x0000, 0x0000, 0x0000, 0x0000, 0x0000, 0x0000, 0x0000, 0x0000, 0x0000, 0x0000, 0x0000, 0x0000,
    0x0000, 0x0000, 0x0000, 0x0000, 0x0000, 0x0000, 0x0000, 0x0000, 0x0000, 0x0000, 0x0000, 0x0000, 0x0000, 0x0000, 0x0000, 0x0000,
    0x0000, 0x0000, 0x0000, 0x0000, 0x0000, 0x0000, 0x0000, 0x0000, 0x0000, 0x0000, 0x0000, 0x0000, 0x0000, 0x0000, 0x0000, 0x0000,
    0x0000, 0x0000, 0x0000, 0x0000, 0x0000, 0x0000, 0x0000, 0x0000, 0x0000, 0x0000, 0x0000, 0x0000, 0x0000, 0x0000, 0x0000, 0x0000,
    0x0000, 0x0000, 0x0000, 0x0000, 0x0000, 0x0000, 0x0000, 0x0000, 0x0000, 0x0000, 0x0000, 0x0000, 0x0000, 0x0000, 0x0000, 0x0000,
    0x0000, 0x0000, 0x0000, 0x0000, 0x0000, 0x0000, 0x0000, 0x0000, 0x0000, 0x0000, 0x0000, 0x0000, 0x0000, 0x0000, 0x0000, 0x0000,
    0x0000, 0x0000, 0x0000, 0x0000, 0x0000, 0x0000, 0x0000, 0x0000, 0x0000, 0x0000, 0x0000, 0x0000, 0x0000, 0x0000, 0x0000, 0x0000,
    0x0000, 0x0000, 0x0000, 0x0000, 0x0000, 0x0000, 0x0000, 0x0000, 0x0000, 0x0000, 0x0000, 0x0000, 0x0000, 0x0000, 0x0000, 0x0000,
    0x0000, 0x0000, 0x0000, 0x0000, 0x0000, 0x0000, 0x0000, 0x0000, 0x0000, 0x0000, 0x0000, 0x0000, 0x0000, 0x0000, 0x0000, 0x0000,
    0x0000, 0x0000, 0x0000, 0x0000, 0x0000, 0x0000, 0x0000, 0x0000, 0x0000, 0x0000, 0x0000, 0x0000, 0x0000, 0x0000, 0x0000, 0x0000,
    0x0000, 0x0000, 0x0000, 0x0000, 0x0000, 0x0000, 0x0000, 0x0000, 0x0000, 0x0000, 0x0000, 0x0000, 0x0000, 0x0000, 0x0000, 0x0000,
    0x0000, 0x0000, 0x0000, 0x0000, 0x0000, 0x0000, 0x0000, 0x0000, 0x0000, 0x0000, 0x0000, 0x0000, 0x0000, 0x0000, 0x0000, 0x0000,
    0x0000, 0x0000, 0x0000, 0x0000, 0x0000, 0x0000, 0x0000, 0x0000, 0x0000, 0x0000, 0x0000, 0x0000, 0x0000, 0x0000, 0x0000, 0x0000,
    0x0000, 0x0000, 0x0000, 0x0000, 0x0000, 0x0000, 0x0000, 0x0000, 0x0000, 0x0000, 0x0000, 0x0000, 0x0000, 0x0000, 0x0000, 0x0000,
    0x0000, 0x0000, 0x0000, 0x0000, 0x0000, 0x0000, 0x0000, 0x0000, 0x0000, 0x0000, 0x0000, 0x0000, 0x0000, 0x0000, 0x0000, 0x0000,
    0x0000, 0x0000, 0x0000, 0x0000, 0x0000, 0x0000, 0x0000, 0x0000, 0x0000, 0x0000, 0x0000, 0x0000, 0x0000, 0x0000, 0x0000, 0x0000,
    0x0000, 0x0000, 0x0000, 0x0000, 0x0000, 0x0000, 0x0000, 0x0000, 0x0000, 0x0000, 0x0000, 0x0000, 0x0000, 0x0000, 0x0000, 0x0000,
    0x0000, 0x0000, 0x0000, 0x0000, 0x0000, 0x0000, 0x0000, 0x0000, 0x0000, 0x0000, 0x0000, 0x0000, 0x0000, 0x0000, 0x0000, 0x0000,
    0x0000, 0x0000, 0x0000, 0x0000, 0x0000, 0x0000, 0x0000, 0x0000, 0x0000, 0x0000, 0x0000, 0x0000, 0x0000, 0x0000, 0x0000, 0x0000,
    0x0000, 0x0000, 0x0000, 0x0000, 0x0000, 0x0000, 0x0000, 0x0000, 0x0000, 0x0000, 0x0000, 0x0000, 0x0000, 0x0000, 0x0000, 0x0000,
    0x0000, 0x0000, 0x0000, 0x0000, 0x0000, 0x0000, 0x0000, 0x0000, 0x0000, 0x0000, 0x0000, 0x0000, 0x0000, 0x0000, 0x0000, 0x0000,
    0x0000, 0x0000, 0x0000, 0x0000, 0x0000, 0x0000, 0x0000, 0x0000, 0x0000, 0x0000, 0x0000, 0x0000, 0x0000, 0x0000, 0x0000, 0x0000,
    0x0000, 0x0000, 0x0000, 0x0000, 0x0000, 0x0000, 0x0000, 0x0000, 0x0000, 0x0000, 0x0000, 0x0000, 0x0000, 0x0000, 0x0000, 0x0000,
    0x0000, 0x0000, 0x0000, 0x0000, 0x0000, 0x0000, 0x0000, 0x0000, 0x0000, 0x0000, 0x0000, 0x0000, 0x0000, 0x0000, 0x0000, 0x0000,
    0x0000, 0x0000, 0x0000, 0x0000, 0x0000, 0x0000, 0x0000, 0x0000, 0x0000, 0x0000, 0x0000, 0x0000, 0x0000, 0x0000, 0x0000, 0x0000,
    0x0000, 0x0000, 0x0000, 0x0000, 0x0000, 0x0000, 0x0000, 0x0000, 0x0000, 0x0000, 0x0000, 0x0000, 0x0000, 0x0000, 0x0000, 0x0000,
    0x0000, 0x0000, 0x0000, 0x0000, 0x0000, 0x0000, 0x0000, 0x0000, 0x0000, 0x0000, 0x0000, 0x0000, 0x0000, 0x0000, 0x0000, 0x0000,
    0x0000, 0x0000, 0x0000, 0x0000, 0x0000, 0x0000, 0x0000, 0x0000, 0x0000, 0x0000, 0x0000, 0x0000, 0x0000, 0x0000, 0x0000, 0x0000,
    0x0000, 0x0000, 0x0000, 0x0000, 0x0000, 0x0000, 0x0000, 0x0000, 0x0000, 0x0000, 0x0000, 0x0000, 0x0000, 0x0000, 0x0000, 0x0000,
    0x0000, 0x0000, 0x0000, 0x0000, 0x0000, 0x0000, 0x0000, 0x0000, 0x0000, 0x0000, 0x0000, 0x0000, 0x0000, 0x0000, 0x0000, 0x0000,
    0x0000, 0x0000, 0x0000, 0x0000, 0x0000, 0x0000, 0x0000, 0x0000, 0x0000, 0x0000, 0x0000, 0x0000, 0x0000, 0x0000, 0x0000, 0x0000,
    0x0000, 0x0000, 0x0000, 0x0000, 0x0000, 0x0000, 0x0000, 0x0000, 0x0000, 0x0000, 0x0000, 0x0000, 0x0000, 0x0000, 0x0000, 0x0000,
    0x0000, 0x0000, 0x0000, 0x0000, 0x0000, 0x0000, 0x0000, 0x0000, 0x0000, 0x0000, 0x0000, 0x0000, 0x0000, 0x0000, 0x0000, 0x0000,
    0x0000, 0x0000, 0x0000, 0x0000, 0x0000, 0x0000, 0x0000, 0x0000, 0x0000, 0x0000, 0x0000, 0x0000, 0x0000, 0x0000, 0x0000, 0x0000,
    0x0000, 0x0000, 0x0000, 0x0000, 0x0000, 0x0000, 0x0000, 0x0000, 0x0000, 0x0000, 0x0000, 0x0000, 0x0000, 0x0000, 0x0000, 0x0000,
    0x0000, 0x0000, 0x0000, 0x0000, 0x0000, 0x0000, 0x0000, 0x0000, 0x0000, 0x0000, 0x0000, 0x0000, 0x0000, 0x0000, 0x0000, 0x0000,
    0x0000, 0x0000, 0x0000, 0x0000, 0x0000, 0x0000, 0x0000, 0x0000, 0x0000, 0x0000, 0x0000, 0x0000, 0x0000, 0x0000, 0x0000, 0x0000,
    0x0000, 0x0000, 0x0000, 0x0000, 0x0000, 0x0000, 0x0000, 0x0000, 0x0000, 0x0000, 0x0000, 0x0000, 0x0000, 0x0000, 0x0000, 0x0000,
    0x0000, 0x0000, 0x0000, 0x0000, 0x0000, 0x0000, 0x0000, 0x0000, 0x0000, 0x0000, 0x0000, 0x0000, 0x0000, 0x0000, 0x0000, 0x0000,
    0x0000, 0x0000, 0x0000, 0x0000, 0x0000, 0x0000, 0x0000, 0x0000, 0x0000, 0x0000, 0x0000, 0x0000, 0x0000, 0x0000, 0x0000, 0x0000,
    0x0000, 0x0000, 0x0000, 0x0000, 0x0000, 0x0000, 0x0000, 0x0000, 0x0000, 0x0000, 0x0000, 0x0000, 0x0000, 0x0000, 0x0000, 0x0000,
    0x0000, 0x0000, 0x0000, 0x0000, 0x0000, 0x0000, 0x0000, 0x0000, 0x0000, 0x0000, 0x0000, 0x0000, 0x0000, 0x0000, 0x0000, 0x0000,
    0x0000, 0x0000, 0x0000, 0x0000, 0x0000, 0x0000, 0x0000, 0x0000, 0x0000, 0x0000, 0x0000, 0x0000, 0x0000, 0x0000, 0x0000, 0x0000,
    0x0000, 0x0000, 0x0000, 0x0000, 0x0000, 0x0000, 0x0000, 0x0000, 0x0000, 0x0000, 0x0000, 0x0000, 0x0000, 0x0000, 0x0000, 0x0000,
    0x0000, 0x0000, 0x0000, 0x0000, 0x0000, 0x0000, 0x0000, 0x0000, 0x0000, 0x0000, 0x0000, 0x0000, 0x0000, 0x0000, 0x0000, 0x0000,
    0x0000, 0x0000, 0x0000, 0x0000, 0x0000, 0x0000, 0x0000, 0x0000, 0x0000, 0x0000, 0x0000, 0x0000, 0x0000, 0x0000, 0x0000, 0x0000,
    0x0000, 0x0000, 0x0000, 0x0000, 0x0000, 0x0000, 0x0000, 0x0000, 0x0000, 0x0000, 0x0000, 0x0000, 0x0000, 0x0000, 0x0000, 0x0000,
    0x0000, 0x0000, 0x0000, 0x0000, 0x0000, 0x0000, 0x0000, 0x0000, 0x0000, 0x0000, 0x0000, 0x0000, 0x0000, 0x0000, 0x0000, 0x0000,
    0x0000, 0x0000, 0x0000, 0x0000, 0x0000, 0x0000, 0x0000, 0x0000, 0x0000, 0x0000, 0x0000, 0x0000, 0x0000, 0x0000, 0x0000, 0x0000,
    0x0000, 0x0000, 0x0000, 0x0000, 0x0000, 0x0000, 0x0000, 0x0000, 0x0000, 0x0000, 0x0000, 0x0000, 0x0000, 0x0000, 0x0000, 0x0000,
    0x0000, 0x0000, 0x0000, 0x0000, 0x0000, 0x0000, 0x0000, 0x0000, 0x0000, 0x0000, 0x0000, 0x0000, 0x0000, 0x0000, 0x0000, 0x0000,
    0x0000, 0x0000, 0x0000, 0x0000, 0x0000, 0x0000, 0x0000, 0x0000, 0x0000, 0x0000, 0x0000, 0x0000, 0x0000, 0x0000, 0x0000, 0x0000,
    0x0000, 0x0000, 0x0000, 0x0000, 0x0000, 0x0000, 0x0000, 0x0000, 0x0000, 0x0000, 0x0000, 0x0000, 0x0000, 0x0000, 0x0000, 0x0000,
    0x0000, 0x0000, 0x0000, 0x0000, 0x0000, 0x0000, 0x0000, 0x0000, 0x0000, 0x0000, 0x0000, 0x0000, 0x0000, 0x0000, 0x0000, 0x0000,
    0x0000, 0x0000, 0x0000, 0x0000, 0x0000, 0x0000, 0x0000, 0x0000, 0x0000, 0x0000, 0x0000, 0x0000, 0x0000, 0x0000, 0x0000, 0x0000,
    0x0000, 0x0000, 0x0000, 0x0000, 0x0000, 0x0000, 0x0000, 0x0000, 0x0000, 0x0000, 0x0000, 0x0000, 0x0000, 0x0000, 0x0000, 0x0000,
    0x0000, 0x0000, 0x0000, 0x0000, 0x0000, 0x0000, 0x0000, 0x0000, 0x0000, 0x0000, 0x0000, 0x0000, 0x0000, 0x0000, 0x0000, 0x0000,
    0x0000, 0x0000, 0x0000, 0x0000, 0x0000, 0x0000, 0x0000, 0x0000, 0x0000, 0x0000, 0x0000, 0x0000, 0x0000, 0x0000, 0x0000, 0x0000,
    0x0000, 0x0000, 0x0000, 0x0000, 0x0000, 0x0000, 0x0000, 0x0000, 0x0000, 0x0000, 0x0000, 0x0000, 0x0000, 0x0000, 0x0000, 0x0000,
    0x0000, 0x0000, 0x0000, 0x0000, 0x0000, 0x0000, 0x0000, 0x0000, 0x0000, 0x0000, 0x0000, 0x0000, 0x0000, 0x0000, 0x0000, 0x0000,
    0x0000, 0x0000, 0x0000, 0x0000, 0x0000, 0x0000, 0x0000, 0x0000, 0x0000, 0x0000, 0x0000, 0x0000, 0x0000, 0x0000, 0x0000, 0x0000,
    0x0000, 0x0000, 0x0000, 0x0000, 0x0000, 0x0000, 0x0000, 0x0000, 0x0000, 0x0000, 0x0000, 0x0000, 0x0000, 0x0000, 0x0000, 0x0000,
    0x0000, 0x0000, 0x0000, 0x0000, 0x0000, 0x0000, 0x0000, 0x0000, 0x0000, 0x0000, 0x0000, 0x0000, 0x0000, 0x0000, 0x0000, 0x0000,
    0x0000, 0x0000, 0x0000, 0x0000, 0x0000, 0x0000, 0x0000, 0x0000, 0x0000, 0x0000, 0x0000, 0x0000, 0x0000, 0x0000, 0x0000, 0x0000,
    0x0000, 0x0000, 0x0000, 0x0000, 0x0000, 0x0000, 0x0000, 0x0000, 0x0000, 0x0000, 0x0000, 0x0000, 0x0000, 0x0000, 0x0000, 0x0000,
    0x0000, 0x0000, 0x0000, 0x0000, 0x0000, 0x0000, 0x0000, 0x0000, 0x0000, 0x0000, 0x0000, 0x0000, 0x0000, 0x0000, 0x0000, 0x0000,
    0x0000, 0x0000, 0x0000, 0x0000, 0x0000, 0x0000, 0x0000, 0x0000, 0x0000, 0x0000, 0x0000, 0x0000, 0x0000, 0x0000, 0x0000, 0x0000,
    0x0000, 0x0000, 0x0000, 0x0000, 0x0000, 0x0000, 0x0000, 0x0000, 0x0000, 0x0000, 0x0000, 0x0000, 0x0000, 0x0000, 0x0000, 0x0000,
    0x0000, 0x0000, 0x0000, 0x0000, 0x0000, 0x0000, 0x0000, 0x0000, 0x0000, 0x0000, 0x0000, 0x0000, 0x0000, 0x0000, 0x0000, 0x0000,
    0x0000, 0x0000, 0x0000, 0x0000, 0x0000, 0x0000, 0x0000, 0x0000, 0x0000, 0x0000, 0x0000, 0x0000, 0x0000, 0x0000, 0x0000, 0x0000,
    0x0000, 0x0000, 0x0000, 0x0000, 0x0000, 0x0000, 0x0000, 0x0000, 0x0000, 0x0000, 0x0000, 0x0000, 0x0000, 0x0000, 0x0000, 0x0000,
    0x0000, 0x0000, 0x0000, 0x0000, 0x0000, 0x0000, 0x0000, 0x0000, 0x0000, 0x0000, 0x0000, 0x0000, 0x0000, 0x0000, 0x0000, 0x0000,
    0x0000, 0x0000, 0x0000, 0x0000, 0x0000, 0x0000, 0x0000, 0x0000, 0x0000, 0x0000, 0x0000, 0x0000, 0x0000, 0x0000, 0x0000, 0x0000,
    0x0000, 0x0000, 0x0000, 0x0000, 0x0000, 0x0000, 0x0000, 0x0000, 0x0000, 0x0000, 0x0000, 0x0000, 0x0000, 0x0000, 0x0000, 0x0000,
    0x0000, 0x0000, 0x0000, 0x0000, 0x0000, 0x0000, 0x0000, 0x0000, 0x0000, 0x0000, 0x0000, 0x0000, 0x0000, 0x0000, 0x0000, 0x0000,
    0x0000, 0x0000, 0x0000, 0x0000, 0x0000, 0x0000, 0x0000, 0x0000, 0x0000, 0x0000, 0x0000, 0x0000, 0x0000, 0x0000, 0x0000, 0x0000,
    0x0000, 0x0000, 0x0000, 0x0000, 0x0000, 0x0000, 0x0000, 0x0000, 0x0000, 0x0000, 0x0000, 0x0000, 0x0000, 0x0000, 0x0000, 0x0000,
    0x0000, 0x0000, 0x0000, 0x0000, 0x0000, 0x0000, 0x0000, 0x0000, 0x0000, 0x0000, 0x0000, 0x0000, 0x0000, 0x0000, 0x0000, 0x0000,
    0x0000, 0x0000, 0x0000, 0x0000, 0x0000, 0x0000, 0x0000, 0x0000, 0x0000, 0x0000, 0x0000, 0x0000, 0x0000, 0x0000, 0x0000, 0x0000,
    0x0000, 0x0000, 0x0000, 0x0000, 0x0000, 0x0000, 0x0000, 0x0000, 0x0000, 0x0000, 0x0000, 0x0000, 0x0000, 0x0000, 0x0000, 0x0000,
    0x0000, 0x0000, 0x0000, 0x0000, 0x0000, 0x0000, 0x0000, 0x0000, 0x0000, 0x0000, 0x0000, 0x0000, 0x0000, 0x0000, 0x0000, 0x0000,
    0x0000, 0x0000, 0x0000, 0x0000, 0x0000, 0x0000, 0x0000, 0x0000, 0x0000, 0x0000, 0x0000, 0x0000, 0x0000, 0x0000, 0x0000, 0x0000,
    0x0000, 0x0000, 0x0000, 0x0000, 0x0000, 0x0000, 0x0000, 0x0000, 0x0000, 0x0000, 0x0000, 0x0000, 0x0000, 0x0000, 0x0000, 0x0000,
    0x0000, 0x0000, 0x0000, 0x0000, 0x0000, 0x0000, 0x0000, 0x0000, 0x0000, 0x0000, 0x0000, 0x0000, 0x0000, 0x0000, 0x0000, 0x0000,
    0x0000, 0x0000, 0x0000, 0x0000, 0x0000, 0x0000, 0x0000, 0x0000, 0x0000, 0x0000, 0x0000, 0x0000, 0x0000, 0x0000, 0x0000, 0x0000,
    0x0000, 0x0000, 0x0000, 0x0000, 0x0000, 0x0000, 0x0000, 0x0000, 0x0000, 0x0000, 0x0000, 0x0000, 0x0000, 0x0000, 0x0000, 0x0000,
    0x0000, 0x0000, 0x0000, 0x0000, 0x0000, 0x0000, 0x0000, 0x0000, 0x0000, 0x0000, 0x0000, 0x0000, 0x0000, 0x0000, 0x0000, 0x0000,
    0x0000, 0x0000, 0x0000, 0x0000, 0x0000, 0x0000, 0x0000, 0x0000, 0x0000, 0x0000, 0x0000, 0x0000, 0x0000, 0x0000, 0x0000, 0x0000,
    0x0000, 0x0000, 0x0000, 0x0000, 0x0000, 0x0000, 0x0000, 0x0000, 0x0000, 0x0000, 0x0000, 0x0000, 0x0000, 0x0000, 0x0000, 0x0000,
    0x0000, 0x0000, 0x0000, 0x0000, 0x0000, 0x0000, 0x0000, 0x0000, 0x0000, 0x0000, 0x0000, 0x0000, 0x0000, 0x0000, 0x0000, 0x0000,
    0x0000, 0x0000, 0x0000, 0x0000, 0x0000, 0x0000, 0x0000, 0x0000, 0x0000, 0x0000, 0x0000, 0x0000, 0x0000, 0x0000, 0x0000, 0x0000,
    0x0000, 0x0000, 0x0000, 0x0000, 0x0000, 0x0000, 0x0000, 0x0000, 0x0000, 0x0000, 0x0000, 0x0000, 0x0000, 0x0000, 0x0000, 0x0000,
    0x0000, 0x0000, 0x0000, 0x0000, 0x0000, 0x0000, 0x0000, 0x0000, 0x0000, 0x0000, 0x0000, 0x0000, 0x0000, 0x0000, 0x0000, 0x0000,
    0x0000, 0x0000, 0x0000, 0x0000, 0x0000, 0x0000, 0x0000, 0x0000, 0x0000, 0x0000, 0x0000, 0x0000, 0x0000, 0x0000, 0x0000, 0x0000,
    0x0000, 0x0000, 0x0000, 0x0000, 0x0000, 0x0000, 0x0000, 0x0000, 0x0000, 0x0000, 0x0000, 0x0000, 0x0000, 0x0000, 0x0000, 0x0000,
    0x0000, 0x0000, 0x0000, 0x0000, 0x0000, 0x0000, 0x0000, 0x0000, 0x0000, 0x0000, 0x0000, 0x0000, 0x0000, 0x0000, 0x0000, 0x0000,
    0x0000, 0x0000, 0x0000, 0x0000, 0x0000, 0x0000, 0x0000, 0x0000, 0x0000, 0x0000, 0x0000, 0x0000, 0x0000, 0x0000, 0x0000, 0x0000,
    0x0000, 0x0000, 0x0000, 0x0000, 0x0000, 0x0000, 0x0000, 0x0000, 0x0000, 0x0000, 0x0000, 0x0000, 0x0000, 0x0000, 0x0000, 0x0000,
    0x0000, 0x0000, 0x0000, 0x0000, 0x0000, 0x0000, 0x0000, 0x0000, 0x0000, 0x0000, 0x0000, 0x0000, 0x0000, 0x0000, 0x0000, 0x0000,
    0x0000, 0x0000, 0x0000, 0x0000, 0x0000, 0x0000, 0x0000, 0x0000, 0x0000, 0x0000, 0x0000, 0x0000, 0x0000, 0x0000, 0x0000, 0x0000,
    0x0000, 0x0000, 0x0000, 0x0000, 0x0000, 0x0000, 0x0000, 0x0000, 0x0000, 0x0000, 0x0000, 0x0000, 0x0000, 0x0000, 0x0000, 0x0000,
};

} // namespace core::mapping_prompt
