#pragma once

#include <cstdint>

// 320x240 RGB565 splash image.
// Generated from photos/splashscreen_01.png by resampling
// (PIL LANCZOS) and packing each pixel as (R5 << 11) | (G6 << 5) | B5.
// 153,600 bytes total; lives in flash on Teensy via constexpr.

namespace core::splash {

constexpr int kW = 320;
constexpr int kH = 240;

inline constexpr uint16_t kImage[kW * kH] = {
    0x0000, 0x0000, 0x0000, 0x0000, 0x0000, 0x0000, 0x0000, 0x0000, 0x0000, 0x0000, 0x0000, 0x0000, 0x0000, 0x0000, 0x0000, 0x0000,
    0x0000, 0x0000, 0x0000, 0x0000, 0x0000, 0x0000, 0x0000, 0x0000, 0x0000, 0x0000, 0x0000, 0x0000, 0x0000, 0x0000, 0x0000, 0x0000,
    0x0000, 0x0000, 0x0000, 0x0000, 0x0000, 0x0000, 0x0000, 0x0000, 0x0000, 0x0000, 0x0000, 0x0000, 0x0000, 0x0000, 0x0000, 0x0000,
    0x0000, 0x0000, 0x0000, 0x0000, 0x0000, 0x0000, 0x0000, 0x0000, 0x0000, 0x0000, 0x0000, 0x0000, 0x0000, 0x0000, 0x0000, 0x0000,
    0x0000, 0x0000, 0x0000, 0x0000, 0x0000, 0x0000, 0x0000, 0x0000, 0x0000, 0x0000, 0x0000, 0x0000, 0x0000, 0x0000, 0x0000, 0x0000,
    0x0000, 0x0000, 0x0000, 0x0000, 0x0000, 0x0000, 0x0000, 0x0000, 0x0000, 0x0000, 0x0000, 0x0000, 0x0000, 0x0000, 0x0000, 0x0000,
    0x0000, 0x0000, 0x0000, 0x0000, 0x0000, 0x0000, 0x0000, 0x0000, 0x0000, 0x0000, 0x0000, 0x0000, 0x0000, 0x0000, 0x0000, 0x0000,
    0x0000, 0x0000, 0x0000, 0x0000, 0x0000, 0x0000, 0x0000, 0x0000, 0x0000, 0x0000, 0x0000, 0x0000, 0x0000, 0x0000, 0x0000, 0x0000,
    0x0000, 0x0000, 0x0000, 0x0000, 0x0000, 0x0000, 0x0000, 0x0000, 0x0000, 0x0000, 0x0000, 0x0000, 0x0000, 0x0000, 0x0000, 0x0000,
    0x0000, 0x0000, 0x0000, 0x0000, 0x0000, 0x0000, 0x0000, 0x0000, 0x0000, 0x0000, 0x0000, 0x0000, 0x0000, 0x0000, 0x0000, 0x0000,
    0x0000, 0x0000, 0x0000, 0x0000, 0x0000, 0x0000, 0x0000, 0x0000, 0x0000, 0x0000, 0x0000, 0x0000, 0x0000, 0x0000, 0x0000, 0x0000,
    0x0000, 0x0000, 0x0000, 0x0000, 0x0000, 0x0000, 0x0000, 0x0000, 0x0000, 0x0000, 0x0000, 0x0000, 0x0000, 0x0000, 0x0000, 0x0000,
    0x0000, 0x0000, 0x0000, 0x0000, 0x0000, 0x0000, 0x0000, 0x0000, 0x0000, 0x0000, 0x0000, 0x0000, 0x0000, 0x0000, 0x0000, 0x0000,
    0x0000, 0x0000, 0x0000, 0x0000, 0x0000, 0x0000, 0x0000, 0x0000, 0x0000, 0x0000, 0x0000, 0x0000, 0x0000, 0x0000, 0x0000, 0x0000,
    0x0000, 0x0000, 0x0000, 0x0000, 0x0000, 0x0000, 0x0000, 0x0000, 0x0000, 0x0000, 0x0000, 0x0000, 0x0000, 0x0000, 0x0000, 0x0000,
    0x0000, 0x0000, 0x0000, 0x0000, 0x0000, 0x0000, 0x0000, 0x0000, 0x0000, 0x0000, 0x0000, 0x0000, 0x0000, 0x0000, 0x0000, 0x0000,
    0x0000, 0x0000, 0x0000, 0x0000, 0x0000, 0x0000, 0x0000, 0x0000, 0x0000, 0x0000, 0x0000, 0x0000, 0x0000, 0x0000, 0x0000, 0x0000,
    0x0000, 0x0000, 0x0000, 0x0000, 0x0000, 0x0000, 0x0000, 0x0000, 0x0000, 0x0000, 0x0000, 0x0000, 0x0000, 0x0000, 0x0000, 0x0000,
    0x0000, 0x0000, 0x0000, 0x0000, 0x0000, 0x0000, 0x0000, 0x0000, 0x0000, 0x0000, 0x0000, 0x0000, 0x0000, 0x0000, 0x0000, 0x0000,
    0x0000, 0x0000, 0x0000, 0x0000, 0x0000, 0x0000, 0x0000, 0x0000, 0x0000, 0x0000, 0x0000, 0x0000, 0x0000, 0x0000, 0x0000, 0x0000,
    0x0000, 0x0000, 0x0000, 0x0000, 0x0000, 0x0000, 0x0000, 0x0000, 0x0000, 0x0000, 0x0000, 0x0000, 0x0000, 0x0000, 0x0000, 0x0000,
    0x0000, 0x0000, 0x0000, 0x0000, 0x0000, 0x0000, 0x0000, 0x0000, 0x0000, 0x0000, 0x0000, 0x0000, 0x0000, 0x0000, 0x0000, 0x0000,
    0x0000, 0x0000, 0x0000, 0x0000, 0x0000, 0x0000, 0x0000, 0x0000, 0x0000, 0x0000, 0x0000, 0x0000, 0x0000, 0x0000, 0x0000, 0x0000,
    0x0000, 0x0000, 0x0000, 0x0000, 0x0000, 0x0000, 0x0000, 0x0000, 0x0000, 0x0000, 0x0000, 0x0000, 0x0000, 0x0000, 0x0000, 0x0000,
    0x0000, 0x0000, 0x0000, 0x0000, 0x0000, 0x0000, 0x0000, 0x0000, 0x0000, 0x0000, 0x0000, 0x0000, 0x0000, 0x0000, 0x0000, 0x0000,
    0x0000, 0x0000, 0x0000, 0x0000, 0x0000, 0x0000, 0x0000, 0x0000, 0x0000, 0x0000, 0x0000, 0x0000, 0x0000, 0x0000, 0x0000, 0x0000,
    0x0000, 0x0000, 0x0000, 0x0000, 0x0000, 0x0000, 0x0000, 0x0000, 0x0000, 0x0000, 0x0000, 0x0000, 0x0000, 0x0000, 0x0000, 0x0000,
    0x0000, 0x0000, 0x0000, 0x0000, 0x0000, 0x0000, 0x0000, 0x0000, 0x0000, 0x0000, 0x0000, 0x0000, 0x0000, 0x0000, 0x0000, 0x0000,
    0x0000, 0x0000, 0x0000, 0x0000, 0x0000, 0x0000, 0x0000, 0x0000, 0x0000, 0x0000, 0x0000, 0x0000, 0x0000, 0x0000, 0x0000, 0x0000,
    0x0000, 0x0000, 0x0000, 0x0000, 0x0000, 0x0000, 0x0000, 0x0000, 0x0000, 0x0000, 0x0000, 0x0000, 0x0000, 0x0000, 0x0000, 0x0000,
    0x0000, 0x0000, 0x0000, 0x0000, 0x0000, 0x0000, 0x0000, 0x0000, 0x0000, 0x0000, 0x0000, 0x0000, 0x0000, 0x0000, 0x0000, 0x0000,
    0x0000, 0x0000, 0x0000, 0x0000, 0x0000, 0x0000, 0x0000, 0x0000, 0x0000, 0x0000, 0x0000, 0x0000, 0x0000, 0x0000, 0x0000, 0x0000,
    0x0000, 0x0000, 0x0000, 0x0000, 0x0000, 0x0000, 0x0000, 0x0000, 0x0000, 0x0000, 0x0000, 0x0000, 0x0000, 0x0000, 0x0000, 0x0000,
    0x0000, 0x0000, 0x0000, 0x0000, 0x0000, 0x0000, 0x0000, 0x0000, 0x0000, 0x0000, 0x0000, 0x0000, 0x0000, 0x0000, 0x0000, 0x0000,
    0x0000, 0x0000, 0x0000, 0x0000, 0x0000, 0x0000, 0x0000, 0x0000, 0x0000, 0x0000, 0x0000, 0x0000, 0x0000, 0x0000, 0x0000, 0x0000,
    0x0000, 0x0000, 0x0000, 0x0000, 0x0000, 0x0000, 0x0000, 0x0000, 0x0000, 0x0000, 0x0000, 0x0000, 0x0000, 0x0000, 0x0000, 0x0000,
    0x0000, 0x0000, 0x0000, 0x0000, 0x0000, 0x0000, 0x0000, 0x0000, 0x0000, 0x0000, 0x0000, 0x0000, 0x0000, 0x0000, 0x0000, 0x0000,
    0x0000, 0x0000, 0x0000, 0x0000, 0x0000, 0x0000, 0x0000, 0x0000, 0x0000, 0x0000, 0x0000, 0x0000, 0x0000, 0x0000, 0x0000, 0x0000,
    0x0000, 0x0000, 0x0000, 0x0000, 0x0000, 0x0000, 0x0000, 0x0000, 0x0000, 0x0000, 0x0000, 0x0000, 0x0000, 0x0000, 0x0000, 0x0000,
    0x0000, 0x0000, 0x0000, 0x0000, 0x0000, 0x0000, 0x0000, 0x0000, 0x0000, 0x0000, 0x0000, 0x0000, 0x0000, 0x0000, 0x0000, 0x0000,
    0x0000, 0x0000, 0x0000, 0x0000, 0x0000, 0x0000, 0x0000, 0x0000, 0x0000, 0x0000, 0x0000, 0x0000, 0x0000, 0x0000, 0x0000, 0x0000,
    0x0000, 0x0000, 0x0000, 0x0000, 0x0000, 0x0000, 0x0000, 0x0000, 0x0000, 0x0000, 0x0000, 0x0000, 0x0000, 0x0000, 0x0000, 0x0000,
    0x0000, 0x0000, 0x0000, 0x0000, 0x0000, 0x0000, 0x0000, 0x0000, 0x0000, 0x0000, 0x0000, 0x0000, 0x0000, 0x0000, 0x0000, 0x0000,
    0x0000, 0x0000, 0x0000, 0x0000, 0x0000, 0x0000, 0x0000, 0x0000, 0x0000, 0x0000, 0x0000, 0x0000, 0x0000, 0x0000, 0x0000, 0x0000,
    0x0000, 0x0000, 0x0000, 0x0000, 0x0000, 0x0000, 0x0000, 0x0000, 0x0000, 0x0000, 0x0000, 0x0000, 0x0000, 0x0000, 0x0000, 0x0000,
    0x0000, 0x0000, 0x0000, 0x0000, 0x0000, 0x0000, 0x0000, 0x0000, 0x0000, 0x0000, 0x0000, 0x0000, 0x0000, 0x0000, 0x0000, 0x0000,
    0x0000, 0x0000, 0x0000, 0x0000, 0x0000, 0x0000, 0x0000, 0x0000, 0x0000, 0x0000, 0x0000, 0x0000, 0x0000, 0x0000, 0x0000, 0x0000,
    0x0000, 0x0000, 0x0000, 0x0000, 0x0000, 0x0000, 0x0000, 0x0000, 0x0000, 0x0000, 0x0000, 0x0000, 0x0000, 0x0000, 0x0000, 0x0000,
    0x0000, 0x0000, 0x0000, 0x0000, 0x0000, 0x0000, 0x0000, 0x0000, 0x0000, 0x0000, 0x0000, 0x0000, 0x0000, 0x0000, 0x0000, 0x0000,
    0x0000, 0x0000, 0x0000, 0x0000, 0x0000, 0x0000, 0x0000, 0x0000, 0x0000, 0x0000, 0x0000, 0x0000, 0x0000, 0x0000, 0x0000, 0x0000,
    0x0000, 0x0000, 0x0000, 0x0000, 0x0000, 0x0000, 0x0000, 0x0000, 0x0000, 0x0000, 0x0000, 0x0000, 0x0000, 0x0000, 0x0000, 0x0000,
    0x0000, 0x0000, 0x0000, 0x0000, 0x0000, 0x0000, 0x0000, 0x0000, 0x0000, 0x0000, 0x0000, 0x0000, 0x0000, 0x0000, 0x0000, 0x0000,
    0x0000, 0x0000, 0x0000, 0x0000, 0x0000, 0x0000, 0x0000, 0x0000, 0x0000, 0x0000, 0x0000, 0x0000, 0x0000, 0x0000, 0x0000, 0x0000,
    0x0000, 0x0000, 0x0000, 0x0000, 0x0000, 0x0000, 0x0000, 0x0000, 0x0000, 0x0000, 0x0000, 0x0000, 0x0000, 0x0000, 0x0000, 0x0000,
    0x0000, 0x0000, 0x0000, 0x0000, 0x0000, 0x0000, 0x0000, 0x0000, 0x0000, 0x0000, 0x0000, 0x0000, 0x0000, 0x0000, 0x0000, 0x0000,
    0x0000, 0x0000, 0x0000, 0x0000, 0x0000, 0x0000, 0x0000, 0x0000, 0x0000, 0x0000, 0x0000, 0x0000, 0x0000, 0x0000, 0x0000, 0x0000,
    0x0000, 0x0000, 0x0000, 0x0000, 0x0000, 0x0000, 0x0000, 0x0000, 0x0000, 0x0000, 0x0000, 0x0000, 0x0000, 0x0000, 0x0000, 0x0000,
    0x0000, 0x0000, 0x0000, 0x0000, 0x0000, 0x0000, 0x0000, 0x0000, 0x0000, 0x0000, 0x0000, 0x0000, 0x0000, 0x0000, 0x0000, 0x0000,
    0x0000, 0x0000, 0x0000, 0x0000, 0x0000, 0x0000, 0x0000, 0x0000, 0x0000, 0x0000, 0x0000, 0x0000, 0x0000, 0x0000, 0x0000, 0x0000,
    0x0000, 0x0000, 0x0000, 0x0000, 0x0000, 0x0000, 0x0000, 0x0000, 0x0000, 0x0000, 0x0000, 0x0000, 0x0000, 0x0000, 0x0000, 0x0000,
    0x0000, 0x0000, 0x0000, 0x0000, 0x0000, 0x0000, 0x0000, 0x0000, 0x0000, 0x0000, 0x0000, 0x0000, 0x0000, 0x0000, 0x0000, 0x0000,
    0x0000, 0x0000, 0x0000, 0x0000, 0x0000, 0x0000, 0x0000, 0x0000, 0x0000, 0x0000, 0x0000, 0x0000, 0x0000, 0x0000, 0x0000, 0x0000,
    0x0000, 0x0000, 0x0000, 0x0000, 0x0000, 0x0000, 0x0000, 0x0000, 0x0000, 0x0000, 0x0000, 0x0000, 0x0000, 0x0000, 0x0000, 0x0000,
    0x0000, 0x0000, 0x0000, 0x0000, 0x0000, 0x0000, 0x0000, 0x0000, 0x0000, 0x0000, 0x0000, 0x0000, 0x0000, 0x0000, 0x0000, 0x0000,
    0x0000, 0x0000, 0x0000, 0x0000, 0x0000, 0x0000, 0x0000, 0x0000, 0x0000, 0x0000, 0x0000, 0x0000, 0x0000, 0x0000, 0x0000, 0x0000,
    0x0000, 0x0000, 0x0000, 0x0000, 0x0000, 0x0000, 0x0000, 0x0000, 0x0000, 0x0000, 0x0000, 0x0000, 0x0000, 0x0000, 0x0000, 0x0000,
    0x0000, 0x0000, 0x0000, 0x0000, 0x0000, 0x0000, 0x0000, 0x0000, 0x0000, 0x0000, 0x0000, 0x0000, 0x0000, 0x0000, 0x0000, 0x0000,
    0x0000, 0x0000, 0x0000, 0x0000, 0x0000, 0x0000, 0x0000, 0x0000, 0x0000, 0x0000, 0x0000, 0x0000, 0x0000, 0x0000, 0x0000, 0x0000,
    0x0000, 0x0000, 0x0000, 0x0000, 0x0000, 0x0000, 0x0000, 0x0000, 0x0000, 0x0000, 0x0000, 0x0000, 0x0000, 0x0000, 0x0000, 0x0000,
    0x0000, 0x0000, 0x0000, 0x0000, 0x0000, 0x0000, 0x0000, 0x0000, 0x0000, 0x0000, 0x0000, 0x0000, 0x0000, 0x0000, 0x0000, 0x0000,
    0x0000, 0x0000, 0x0000, 0x0000, 0x0000, 0x0000, 0x0000, 0x0000, 0x0000, 0x0000, 0x0000, 0x0000, 0x0000, 0x0000, 0x0000, 0x0000,
    0x0000, 0x0000, 0x0000, 0x0000, 0x0000, 0x0000, 0x0000, 0x0000, 0x0000, 0x0000, 0x0000, 0x0000, 0x0000, 0x0000, 0x0000, 0x0000,
    0x0000, 0x0000, 0x0000, 0x0000, 0x0000, 0x0000, 0x0000, 0x0000, 0x0000, 0x0000, 0x0000, 0x0000, 0x0000, 0x0000, 0x0000, 0x0000,
    0x0000, 0x0000, 0x0000, 0x0000, 0x0000, 0x0000, 0x0000, 0x0000, 0x0000, 0x0000, 0x0000, 0x0000, 0x0000, 0x0000, 0x0000, 0x0000,
    0x0000, 0x0000, 0x0000, 0x0000, 0x0000, 0x0000, 0x0000, 0x0000, 0x0000, 0x0000, 0x0000, 0x0000, 0x0000, 0x0000, 0x0000, 0x0000,
    0x0000, 0x0000, 0x0000, 0x0000, 0x0000, 0x0000, 0x0000, 0x0000, 0x0000, 0x0000, 0x0000, 0x0000, 0x0000, 0x0000, 0x0000, 0x0000,
    0x0000, 0x0000, 0x0000, 0x0000, 0x0000, 0x0000, 0x0000, 0x0000, 0x0000, 0x0000, 0x0000, 0x0000, 0x0000, 0x0000, 0x0000, 0x0000,
    0x0000, 0x0000, 0x0000, 0x0000, 0x0000, 0x0000, 0x0000, 0x0000, 0x0000, 0x0000, 0x0000, 0x0000, 0x0000, 0x0000, 0x0000, 0x0000,
    0x0000, 0x0000, 0x0000, 0x0000, 0x0000, 0x0000, 0x0000, 0x0000, 0x0000, 0x0000, 0x0000, 0x0000, 0x0000, 0x0000, 0x0000, 0x0000,
    0x0000, 0x0000, 0x0000, 0x0000, 0x0000, 0x0000, 0x0000, 0x0000, 0x0000, 0x0000, 0x0000, 0x0000, 0x0000, 0x0000, 0x0000, 0x0000,
    0x0000, 0x0000, 0x0000, 0x0000, 0x0000, 0x0000, 0x0000, 0x0000, 0x0000, 0x0000, 0x0000, 0x0000, 0x0000, 0x0000, 0x0000, 0x0000,
    0x0000, 0x0000, 0x0000, 0x0000, 0x0000, 0x0000, 0x0000, 0x0000, 0x0000, 0x0000, 0x0000, 0x0000, 0x0000, 0x0000, 0x0000, 0x0000,
    0x0000, 0x0000, 0x0000, 0x0000, 0x0000, 0x0000, 0x0000, 0x0000, 0x0000, 0x0000, 0x0000, 0x0000, 0x0000, 0x0000, 0x0000, 0x0000,
    0x0000, 0x0000, 0x0000, 0x0000, 0x0000, 0x0000, 0x0000, 0x0000, 0x0000, 0x0000, 0x0000, 0x0000, 0x0000, 0x0000, 0x0000, 0x0000,
    0x0000, 0x0000, 0x0000, 0x0000, 0x0000, 0x0000, 0x0000, 0x0000, 0x0000, 0x0000, 0x0000, 0x0000, 0x0000, 0x0000, 0x0000, 0x0000,
    0x0000, 0x0000, 0x0000, 0x0000, 0x0000, 0x0000, 0x0000, 0x0000, 0x0000, 0x0000, 0x0000, 0x0000, 0x0000, 0x0000, 0x0000, 0x0000,
    0x0000, 0x0000, 0x0000, 0x0000, 0x0000, 0x0000, 0x0000, 0x0000, 0x0000, 0x0000, 0x0000, 0x0000, 0x0000, 0x0000, 0x0000, 0x0000,
    0x0000, 0x0000, 0x0000, 0x0000, 0x0000, 0x0000, 0x0000, 0x0000, 0x0000, 0x0000, 0x0000, 0x0000, 0x0000, 0x0000, 0x0000, 0x0000,
    0x0000, 0x0000, 0x0000, 0x0000, 0x0000, 0x0000, 0x0000, 0x0000, 0x0000, 0x0000, 0x0000, 0x0000, 0x0000, 0x0000, 0x0000, 0x0000,
    0x0000, 0x0000, 0x0000, 0x0000, 0x0000, 0x0000, 0x0000, 0x0000, 0x0000, 0x0000, 0x0000, 0x0000, 0x0000, 0x0000, 0x0000, 0x0000,
    0x0000, 0x0000, 0x0000, 0x0000, 0x0000, 0x0000, 0x0000, 0x0000, 0x0000, 0x0000, 0x0000, 0x0000, 0x0000, 0x0000, 0x0000, 0x0000,
    0x0000, 0x0000, 0x0000, 0x0000, 0x0000, 0x0000, 0x0000, 0x0000, 0x0000, 0x0000, 0x0000, 0x0000, 0x0000, 0x0000, 0x0000, 0x0000,
    0x0000, 0x0000, 0x0000, 0x0000, 0x0000, 0x0000, 0x0000, 0x0000, 0x0000, 0x0000, 0x0000, 0x0000, 0x0000, 0x0000, 0x0000, 0x0000,
    0x0000, 0x0000, 0x0000, 0x0000, 0x0000, 0x0000, 0x0000, 0x0000, 0x0000, 0x0000, 0x0000, 0x0000, 0x0000, 0x0000, 0x0000, 0x0000,
    0x0000, 0x0000, 0x0000, 0x0000, 0x0000, 0x0000, 0x0000, 0x0000, 0x0000, 0x0000, 0x0000, 0x0000, 0x0000, 0x0000, 0x0000, 0x0000,
    0x0000, 0x0000, 0x0000, 0x0000, 0x0000, 0x0000, 0x0000, 0x0000, 0x0000, 0x0000, 0x0000, 0x0000, 0x0000, 0x0000, 0x0000, 0x0000,
    0x0000, 0x0000, 0x0000, 0x0000, 0x0000, 0x0000, 0x0000, 0x0000, 0x0000, 0x0000, 0x0000, 0x0000, 0x0000, 0x0000, 0x0000, 0x0000,
    0x0000, 0x0000, 0x0000, 0x0000, 0x0000, 0x0000, 0x0000, 0x0000, 0x0000, 0x0000, 0x0000, 0x0000, 0x0000, 0x0000, 0x0000, 0x0000,
    0x0000, 0x0000, 0x0000, 0x0000, 0x0000, 0x0000, 0x0000, 0x0000, 0x0000, 0x0000, 0x0000, 0x0000, 0x0000, 0x0000, 0x0000, 0x0000,
    0x0000, 0x0000, 0x0000, 0x0000, 0x0000, 0x0000, 0x0000, 0x0000, 0x0000, 0x0000, 0x0000, 0x0000, 0x0000, 0x0000, 0x0000, 0x0000,
    0x0000, 0x0000, 0x0000, 0x0000, 0x0000, 0x0000, 0x0000, 0x0000, 0x0000, 0x0000, 0x0000, 0x0000, 0x0000, 0x0000, 0x0000, 0x0000,
    0x0000, 0x0000, 0x0000, 0x0000, 0x0000, 0x0000, 0x0000, 0x0000, 0x0000, 0x0000, 0x0000, 0x0000, 0x0000, 0x0000, 0x0000, 0x0000,
    0x0000, 0x0000, 0x0000, 0x0000, 0x0000, 0x0000, 0x0000, 0x0000, 0x0000, 0x0000, 0x0000, 0x0000, 0x0000, 0x0000, 0x0000, 0x0000,
    0x0000, 0x0000, 0x0000, 0x0000, 0x0000, 0x0000, 0x0000, 0x0000, 0x0000, 0x0000, 0x0000, 0x0000, 0x0000, 0x0000, 0x0000, 0x0000,
    0x0000, 0x0000, 0x0000, 0x0000, 0x0000, 0x0000, 0x0000, 0x0000, 0x0000, 0x0000, 0x0000, 0x0000, 0x0000, 0x0000, 0x0000, 0x0000,
    0x0000, 0x0000, 0x0000, 0x0000, 0x0000, 0x0000, 0x0000, 0x0000, 0x0000, 0x0000, 0x0000, 0x0000, 0x0000, 0x0000, 0x0000, 0x0000,
    0x0000, 0x0000, 0x0000, 0x0000, 0x0000, 0x0000, 0x0000, 0x0000, 0x0000, 0x0000, 0x0000, 0x0000, 0x0000, 0x0000, 0x0000, 0x0000,
    0x0000, 0x0000, 0x0000, 0x0000, 0x0000, 0x0000, 0x0000, 0x0000, 0x0000, 0x0000, 0x0000, 0x0000, 0x0000, 0x0000, 0x0000, 0x0000,
    0x0000, 0x0000, 0x0000, 0x0000, 0x0000, 0x0000, 0x0000, 0x0000, 0x0000, 0x0000, 0x0000, 0x0000, 0x0000, 0x0000, 0x0000, 0x0000,
    0x0000, 0x0000, 0x0000, 0x0000, 0x0000, 0x0000, 0x0000, 0x0000, 0x0000, 0x0000, 0x0000, 0x0000, 0x0000, 0x0000, 0x0000, 0x0000,
    0x0000, 0x0000, 0x0000, 0x0000, 0x0000, 0x0000, 0x0000, 0x0000, 0x0000, 0x0000, 0x0000, 0x0000, 0x0000, 0x0000, 0x0000, 0x0000,
    0x0000, 0x0000, 0x0000, 0x0000, 0x0000, 0x0000, 0x0000, 0x0000, 0x0000, 0x0000, 0x0000, 0x0000, 0x0000, 0x0000, 0x0000, 0x0000,
    0x0000, 0x0000, 0x0000, 0x0000, 0x0000, 0x0000, 0x0000, 0x0000, 0x0000, 0x0000, 0x0000, 0x0000, 0x0000, 0x0000, 0x0000, 0x0000,
    0x0000, 0x0000, 0x0000, 0x0000, 0x0000, 0x0000, 0x0000, 0x0000, 0x0000, 0x0000, 0x0000, 0x0000, 0x0000, 0x0000, 0x0000, 0x0000,
    0x0000, 0x0000, 0x0000, 0x0000, 0x0000, 0x0000, 0x0000, 0x0000, 0x0000, 0x0000, 0x0000, 0x0000, 0x0000, 0x0000, 0x0000, 0x0000,
    0x0000, 0x0000, 0x0000, 0x0000, 0x0000, 0x0000, 0x0000, 0x0000, 0x0000, 0x0000, 0x0000, 0x0000, 0x0000, 0x0000, 0x0000, 0x0000,
    0x0000, 0x0000, 0x0000, 0x0000, 0x0000, 0x0000, 0x0000, 0x0000, 0x0000, 0x0000, 0x0000, 0x0000, 0x0000, 0x0000, 0x0000, 0x0000,
    0x0000, 0x0000, 0x0000, 0x0000, 0x0000, 0x0000, 0x0000, 0x0000, 0x0000, 0x0000, 0x0000, 0x0000, 0x0000, 0x0000, 0x0000, 0x0000,
    0x0000, 0x0000, 0x0000, 0x0000, 0x0000, 0x0000, 0x0000, 0x0000, 0x0000, 0x0000, 0x0000, 0x0000, 0x0000, 0x0000, 0x0000, 0x0000,
    0x0000, 0x0000, 0x0000, 0x0000, 0x0000, 0x0000, 0x0000, 0x0000, 0x0000, 0x0000, 0x0000, 0x0000, 0x0000, 0x0000, 0x0000, 0x0000,
    0x0000, 0x0000, 0x0000, 0x0000, 0x0000, 0x0000, 0x0000, 0x0000, 0x0000, 0x0000, 0x0000, 0x0000, 0x0000, 0x0000, 0x0000, 0x0000,
    0x0000, 0x0000, 0x0000, 0x0000, 0x0000, 0x0000, 0x0000, 0x0000, 0x0000, 0x0000, 0x0000, 0x0000, 0x0000, 0x0000, 0x0000, 0x0000,
    0x0000, 0x0000, 0x0000, 0x0000, 0x0000, 0x0000, 0x0000, 0x0000, 0x0000, 0x0000, 0x0000, 0x0000, 0x0000, 0x0000, 0x0000, 0x0000,
    0x0000, 0x0000, 0x0000, 0x0000, 0x0000, 0x0000, 0x0000, 0x0000, 0x0000, 0x0000, 0x0000, 0x0000, 0x0000, 0x0000, 0x0000, 0x0000,
    0x0000, 0x0000, 0x0000, 0x0000, 0x0000, 0x0000, 0x0000, 0x0000, 0x0000, 0x0000, 0x0000, 0x0000, 0x0000, 0x0000, 0x0000, 0x0000,
    0x0000, 0x0000, 0x0000, 0x0000, 0x0000, 0x0000, 0x0000, 0x0000, 0x0000, 0x0000, 0x0000, 0x0000, 0x0000, 0x0000, 0x0000, 0x0000,
    0x0000, 0x0000, 0x0000, 0x0000, 0x0000, 0x0000, 0x0000, 0x0000, 0x0000, 0x0000, 0x0000, 0x0000, 0x0000, 0x0000, 0x0000, 0x0000,
    0x0000, 0x0000, 0x0000, 0x0000, 0x0000, 0x0000, 0x0000, 0x0000, 0x0000, 0x0000, 0x0000, 0x0000, 0x0000, 0x0000, 0x0000, 0x0000,
    0x0000, 0x0000, 0x0000, 0x0000, 0x0000, 0x0000, 0x0000, 0x0000, 0x0000, 0x0000, 0x0000, 0x0000, 0x0000, 0x0000, 0x0000, 0x0000,
    0x0000, 0x0000, 0x0000, 0x0000, 0x0000, 0x0000, 0x0000, 0x0000, 0x0000, 0x0000, 0x0000, 0x0000, 0x0000, 0x0000, 0x0000, 0x0000,
    0x0000, 0x0000, 0x0000, 0x0000, 0x0000, 0x0000, 0x0000, 0x0000, 0x0000, 0x0000, 0x0000, 0x0000, 0x0000, 0x0000, 0x0000, 0x0000,
    0x0000, 0x0000, 0x0000, 0x0000, 0x0000, 0x0000, 0x0000, 0x0000, 0x0000, 0x0000, 0x0000, 0x0000, 0x0000, 0x0000, 0x0000, 0x0000,
    0x0000, 0x0000, 0x0000, 0x0000, 0x0000, 0x0000, 0x0000, 0x0000, 0x0000, 0x0000, 0x0000, 0x0000, 0x0000, 0x0000, 0x0000, 0x0000,
    0x0000, 0x0000, 0x0000, 0x0000, 0x0000, 0x0000, 0x0000, 0x0000, 0x0000, 0x0000, 0x0000, 0x0000, 0x0000, 0x0000, 0x0000, 0x0000,
    0x0000, 0x0000, 0x0000, 0x0000, 0x0000, 0x0000, 0x0000, 0x0000, 0x0000, 0x0000, 0x0000, 0x0000, 0x0000, 0x0000, 0x0000, 0x0000,
    0x0000, 0x0000, 0x0000, 0x0000, 0x0000, 0x0000, 0x0000, 0x0000, 0x0000, 0x0000, 0x0000, 0x0000, 0x0000, 0x0000, 0x0000, 0x0000,
    0x0000, 0x0000, 0x0000, 0x0000, 0x0000, 0x0000, 0x0000, 0x0000, 0x0000, 0x0000, 0x0000, 0x0000, 0x0000, 0x0000, 0x0000, 0x0000,
    0x0000, 0x0000, 0x0000, 0x0000, 0x0000, 0x0000, 0x0000, 0x0000, 0x0000, 0x0000, 0x0000, 0x0000, 0x0000, 0x0000, 0x0000, 0x0000,
    0x0000, 0x0000, 0x0000, 0x0000, 0x0000, 0x0000, 0x0000, 0x0000, 0x0000, 0x0000, 0x0000, 0x0000, 0x0000, 0x0000, 0x0000, 0x0000,
    0x0000, 0x0000, 0x0000, 0x0000, 0x0000, 0x0000, 0x0000, 0x0000, 0x0000, 0x0000, 0x0000, 0x0000, 0x0000, 0x0000, 0x0000, 0x0000,
    0x0000, 0x0000, 0x0000, 0x0000, 0x0000, 0x0000, 0x0000, 0x0000, 0x0000, 0x0000, 0x0000, 0x0000, 0x0000, 0x0000, 0x0000, 0x0000,
    0x0000, 0x0000, 0x0000, 0x0000, 0x0000, 0x0000, 0x0000, 0x0000, 0x0000, 0x0000, 0x0000, 0x0000, 0x0000, 0x0000, 0x0000, 0x0000,
    0x0000, 0x0000, 0x0000, 0x0000, 0x0000, 0x0000, 0x0000, 0x0000, 0x0000, 0x0000, 0x0000, 0x0000, 0x0000, 0x0000, 0x0000, 0x0000,
    0x0000, 0x0000, 0x0000, 0x0000, 0x0000, 0x0000, 0x0000, 0x0000, 0x0000, 0x0000, 0x0000, 0x0000, 0x0000, 0x0000, 0x0000, 0x0000,
    0x0000, 0x0000, 0x0000, 0x0000, 0x0000, 0x0000, 0x0000, 0x0000, 0x0000, 0x0000, 0x0000, 0x0000, 0x0000, 0x0000, 0x0000, 0x0000,
    0x0000, 0x0000, 0x0000, 0x0000, 0x0000, 0x0000, 0x0000, 0x0000, 0x0000, 0x0000, 0x0000, 0x0000, 0x0000, 0x0000, 0x0000, 0x0000,
    0x0000, 0x0000, 0x0000, 0x0000, 0x0000, 0x0000, 0x0000, 0x0000, 0x0000, 0x0000, 0x0000, 0x0000, 0x0000, 0x0000, 0x0000, 0x0000,
    0x0000, 0x0000, 0x0000, 0x0000, 0x0000, 0x0000, 0x0000, 0x0000, 0x0000, 0x0000, 0x0000, 0x0000, 0x0000, 0x0000, 0x0000, 0x0000,
    0x0000, 0x0000, 0x0000, 0x0000, 0x0000, 0x0000, 0x0000, 0x0000, 0x0000, 0x0000, 0x0000, 0x0000, 0x0000, 0x0000, 0x0000, 0x0000,
    0x0000, 0x0000, 0x0000, 0x0000, 0x0000, 0x0000, 0x0000, 0x0000, 0x0000, 0x0000, 0x0000, 0x0000, 0x0000, 0x0000, 0x0000, 0x1086,
    0x18C7, 0x0000, 0x0000, 0x0000, 0x0000, 0x0000, 0x0000, 0x0000, 0x0000, 0x0000, 0x0000, 0x0000, 0x0000, 0x0000, 0x0000, 0x0000,
    0x0000, 0x0000, 0x0000, 0x0000, 0x0000, 0x0000, 0x0000, 0x0000, 0x0000, 0x0000, 0x0000, 0x0000, 0x0000, 0x0000, 0x0000, 0x0000,
    0x0000, 0x0000, 0x0000, 0x0000, 0x0000, 0x0000, 0x0000, 0x0000, 0x0000, 0x0000, 0x0000, 0x0000, 0x0000, 0x0000, 0x0000, 0x0000,
    0x0000, 0x0000, 0x0000, 0x0000, 0x0000, 0x0000, 0x0000, 0x0000, 0x0000, 0x0000, 0x0000, 0x0000, 0x0000, 0x0000, 0x0000, 0x0000,
    0x0000, 0x0000, 0x0000, 0x0000, 0x0000, 0x0000, 0x0000, 0x0000, 0x0000, 0x0000, 0x0000, 0x0000, 0x0000, 0x0000, 0x0000, 0x0000,
    0x0000, 0x0000, 0x0000, 0x0000, 0x0000, 0x0000, 0x0000, 0x0000, 0x0000, 0x0000, 0x0000, 0x0000, 0x0000, 0x0000, 0x0000, 0x0000,
    0x0000, 0x0000, 0x0000, 0x0000, 0x0000, 0x0000, 0x0000, 0x0000, 0x0000, 0x0000, 0x0000, 0x0000, 0x0000, 0x0000, 0x0000, 0x0000,
    0x0000, 0x0000, 0x0000, 0x0000, 0x0000, 0x0000, 0x0000, 0x0000, 0x0000, 0x0000, 0x0000, 0x0000, 0x0000, 0x0000, 0x0000, 0x0000,
    0x0000, 0x0000, 0x0000, 0x0000, 0x0000, 0x0000, 0x0000, 0x0000, 0x0000, 0x0000, 0x0000, 0x0000, 0x0000, 0x0000, 0x0000, 0x0000,
    0x0000, 0x0000, 0x0000, 0x0000, 0x0000, 0x0000, 0x0000, 0x0000, 0x0000, 0x0000, 0x0000, 0x0000, 0x0000, 0x0000, 0x0000, 0x0000,
    0x0000, 0x0000, 0x0000, 0x0000, 0x0000, 0x0000, 0x0000, 0x0000, 0x0000, 0x0000, 0x0000, 0x0000, 0x0000, 0x0000, 0x0000, 0x0000,
    0x0000, 0x0000, 0x0000, 0x0000, 0x0000, 0x0000, 0x0000, 0x0000, 0x0000, 0x0000, 0x0000, 0x0000, 0x0000, 0x0000, 0x0000, 0x0000,
    0x0000, 0x0000, 0x0000, 0x0000, 0x0000, 0x0000, 0x0000, 0x0000, 0x0000, 0x0000, 0x0000, 0x0000, 0x0000, 0x0000, 0x0000, 0x0000,
    0x0000, 0x0000, 0x0000, 0x0000, 0x0000, 0x0000, 0x0000, 0x0000, 0x0000, 0x0000, 0x0000, 0x0000, 0x0000, 0x0000, 0x0000, 0x0000,
    0x0000, 0x0000, 0x0000, 0x0000, 0x0000, 0x0000, 0x0000, 0x0000, 0x0000, 0x0000, 0x0000, 0x0000, 0x0000, 0x0000, 0x0000, 0x0000,
    0x0000, 0x0000, 0x0000, 0x0000, 0x0000, 0x0000, 0x0000, 0x0000, 0x0000, 0x0000, 0x0000, 0x0000, 0x0000, 0x0000, 0x0000, 0x0000,
    0x0000, 0x0000, 0x0000, 0x0000, 0x0000, 0x0000, 0x0000, 0x0000, 0x0000, 0x0000, 0x0000, 0x0000, 0x0000, 0x0000, 0x0000, 0x0000,
    0x0000, 0x0000, 0x0000, 0x0000, 0x0000, 0x0000, 0x0000, 0x0000, 0x0000, 0x0000, 0x0000, 0x0000, 0x0000, 0x0000, 0x0000, 0x0000,
    0x0000, 0x0000, 0x0000, 0x0000, 0x0000, 0x0000, 0x0000, 0x0000, 0x0000, 0x0000, 0x0000, 0x0000, 0x0000, 0x0000, 0x0000, 0x0000,
    0x0000, 0x0000, 0x0000, 0x0000, 0x0000, 0x0000, 0x0000, 0x0000, 0x0000, 0x0000, 0x0000, 0x0000, 0x0000, 0x0000, 0x18A7, 0x314E,
    0x29AE, 0x194A, 0x0000, 0x0000, 0x0000, 0x0000, 0x0000, 0x0000, 0x0000, 0x0000, 0x0000, 0x0000, 0x0000, 0x0000, 0x0000, 0x0000,
    0x0000, 0x0000, 0x0000, 0x0000, 0x0000, 0x0000, 0x0000, 0x0000, 0x0000, 0x0000, 0x0000, 0x0000, 0x0000, 0x0000, 0x0000, 0x0000,
    0x0000, 0x0000, 0x0000, 0x0000, 0x0000, 0x0000, 0x0000, 0x0000, 0x0000, 0x0000, 0x0000, 0x0000, 0x0000, 0x0000, 0x0000, 0x0000,
    0x0000, 0x0000, 0x0000, 0x0000, 0x0000, 0x0000, 0x0000, 0x0000, 0x0000, 0x0000, 0x0000, 0x0000, 0x0000, 0x0000, 0x0000, 0x0000,
    0x0000, 0x0000, 0x0000, 0x0000, 0x0000, 0x0000, 0x0000, 0x0000, 0x0000, 0x0000, 0x0000, 0x0000, 0x0000, 0x0000, 0x0000, 0x0000,
    0x0000, 0x0000, 0x0000, 0x0000, 0x0000, 0x0000, 0x0000, 0x0000, 0x0000, 0x0000, 0x0000, 0x0000, 0x0000, 0x0000, 0x0000, 0x0000,
    0x0000, 0x0000, 0x0000, 0x0000, 0x0000, 0x0000, 0x0000, 0x0000, 0x0000, 0x0000, 0x0000, 0x0000, 0x0000, 0x0000, 0x0000, 0x0000,
    0x0000, 0x0000, 0x0000, 0x0000, 0x0000, 0x0000, 0x0000, 0x0000, 0x0000, 0x0000, 0x0000, 0x0000, 0x0000, 0x0000, 0x0000, 0x0000,
    0x0000, 0x0000, 0x0000, 0x0000, 0x0000, 0x0000, 0x0000, 0x0000, 0x0000, 0x0000, 0x0000, 0x0000, 0x0000, 0x0000, 0x0000, 0x0000,
    0x0000, 0x0000, 0x0000, 0x0000, 0x0000, 0x0000, 0x0000, 0x0000, 0x0000, 0x0000, 0x0000, 0x0000, 0x0000, 0x0000, 0x0000, 0x0000,
    0x0000, 0x0000, 0x0000, 0x0000, 0x0000, 0x0000, 0x0000, 0x0000, 0x0000, 0x0000, 0x0000, 0x0000, 0x0000, 0x0000, 0x0000, 0x0000,
    0x0000, 0x0000, 0x0000, 0x0000, 0x0000, 0x0000, 0x0000, 0x0000, 0x0000, 0x0000, 0x0000, 0x0000, 0x0000, 0x0000, 0x0000, 0x0000,
    0x0000, 0x0000, 0x0000, 0x0000, 0x0000, 0x0000, 0x0000, 0x0000, 0x0000, 0x0000, 0x0000, 0x0000, 0x0000, 0x0000, 0x0000, 0x0000,
    0x0000, 0x0000, 0x0000, 0x0000, 0x0000, 0x0000, 0x0000, 0x0000, 0x0000, 0x0000, 0x0000, 0x0000, 0x0000, 0x0000, 0x0000, 0x0000,
    0x0000, 0x0000, 0x0000, 0x0000, 0x0000, 0x0000, 0x0000, 0x0000, 0x0000, 0x0000, 0x0000, 0x0000, 0x0000, 0x0000, 0x0000, 0x0000,
    0x0000, 0x0000, 0x0000, 0x0000, 0x0000, 0x0000, 0x0000, 0x0000, 0x0000, 0x0000, 0x0000, 0x0000, 0x0000, 0x0000, 0x0000, 0x0000,
    0x0000, 0x0000, 0x0000, 0x0000, 0x0000, 0x0000, 0x0000, 0x0000, 0x0000, 0x0000, 0x0000, 0x0000, 0x0000, 0x0000, 0x0000, 0x0000,
    0x0000, 0x0000, 0x0000, 0x0000, 0x0000, 0x0000, 0x0000, 0x0000, 0x0000, 0x0000, 0x0000, 0x0000, 0x0000, 0x0000, 0x0000, 0x0000,
    0x0000, 0x0000, 0x0000, 0x0000, 0x0000, 0x0000, 0x0000, 0x0000, 0x0000, 0x0000, 0x0000, 0x0000, 0x0000, 0x0000, 0x0000, 0x0000,
    0x0000, 0x0000, 0x0000, 0x0000, 0x0000, 0x0000, 0x0000, 0x0000, 0x0000, 0x0000, 0x0000, 0x0000, 0x0000, 0x0000, 0x290D, 0x18C8,
    0x0000, 0x0042, 0x0000, 0x0000, 0x0000, 0x0000, 0x0000, 0x0000, 0x0000, 0x0000, 0x0000, 0x0000, 0x0000, 0x0000, 0x0000, 0x0000,
    0x0000, 0x0000, 0x0000, 0x0000, 0x0000, 0x0000, 0x0000, 0x0000, 0x0000, 0x0000, 0x0000, 0x0000, 0x0000, 0x0000, 0x0000, 0x0000,
    0x0000, 0x0000, 0x0000, 0x0000, 0x0000, 0x0000, 0x0000, 0x0000, 0x0000, 0x0000, 0x0000, 0x0000, 0x0000, 0x0000, 0x0000, 0x0000,
    0x0000, 0x0000, 0x0000, 0x0000, 0x0000, 0x0000, 0x0000, 0x0000, 0x0000, 0x0000, 0x0000, 0x0000, 0x0000, 0x0000, 0x0000, 0x0000,
    0x0000, 0x0000, 0x0000, 0x0000, 0x0000, 0x0000, 0x0000, 0x0000, 0x0000, 0x0000, 0x0000, 0x0000, 0x0000, 0x0000, 0x0000, 0x0000,
    0x0000, 0x0000, 0x0000, 0x0000, 0x0000, 0x0000, 0x0000, 0x0000, 0x0000, 0x0000, 0x0000, 0x0000, 0x0000, 0x0000, 0x0000, 0x0000,
    0x0000, 0x0000, 0x0000, 0x0000, 0x0000, 0x0000, 0x0000, 0x0000, 0x0000, 0x0000, 0x0000, 0x0000, 0x0000, 0x0000, 0x0000, 0x0000,
    0x0000, 0x0000, 0x0000, 0x0000, 0x0000, 0x0000, 0x0000, 0x0000, 0x0000, 0x0000, 0x0000, 0x0000, 0x0000, 0x0000, 0x0000, 0x0000,
    0x0000, 0x0000, 0x0000, 0x0000, 0x0000, 0x0000, 0x0000, 0x0000, 0x0000, 0x0000, 0x0000, 0x0000, 0x0000, 0x0000, 0x0000, 0x0000,
    0x0000, 0x0000, 0x0000, 0x0000, 0x0000, 0x0000, 0x0000, 0x0000, 0x0000, 0x0000, 0x0000, 0x0000, 0x0000, 0x0000, 0x0000, 0x0000,
    0x0000, 0x0000, 0x0000, 0x0000, 0x0000, 0x0000, 0x0000, 0x0000, 0x0000, 0x2008, 0x2809, 0x2008, 0x2008, 0x2008, 0x2008, 0x2008,
    0x2008, 0x2008, 0x2007, 0x2008, 0x2007, 0x2007, 0x2007, 0x2007, 0x2007, 0x2007, 0x2007, 0x2007, 0x2007, 0x2007, 0x2007, 0x2007,
    0x2007, 0x2007, 0x2007, 0x2007, 0x2008, 0x2008, 0x2007, 0x2008, 0x2008, 0x2008, 0x2008, 0x2007, 0x2007, 0x2007, 0x2007, 0x1807,
    0x2007, 0x2007, 0x2007, 0x2007, 0x2007, 0x2007, 0x2007, 0x2007, 0x2007, 0x2007, 0x2007, 0x2007, 0x2007, 0x2007, 0x2007, 0x2007,
    0x2007, 0x2007, 0x2007, 0x2007, 0x2007, 0x1805, 0x1004, 0x1004, 0x1004, 0x1004, 0x1004, 0x1004, 0x1004, 0x1004, 0x1004, 0x1004,
    0x1004, 0x1004, 0x1004, 0x1004, 0x1004, 0x1004, 0x1004, 0x1004, 0x1004, 0x1004, 0x1005, 0x1005, 0x1005, 0x1005, 0x1805, 0x0802,
    0x0000, 0x0000, 0x0000, 0x0000, 0x0000, 0x0000, 0x0000, 0x0000, 0x0000, 0x0000, 0x0000, 0x0000, 0x0000, 0x0000, 0x0000, 0x0000,
    0x0000, 0x0000, 0x0000, 0x0000, 0x0000, 0x0000, 0x0000, 0x0000, 0x0000, 0x0000, 0x0000, 0x0000, 0x0000, 0x0000, 0x0000, 0x0000,
    0x0000, 0x0000, 0x0000, 0x0000, 0x0000, 0x0000, 0x0000, 0x0000, 0x0000, 0x0000, 0x0000, 0x0000, 0x0000, 0x0000, 0x0000, 0x0000,
    0x0000, 0x0000, 0x0000, 0x0000, 0x0000, 0x0000, 0x0000, 0x0000, 0x0000, 0x0000, 0x0000, 0x0000, 0x0000, 0x0000, 0x290C, 0x20C9,
    0x0000, 0x0000, 0x0000, 0x0000, 0x0000, 0x0000, 0x0000, 0x0000, 0x0000, 0x0000, 0x0000, 0x0000, 0x0000, 0x0000, 0x0000, 0x0000,
    0x0000, 0x0000, 0x0000, 0x0000, 0x0000, 0x0000, 0x0000, 0x0000, 0x0000, 0x0000, 0x0000, 0x0000, 0x0000, 0x0000, 0x0000, 0x0000,
    0x0000, 0x0000, 0x0000, 0x0000, 0x0000, 0x0000, 0x0000, 0x0000, 0x0000, 0x0000, 0x0000, 0x0000, 0x0000, 0x0000, 0x0000, 0x0000,
    0x0000, 0x0000, 0x0000, 0x0000, 0x0000, 0x0000, 0x0000, 0x0000, 0x0000, 0x0000, 0x0000, 0x0000, 0x0000, 0x0000, 0x0001, 0x2007,
    0x2008, 0x2007, 0x2007, 0x2007, 0x2007, 0x2007, 0x1805, 0x1004, 0x1004, 0x1004, 0x0804, 0x0804, 0x1004, 0x1004, 0x1004, 0x1004,
    0x1003, 0x0804, 0x1004, 0x1004, 0x1004, 0x1004, 0x1004, 0x1004, 0x1004, 0x1004, 0x1004, 0x1005, 0x1806, 0x1806, 0x1806, 0x1806,
    0x1806, 0x1806, 0x1806, 0x1806, 0x1806, 0x1806, 0x1806, 0x1806, 0x1806, 0x1806, 0x1806, 0x1806, 0x1806, 0x1806, 0x1806, 0x1806,
    0x1806, 0x1806, 0x1806, 0x1807, 0x1807, 0x1807, 0x2007, 0x2007, 0x2007, 0x2007, 0x2007, 0x2007, 0x2007, 0x2007, 0x1807, 0x1807,
    0x2007, 0x2007, 0x2007, 0x1807, 0x1806, 0x1806, 0x1806, 0x1806, 0x1806, 0x1806, 0x1806, 0x1806, 0x1805, 0x1805, 0x1805, 0x1805,
    0x1805, 0x1805, 0x1005, 0x1005, 0x1005, 0x1806, 0x0803, 0x0000, 0x0000, 0x0000, 0x0000, 0x0000, 0x0000, 0x0000, 0x0000, 0x0000,
    0x0000, 0x0000, 0x0000, 0x0000, 0x0000, 0x0000, 0x0000, 0x0000, 0x1807, 0x1806, 0x0803, 0x0803, 0x0803, 0x0803, 0x0803, 0x0803,
    0x0803, 0x0803, 0x0802, 0x0802, 0x0802, 0x0802, 0x0802, 0x0802, 0x0802, 0x0802, 0x0802, 0x0802, 0x0802, 0x0802, 0x0802, 0x0802,
    0x0802, 0x0802, 0x0802, 0x0802, 0x0803, 0x0802, 0x0803, 0x0802, 0x0802, 0x0803, 0x0802, 0x0802, 0x0802, 0x0802, 0x0802, 0x0802,
    0x0802, 0x0802, 0x0803, 0x0802, 0x0802, 0x0802, 0x0802, 0x0802, 0x0802, 0x0802, 0x0802, 0x0802, 0x0802, 0x0802, 0x0802, 0x0802,
    0x0802, 0x0802, 0x0802, 0x0802, 0x0802, 0x0802, 0x0001, 0x0001, 0x0001, 0x0001, 0x0001, 0x0001, 0x0001, 0x0001, 0x0001, 0x0001,
    0x0001, 0x0001, 0x0001, 0x0001, 0x0001, 0x0001, 0x0001, 0x0801, 0x0801, 0x0801, 0x0801, 0x0801, 0x0801, 0x0802, 0x0802, 0x1806,
    0x0802, 0x0000, 0x0000, 0x0000, 0x0000, 0x0000, 0x0000, 0x0000, 0x0000, 0x0000, 0x0000, 0x0000, 0x0000, 0x0000, 0x0000, 0x0000,
    0x0000, 0x0000, 0x0000, 0x0000, 0x0000, 0x0000, 0x0000, 0x0000, 0x0000, 0x0000, 0x0000, 0x0000, 0x0000, 0x0000, 0x0000, 0x0000,
    0x0000, 0x0000, 0x0000, 0x0000, 0x0000, 0x0000, 0x0000, 0x0000, 0x0000, 0x0000, 0x0000, 0x0000, 0x0000, 0x0000, 0x0000, 0x0000,
    0x0000, 0x0000, 0x0000, 0x0000, 0x0000, 0x0000, 0x0000, 0x0000, 0x0000, 0x0000, 0x0000, 0x0000, 0x0000, 0x0000, 0x20C9, 0x292B,
    0x18E8, 0x18E9, 0x0000, 0x0000, 0x0000, 0x0000, 0x0000, 0x0000, 0x0000, 0x0000, 0x0000, 0x0000, 0x0000, 0x0000, 0x0000, 0x0000,
    0x0000, 0x0000, 0x0000, 0x0000, 0x0000, 0x0000, 0x0000, 0x0000, 0x0000, 0x0000, 0x0000, 0x0000, 0x0000, 0x0000, 0x0000, 0x0000,
    0x0000, 0x0000, 0x0000, 0x0000, 0x0000, 0x0000, 0x0000, 0x0000, 0x0000, 0x0000, 0x0000, 0x0000, 0x0000, 0x0000, 0x0000, 0x0000,
    0x0000, 0x0000, 0x0000, 0x0000, 0x0000, 0x0000, 0x0000, 0x0000, 0x0000, 0x0000, 0x0000, 0x0000, 0x0000, 0x0000, 0x1806, 0x1004,
    0x0802, 0x0802, 0x0802, 0x0802, 0x0802, 0x0802, 0x0802, 0x0001, 0x0001, 0x0001, 0x0001, 0x0001, 0x0001, 0x0001, 0x0001, 0x0001,
    0x0001, 0x0001, 0x0001, 0x0001, 0x0001, 0x0001, 0x0001, 0x0001, 0x0001, 0x0001, 0x0001, 0x0001, 0x0802, 0x0802, 0x0802, 0x0802,
    0x0802, 0x0802, 0x0802, 0x0802, 0x0802, 0x0802, 0x0802, 0x0802, 0x0802, 0x0802, 0x0802, 0x0802, 0x0802, 0x0802, 0x0802, 0x0802,
    0x0802, 0x0802, 0x0802, 0x0802, 0x0802, 0x0802, 0x0802, 0x0802, 0x0802, 0x0802, 0x0802, 0x0802, 0x0802, 0x0802, 0x0802, 0x0802,
    0x0802, 0x0802, 0x0802, 0x0802, 0x0802, 0x0802, 0x0802, 0x0802, 0x0802, 0x0802, 0x0802, 0x0802, 0x0802, 0x0802, 0x0802, 0x0802,
    0x0802, 0x0802, 0x0802, 0x0802, 0x0802, 0x0802, 0x1806, 0x0803, 0x0000, 0x0000, 0x0000, 0x0000, 0x0000, 0x0000, 0x0000, 0x0000,
    0x0000, 0x0000, 0x0000, 0x0000, 0x0000, 0x0000, 0x0000, 0x0001, 0x1807, 0x0000, 0x0000, 0x0000, 0x0000, 0x0000, 0x0000, 0x0000,
    0x0000, 0x0000, 0x0000, 0x0000, 0x0000, 0x0000, 0x0000, 0x0000, 0x0000, 0x0000, 0x0000, 0x0000, 0x0000, 0x0000, 0x0000, 0x0000,
    0x0000, 0x0000, 0x0000, 0x0000, 0x0000, 0x0000, 0x0000, 0x0000, 0x0000, 0x0000, 0x0000, 0x0000, 0x0000, 0x0000, 0x0000, 0x0000,
    0x0000, 0x0000, 0x0000, 0x0000, 0x0000, 0x0000, 0x0000, 0x0000, 0x0000, 0x0000, 0x0000, 0x0000, 0x0000, 0x0000, 0x0000, 0x0000,
    0x0000, 0x0000, 0x0000, 0x0000, 0x0000, 0x0000, 0x0000, 0x0000, 0x0000, 0x0000, 0x0000, 0x0000, 0x0000, 0x0000, 0x0000, 0x0000,
    0x0000, 0x0000, 0x0000, 0x0000, 0x0000, 0x0000, 0x0000, 0x0000, 0x0000, 0x0000, 0x0000, 0x0000, 0x0000, 0x0000, 0x0000, 0x0001,
    0x1004, 0x0000, 0x0000, 0x0000, 0x0000, 0x0000, 0x0000, 0x0000, 0x0000, 0x0000, 0x0000, 0x0000, 0x0000, 0x0000, 0x0000, 0x0000,
    0x0000, 0x0000, 0x0000, 0x0000, 0x0000, 0x0000, 0x0000, 0x0000, 0x0000, 0x0000, 0x0000, 0x0000, 0x0000, 0x0000, 0x0000, 0x0000,
    0x0000, 0x0000, 0x0000, 0x0000, 0x0000, 0x0000, 0x0000, 0x0000, 0x0000, 0x0000, 0x0000, 0x0000, 0x0801, 0x0801, 0x0001, 0x0000,
    0x0000, 0x0000, 0x0000, 0x0000, 0x0000, 0x0000, 0x0000, 0x0000, 0x0000, 0x0000, 0x0000, 0x0000, 0x0000, 0x0000, 0x0000, 0x18E9,
    0x214B, 0x0021, 0x0000, 0x0000, 0x0000, 0x0000, 0x0000, 0x0000, 0x0000, 0x0000, 0x0000, 0x0000, 0x0000, 0x0000, 0x0000, 0x0000,
    0x0000, 0x0000, 0x0000, 0x0081, 0x0020, 0x0000, 0x0000, 0x0000, 0x0000, 0x0000, 0x0000, 0x0000, 0x0000, 0x0000, 0x0000, 0x0000,
    0x0000, 0x0000, 0x0000, 0x0000, 0x0000, 0x0000, 0x0000, 0x0000, 0x0000, 0x0000, 0x0000, 0x0000, 0x0000, 0x0000, 0x0000, 0x0000,
    0x0000, 0x0000, 0x0000, 0x0000, 0x0000, 0x0000, 0x0000, 0x0000, 0x0000, 0x0000, 0x0000, 0x0000, 0x0000, 0x0001, 0x1004, 0x0000,
    0x0000, 0x0000, 0x0000, 0x0000, 0x0000, 0x0000, 0x0000, 0x0000, 0x0000, 0x0000, 0x0000, 0x0000, 0x0000, 0x0000, 0x0000, 0x0000,
    0x0000, 0x0000, 0x0000, 0x0000, 0x0000, 0x0000, 0x0000, 0x0000, 0x0000, 0x0000, 0x0000, 0x0000, 0x0000, 0x0000, 0x0000, 0x0000,
    0x0000, 0x0000, 0x0000, 0x0000, 0x0000, 0x0000, 0x0000, 0x0000, 0x0000, 0x0000, 0x0000, 0x0000, 0x0000, 0x0000, 0x0000, 0x0000,
    0x0000, 0x0000, 0x0000, 0x0000, 0x0000, 0x0000, 0x0000, 0x0000, 0x0000, 0x0000, 0x0000, 0x0000, 0x0000, 0x0000, 0x0000, 0x0000,
    0x0000, 0x0000, 0x0000, 0x0000, 0x0000, 0x0000, 0x0000, 0x0000, 0x0000, 0x0000, 0x0000, 0x0000, 0x0000, 0x0000, 0x0000, 0x0000,
    0x0000, 0x0000, 0x0000, 0x0000, 0x0000, 0x0000, 0x0000, 0x1004, 0x0000, 0x0000, 0x0000, 0x0000, 0x0000, 0x0000, 0x0000, 0x0000,
    0x0000, 0x0000, 0x0000, 0x0000, 0x0000, 0x0000, 0x0000, 0x0001, 0x1806, 0x0000, 0x0000, 0x0000, 0x0000, 0x0000, 0x0000, 0x0000,
    0x0000, 0x0000, 0x0000, 0x0000, 0x0000, 0x0000, 0x0000, 0x0000, 0x0000, 0x0000, 0x0000, 0x0000, 0x0000, 0x0000, 0x0000, 0x0000,
    0x0000, 0x0000, 0x0000, 0x0000, 0x0000, 0x0000, 0x0000, 0x0000, 0x0000, 0x0000, 0x0000, 0x0000, 0x0000, 0x0000, 0x0000, 0x0000,
    0x0000, 0x0000, 0x0000, 0x0000, 0x0000, 0x0000, 0x0000, 0x0000, 0x0000, 0x0000, 0x0000, 0x0000, 0x0000, 0x0000, 0x0000, 0x0000,
    0x0000, 0x0000, 0x0000, 0x0000, 0x0000, 0x0000, 0x0000, 0x0000, 0x0000, 0x0000, 0x0000, 0x0000, 0x0000, 0x0000, 0x0000, 0x0000,
    0x0000, 0x0000, 0x0000, 0x0000, 0x0000, 0x0000, 0x0000, 0x0000, 0x0000, 0x0000, 0x0000, 0x0000, 0x0000, 0x0000, 0x0000, 0x0001,
    0x0803, 0x0000, 0x0000, 0x0000, 0x0000, 0x0000, 0x0000, 0x0000, 0x0000, 0x0000, 0x0000, 0x0000, 0x0000, 0x0000, 0x0000, 0x0000,
    0x0000, 0x0000, 0x0000, 0x0000, 0x0000, 0x0000, 0x0000, 0x0000, 0x0000, 0x0000, 0x0000, 0x0000, 0x0000, 0x0000, 0x0000, 0x0000,
    0x0000, 0x0000, 0x0000, 0x0000, 0x0000, 0x0000, 0x0000, 0x0000, 0x0000, 0x0000, 0x0000, 0x580A, 0x9811, 0x780F, 0x4008, 0x0000,
    0x0000, 0x0000, 0x0000, 0x0000, 0x0000, 0x0000, 0x0000, 0x0000, 0x0000, 0x0000, 0x0000, 0x0000, 0x0000, 0x0000, 0x0000, 0x0000,
    0x0000, 0x0000, 0x0000, 0x0000, 0x0000, 0x0000, 0x0000, 0x0000, 0x0000, 0x0000, 0x0000, 0x0000, 0x0000, 0x0000, 0x0000, 0x0000,
    0x0000, 0x0000, 0x01C7, 0x0430, 0x0C0F, 0x00E3, 0x0000, 0x0000, 0x0000, 0x0000, 0x0000, 0x0000, 0x0000, 0x0000, 0x0000, 0x0000,
    0x0000, 0x0000, 0x0000, 0x0000, 0x0000, 0x0000, 0x0000, 0x0000, 0x0000, 0x0000, 0x0000, 0x0000, 0x0000, 0x0000, 0x0000, 0x0000,
    0x0000, 0x0000, 0x0000, 0x0000, 0x0000, 0x0000, 0x0000, 0x0000, 0x0000, 0x0000, 0x0000, 0x0000, 0x0000, 0x0001, 0x1004, 0x0000,
    0x0000, 0x0000, 0x0000, 0x0000, 0x0000, 0x0000, 0x0000, 0x0000, 0x0000, 0x0000, 0x0000, 0x0000, 0x0000, 0x0000, 0x0000, 0x0000,
    0x0000, 0x0000, 0x0000, 0x0000, 0x0000, 0x0000, 0x0000, 0x0000, 0x0000, 0x0000, 0x0000, 0x0000, 0x0000, 0x0000, 0x0000, 0x0000,
    0x0000, 0x0000, 0x0000, 0x0000, 0x0000, 0x0000, 0x0000, 0x0000, 0x0000, 0x0000, 0x0000, 0x0000, 0x0000, 0x0000, 0x0000, 0x0000,
    0x0000, 0x0000, 0x0000, 0x0000, 0x0000, 0x0000, 0x0000, 0x0000, 0x0000, 0x0000, 0x0000, 0x0000, 0x0000, 0x0000, 0x0000, 0x0000,
    0x0000, 0x0000, 0x0000, 0x0000, 0x0000, 0x0000, 0x0000, 0x0000, 0x0000, 0x0000, 0x0000, 0x0000, 0x0000, 0x0000, 0x0000, 0x0000,
    0x0000, 0x0000, 0x0000, 0x0000, 0x0000, 0x0000, 0x0001, 0x0804, 0x0000, 0x0000, 0x0000, 0x0000, 0x0000, 0x0000, 0x0000, 0x0000,
    0x0000, 0x0000, 0x0000, 0x0000, 0x0000, 0x0000, 0x0000, 0x0001, 0x1806, 0x0000, 0x0000, 0x0000, 0x0000, 0x0000, 0x0001, 0x304B,
    0x5072, 0x1826, 0x0802, 0x402E, 0x402F, 0x0802, 0x0000, 0x382D, 0x1825, 0x0802, 0x382C, 0x0000, 0x0000, 0x1005, 0x4830, 0x402E,
    0x302A, 0x0000, 0x0000, 0x0000, 0x0000, 0x0000, 0x0000, 0x1806, 0x4850, 0x382D, 0x0802, 0x0000, 0x0000, 0x0000, 0x0000, 0x0000,
    0x0000, 0x0000, 0x300A, 0x1003, 0x0000, 0x0000, 0x0000, 0x0000, 0x0000, 0x0000, 0x0000, 0x0000, 0x0000, 0x0000, 0x0000, 0x0000,
    0x0000, 0x0000, 0x0000, 0x0000, 0x0000, 0x0000, 0x0000, 0x0000, 0x0000, 0x0000, 0x0000, 0x0000, 0x0000, 0x0000, 0x0000, 0x0000,
    0x0000, 0x0000, 0x0000, 0x0000, 0x0000, 0x0000, 0x0000, 0x0000, 0x0000, 0x0000, 0x0000, 0x0000, 0x0000, 0x0000, 0x0000, 0x0002,
    0x0804, 0x0000, 0x0000, 0x0000, 0x0000, 0x0000, 0x0000, 0x0000, 0x0000, 0x0000, 0x0000, 0x0000, 0x0000, 0x0000, 0x0000, 0x0000,
    0x0000, 0x0000, 0x0000, 0x0000, 0x0000, 0x0000, 0x0000, 0x0000, 0x0000, 0x0000, 0x0000, 0x0000, 0x0000, 0x0000, 0x0000, 0x0000,
    0x0000, 0x0000, 0x0000, 0x0000, 0x0000, 0x0000, 0x0000, 0x0000, 0x0000, 0x0000, 0x0000, 0x700D, 0x580A, 0x0801, 0x0800, 0x0000,
    0x0000, 0x0000, 0x0000, 0x0000, 0x0000, 0x0000, 0x0000, 0x0000, 0x0000, 0x0000, 0x0000, 0x0000, 0x0000, 0x0000, 0x0000, 0x0001,
    0x0001, 0x0000, 0x0000, 0x0000, 0x0000, 0x0000, 0x0000, 0x0000, 0x0000, 0x0000, 0x0000, 0x0000, 0x0000, 0x0000, 0x0000, 0x0000,
    0x0000, 0x0000, 0x0451, 0x00C3, 0x00E3, 0x00C3, 0x0000, 0x0000, 0x0000, 0x0000, 0x0000, 0x0000, 0x0000, 0x0000, 0x0000, 0x0000,
    0x0000, 0x0000, 0x0000, 0x0000, 0x0000, 0x0000, 0x0000, 0x0000, 0x0000, 0x0000, 0x0000, 0x0000, 0x0000, 0x0000, 0x0000, 0x0000,
    0x0000, 0x0000, 0x0000, 0x0000, 0x0000, 0x0000, 0x0000, 0x0000, 0x0000, 0x0000, 0x0000, 0x0000, 0x0000, 0x0001, 0x1004, 0x0000,
    0x0000, 0x0000, 0x0803, 0x402F, 0x382E, 0x1003, 0x302C, 0x0000, 0x282A, 0x1003, 0x1805, 0x4030, 0x1826, 0x1005, 0x4851, 0x406F,
    0x1003, 0x2029, 0x4851, 0x304C, 0x0001, 0x0000, 0x0000, 0x0000, 0x0000, 0x0000, 0x0000, 0x0000, 0x0000, 0x0000, 0x2829, 0x4850,
    0x2028, 0x0000, 0x0000, 0x0000, 0x0000, 0x2007, 0x382D, 0x404E, 0x2028, 0x0000, 0x302C, 0x0001, 0x302A, 0x4830, 0x0803, 0x2027,
    0x2027, 0x0000, 0x0000, 0x0000, 0x0000, 0x0000, 0x0000, 0x0000, 0x0000, 0x0000, 0x0000, 0x0000, 0x0000, 0x0000, 0x0000, 0x0000,
    0x0000, 0x0000, 0x0000, 0x0000, 0x0000, 0x0000, 0x0000, 0x0000, 0x0000, 0x0000, 0x0000, 0x0000, 0x0000, 0x0000, 0x0000, 0x0000,
    0x0000, 0x0000, 0x0000, 0x0000, 0x0000, 0x0000, 0x0001, 0x0804, 0x0000, 0x0000, 0x0000, 0x0000, 0x0000, 0x0000, 0x0000, 0x0000,
    0x0000, 0x0000, 0x0000, 0x0000, 0x0000, 0x0000, 0x0000, 0x0001, 0x1806, 0x0000, 0x0000, 0x0000, 0x0000, 0x0000, 0x280A, 0x4830,
    0x1004, 0x2008, 0x400D, 0x2809, 0x1806, 0x2006, 0x1806, 0x4010, 0x382E, 0x1805, 0x5032, 0x0000, 0x0000, 0x2809, 0x402F, 0x0802,
    0x0802, 0x0000, 0x400D, 0x0803, 0x0000, 0x0000, 0x0000, 0x302C, 0x402E, 0x1004, 0x4850, 0x0000, 0x2008, 0x1825, 0x0000, 0x1003,
    0x1804, 0x0801, 0x2007, 0x0802, 0x1004, 0x2026, 0x0000, 0x1003, 0x1805, 0x1825, 0x0000, 0x0000, 0x0000, 0x0000, 0x0000, 0x0000,
    0x0000, 0x0000, 0x0000, 0x0000, 0x0000, 0x0000, 0x0000, 0x0000, 0x0000, 0x0000, 0x0000, 0x0000, 0x0000, 0x0000, 0x0000, 0x0000,
    0x0000, 0x0000, 0x0000, 0x0000, 0x0000, 0x0000, 0x0000, 0x0000, 0x0000, 0x0000, 0x0000, 0x0000, 0x0000, 0x0000, 0x0000, 0x0002,
    0x0804, 0x0000, 0x0000, 0x0000, 0x0000, 0x0000, 0x0000, 0x0000, 0x0000, 0x0000, 0x0000, 0x0000, 0x0000, 0x0000, 0x0000, 0x0000,
    0x0000, 0x0000, 0x0000, 0x0000, 0x0000, 0x0000, 0x0000, 0x0000, 0x0000, 0x0000, 0x0000, 0x0000, 0x0000, 0x0000, 0x0000, 0x0000,
    0x0000, 0x0000, 0x0000, 0x0000, 0x0000, 0x0000, 0x0000, 0x0000, 0x0000, 0x0000, 0x0000, 0x600A, 0xB013, 0x700C, 0x0000, 0x0000,
    0x0000, 0x0000, 0x0000, 0x0000, 0x0000, 0x0000, 0x0000, 0x0000, 0x0000, 0x0000, 0x1002, 0x2006, 0x1805, 0x2005, 0x2806, 0x502D,
    0x502F, 0x2807, 0x2006, 0x1825, 0x1845, 0x0802, 0x0000, 0x0000, 0x0000, 0x0000, 0x0000, 0x0000, 0x0000, 0x0000, 0x0000, 0x0000,
    0x0000, 0x0000, 0x0410, 0x0185, 0x0471, 0x01C7, 0x0000, 0x0000, 0x0000, 0x0000, 0x0000, 0x0000, 0x0000, 0x0000, 0x0000, 0x0000,
    0x0000, 0x0000, 0x0000, 0x0000, 0x0000, 0x0000, 0x0000, 0x0000, 0x0000, 0x0000, 0x0000, 0x0000, 0x0000, 0x0000, 0x0000, 0x0000,
    0x0000, 0x0000, 0x0000, 0x0000, 0x0000, 0x0000, 0x0000, 0x0000, 0x0000, 0x0000, 0x0000, 0x0000, 0x0000, 0x0001, 0x0804, 0x0000,
    0x0000, 0x0000, 0x4830, 0x2027, 0x2008, 0x2028, 0x4831, 0x0000, 0x402F, 0x282A, 0x400E, 0x0802, 0x4011, 0x300D, 0x400F, 0x1826,
    0x4831, 0x302D, 0x2008, 0x282A, 0x384C, 0x0000, 0x402E, 0x0001, 0x0000, 0x0000, 0x0000, 0x0000, 0x0000, 0x1807, 0x4831, 0x1003,
    0x302C, 0x1004, 0x2027, 0x1825, 0x0802, 0x0001, 0x0801, 0x302C, 0x302B, 0x300C, 0x2007, 0x2007, 0x380D, 0x1004, 0x4831, 0x0801,
    0x404F, 0x1804, 0x0000, 0x0000, 0x0000, 0x0000, 0x0000, 0x0000, 0x0000, 0x0000, 0x0000, 0x0000, 0x0000, 0x0000, 0x0000, 0x0000,
    0x0000, 0x0000, 0x0000, 0x0000, 0x0000, 0x0000, 0x0000, 0x0000, 0x0000, 0x0000, 0x0000, 0x0000, 0x0000, 0x0000, 0x0000, 0x0000,
    0x0000, 0x0000, 0x0000, 0x0000, 0x0000, 0x0000, 0x0001, 0x0804, 0x0000, 0x0000, 0x0000, 0x0000, 0x0000, 0x0000, 0x0000, 0x0000,
    0x0000, 0x0000, 0x0000, 0x0000, 0x0000, 0x0000, 0x0000, 0x0001, 0x1806, 0x0000, 0x0000, 0x0000, 0x0000, 0x0000, 0x0802, 0x382D,
    0x5031, 0x0802, 0x382C, 0x2007, 0x0000, 0x0000, 0x482F, 0x2829, 0x4852, 0x282B, 0x402F, 0x0000, 0x0000, 0x2007, 0x5834, 0x400F,
    0x0803, 0x0000, 0x0802, 0x0020, 0x0000, 0x0000, 0x0000, 0x300A, 0x300B, 0x0001, 0x402F, 0x2008, 0x402E, 0x406F, 0x2028, 0x5873,
    0x402D, 0x2828, 0x402E, 0x1004, 0x2026, 0x5052, 0x282A, 0x402F, 0x4870, 0x386E, 0x1005, 0x0000, 0x0000, 0x0000, 0x0000, 0x0000,
    0x0000, 0x0000, 0x0000, 0x0000, 0x0000, 0x0000, 0x0000, 0x0000, 0x0000, 0x0000, 0x0000, 0x0000, 0x0000, 0x0000, 0x0000, 0x0000,
    0x0000, 0x0000, 0x0000, 0x0000, 0x0000, 0x0000, 0x0000, 0x0000, 0x0000, 0x0000, 0x0000, 0x0000, 0x0000, 0x0000, 0x0000, 0x0002,
    0x0804, 0x0000, 0x0000, 0x0000, 0x0000, 0x0000, 0x0000, 0x0000, 0x0000, 0x0000, 0x0000, 0x0000, 0x0000, 0x0000, 0x0000, 0x0000,
    0x0000, 0x0000, 0x0000, 0x0000, 0x0000, 0x0000, 0x0000, 0x0000, 0x0000, 0x0000, 0x0000, 0x0000, 0x0000, 0x0000, 0x0000, 0x0000,
    0x0000, 0x0000, 0x0000, 0x0000, 0x0000, 0x0000, 0x0000, 0x0000, 0x0000, 0x0000, 0x0000, 0x700B, 0x4807, 0x0000, 0x0000, 0x0000,
    0x0000, 0x0000, 0x0000, 0x0000, 0x0000, 0x0000, 0x0000, 0x1804, 0x3009, 0x3009, 0x3809, 0x2807, 0x2807, 0x2005, 0x1804, 0x402A,
    0x402C, 0x2005, 0x2006, 0x1825, 0x1846, 0x2849, 0x2089, 0x2088, 0x1044, 0x0021, 0x0000, 0x0000, 0x0000, 0x0000, 0x0000, 0x0000,
    0x0000, 0x0000, 0x0451, 0x00C3, 0x03CF, 0x030C, 0x0000, 0x0000, 0x0000, 0x0000, 0x0000, 0x0000, 0x0000, 0x0000, 0x0000, 0x0000,
    0x0000, 0x0000, 0x0000, 0x0000, 0x0000, 0x0000, 0x0000, 0x0000, 0x0000, 0x0000, 0x0000, 0x0000, 0x0000, 0x0000, 0x0000, 0x0000,
    0x0000, 0x0000, 0x0000, 0x0000, 0x0000, 0x0000, 0x0000, 0x0000, 0x0000, 0x0000, 0x0000, 0x0000, 0x0000, 0x0001, 0x1004, 0x0000,
    0x0000, 0x0000, 0x402F, 0x1004, 0x0000, 0x0001, 0x6055, 0x484F, 0x5854, 0x2829, 0x382E, 0x0000, 0x4011, 0x282A, 0x5855, 0x4831,
    0x1005, 0x382D, 0x1806, 0x1825, 0x384D, 0x0000, 0x0803, 0x0000, 0x0000, 0x0000, 0x0000, 0x0000, 0x0000, 0x1806, 0x402F, 0x0000,
    0x0000, 0x302D, 0x5055, 0x4852, 0x382D, 0x0000, 0x0802, 0x382E, 0x0001, 0x4831, 0x0000, 0x0802, 0x380D, 0x4010, 0x4831, 0x0000,
    0x302B, 0x302A, 0x0000, 0x0000, 0x0000, 0x0000, 0x0000, 0x0000, 0x0000, 0x0000, 0x0000, 0x0000, 0x0000, 0x0000, 0x0000, 0x0000,
    0x0000, 0x0000, 0x0000, 0x0000, 0x0000, 0x0000, 0x0000, 0x0000, 0x0000, 0x0000, 0x0000, 0x0000, 0x0000, 0x0000, 0x0000, 0x0000,
    0x0000, 0x0000, 0x0000, 0x0000, 0x0000, 0x0000, 0x0001, 0x0803, 0x0000, 0x0000, 0x0000, 0x0000, 0x0000, 0x0000, 0x0000, 0x0000,
    0x0000, 0x0000, 0x0000, 0x0000, 0x0000, 0x0000, 0x0000, 0x0001, 0x1806, 0x0000, 0x0000, 0x0000, 0x0000, 0x0000, 0x0803, 0x1004,
    0x1005, 0x482F, 0x382D, 0x2007, 0x0802, 0x1806, 0x5833, 0x486F, 0x5875, 0x384D, 0x402E, 0x0000, 0x0000, 0x2008, 0x382D, 0x0001,
    0x0001, 0x0000, 0x2809, 0x0802, 0x0000, 0x0000, 0x0000, 0x300A, 0x302B, 0x1003, 0x4030, 0x402F, 0x0803, 0x302B, 0x382E, 0x4831,
    0x0000, 0x0000, 0x402E, 0x2028, 0x282A, 0x4851, 0x4833, 0x402E, 0x1805, 0x282A, 0x2809, 0x0000, 0x0000, 0x0000, 0x0000, 0x0000,
    0x0000, 0x0000, 0x0000, 0x0000, 0x0000, 0x0000, 0x0000, 0x0000, 0x0000, 0x0000, 0x0000, 0x0000, 0x0000, 0x0000, 0x0000, 0x0000,
    0x0000, 0x0000, 0x0000, 0x0000, 0x0000, 0x0000, 0x0000, 0x0000, 0x0000, 0x0000, 0x0000, 0x0000, 0x0000, 0x0000, 0x0000, 0x0002,
    0x1004, 0x0000, 0x0000, 0x0000, 0x0000, 0x0000, 0x0000, 0x0000, 0x0000, 0x0000, 0x0000, 0x0000, 0x0000, 0x0000, 0x0000, 0x0000,
    0x0000, 0x0000, 0x0000, 0x0000, 0x0000, 0x0000, 0x0000, 0x0000, 0x0000, 0x0000, 0x0000, 0x0000, 0x0000, 0x0000, 0x0000, 0x0000,
    0x0000, 0x0000, 0x0000, 0x0000, 0x0000, 0x0000, 0x0000, 0x0000, 0x0000, 0x0000, 0x0000, 0x5809, 0x3805, 0x0000, 0x0000, 0x0000,
    0x0000, 0x0000, 0x0000, 0x0000, 0x1003, 0x2808, 0x2808, 0x2807, 0x1003, 0x0801, 0x0000, 0x0000, 0x0000, 0x0000, 0x0000, 0x0000,
    0x0000, 0x0000, 0x0000, 0x0000, 0x0000, 0x0000, 0x0021, 0x0823, 0x1887, 0x20EA, 0x10E8, 0x0863, 0x0000, 0x0000, 0x0000, 0x0000,
    0x0000, 0x0000, 0x0124, 0x03B0, 0x036E, 0x0082, 0x0000, 0x0000, 0x0000, 0x0000, 0x0000, 0x0000, 0x0000, 0x0000, 0x0000, 0x0000,
    0x0000, 0x0000, 0x0000, 0x0000, 0x0000, 0x0000, 0x0000, 0x0000, 0x0000, 0x0000, 0x0000, 0x0000, 0x0000, 0x0000, 0x0000, 0x0000,
    0x0000, 0x0000, 0x0000, 0x0000, 0x0000, 0x0000, 0x0000, 0x0000, 0x0000, 0x0000, 0x0000, 0x0000, 0x0000, 0x0001, 0x1004, 0x0000,
    0x0000, 0x0000, 0x402E, 0x1003, 0x1003, 0x2027, 0x5833, 0x0801, 0x402F, 0x282A, 0x402F, 0x0000, 0x4012, 0x280B, 0x302C, 0x382E,
    0x1805, 0x382D, 0x1806, 0x2028, 0x402E, 0x0000, 0x2807, 0x0000, 0x0000, 0x0000, 0x0000, 0x0000, 0x0000, 0x1806, 0x484F, 0x0000,
    0x1806, 0x382D, 0x302D, 0x302D, 0x402F, 0x0000, 0x484F, 0x2028, 0x0000, 0x402E, 0x1005, 0x0000, 0x0000, 0x2027, 0x382E, 0x0000,
    0x382D, 0x2007, 0x0000, 0x0000, 0x0000, 0x0000, 0x0000, 0x0000, 0x0000, 0x0000, 0x0000, 0x0000, 0x0000, 0x0000, 0x0000, 0x0000,
    0x0000, 0x0000, 0x0000, 0x0000, 0x0000, 0x0000, 0x0000, 0x0000, 0x0000, 0x0000, 0x0000, 0x0000, 0x0000, 0x0000, 0x0000, 0x0000,
    0x0000, 0x0000, 0x0000, 0x0000, 0x0000, 0x0000, 0x0001, 0x0803, 0x0000, 0x0000, 0x0000, 0x0000, 0x0000, 0x0000, 0x0000, 0x0000,
    0x0000, 0x0000, 0x0000, 0x0000, 0x0000, 0x0000, 0x0000, 0x0001, 0x1806, 0x0000, 0x0000, 0x0000, 0x0000, 0x0000, 0x0803, 0x402E,
    0x482F, 0x1806, 0x1003, 0x4830, 0x4831, 0x1806, 0x4810, 0x0000, 0x282B, 0x282A, 0x4830, 0x402E, 0x382C, 0x2008, 0x5013, 0x380E,
    0x300B, 0x0000, 0x2809, 0x0802, 0x0000, 0x0000, 0x0000, 0x2008, 0x5032, 0x482F, 0x1004, 0x1004, 0x4850, 0x382D, 0x1004, 0x400F,
    0x0000, 0x0000, 0x380C, 0x1827, 0x302C, 0x4850, 0x380D, 0x380C, 0x1004, 0x280A, 0x2008, 0x0000, 0x0000, 0x0000, 0x0000, 0x0000,
    0x0000, 0x0000, 0x0000, 0x0000, 0x0000, 0x0000, 0x0000, 0x0000, 0x0000, 0x0000, 0x0000, 0x0000, 0x0000, 0x0000, 0x0000, 0x0000,
    0x0000, 0x0000, 0x0000, 0x0000, 0x0000, 0x0000, 0x0000, 0x0000, 0x0000, 0x0000, 0x0000, 0x0000, 0x0000, 0x0000, 0x0000, 0x0802,
    0x1004, 0x0000, 0x0000, 0x0000, 0x0000, 0x0000, 0x0000, 0x0000, 0x0000, 0x0000, 0x0000, 0x0000, 0x0000, 0x0000, 0x0000, 0x0000,
    0x0000, 0x0000, 0x0000, 0x0000, 0x0000, 0x0000, 0x0000, 0x0000, 0x0000, 0x0000, 0x0000, 0x0000, 0x0000, 0x0000, 0x0000, 0x0000,
    0x0000, 0x0000, 0x0000, 0x0000, 0x0000, 0x0000, 0x0000, 0x0000, 0x0000, 0x0000, 0x0000, 0x0000, 0x0000, 0x0000, 0x0000, 0x0000,
    0x0000, 0x0000, 0x1003, 0x3009, 0x2808, 0x1003, 0x0000, 0x0000, 0x0000, 0x0000, 0x0000, 0x0000, 0x0000, 0x0000, 0x0000, 0x0000,
    0x0000, 0x0000, 0x0000, 0x0000, 0x0000, 0x0000, 0x0000, 0x0000, 0x0000, 0x0000, 0x0863, 0x1108, 0x198A, 0x0883, 0x0000, 0x0000,
    0x0000, 0x0000, 0x0000, 0x0000, 0x0000, 0x0000, 0x0000, 0x0000, 0x0000, 0x0000, 0x0000, 0x0000, 0x0000, 0x0000, 0x0000, 0x0000,
    0x0000, 0x0000, 0x0000, 0x0000, 0x0000, 0x0000, 0x0000, 0x0000, 0x0000, 0x0000, 0x0000, 0x0000, 0x0000, 0x0000, 0x0000, 0x0000,
    0x0000, 0x0000, 0x0000, 0x0000, 0x0000, 0x0000, 0x0000, 0x0000, 0x0000, 0x0000, 0x0000, 0x0000, 0x0000, 0x0001, 0x1004, 0x0000,
    0x0000, 0x0000, 0x1805, 0x404E, 0x402F, 0x1806, 0x4010, 0x0000, 0x402E, 0x1826, 0x282A, 0x4831, 0x2009, 0x2008, 0x280A, 0x0802,
    0x402E, 0x282A, 0x5072, 0x404F, 0x1823, 0x0000, 0x2007, 0x0000, 0x0000, 0x0000, 0x0000, 0x0000, 0x0000, 0x0001, 0x304B, 0x5051,
    0x2829, 0x280A, 0x300C, 0x282A, 0x380D, 0x0000, 0x484F, 0x1825, 0x0000, 0x0802, 0x302C, 0x0001, 0x300D, 0x402F, 0x0801, 0x2027,
    0x302A, 0x0000, 0x0000, 0x0000, 0x0000, 0x0000, 0x0000, 0x0000, 0x0000, 0x0000, 0x0000, 0x0000, 0x0000, 0x0000, 0x0000, 0x0000,
    0x0000, 0x0000, 0x0000, 0x0000, 0x0000, 0x0000, 0x0000, 0x0000, 0x0000, 0x0000, 0x0000, 0x0000, 0x0000, 0x0000, 0x0000, 0x0000,
    0x0000, 0x0000, 0x0000, 0x0000, 0x0000, 0x0000, 0x0001, 0x0804, 0x0000, 0x0000, 0x0000, 0x0000, 0x0000, 0x0000, 0x0000, 0x0000,
    0x0000, 0x0000, 0x0000, 0x0000, 0x0000, 0x0000, 0x0000, 0x0001, 0x1806, 0x0000, 0x0000, 0x0000, 0x0000, 0x0000, 0x0000, 0x0001,
    0x0802, 0x0000, 0x0000, 0x0802, 0x0802, 0x0000, 0x0802, 0x0000, 0x0001, 0x0000, 0x0001, 0x0803, 0x0802, 0x0000, 0x0802, 0x0802,
    0x0802, 0x0000, 0x0000, 0x0000, 0x0000, 0x0000, 0x0000, 0x0000, 0x0802, 0x0002, 0x0000, 0x0000, 0x0802, 0x0001, 0x0000, 0x0001,
    0x0000, 0x0000, 0x0001, 0x0000, 0x0001, 0x0803, 0x0000, 0x0001, 0x0000, 0x0001, 0x0000, 0x0000, 0x0000, 0x0000, 0x0000, 0x0000,
    0x0000, 0x0000, 0x0000, 0x0000, 0x0000, 0x0000, 0x0000, 0x0000, 0x0000, 0x0000, 0x0000, 0x0000, 0x0000, 0x0000, 0x0000, 0x0000,
    0x0000, 0x0000, 0x0000, 0x0000, 0x0000, 0x0000, 0x0000, 0x0000, 0x0000, 0x0000, 0x0000, 0x0000, 0x0000, 0x0000, 0x0000, 0x0802,
    0x1004, 0x0000, 0x0000, 0x0000, 0x0000, 0x0000, 0x0000, 0x0000, 0x0000, 0x0000, 0x0000, 0x0000, 0x0000, 0x0000, 0x0000, 0x0000,
    0x0000, 0x0000, 0x0000, 0x0000, 0x0000, 0x0000, 0x0000, 0x0000, 0x0000, 0x0000, 0x0000, 0x0000, 0x0000, 0x0000, 0x0000, 0x0000,
    0x0000, 0x0000, 0x0000, 0x0000, 0x0000, 0x0000, 0x0000, 0x0000, 0x0000, 0x0000, 0x0000, 0x0000, 0x0000, 0x0000, 0x0000, 0x0801,
    0x1003, 0x2809, 0x3009, 0x0802, 0x0000, 0x0000, 0x0000, 0x0000, 0x0000, 0x0000, 0x0000, 0x0000, 0x0001, 0x308A, 0x288A, 0x0000,
    0x0000, 0x0000, 0x0000, 0x0000, 0x0000, 0x0000, 0x0000, 0x0000, 0x0000, 0x0000, 0x0000, 0x0000, 0x0062, 0x1189, 0x118A, 0x0083,
    0x0041, 0x0000, 0x0000, 0x0000, 0x0000, 0x0000, 0x0000, 0x0000, 0x0000, 0x0000, 0x0000, 0x0000, 0x0000, 0x0000, 0x0000, 0x0000,
    0x0000, 0x0000, 0x0000, 0x0000, 0x0000, 0x0000, 0x0000, 0x0000, 0x0000, 0x0000, 0x0000, 0x0000, 0x0000, 0x0000, 0x0000, 0x0000,
    0x0000, 0x0000, 0x0000, 0x0000, 0x0000, 0x0000, 0x0000, 0x0000, 0x0000, 0x0000, 0x0000, 0x0000, 0x0000, 0x0001, 0x1004, 0x0000,
    0x0000, 0x0000, 0x0000, 0x0802, 0x0001, 0x0000, 0x0001, 0x0000, 0x0001, 0x0000, 0x0000, 0x0803, 0x0000, 0x0000, 0x0001, 0x0000,
    0x0000, 0x0000, 0x0803, 0x0802, 0x0000, 0x0000, 0x0000, 0x0000, 0x0000, 0x0000, 0x0000, 0x0000, 0x0000, 0x0000, 0x0000, 0x0803,
    0x0000, 0x0000, 0x0000, 0x0000, 0x0001, 0x0000, 0x0001, 0x0000, 0x0000, 0x0000, 0x0001, 0x0000, 0x0802, 0x0001, 0x0000, 0x0801,
    0x0000, 0x0000, 0x0000, 0x0000, 0x0000, 0x0000, 0x0000, 0x0000, 0x0000, 0x0000, 0x0000, 0x0000, 0x0000, 0x0000, 0x0000, 0x0000,
    0x0000, 0x0000, 0x0000, 0x0000, 0x0000, 0x0000, 0x0000, 0x0000, 0x0000, 0x0000, 0x0000, 0x0000, 0x0000, 0x0000, 0x0000, 0x0000,
    0x0000, 0x0000, 0x0000, 0x0000, 0x0000, 0x0000, 0x0001, 0x1003, 0x0000, 0x0000, 0x0000, 0x0000, 0x0000, 0x0000, 0x0000, 0x0000,
    0x0000, 0x0000, 0x0000, 0x0000, 0x0000, 0x0000, 0x0000, 0x0001, 0x1806, 0x0000, 0x0000, 0x0000, 0x0000, 0x0000, 0x0000, 0x0000,
    0x0000, 0x0000, 0x0000, 0x0000, 0x0000, 0x0000, 0x0000, 0x0000, 0x0000, 0x0000, 0x0000, 0x0000, 0x0000, 0x0000, 0x0000, 0x0000,
    0x0000, 0x0000, 0x0000, 0x0000, 0x0000, 0x0000, 0x0000, 0x0000, 0x0000, 0x0000, 0x0000, 0x0000, 0x0000, 0x0000, 0x0000, 0x0000,
    0x0000, 0x0000, 0x0000, 0x0000, 0x0000, 0x0000, 0x0000, 0x0000, 0x0000, 0x0000, 0x0000, 0x0000, 0x0000, 0x0000, 0x0000, 0x0000,
    0x0000, 0x0000, 0x0000, 0x0000, 0x0000, 0x0000, 0x0000, 0x0000, 0x0000, 0x0000, 0x0000, 0x0000, 0x0000, 0x0000, 0x0000, 0x0000,
    0x0000, 0x0000, 0x0000, 0x0000, 0x0000, 0x0000, 0x0000, 0x0000, 0x0000, 0x0000, 0x0000, 0x0000, 0x0000, 0x0000, 0x0000, 0x0802,
    0x1004, 0x0000, 0x0000, 0x0000, 0x0000, 0x0000, 0x0000, 0x0000, 0x0000, 0x0000, 0x0000, 0x0000, 0x0000, 0x0000, 0x0000, 0x0000,
    0x0000, 0x0000, 0x0000, 0x0000, 0x0000, 0x0000, 0x0000, 0x0000, 0x0000, 0x0000, 0x0000, 0x0000, 0x0000, 0x0000, 0x0000, 0x0000,
    0x0000, 0x0000, 0x0000, 0x0000, 0x0000, 0x0000, 0x0000, 0x0000, 0x0000, 0x0000, 0x0000, 0x0000, 0x0000, 0x0000, 0x0000, 0x600E,
    0x8012, 0x1003, 0x0000, 0x0000, 0x0000, 0x0000, 0x0000, 0x0000, 0x0000, 0x0000, 0x0000, 0x0000, 0x1023, 0x40AF, 0x20AA, 0x28CA,
    0x1886, 0x18A7, 0x1085, 0x0000, 0x0000, 0x0000, 0x0000, 0x0000, 0x0000, 0x0000, 0x0000, 0x0000, 0x0000, 0x0000, 0x0063, 0x1A4F,
    0x0A8E, 0x0000, 0x0000, 0x0000, 0x0000, 0x0000, 0x0000, 0x0000, 0x0000, 0x0000, 0x0000, 0x0000, 0x0000, 0x0000, 0x0000, 0x0000,
    0x0000, 0x0000, 0x0000, 0x0000, 0x0000, 0x0000, 0x0000, 0x0000, 0x0000, 0x0000, 0x0000, 0x0000, 0x0000, 0x0000, 0x0000, 0x0000,
    0x0000, 0x0000, 0x0000, 0x0000, 0x0000, 0x0000, 0x0000, 0x0000, 0x0000, 0x0000, 0x0000, 0x0000, 0x0000, 0x0001, 0x1004, 0x0000,
    0x0000, 0x0000, 0x0000, 0x0000, 0x0000, 0x0000, 0x0000, 0x0000, 0x0000, 0x0000, 0x0000, 0x0000, 0x0000, 0x0000, 0x0000, 0x0000,
    0x0000, 0x0000, 0x0000, 0x0000, 0x0000, 0x0000, 0x0000, 0x0000, 0x0000, 0x0000, 0x0000, 0x0000, 0x0000, 0x0000, 0x0000, 0x0000,
    0x0000, 0x0000, 0x0000, 0x0000, 0x0000, 0x0000, 0x0000, 0x0000, 0x0000, 0x0000, 0x0000, 0x0000, 0x0000, 0x0000, 0x0000, 0x0000,
    0x0000, 0x0000, 0x0000, 0x0000, 0x0000, 0x0000, 0x0000, 0x0000, 0x0000, 0x0000, 0x0000, 0x0000, 0x0000, 0x0000, 0x0000, 0x0000,
    0x0000, 0x0000, 0x0000, 0x0000, 0x0000, 0x0000, 0x0000, 0x0000, 0x0000, 0x0000, 0x0000, 0x0000, 0x0000, 0x0000, 0x0000, 0x0000,
    0x0000, 0x0000, 0x0000, 0x0000, 0x0000, 0x0000, 0x0000, 0x1004, 0x0000, 0x0000, 0x0000, 0x0000, 0x0000, 0x0000, 0x0000, 0x0000,
    0x0000, 0x0000, 0x0000, 0x0000, 0x0000, 0x0000, 0x0000, 0x0001, 0x1806, 0x0000, 0x0000, 0x0000, 0x0001, 0x0001, 0x0801, 0x1003,
    0x0803, 0x0803, 0x0803, 0x0803, 0x0803, 0x0803, 0x0803, 0x0803, 0x0803, 0x0803, 0x0803, 0x0803, 0x0803, 0x0803, 0x0803, 0x0803,
    0x0803, 0x0803, 0x0803, 0x0803, 0x0803, 0x0803, 0x0803, 0x0803, 0x0803, 0x0803, 0x0803, 0x0803, 0x0803, 0x0802, 0x0802, 0x0803,
    0x0803, 0x0803, 0x0803, 0x0803, 0x0803, 0x0803, 0x0802, 0x0803, 0x0803, 0x0803, 0x0803, 0x0803, 0x0803, 0x0803, 0x0803, 0x0803,
    0x0803, 0x0803, 0x0803, 0x0803, 0x0803, 0x0803, 0x0802, 0x0802, 0x0802, 0x0802, 0x0802, 0x0802, 0x0802, 0x0802, 0x0802, 0x0802,
    0x0802, 0x0802, 0x0802, 0x0802, 0x0802, 0x0802, 0x0802, 0x0802, 0x0802, 0x0802, 0x0802, 0x0802, 0x0802, 0x0802, 0x0803, 0x1806,
    0x0802, 0x0000, 0x0000, 0x0000, 0x0000, 0x0000, 0x0000, 0x0000, 0x0000, 0x0000, 0x0000, 0x0000, 0x0000, 0x0000, 0x0000, 0x0000,
    0x0000, 0x0000, 0x0000, 0x0000, 0x0000, 0x0000, 0x0000, 0x0000, 0x0000, 0x0000, 0x0000, 0x0000, 0x0000, 0x0000, 0x0000, 0x0000,
    0x0000, 0x0000, 0x0000, 0x0000, 0x0000, 0x0000, 0x0000, 0x0000, 0x0000, 0x0000, 0x0000, 0x0000, 0x0000, 0x0802, 0x482C, 0x3007,
    0x2024, 0x0000, 0x0000, 0x0000, 0x0000, 0x0000, 0x0000, 0x0000, 0x0000, 0x0000, 0x0000, 0x0000, 0x1024, 0x286A, 0x0022, 0x390F,
    0x292D, 0x312E, 0x31AF, 0x0863, 0x0000, 0x0000, 0x0000, 0x0000, 0x0000, 0x0000, 0x0000, 0x0000, 0x0000, 0x0000, 0x0000, 0x0884,
    0x0926, 0x09AA, 0x0062, 0x0000, 0x0000, 0x0000, 0x0000, 0x0000, 0x0000, 0x0000, 0x0000, 0x0000, 0x0000, 0x0000, 0x0000, 0x0000,
    0x0000, 0x0000, 0x0000, 0x0000, 0x0000, 0x0000, 0x0000, 0x0000, 0x0000, 0x0000, 0x0000, 0x0000, 0x0000, 0x0000, 0x0000, 0x0000,
    0x0000, 0x0000, 0x0000, 0x0000, 0x0000, 0x0000, 0x0000, 0x0000, 0x0000, 0x0000, 0x0000, 0x0000, 0x0000, 0x0000, 0x1005, 0x1005,
    0x0803, 0x0803, 0x1003, 0x1004, 0x1003, 0x1003, 0x0803, 0x1003, 0x1003, 0x0803, 0x0803, 0x1003, 0x1003, 0x1003, 0x1003, 0x1003,
    0x0803, 0x1003, 0x1003, 0x0803, 0x0803, 0x0803, 0x0803, 0x0803, 0x1003, 0x0803, 0x0803, 0x0803, 0x0803, 0x1003, 0x1003, 0x1003,
    0x1003, 0x1003, 0x1003, 0x1003, 0x1003, 0x1003, 0x1003, 0x1003, 0x1003, 0x1003, 0x1003, 0x1003, 0x1003, 0x1003, 0x1003, 0x1003,
    0x1003, 0x1003, 0x1003, 0x1003, 0x0803, 0x1003, 0x1003, 0x1003, 0x1003, 0x1003, 0x1003, 0x1003, 0x0803, 0x0803, 0x0803, 0x0803,
    0x0803, 0x0803, 0x0803, 0x0803, 0x0803, 0x0803, 0x0803, 0x0803, 0x1003, 0x0803, 0x0803, 0x0803, 0x0803, 0x1003, 0x0803, 0x0803,
    0x0803, 0x0803, 0x0803, 0x0803, 0x0803, 0x0803, 0x2008, 0x0803, 0x0000, 0x0000, 0x0000, 0x0000, 0x0000, 0x0000, 0x0000, 0x0000,
    0x0000, 0x0000, 0x0000, 0x0000, 0x0000, 0x0000, 0x0000, 0x0001, 0x1806, 0x0000, 0x0000, 0x0000, 0x0001, 0x0001, 0x0803, 0x1805,
    0x1005, 0x1005, 0x1805, 0x1005, 0x1005, 0x1005, 0x1005, 0x1005, 0x1005, 0x1005, 0x1005, 0x1005, 0x1005, 0x1005, 0x1005, 0x1805,
    0x1805, 0x1005, 0x1005, 0x1004, 0x1005, 0x1005, 0x1005, 0x1005, 0x1005, 0x1005, 0x1005, 0x1004, 0x1004, 0x1004, 0x1004, 0x1004,
    0x1004, 0x1004, 0x1005, 0x1004, 0x1004, 0x1004, 0x1004, 0x1005, 0x1005, 0x1005, 0x1004, 0x1005, 0x1005, 0x1805, 0x1005, 0x1005,
    0x1805, 0x1005, 0x1005, 0x1005, 0x1005, 0x1004, 0x1004, 0x1004, 0x1004, 0x1004, 0x1004, 0x1004, 0x1004, 0x1004, 0x1004, 0x1004,
    0x1004, 0x1004, 0x1004, 0x1004, 0x1004, 0x1004, 0x1004, 0x1003, 0x1003, 0x1004, 0x1003, 0x1003, 0x1003, 0x1004, 0x1004, 0x0001,
    0x0000, 0x0000, 0x0000, 0x0000, 0x0000, 0x0000, 0x0000, 0x0000, 0x0000, 0x0000, 0x0000, 0x0000, 0x0000, 0x0000, 0x0000, 0x0000,
    0x0000, 0x0000, 0x0000, 0x0000, 0x0000, 0x0000, 0x0000, 0x0000, 0x0000, 0x0000, 0x0000, 0x0000, 0x0000, 0x0000, 0x0000, 0x0000,
    0x0000, 0x0000, 0x0000, 0x0000, 0x0000, 0x0000, 0x0000, 0x0000, 0x0000, 0x0000, 0x0000, 0x0000, 0x1805, 0x482C, 0x1804, 0x0000,
    0x0000, 0x0000, 0x0000, 0x0000, 0x0000, 0x0000, 0x0000, 0x0000, 0x0000, 0x0000, 0x0000, 0x0000, 0x1023, 0x40AF, 0x2889, 0x28CA,
    0x210C, 0x20AA, 0x316E, 0x1085, 0x0000, 0x0000, 0x0000, 0x0000, 0x0000, 0x0000, 0x0000, 0x0000, 0x0000, 0x0000, 0x0000, 0x0000,
    0x0000, 0x0063, 0x11CA, 0x00C4, 0x0000, 0x0000, 0x0000, 0x0000, 0x0000, 0x0000, 0x0000, 0x0000, 0x0000, 0x0000, 0x0000, 0x0000,
    0x0000, 0x0000, 0x0000, 0x0000, 0x0000, 0x0000, 0x0000, 0x0000, 0x0000, 0x0000, 0x0000, 0x0000, 0x0000, 0x0000, 0x0000, 0x0000,
    0x0000, 0x0000, 0x0000, 0x0000, 0x0000, 0x0000, 0x0000, 0x0000, 0x0000, 0x0000, 0x0000, 0x0000, 0x0000, 0x0000, 0x0000, 0x1005,
    0x1005, 0x1005, 0x1805, 0x1805, 0x1805, 0x1805, 0x1805, 0x1805, 0x1805, 0x1005, 0x1805, 0x1805, 0x1805, 0x1805, 0x1805, 0x1805,
    0x1805, 0x1805, 0x1805, 0x1805, 0x1805, 0x1805, 0x1805, 0x1805, 0x1805, 0x1805, 0x1005, 0x1005, 0x1005, 0x1805, 0x1805, 0x1805,
    0x1805, 0x1805, 0x1805, 0x1805, 0x1805, 0x1805, 0x1805, 0x1805, 0x1805, 0x1805, 0x1805, 0x1805, 0x1805, 0x1805, 0x1805, 0x1805,
    0x1805, 0x1805, 0x1805, 0x1805, 0x1805, 0x1805, 0x1805, 0x1805, 0x1805, 0x1805, 0x1805, 0x1805, 0x1805, 0x1805, 0x1805, 0x1805,
    0x1805, 0x1805, 0x1005, 0x1005, 0x1805, 0x1005, 0x1005, 0x1005, 0x1805, 0x1005, 0x1005, 0x1005, 0x1805, 0x1805, 0x1005, 0x1005,
    0x1004, 0x1004, 0x1004, 0x1005, 0x1005, 0x1805, 0x1003, 0x0000, 0x0000, 0x0000, 0x0000, 0x0000, 0x0000, 0x0000, 0x0000, 0x0000,
    0x0000, 0x0000, 0x0000, 0x0000, 0x0000, 0x0000, 0x0000, 0x0001, 0x1805, 0x0000, 0x0000, 0x0000, 0x0000, 0x0000, 0x0000, 0x0000,
    0x0000, 0x0000, 0x0000, 0x0000, 0x0000, 0x0000, 0x0000, 0x0000, 0x0000, 0x0000, 0x0000, 0x0000, 0x0000, 0x0000, 0x0000, 0x0000,
    0x0000, 0x0000, 0x0000, 0x0000, 0x0000, 0x0000, 0x0000, 0x0000, 0x0000, 0x0000, 0x0000, 0x0000, 0x0000, 0x0000, 0x0000, 0x0000,
    0x0000, 0x0000, 0x0000, 0x0000, 0x0000, 0x0000, 0x0000, 0x0000, 0x0000, 0x0000, 0x0000, 0x0000, 0x0000, 0x0000, 0x0000, 0x0000,
    0x0000, 0x0000, 0x0000, 0x0000, 0x0000, 0x0000, 0x0000, 0x0000, 0x0000, 0x0000, 0x0000, 0x0000, 0x0000, 0x0000, 0x0000, 0x0000,
    0x0000, 0x0000, 0x0000, 0x0000, 0x0000, 0x0000, 0x0000, 0x0000, 0x0000, 0x0000, 0x0000, 0x0000, 0x0000, 0x0000, 0x0000, 0x0000,
    0x0000, 0x0000, 0x0000, 0x0000, 0x0000, 0x0000, 0x0000, 0x0000, 0x0000, 0x0000, 0x0000, 0x0000, 0x0000, 0x0000, 0x0000, 0x0000,
    0x0000, 0x0000, 0x0000, 0x0000, 0x0000, 0x0000, 0x0000, 0x0000, 0x0000, 0x0000, 0x0000, 0x0000, 0x0000, 0x0000, 0x0000, 0x0000,
    0x0000, 0x0000, 0x0000, 0x0000, 0x0000, 0x0000, 0x0000, 0x0000, 0x0000, 0x0000, 0x0000, 0x2006, 0x382C, 0x0801, 0x0000, 0x0000,
    0x0000, 0x1023, 0x0801, 0x0000, 0x0000, 0x0000, 0x0000, 0x0000, 0x0000, 0x0000, 0x0000, 0x0000, 0x0000, 0x2068, 0x2067, 0x0000,
    0x1065, 0x0843, 0x1085, 0x0021, 0x0000, 0x0000, 0x0000, 0x0000, 0x0000, 0x0000, 0x00A3, 0x00C4, 0x0041, 0x0000, 0x0000, 0x0000,
    0x0000, 0x0000, 0x0021, 0x09CB, 0x0106, 0x0000, 0x0000, 0x0000, 0x0000, 0x0000, 0x0000, 0x0000, 0x0000, 0x0000, 0x0000, 0x0000,
    0x0000, 0x0000, 0x0000, 0x0000, 0x0000, 0x0000, 0x0000, 0x0000, 0x0000, 0x0000, 0x0000, 0x0000, 0x0000, 0x0000, 0x0000, 0x0000,
    0x0000, 0x0000, 0x0000, 0x0000, 0x0000, 0x0000, 0x0000, 0x0000, 0x0000, 0x0000, 0x0000, 0x0000, 0x0000, 0x0000, 0x0000, 0x0000,
    0x0000, 0x0000, 0x0000, 0x0000, 0x0000, 0x0000, 0x0000, 0x0000, 0x0000, 0x0000, 0x0000, 0x0000, 0x0000, 0x0000, 0x0000, 0x0000,
    0x0000, 0x0000, 0x0000, 0x0000, 0x0000, 0x0000, 0x0000, 0x0000, 0x0000, 0x0000, 0x0000, 0x0000, 0x0000, 0x0000, 0x0000, 0x0000,
    0x0000, 0x0000, 0x0000, 0x0000, 0x0000, 0x0000, 0x0000, 0x0000, 0x0000, 0x0000, 0x0000, 0x0000, 0x0000, 0x0000, 0x0000, 0x0000,
    0x0000, 0x0000, 0x0000, 0x0000, 0x0000, 0x0000, 0x0000, 0x0000, 0x0000, 0x0000, 0x0000, 0x0000, 0x0000, 0x0000, 0x0000, 0x0000,
    0x0000, 0x0000, 0x0000, 0x0000, 0x0000, 0x0000, 0x0000, 0x0000, 0x0000, 0x0000, 0x0000, 0x0000, 0x0000, 0x0000, 0x0000, 0x0000,
    0x0000, 0x0000, 0x0000, 0x0000, 0x0000, 0x0000, 0x0000, 0x0000, 0x0000, 0x0000, 0x0000, 0x0000, 0x0000, 0x0000, 0x0000, 0x0000,
    0x0000, 0x0000, 0x0000, 0x0000, 0x0000, 0x0000, 0x0000, 0x0001, 0x1805, 0x0000, 0x0000, 0x0000, 0x0000, 0x0000, 0x0000, 0x0000,
    0x0000, 0x0000, 0x0000, 0x0000, 0x0000, 0x0000, 0x0000, 0x0000, 0x0000, 0x0000, 0x0000, 0x0000, 0x0000, 0x0000, 0x0000, 0x0000,
    0x0000, 0x0000, 0x0000, 0x0000, 0x0000, 0x0000, 0x0000, 0x0000, 0x0000, 0x0000, 0x0000, 0x0000, 0x0000, 0x0000, 0x0000, 0x0000,
    0x0000, 0x0000, 0x0000, 0x0000, 0x0000, 0x0000, 0x0000, 0x0000, 0x0000, 0x0000, 0x0000, 0x0000, 0x0000, 0x0000, 0x0000, 0x0000,
    0x0000, 0x0000, 0x0000, 0x0000, 0x0000, 0x0000, 0x0000, 0x0000, 0x0000, 0x0000, 0x0000, 0x0000, 0x0000, 0x0000, 0x0000, 0x0000,
    0x0000, 0x0000, 0x0000, 0x0000, 0x0000, 0x0000, 0x0000, 0x0000, 0x0000, 0x0000, 0x0000, 0x0000, 0x0000, 0x0000, 0x0000, 0x0000,
    0x0000, 0x0000, 0x0000, 0x0000, 0x0000, 0x0000, 0x0000, 0x0000, 0x0000, 0x0000, 0x0000, 0x0000, 0x0000, 0x0000, 0x0000, 0x0000,
    0x0000, 0x0000, 0x0000, 0x0000, 0x0000, 0x0000, 0x0000, 0x0000, 0x0000, 0x0000, 0x0000, 0x0000, 0x0000, 0x0000, 0x0000, 0x0000,
    0x0000, 0x0000, 0x0000, 0x0000, 0x0000, 0x0000, 0x0000, 0x0000, 0x0000, 0x0000, 0x2807, 0x402C, 0x0000, 0x0000, 0x0000, 0x0000,
    0x2006, 0x582F, 0x400C, 0x1003, 0x0000, 0x0000, 0x0000, 0x0000, 0x0000, 0x0000, 0x0000, 0x0000, 0x0000, 0x0000, 0x0000, 0x0000,
    0x0000, 0x0000, 0x0000, 0x0000, 0x0000, 0x0000, 0x0000, 0x0000, 0x0000, 0x0146, 0x0B10, 0x022A, 0x0105, 0x0000, 0x0020, 0x0000,
    0x0000, 0x0000, 0x0000, 0x0000, 0x0989, 0x0126, 0x0000, 0x0000, 0x0000, 0x0000, 0x0000, 0x0000, 0x0000, 0x0000, 0x0000, 0x0000,
    0x0000, 0x0000, 0x0000, 0x0000, 0x0000, 0x0000, 0x0000, 0x0000, 0x0000, 0x0000, 0x0000, 0x0000, 0x0000, 0x0000, 0x0000, 0x0000,
    0x0000, 0x0000, 0x0000, 0x0000, 0x0000, 0x0000, 0x0000, 0x0000, 0x0000, 0x0000, 0x0000, 0x0000, 0x0000, 0x0000, 0x0000, 0x0000,
    0x0000, 0x0000, 0x0000, 0x0000, 0x0000, 0x0000, 0x0000, 0x0000, 0x0000, 0x0000, 0x0000, 0x0000, 0x0000, 0x0000, 0x0000, 0x0000,
    0x0000, 0x0000, 0x0000, 0x0000, 0x0000, 0x0000, 0x0000, 0x0000, 0x0000, 0x0000, 0x0000, 0x0000, 0x0000, 0x0000, 0x0000, 0x0000,
    0x0000, 0x0000, 0x0000, 0x0000, 0x0000, 0x0000, 0x0000, 0x0000, 0x0000, 0x0000, 0x0000, 0x0000, 0x0000, 0x0000, 0x0000, 0x0000,
    0x0000, 0x0000, 0x0000, 0x0000, 0x0000, 0x0000, 0x0000, 0x0000, 0x0000, 0x0000, 0x0000, 0x0000, 0x0000, 0x0000, 0x0000, 0x0000,
    0x0000, 0x0000, 0x0000, 0x0000, 0x0000, 0x0000, 0x0000, 0x0000, 0x0000, 0x0000, 0x0000, 0x0000, 0x0000, 0x0000, 0x0000, 0x0000,
    0x0000, 0x0000, 0x0000, 0x0000, 0x0000, 0x0000, 0x0000, 0x0000, 0x0000, 0x0000, 0x0000, 0x0000, 0x0000, 0x0000, 0x0000, 0x0000,
    0x0000, 0x0000, 0x0000, 0x0000, 0x0000, 0x0000, 0x0000, 0x0001, 0x1805, 0x0000, 0x0000, 0x0000, 0x0000, 0x0000, 0x0000, 0x0000,
    0x0000, 0x0000, 0x0000, 0x0000, 0x0000, 0x0000, 0x0000, 0x0000, 0x0000, 0x0000, 0x0000, 0x0000, 0x0000, 0x0000, 0x0000, 0x0000,
    0x0000, 0x0000, 0x0000, 0x0000, 0x0000, 0x0000, 0x0000, 0x0000, 0x0000, 0x0000, 0x0000, 0x0000, 0x0000, 0x0000, 0x0000, 0x0000,
    0x0000, 0x0000, 0x0000, 0x0000, 0x0000, 0x0000, 0x0000, 0x0000, 0x0000, 0x0000, 0x0000, 0x0000, 0x0000, 0x0000, 0x0000, 0x0000,
    0x0000, 0x0000, 0x0000, 0x0000, 0x0000, 0x0000, 0x0000, 0x0000, 0x0000, 0x0000, 0x0000, 0x0000, 0x0000, 0x0000, 0x0000, 0x0000,
    0x0000, 0x0000, 0x0000, 0x0000, 0x0000, 0x0000, 0x0000, 0x0000, 0x0000, 0x0000, 0x0000, 0x0000, 0x0000, 0x0000, 0x0000, 0x0000,
    0x0000, 0x0000, 0x0000, 0x0000, 0x0000, 0x0000, 0x0000, 0x0000, 0x0000, 0x0000, 0x0000, 0x0000, 0x0000, 0x0000, 0x0000, 0x0000,
    0x0000, 0x0000, 0x0000, 0x0000, 0x0000, 0x0000, 0x0000, 0x0000, 0x0000, 0x0000, 0x0000, 0x0000, 0x0000, 0x0000, 0x0000, 0x0000,
    0x0000, 0x0000, 0x0000, 0x0000, 0x0000, 0x0000, 0x0000, 0x0000, 0x0000, 0x2006, 0x482D, 0x0000, 0x0000, 0x0000, 0x0000, 0x0000,
    0x2807, 0x2808, 0x2808, 0x400C, 0x480F, 0x482E, 0x382B, 0x0000, 0x0000, 0x0000, 0x0000, 0x0000, 0x0000, 0x0000, 0x0000, 0x0000,
    0x0000, 0x0000, 0x0000, 0x0000, 0x0000, 0x0000, 0x0000, 0x0000, 0x0000, 0x0167, 0x1371, 0x0987, 0x0062, 0x0350, 0x02EE, 0x02AC,
    0x0021, 0x0000, 0x0000, 0x0000, 0x0000, 0x01CA, 0x0106, 0x0000, 0x0000, 0x0000, 0x0000, 0x0000, 0x0000, 0x0000, 0x0000, 0x0000,
    0x0000, 0x0000, 0x0000, 0x0000, 0x0000, 0x0000, 0x0000, 0x0000, 0x0000, 0x0000, 0x0000, 0x0000, 0x0000, 0x0000, 0x0000, 0x0000,
    0x0000, 0x0000, 0x0000, 0x0000, 0x0000, 0x0000, 0x0000, 0x0000, 0x0000, 0x0000, 0x0000, 0x0000, 0x0000, 0x0000, 0x0000, 0x0000,
    0x0000, 0x0000, 0x0000, 0x0000, 0x0000, 0x0000, 0x0000, 0x0000, 0x0000, 0x0000, 0x0000, 0x0000, 0x0000, 0x0000, 0x0000, 0x0000,
    0x0000, 0x0000, 0x0000, 0x0000, 0x0000, 0x0000, 0x0000, 0x0000, 0x0000, 0x0000, 0x0000, 0x0000, 0x0000, 0x0000, 0x0000, 0x0000,
    0x0000, 0x0000, 0x0000, 0x0000, 0x0000, 0x0000, 0x0000, 0x0000, 0x0000, 0x0000, 0x0000, 0x0000, 0x0000, 0x0000, 0x0000, 0x0000,
    0x0000, 0x0000, 0x0000, 0x0000, 0x0000, 0x0000, 0x0000, 0x0000, 0x0000, 0x0000, 0x0000, 0x0000, 0x0000, 0x0000, 0x0000, 0x0000,
    0x0000, 0x0000, 0x0000, 0x0000, 0x0000, 0x0000, 0x0000, 0x0000, 0x0000, 0x0000, 0x0000, 0x0000, 0x0000, 0x0000, 0x0000, 0x0000,
    0x0000, 0x0000, 0x0000, 0x0000, 0x0000, 0x0000, 0x0000, 0x0000, 0x0000, 0x0000, 0x0000, 0x0000, 0x0000, 0x0000, 0x0000, 0x0000,
    0x0000, 0x0000, 0x0000, 0x0000, 0x0000, 0x0000, 0x0000, 0x0001, 0x1805, 0x0000, 0x0000, 0x0000, 0x0000, 0x0000, 0x0000, 0x0000,
    0x0000, 0x0000, 0x0000, 0x0000, 0x0000, 0x0000, 0x0000, 0x0000, 0x0000, 0x0000, 0x0000, 0x0000, 0x0000, 0x0000, 0x0000, 0x0000,
    0x0000, 0x0000, 0x0000, 0x0000, 0x0000, 0x0000, 0x0000, 0x0000, 0x0000, 0x0000, 0x0000, 0x0000, 0x0000, 0x0000, 0x0000, 0x0000,
    0x0000, 0x0000, 0x0000, 0x0000, 0x0000, 0x0000, 0x0000, 0x0000, 0x0000, 0x0000, 0x0000, 0x0000, 0x0000, 0x0000, 0x0000, 0x0000,
    0x0000, 0x0000, 0x0000, 0x0000, 0x0000, 0x0000, 0x0000, 0x0000, 0x0000, 0x0000, 0x0000, 0x0000, 0x0000, 0x0000, 0x0000, 0x0000,
    0x0000, 0x0000, 0x0000, 0x0000, 0x0000, 0x0000, 0x0000, 0x0000, 0x0000, 0x0000, 0x0000, 0x0000, 0x0000, 0x0000, 0x0000, 0x0000,
    0x0000, 0x0000, 0x0000, 0x0000, 0x0000, 0x0000, 0x0000, 0x0000, 0x0000, 0x0000, 0x0000, 0x0000, 0x0000, 0x0000, 0x0000, 0x0000,
    0x0000, 0x0000, 0x0000, 0x0000, 0x0000, 0x0000, 0x0000, 0x0000, 0x0000, 0x0000, 0x0000, 0x0000, 0x0001, 0x480F, 0x5030, 0x2808,
    0x1804, 0x400B, 0x0000, 0x0000, 0x0000, 0x0000, 0x0000, 0x0000, 0x1003, 0x480D, 0x0001, 0x0000, 0x0000, 0x0000, 0x0000, 0x0000,
    0x2808, 0x300A, 0x2808, 0x480E, 0x380D, 0x380C, 0x5010, 0x0802, 0x0000, 0x0000, 0x0000, 0x0000, 0x0000, 0x0000, 0x0000, 0x0000,
    0x0000, 0x0000, 0x0000, 0x0000, 0x0000, 0x0000, 0x0000, 0x0000, 0x0000, 0x0987, 0x0B2F, 0x0905, 0x00C4, 0x032E, 0x028B, 0x034F,
    0x00C3, 0x0000, 0x0000, 0x0000, 0x0000, 0x0000, 0x020B, 0x00A4, 0x0000, 0x0000, 0x0000, 0x0000, 0x0000, 0x0083, 0x12D0, 0x0B0F,
    0x01C8, 0x0000, 0x0000, 0x0000, 0x0000, 0x0000, 0x0000, 0x0000, 0x0000, 0x0000, 0x0000, 0x0000, 0x0000, 0x0000, 0x0000, 0x0000,
    0x0000, 0x0000, 0x0000, 0x0000, 0x0000, 0x0000, 0x0000, 0x0000, 0x0000, 0x0000, 0x0000, 0x0000, 0x0000, 0x0000, 0x0000, 0x0000,
    0x0000, 0x0000, 0x0000, 0x0000, 0x0000, 0x0000, 0x0000, 0x0000, 0x0000, 0x0000, 0x0000, 0x0000, 0x0000, 0x0000, 0x0000, 0x0000,
    0x0000, 0x0000, 0x0000, 0x0000, 0x0000, 0x0000, 0x0000, 0x0000, 0x0000, 0x0000, 0x0000, 0x0000, 0x0000, 0x0000, 0x0000, 0x0000,
    0x0000, 0x0000, 0x0000, 0x0000, 0x0000, 0x0000, 0x0000, 0x0000, 0x0000, 0x0000, 0x0000, 0x0000, 0x0000, 0x0000, 0x0000, 0x0000,
    0x0000, 0x0000, 0x0000, 0x0000, 0x0000, 0x0000, 0x0000, 0x0000, 0x0000, 0x0000, 0x0000, 0x0000, 0x0000, 0x0000, 0x0000, 0x0000,
    0x0000, 0x0000, 0x0000, 0x0000, 0x0000, 0x0000, 0x0000, 0x0000, 0x0000, 0x0000, 0x0000, 0x0000, 0x0000, 0x0000, 0x0000, 0x0000,
    0x0000, 0x0000, 0x0000, 0x0000, 0x0000, 0x0000, 0x0000, 0x0000, 0x0000, 0x0000, 0x0000, 0x0000, 0x0000, 0x0000, 0x0000, 0x0000,
    0x0000, 0x0000, 0x0000, 0x0000, 0x0000, 0x0000, 0x0000, 0x0001, 0x1805, 0x0000, 0x0000, 0x0000, 0x0000, 0x0000, 0x0000, 0x0000,
    0x0000, 0x0000, 0x0000, 0x0000, 0x0000, 0x0000, 0x0000, 0x0000, 0x0000, 0x0000, 0x0000, 0x0000, 0x0000, 0x0000, 0x0000, 0x0000,
    0x0000, 0x0000, 0x0000, 0x0000, 0x0000, 0x0000, 0x0000, 0x0000, 0x0000, 0x0000, 0x0000, 0x0000, 0x0000, 0x0000, 0x0000, 0x0000,
    0x0000, 0x0000, 0x0000, 0x0000, 0x0000, 0x0000, 0x0000, 0x0000, 0x0000, 0x0000, 0x0000, 0x0000, 0x0000, 0x0000, 0x0000, 0x0000,
    0x0000, 0x0000, 0x0000, 0x0000, 0x0000, 0x0000, 0x0000, 0x0000, 0x0000, 0x0000, 0x0000, 0x0000, 0x0000, 0x0000, 0x0000, 0x0000,
    0x0000, 0x0000, 0x0000, 0x0000, 0x0000, 0x0000, 0x0000, 0x0000, 0x0000, 0x0000, 0x0000, 0x0000, 0x0000, 0x0000, 0x0000, 0x0000,
    0x0000, 0x0000, 0x0000, 0x0000, 0x0000, 0x0000, 0x0000, 0x0000, 0x0000, 0x0000, 0x0000, 0x0000, 0x0000, 0x0000, 0x0000, 0x0000,
    0x0000, 0x0000, 0x0000, 0x0000, 0x0000, 0x0000, 0x0000, 0x0000, 0x0000, 0x0000, 0x0000, 0x0000, 0x0802, 0x5812, 0x0801, 0x400D,
    0x2808, 0x500E, 0x2006, 0x0000, 0x0000, 0x0000, 0x0000, 0x0000, 0x402C, 0x1003, 0x0000, 0x0000, 0x0000, 0x0000, 0x0000, 0x0000,
    0x1805, 0x5830, 0x302A, 0x1805, 0x380B, 0x2809, 0x400C, 0x0801, 0x0000, 0x0000, 0x0000, 0x0000, 0x0000, 0x0000, 0x0000, 0x0000,
    0x0000, 0x0000, 0x0000, 0x0000, 0x0000, 0x0000, 0x0000, 0x0000, 0x0000, 0x0105, 0x0AEF, 0x0A4B, 0x0187, 0x020A, 0x0209, 0x02AC,
    0x00A2, 0x0000, 0x0000, 0x0000, 0x0000, 0x0000, 0x0041, 0x09EB, 0x0041, 0x0000, 0x0000, 0x0000, 0x0000, 0x08E5, 0x1AF0, 0x0062,
    0x0432, 0x0082, 0x0000, 0x0000, 0x0000, 0x0000, 0x0000, 0x0000, 0x0000, 0x0000, 0x0000, 0x0000, 0x0000, 0x0000, 0x0000, 0x0000,
    0x0000, 0x0000, 0x0000, 0x0000, 0x0000, 0x0000, 0x0000, 0x0000, 0x0000, 0x0000, 0x0000, 0x0000, 0x0000, 0x0000, 0x0000, 0x0000,
    0x0000, 0x0000, 0x0000, 0x0000, 0x0000, 0x0000, 0x0000, 0x0000, 0x0000, 0x0000, 0x0000, 0x0000, 0x0000, 0x0000, 0x0000, 0x0000,
    0x0000, 0x0000, 0x0000, 0x0000, 0x0000, 0x0000, 0x0000, 0x0000, 0x0000, 0x0000, 0x0000, 0x0000, 0x0000, 0x0000, 0x0000, 0x0000,
    0x0000, 0x0000, 0x0000, 0x0000, 0x0000, 0x0000, 0x0000, 0x0000, 0x0000, 0x0000, 0x0000, 0x0000, 0x0000, 0x0000, 0x0000, 0x0000,
    0x0000, 0x0000, 0x0000, 0x0000, 0x0000, 0x0000, 0x0000, 0x0000, 0x0000, 0x0000, 0x0000, 0x0000, 0x0000, 0x0000, 0x0000, 0x0000,
    0x0000, 0x0000, 0x0000, 0x0000, 0x0000, 0x0000, 0x0000, 0x0000, 0x0000, 0x0000, 0x0000, 0x0000, 0x0000, 0x0000, 0x0000, 0x0000,
    0x0000, 0x0000, 0x0000, 0x0000, 0x0000, 0x0000, 0x0000, 0x0000, 0x0000, 0x0000, 0x0000, 0x0000, 0x0000, 0x0000, 0x0000, 0x0000,
    0x0000, 0x0000, 0x0000, 0x0000, 0x0000, 0x0000, 0x0000, 0x0001, 0x1805, 0x0000, 0x0000, 0x0000, 0x0000, 0x0000, 0x1803, 0x780E,
    0x780E, 0x2003, 0x0000, 0x0000, 0x0000, 0x0000, 0x0000, 0x0000, 0x0000, 0x0801, 0x600D, 0x680E, 0x680E, 0x1002, 0x0000, 0x0000,
    0x0000, 0x0000, 0x0000, 0x0000, 0x0000, 0x404D, 0x484E, 0x504F, 0x1003, 0x0000, 0x0000, 0x0000, 0x0000, 0x0000, 0x0000, 0x0000,
    0x1804, 0x7031, 0x582C, 0x0000, 0x0000, 0x0000, 0x0000, 0x0000, 0x0000, 0x0000, 0x0000, 0x0000, 0x580B, 0x2004, 0x0000, 0x0000,
    0x0000, 0x0000, 0x0000, 0x0000, 0x0000, 0x0000, 0x402C, 0x5830, 0x3029, 0x0000, 0x0000, 0x0000, 0x0000, 0x0000, 0x0000, 0x0000,
    0x0000, 0x0803, 0x484E, 0x382C, 0x0001, 0x0000, 0x0000, 0x0000, 0x0000, 0x0000, 0x0000, 0x0000, 0x304B, 0x406F, 0x284B, 0x0000,
    0x0000, 0x0000, 0x0000, 0x0000, 0x0000, 0x0000, 0x0000, 0x0000, 0x0000, 0x0000, 0x0000, 0x0000, 0x0000, 0x0000, 0x0000, 0x0000,
    0x0000, 0x0000, 0x0000, 0x0000, 0x0000, 0x0000, 0x0000, 0x0000, 0x0000, 0x0000, 0x0000, 0x0000, 0x0801, 0x5831, 0x400E, 0x300A,
    0x1004, 0x6832, 0x402C, 0x400C, 0x0000, 0x0000, 0x0000, 0x380A, 0x2807, 0x0000, 0x0000, 0x0000, 0x0000, 0x0000, 0x0000, 0x0000,
    0x0000, 0x0801, 0x0000, 0x0000, 0x0000, 0x0000, 0x0000, 0x0000, 0x0000, 0x0000, 0x0000, 0x0000, 0x0000, 0x0000, 0x0000, 0x0000,
    0x0000, 0x0000, 0x0000, 0x0000, 0x0000, 0x0000, 0x0000, 0x0000, 0x0000, 0x0000, 0x0041, 0x0062, 0x0020, 0x0000, 0x0000, 0x0000,
    0x0000, 0x0000, 0x0000, 0x0000, 0x0000, 0x0000, 0x0000, 0x00C5, 0x0989, 0x0000, 0x0000, 0x0000, 0x0000, 0x00C4, 0x1AAF, 0x0000,
    0x03AF, 0x00C3, 0x0000, 0x0000, 0x0000, 0x0000, 0x0000, 0x0000, 0x0000, 0x0000, 0x0000, 0x0000, 0x0000, 0x0000, 0x0000, 0x0000,
    0x0000, 0x0000, 0x0000, 0x0000, 0x0000, 0x0000, 0x0000, 0x0000, 0x0000, 0x0000, 0x0000, 0x0000, 0x0000, 0x0000, 0x0000, 0x0000,
    0x0000, 0x0000, 0x0000, 0x680A, 0x900E, 0x2805, 0x0000, 0x0000, 0x0000, 0x0000, 0x0000, 0x0000, 0x0000, 0x0000, 0x0000, 0x0000,
    0x0000, 0x0000, 0x600A, 0x880E, 0x800D, 0x2004, 0x4807, 0x1002, 0x0000, 0x0000, 0x0000, 0x0000, 0x0000, 0x0000, 0x0000, 0x0000,
    0x0000, 0x0000, 0x0000, 0x0000, 0x0000, 0x0000, 0x2804, 0x880E, 0x6009, 0x0800, 0x0000, 0x0000, 0x0000, 0x0000, 0x0000, 0x0000,
    0x0000, 0x0000, 0x0000, 0x0000, 0x0000, 0x0801, 0x780C, 0x900D, 0x4006, 0x0801, 0x6009, 0x0000, 0x0000, 0x0000, 0x0000, 0x0000,
    0x0000, 0x0000, 0x0000, 0x0000, 0x0000, 0x0000, 0x0000, 0x0000, 0x0000, 0x4006, 0x880D, 0x780B, 0x1001, 0x0000, 0x0000, 0x0000,
    0x0000, 0x0000, 0x0000, 0x0000, 0x0000, 0x0000, 0x0000, 0x0000, 0x0000, 0x0000, 0x0000, 0x0000, 0x0000, 0x0000, 0x0000, 0x0000,
    0x0000, 0x0000, 0x0000, 0x0000, 0x0000, 0x0000, 0x0000, 0x0001, 0x1806, 0x0000, 0x0000, 0x0000, 0x0000, 0x0000, 0x3807, 0x880F,
    0x2806, 0x9011, 0x0800, 0x0000, 0x0000, 0x0000, 0x0000, 0x0000, 0x0000, 0x1804, 0x7811, 0x1803, 0x2004, 0x0000, 0x0000, 0x0000,
    0x0000, 0x0000, 0x0000, 0x0000, 0x0802, 0x5072, 0x1023, 0x1804, 0x0001, 0x0000, 0x0000, 0x0000, 0x0000, 0x0000, 0x0000, 0x0000,
    0x6810, 0x2005, 0x3007, 0x1002, 0x0000, 0x0000, 0x0000, 0x0000, 0x0000, 0x0000, 0x0000, 0x2004, 0x8812, 0x680D, 0x0000, 0x0000,
    0x0000, 0x0000, 0x0000, 0x0000, 0x0000, 0x0000, 0x5833, 0x1805, 0x402E, 0x2809, 0x0000, 0x0000, 0x0000, 0x0000, 0x0000, 0x0000,
    0x0000, 0x384E, 0x1826, 0x284A, 0x1025, 0x0000, 0x0000, 0x0000, 0x0000, 0x0000, 0x0000, 0x0000, 0x5073, 0x1825, 0x4050, 0x2829,
    0x0000, 0x0000, 0x0000, 0x0000, 0x0000, 0x0000, 0x0000, 0x0000, 0x0000, 0x0000, 0x0000, 0x0000, 0x0000, 0x0000, 0x0000, 0x0000,
    0x0000, 0x0000, 0x0000, 0x0000, 0x0000, 0x0000, 0x0000, 0x0000, 0x0000, 0x0000, 0x0000, 0x0000, 0x0802, 0x5010, 0x0001, 0x5010,
    0x300B, 0x480E, 0x0000, 0x5811, 0x0000, 0x0000, 0x2005, 0x480B, 0x0000, 0x0000, 0x0000, 0x0000, 0x0000, 0x0000, 0x0000, 0x0000,
    0x0000, 0x0000, 0x0000, 0x0000, 0x0000, 0x0000, 0x0000, 0x0000, 0x0000, 0x0000, 0x0000, 0x0000, 0x0000, 0x0000, 0x0000, 0x0000,
    0x0000, 0x0000, 0x0000, 0x0000, 0x0000, 0x0000, 0x0000, 0x0000, 0x0000, 0x0000, 0x0000, 0x0000, 0x0000, 0x0000, 0x0000, 0x0000,
    0x0000, 0x0000, 0x0000, 0x0000, 0x0000, 0x0000, 0x0000, 0x0000, 0x0989, 0x00E5, 0x0000, 0x0000, 0x0000, 0x08E5, 0x22D0, 0x0000,
    0x0432, 0x00A3, 0x0000, 0x0000, 0x0000, 0x0000, 0x0000, 0x0000, 0x0000, 0x0000, 0x0000, 0x0000, 0x0000, 0x0000, 0x0000, 0x0000,
    0x0000, 0x0000, 0x0000, 0x0000, 0x0000, 0x0000, 0x0000, 0x0000, 0x0000, 0x0000, 0x0000, 0x0000, 0x0000, 0x0000, 0x0000, 0x0000,
    0x0000, 0x0000, 0x5008, 0x780B, 0x3005, 0x5809, 0x0000, 0x0000, 0x0000, 0x0000, 0x0000, 0x0000, 0x0000, 0x0000, 0x0000, 0x0000,
    0x0000, 0x0000, 0x9810, 0x4006, 0x2003, 0x0801, 0x880E, 0x4807, 0x1802, 0x0000, 0x0000, 0x0000, 0x0000, 0x0000, 0x0000, 0x0000,
    0x0000, 0x0000, 0x0000, 0x0000, 0x0000, 0x0000, 0x880D, 0x2804, 0x4007, 0x1802, 0x0000, 0x0000, 0x0000, 0x0000, 0x0000, 0x0000,
    0x0000, 0x0000, 0x0000, 0x0000, 0x0000, 0x1803, 0xA810, 0x2003, 0x900E, 0x3005, 0x880E, 0x2804, 0x0801, 0x0000, 0x0000, 0x0000,
    0x0000, 0x0000, 0x0000, 0x0000, 0x0000, 0x0000, 0x0000, 0x0000, 0x0000, 0x780C, 0x680A, 0x4006, 0x780B, 0x0000, 0x0000, 0x0000,
    0x0000, 0x0000, 0x0000, 0x0000, 0x0000, 0x0000, 0x0000, 0x0000, 0x0000, 0x0000, 0x0000, 0x0000, 0x0000, 0x0000, 0x0000, 0x0000,
    0x0000, 0x0000, 0x0000, 0x0000, 0x0000, 0x0000, 0x0000, 0x0001, 0x1806, 0x0000, 0x0000, 0x0000, 0x0000, 0x0000, 0x3806, 0x700C,
    0x0000, 0x9010, 0x0801, 0x0000, 0x0000, 0x0000, 0x0000, 0x0000, 0x0000, 0x1003, 0x8813, 0x780F, 0x3005, 0x0000, 0x0000, 0x0000,
    0x0000, 0x0000, 0x0000, 0x0000, 0x0001, 0x6074, 0x5850, 0x2807, 0x0000, 0x0000, 0x0000, 0x0000, 0x0000, 0x0000, 0x0000, 0x0000,
    0x6810, 0x1825, 0x386D, 0x0802, 0x0000, 0x0000, 0x0000, 0x0000, 0x0000, 0x0000, 0x0000, 0x600D, 0x3808, 0x600E, 0x2004, 0x0000,
    0x0000, 0x0000, 0x0000, 0x0000, 0x0000, 0x0000, 0x5031, 0x4871, 0x4851, 0x1003, 0x0000, 0x0000, 0x0000, 0x0000, 0x0000, 0x0000,
    0x0000, 0x402F, 0x0802, 0x0000, 0x0000, 0x0000, 0x0000, 0x0000, 0x0000, 0x0000, 0x0000, 0x0000, 0x4871, 0x0000, 0x2829, 0x302B,
    0x0000, 0x0000, 0x0000, 0x0000, 0x0000, 0x0000, 0x0000, 0x0000, 0x0000, 0x0000, 0x0000, 0x0000, 0x0000, 0x0000, 0x0000, 0x0000,
    0x0000, 0x0000, 0x0000, 0x0000, 0x0000, 0x0000, 0x0000, 0x0000, 0x0000, 0x0000, 0x0000, 0x0000, 0x0001, 0x5010, 0x5030, 0x402B,
    0x1004, 0x5811, 0x5030, 0x1806, 0x0000, 0x1802, 0x500C, 0x0802, 0x0000, 0x0000, 0x0000, 0x0000, 0x0000, 0x0000, 0x0000, 0x0000,
    0x0000, 0x0000, 0x0000, 0x0000, 0x0000, 0x0000, 0x0000, 0x0000, 0x0000, 0x0000, 0x0000, 0x0000, 0x0000, 0x0000, 0x0000, 0x0000,
    0x0000, 0x0000, 0x0000, 0x0000, 0x0000, 0x0000, 0x0000, 0x0000, 0x0000, 0x0000, 0x0000, 0x0000, 0x0000, 0x0000, 0x0000, 0x0000,
    0x0000, 0x0000, 0x0000, 0x0000, 0x0000, 0x0000, 0x0000, 0x0000, 0x0062, 0x022D, 0x0083, 0x0000, 0x0000, 0x00A3, 0x2312, 0x1B10,
    0x01E9, 0x0000, 0x0000, 0x0000, 0x0000, 0x0000, 0x0000, 0x0000, 0x0000, 0x0000, 0x0000, 0x0000, 0x0000, 0x0000, 0x0000, 0x0000,
    0x0000, 0x0000, 0x0000, 0x0000, 0x0000, 0x0000, 0x0000, 0x0000, 0x0000, 0x0000, 0x0000, 0x0000, 0x0000, 0x0000, 0x0000, 0x0000,
    0x0000, 0x0000, 0x5808, 0x5808, 0x0000, 0x0000, 0x0000, 0x0000, 0x0000, 0x0000, 0x0000, 0x0000, 0x0000, 0x0000, 0x0000, 0x0000,
    0x0000, 0x0000, 0x900F, 0xA010, 0x600A, 0x0000, 0x900E, 0x900E, 0x880D, 0x3805, 0x0000, 0x0000, 0x0000, 0x0000, 0x0000, 0x0000,
    0x0000, 0x0000, 0x0000, 0x0000, 0x0000, 0x0801, 0x880C, 0x2003, 0x6809, 0x1002, 0x0000, 0x0000, 0x0000, 0x0000, 0x0000, 0x0000,
    0x0000, 0x0000, 0x0000, 0x0000, 0x0000, 0x1002, 0xB011, 0x900F, 0x780B, 0x1002, 0xA810, 0x780B, 0x800C, 0x1802, 0x0000, 0x0000,
    0x0000, 0x0000, 0x0000, 0x0000, 0x0000, 0x0000, 0x0000, 0x0000, 0x0000, 0x700B, 0x4006, 0x0801, 0x880D, 0x0000, 0x0000, 0x0000,
    0x0000, 0x0000, 0x0000, 0x0000, 0x0000, 0x0000, 0x0000, 0x0000, 0x0000, 0x0000, 0x0000, 0x0000, 0x0000, 0x0000, 0x0000, 0x0000,
    0x0000, 0x0000, 0x0000, 0x0000, 0x0000, 0x0000, 0x0000, 0x0001, 0x1806, 0x0000, 0x0000, 0x0000, 0x0000, 0x0000, 0x3806, 0x700B,
    0x0000, 0x9811, 0x0801, 0x0000, 0x0000, 0x0000, 0x0000, 0x0000, 0x0000, 0x1804, 0x7810, 0x1001, 0x0000, 0x0000, 0x0000, 0x0000,
    0x0000, 0x0000, 0x0000, 0x0000, 0x0801, 0x5052, 0x1003, 0x0801, 0x0000, 0x0000, 0x0000, 0x0000, 0x0000, 0x0000, 0x0000, 0x0000,
    0x7813, 0x0821, 0x58D4, 0x2828, 0x0000, 0x0000, 0x0000, 0x0000, 0x0000, 0x0000, 0x0000, 0x8012, 0x7010, 0x9014, 0x3808, 0x0000,
    0x0000, 0x0000, 0x0000, 0x0000, 0x0000, 0x0000, 0x5011, 0x0002, 0x380C, 0x3009, 0x0000, 0x0000, 0x0000, 0x0000, 0x0000, 0x0000,
    0x0000, 0x4851, 0x0801, 0x0021, 0x0822, 0x0000, 0x0000, 0x0000, 0x0000, 0x0000, 0x0000, 0x0000, 0x4872, 0x0000, 0x284A, 0x302B,
    0x0000, 0x0000, 0x0000, 0x0000, 0x0000, 0x0000, 0x0000, 0x0000, 0x0000, 0x0000, 0x0000, 0x0000, 0x0000, 0x0000, 0x0000, 0x0000,
    0x0000, 0x0000, 0x0000, 0x0000, 0x0000, 0x0000, 0x0000, 0x0000, 0x0000, 0x0000, 0x0000, 0x0000, 0x0000, 0x0000, 0x0801, 0x0000,
    0x0000, 0x0000, 0x0001, 0x0000, 0x0000, 0x4009, 0x8010, 0x0801, 0x0000, 0x0000, 0x1002, 0x0801, 0x0000, 0x0000, 0x0000, 0x0000,
    0x0000, 0x0000, 0x0000, 0x0000, 0x0000, 0x0000, 0x0000, 0x0000, 0x0000, 0x0000, 0x0000, 0x0000, 0x0000, 0x0000, 0x0000, 0x0000,
    0x0000, 0x0000, 0x0000, 0x0000, 0x0000, 0x0000, 0x0000, 0x0000, 0x0000, 0x0000, 0x0000, 0x0000, 0x0000, 0x0000, 0x0000, 0x0000,
    0x0021, 0x00C3, 0x0000, 0x0000, 0x0000, 0x0000, 0x0000, 0x0000, 0x0041, 0x0331, 0x01CA, 0x0000, 0x0000, 0x0000, 0x0021, 0x0041,
    0x0000, 0x0000, 0x0000, 0x0000, 0x0000, 0x0000, 0x0000, 0x0000, 0x0000, 0x0000, 0x0000, 0x0000, 0x0000, 0x0000, 0x0000, 0x0000,
    0x0000, 0x0000, 0x0000, 0x0000, 0x0000, 0x0000, 0x0000, 0x0000, 0x0000, 0x0000, 0x0000, 0x0000, 0x0000, 0x0000, 0x0000, 0x0000,
    0x0000, 0x0000, 0x6009, 0x5807, 0x0000, 0x2803, 0x0000, 0x0000, 0x0000, 0x0000, 0x0000, 0x0000, 0x0000, 0x0000, 0x0000, 0x0000,
    0x0000, 0x0000, 0x900F, 0x3805, 0x0801, 0x0000, 0x900F, 0x0800, 0x4807, 0x700B, 0x0000, 0x0000, 0x0000, 0x0000, 0x0000, 0x0000,
    0x0000, 0x0000, 0x0000, 0x0000, 0x0000, 0x0801, 0xA00F, 0x0000, 0xA00F, 0x4006, 0x0000, 0x0000, 0x0000, 0x0000, 0x0000, 0x0000,
    0x0000, 0x0000, 0x0000, 0x0000, 0x0000, 0x1802, 0x980F, 0x1001, 0x800C, 0x4006, 0x900E, 0x0000, 0x900E, 0x3805, 0x0000, 0x0000,
    0x0000, 0x0000, 0x0000, 0x0000, 0x0000, 0x0000, 0x0000, 0x0000, 0x0000, 0x680A, 0x3804, 0x0801, 0x980E, 0x0000, 0x0000, 0x0000,
    0x0000, 0x0000, 0x0000, 0x0000, 0x0000, 0x0000, 0x0000, 0x0000, 0x0000, 0x0000, 0x0000, 0x0000, 0x0000, 0x0000, 0x0000, 0x0000,
    0x0000, 0x0000, 0x0000, 0x0000, 0x0000, 0x0000, 0x0000, 0x0001, 0x1806, 0x0000, 0x0000, 0x0000, 0x0000, 0x0000, 0x3006, 0xA013,
    0x780E, 0x580A, 0x0000, 0x0000, 0x0000, 0x0000, 0x0000, 0x0000, 0x0000, 0x1803, 0x9814, 0x680C, 0x680D, 0x1002, 0x0000, 0x0000,
    0x0000, 0x0000, 0x0000, 0x0000, 0x0802, 0x5831, 0x0000, 0x0000, 0x0000, 0x0000, 0x0000, 0x0000, 0x0000, 0x0000, 0x0000, 0x0000,
    0x380A, 0x602F, 0x6851, 0x1003, 0x0000, 0x0000, 0x0000, 0x0000, 0x0000, 0x0000, 0x0000, 0x7810, 0x0800, 0x580C, 0x4008, 0x0000,
    0x0000, 0x0000, 0x0000, 0x0000, 0x0000, 0x0000, 0x6833, 0x5830, 0x480E, 0x1004, 0x0000, 0x0000, 0x0000, 0x0000, 0x0000, 0x0000,
    0x0000, 0x2049, 0x406F, 0x408F, 0x1023, 0x0000, 0x0000, 0x0000, 0x0000, 0x0000, 0x0000, 0x0000, 0x4872, 0x4070, 0x4070, 0x1004,
    0x0000, 0x0000, 0x0000, 0x0000, 0x0000, 0x0000, 0x0000, 0x0000, 0x0000, 0x0000, 0x0000, 0x0000, 0x0000, 0x0000, 0x0000, 0x0000,
    0x0000, 0x0000, 0x0000, 0x0000, 0x0000, 0x0000, 0x0000, 0x0000, 0x0000, 0x0000, 0x0000, 0x0000, 0x0000, 0x0000, 0x0000, 0x0000,
    0x0000, 0x0000, 0x0000, 0x0000, 0x0000, 0x502B, 0x1002, 0x0000, 0x0000, 0x2004, 0x680E, 0x600D, 0x1002, 0x0000, 0x0000, 0x0000,
    0x0000, 0x0000, 0x0000, 0x0000, 0x0000, 0x0000, 0x0000, 0x0000, 0x0000, 0x0000, 0x0000, 0x0000, 0x0000, 0x0000, 0x0000, 0x0000,
    0x0000, 0x0000, 0x0000, 0x0000, 0x0000, 0x0000, 0x0000, 0x0000, 0x0000, 0x0000, 0x0000, 0x0000, 0x0000, 0x0000, 0x0000, 0x0000,
    0x02AD, 0x032F, 0x0A29, 0x0041, 0x0020, 0x0020, 0x0000, 0x0000, 0x0020, 0x0083, 0x01A9, 0x0020, 0x0000, 0x0000, 0x0000, 0x0000,
    0x0000, 0x0000, 0x0000, 0x0000, 0x0000, 0x0000, 0x0000, 0x0000, 0x0000, 0x0000, 0x0000, 0x0000, 0x0000, 0x0000, 0x0000, 0x0000,
    0x0000, 0x0000, 0x0000, 0x0000, 0x0000, 0x0000, 0x0000, 0x0000, 0x0000, 0x0000, 0x0000, 0x0000, 0x0000, 0x0000, 0x0000, 0x0000,
    0x0000, 0x0000, 0x2804, 0x800C, 0x880D, 0x6008, 0x0000, 0x0000, 0x0000, 0x0000, 0x0000, 0x0000, 0x0000, 0x0000, 0x0000, 0x0000,
    0x0000, 0x0000, 0x9811, 0x882E, 0x780D, 0x2004, 0x780C, 0x900E, 0x880D, 0x3004, 0x0000, 0x0000, 0x0000, 0x0000, 0x0000, 0x0000,
    0x0000, 0x0000, 0x0000, 0x0000, 0x0000, 0x0000, 0x680A, 0x800D, 0x880D, 0x1802, 0x0000, 0x0000, 0x0000, 0x0000, 0x0000, 0x0000,
    0x0000, 0x0000, 0x0000, 0x0000, 0x0000, 0x1002, 0xB811, 0x780C, 0x700B, 0x2003, 0xA810, 0x880D, 0x800D, 0x1802, 0x0000, 0x0000,
    0x0000, 0x0000, 0x0000, 0x0000, 0x0000, 0x0000, 0x0000, 0x0000, 0x0000, 0x700B, 0xA030, 0x880D, 0x5006, 0x0000, 0x0000, 0x0000,
    0x0000, 0x0000, 0x0000, 0x0000, 0x0000, 0x0000, 0x0000, 0x0000, 0x0000, 0x0000, 0x0000, 0x0000, 0x0000, 0x0000, 0x0000, 0x0000,
    0x0000, 0x0000, 0x0000, 0x0000, 0x0000, 0x0000, 0x0000, 0x0001, 0x1806, 0x0000, 0x0000, 0x0000, 0x0000, 0x0000, 0x0000, 0x2804,
    0x3005, 0x0000, 0x0000, 0x0000, 0x0000, 0x0000, 0x0000, 0x0000, 0x0000, 0x0000, 0x2004, 0x3006, 0x3005, 0x0801, 0x0000, 0x0000,
    0x0000, 0x0000, 0x0000, 0x0000, 0x0000, 0x1003, 0x0000, 0x0000, 0x0000, 0x0000, 0x0000, 0x0000, 0x0000, 0x0000, 0x0000, 0x0000,
    0x0000, 0x2806, 0x1003, 0x0000, 0x0000, 0x0000, 0x0000, 0x0000, 0x0000, 0x0000, 0x0000, 0x1002, 0x0000, 0x1002, 0x0801, 0x0000,
    0x0000, 0x0000, 0x0000, 0x0000, 0x0000, 0x0000, 0x1003, 0x2807, 0x0802, 0x0000, 0x0000, 0x0000, 0x0000, 0x0000, 0x0000, 0x0000,
    0x0000, 0x0000, 0x1826, 0x0803, 0x0000, 0x0000, 0x0000, 0x0000, 0x0000, 0x0000, 0x0000, 0x0000, 0x0803, 0x1826, 0x0803, 0x0000,
    0x0000, 0x0000, 0x0000, 0x0000, 0x0000, 0x0000, 0x0000, 0x0000, 0x0000, 0x0000, 0x0000, 0x0000, 0x0000, 0x0000, 0x0000, 0x0000,
    0x0000, 0x0000, 0x0000, 0x0000, 0x0000, 0x0000, 0x0000, 0x0000, 0x0000, 0x0000, 0x0000, 0x0000, 0x0000, 0x0000, 0x0000, 0x0000,
    0x0000, 0x0000, 0x0000, 0x0000, 0x2805, 0x480A, 0x0000, 0x0000, 0x0000, 0x500B, 0x2005, 0x0801, 0x400A, 0x7011, 0x500E, 0x2005,
    0x0000, 0x0000, 0x0000, 0x0000, 0x0000, 0x0000, 0x0000, 0x0000, 0x0000, 0x0000, 0x0000, 0x0000, 0x0000, 0x0000, 0x0000, 0x0000,
    0x0000, 0x0000, 0x0000, 0x0000, 0x0000, 0x0000, 0x0000, 0x0000, 0x0000, 0x0000, 0x0000, 0x0000, 0x0000, 0x0000, 0x0000, 0x0000,
    0x030E, 0x02AC, 0x022A, 0x02EC, 0x0411, 0x034F, 0x00E4, 0x0000, 0x0000, 0x0000, 0x0168, 0x0106, 0x0000, 0x0000, 0x0000, 0x0000,
    0x0000, 0x0000, 0x0000, 0x0000, 0x0000, 0x0000, 0x0000, 0x0000, 0x0000, 0x0000, 0x0000, 0x0000, 0x0000, 0x0000, 0x0000, 0x0000,
    0x0000, 0x0000, 0x0000, 0x0000, 0x0000, 0x0000, 0x0000, 0x0000, 0x0000, 0x0000, 0x0000, 0x0000, 0x0000, 0x0000, 0x0000, 0x0000,
    0x0000, 0x0000, 0x0000, 0x2003, 0x3805, 0x0000, 0x0000, 0x0000, 0x0000, 0x0000, 0x0000, 0x0000, 0x0000, 0x0000, 0x0000, 0x0000,
    0x0000, 0x0000, 0x1803, 0x3805, 0x3806, 0x1001, 0x1001, 0x3805, 0x2003, 0x0000, 0x0000, 0x0000, 0x0000, 0x0000, 0x0000, 0x0000,
    0x0000, 0x0000, 0x0000, 0x0000, 0x0000, 0x0000, 0x0000, 0x3806, 0x1802, 0x0000, 0x0000, 0x0000, 0x0000, 0x0000, 0x0000, 0x0000,
    0x0000, 0x0000, 0x0000, 0x0000, 0x0000, 0x0000, 0x2803, 0x3805, 0x0801, 0x0000, 0x2003, 0x3805, 0x1001, 0x0000, 0x0000, 0x0000,
    0x0000, 0x0000, 0x0000, 0x0000, 0x0000, 0x0000, 0x0000, 0x0000, 0x0000, 0x1001, 0x3805, 0x2804, 0x0000, 0x0000, 0x0000, 0x0000,
    0x0000, 0x0000, 0x0000, 0x0000, 0x0000, 0x0000, 0x0000, 0x0000, 0x0000, 0x0000, 0x0000, 0x0000, 0x0000, 0x0000, 0x0000, 0x0000,
    0x0000, 0x0000, 0x0000, 0x0000, 0x0000, 0x0000, 0x0000, 0x0001, 0x1806, 0x0000, 0x0000, 0x0000, 0x0000, 0x0000, 0x0000, 0x0000,
    0x0000, 0x0000, 0x0000, 0x0000, 0x0000, 0x0000, 0x0000, 0x0000, 0x0000, 0x0000, 0x0000, 0x0000, 0x0000, 0x0000, 0x0000, 0x0000,
    0x0000, 0x0000, 0x0000, 0x0000, 0x0000, 0x0000, 0x0000, 0x0000, 0x0000, 0x0000, 0x0000, 0x0000, 0x0000, 0x0000, 0x0000, 0x0000,
    0x0000, 0x0000, 0x0000, 0x0000, 0x0000, 0x0000, 0x0000, 0x0000, 0x0000, 0x0000, 0x0000, 0x0000, 0x0000, 0x0000, 0x0000, 0x0000,
    0x0000, 0x0000, 0x0000, 0x0000, 0x0000, 0x0000, 0x0000, 0x0000, 0x0000, 0x0000, 0x0000, 0x0000, 0x0000, 0x0000, 0x0000, 0x0000,
    0x0000, 0x0000, 0x0000, 0x0000, 0x0000, 0x0000, 0x0000, 0x0000, 0x0000, 0x0000, 0x0000, 0x0000, 0x0000, 0x0000, 0x0000, 0x0000,
    0x0000, 0x0000, 0x0000, 0x0000, 0x0000, 0x0000, 0x0000, 0x0000, 0x0000, 0x0000, 0x0000, 0x0000, 0x0000, 0x0000, 0x0000, 0x0000,
    0x0000, 0x0000, 0x0000, 0x0000, 0x0000, 0x0000, 0x0000, 0x0000, 0x0000, 0x0000, 0x0000, 0x0000, 0x0000, 0x0000, 0x0000, 0x0000,
    0x0000, 0x0000, 0x0000, 0x0000, 0x480B, 0x1003, 0x0000, 0x0000, 0x0000, 0x500B, 0x2005, 0x0801, 0x400A, 0x580E, 0x500E, 0x480B,
    0x0000, 0x0000, 0x0000, 0x0000, 0x0000, 0x0000, 0x0000, 0x0000, 0x0000, 0x0000, 0x0000, 0x0000, 0x0000, 0x0000, 0x0000, 0x0000,
    0x0000, 0x0000, 0x0000, 0x0000, 0x0000, 0x0000, 0x0000, 0x0000, 0x0000, 0x0000, 0x0000, 0x0000, 0x0000, 0x0000, 0x0000, 0x0000,
    0x02ED, 0x022A, 0x028B, 0x02CC, 0x034E, 0x030D, 0x026A, 0x0000, 0x0000, 0x0000, 0x0062, 0x09AA, 0x0000, 0x0000, 0x0000, 0x0000,
    0x0000, 0x0000, 0x0000, 0x0000, 0x0000, 0x0000, 0x0000, 0x0000, 0x0000, 0x0000, 0x0000, 0x0000, 0x0000, 0x0000, 0x0000, 0x0000,
    0x0000, 0x0000, 0x0000, 0x0000, 0x0000, 0x0000, 0x0000, 0x0000, 0x0000, 0x0000, 0x0000, 0x0000, 0x0000, 0x0000, 0x0000, 0x0000,
    0x0000, 0x0000, 0x0000, 0x0000, 0x0000, 0x0000, 0x0000, 0x0000, 0x0000, 0x0000, 0x0000, 0x0000, 0x0000, 0x0000, 0x0000, 0x0000,
    0x0000, 0x0000, 0x0000, 0x0000, 0x0000, 0x0000, 0x0000, 0x0000, 0x0000, 0x0000, 0x0000, 0x0000, 0x0000, 0x0000, 0x0000, 0x0000,
    0x0000, 0x0000, 0x0000, 0x0000, 0x0000, 0x0000, 0x0000, 0x0000, 0x0000, 0x0000, 0x0000, 0x0000, 0x0000, 0x0000, 0x0000, 0x0000,
    0x0000, 0x0000, 0x0000, 0x0000, 0x0000, 0x0000, 0x0000, 0x0000, 0x0000, 0x0000, 0x0000, 0x0000, 0x0000, 0x0000, 0x0000, 0x0000,
    0x0000, 0x0000, 0x0000, 0x0000, 0x0000, 0x0000, 0x0000, 0x0000, 0x0000, 0x0000, 0x0000, 0x0000, 0x0000, 0x0000, 0x0000, 0x0000,
    0x0000, 0x0000, 0x0000, 0x0000, 0x0000, 0x0000, 0x0000, 0x0000, 0x0000, 0x0000, 0x0000, 0x0000, 0x0000, 0x0000, 0x0000, 0x0000,
    0x0000, 0x0000, 0x0000, 0x0000, 0x0000, 0x0000, 0x0000, 0x0001, 0x1806, 0x0000, 0x0000, 0x0000, 0x0000, 0x0000, 0x0000, 0x0000,
    0x0000, 0x0000, 0x0000, 0x0000, 0x0000, 0x0000, 0x0000, 0x0000, 0x0000, 0x0000, 0x0000, 0x0000, 0x0000, 0x0000, 0x0000, 0x0000,
    0x0000, 0x0000, 0x0000, 0x0000, 0x0000, 0x0000, 0x0000, 0x0000, 0x0000, 0x0000, 0x0000, 0x0000, 0x0000, 0x0000, 0x0000, 0x0000,
    0x0000, 0x0000, 0x0000, 0x0000, 0x0000, 0x0000, 0x0000, 0x0000, 0x0000, 0x0000, 0x0000, 0x0000, 0x0000, 0x0000, 0x0000, 0x0000,
    0x0000, 0x0000, 0x0000, 0x0000, 0x0000, 0x0000, 0x0000, 0x0000, 0x0000, 0x0000, 0x0000, 0x0000, 0x0000, 0x0000, 0x0000, 0x0000,
    0x0000, 0x0000, 0x0000, 0x0000, 0x0000, 0x0000, 0x0000, 0x0000, 0x0000, 0x0000, 0x0000, 0x0000, 0x0000, 0x0000, 0x0000, 0x0000,
    0x0000, 0x0000, 0x0000, 0x0000, 0x0000, 0x0000, 0x0000, 0x0000, 0x0000, 0x0000, 0x0000, 0x0000, 0x0000, 0x0000, 0x0000, 0x0000,
    0x0000, 0x0000, 0x0000, 0x0000, 0x0000, 0x0000, 0x0000, 0x0000, 0x0000, 0x0000, 0x0000, 0x0000, 0x0000, 0x0000, 0x0000, 0x0000,
    0x0000, 0x0000, 0x0000, 0x1803, 0x500B, 0x0000, 0x0000, 0x0000, 0x0000, 0x1804, 0x602C, 0x502A, 0x3008, 0x380A, 0x380A, 0x3809,
    0x0000, 0x0000, 0x0000, 0x0000, 0x0000, 0x0000, 0x0000, 0x0000, 0x0000, 0x0000, 0x0000, 0x0000, 0x0000, 0x0000, 0x0000, 0x0000,
    0x0000, 0x0000, 0x0000, 0x0000, 0x0000, 0x0000, 0x0000, 0x0000, 0x0000, 0x0000, 0x0000, 0x0000, 0x0000, 0x0000, 0x0000, 0x0000,
    0x028C, 0x030E, 0x01C8, 0x01C8, 0x0229, 0x0229, 0x0208, 0x0000, 0x0000, 0x0000, 0x0000, 0x09CA, 0x0062, 0x0000, 0x0000, 0x0000,
    0x0000, 0x0000, 0x0000, 0x0000, 0x0000, 0x0000, 0x0000, 0x0000, 0x0000, 0x0000, 0x0000, 0x0000, 0x0000, 0x0000, 0x0000, 0x0000,
    0x0000, 0x0000, 0x0000, 0x0000, 0x0000, 0x0000, 0x0000, 0x0000, 0x0000, 0x0000, 0x0000, 0x0000, 0x0000, 0x0000, 0x0000, 0x0000,
    0x0000, 0x0000, 0x0000, 0x0000, 0x0000, 0x0000, 0x0000, 0x0000, 0x0000, 0x0000, 0x0000, 0x0000, 0x0000, 0x0000, 0x0000, 0x0000,
    0x0000, 0x0000, 0x0000, 0x0000, 0x0000, 0x0000, 0x0000, 0x0000, 0x0000, 0x0000, 0x0000, 0x0000, 0x0000, 0x0000, 0x0000, 0x0000,
    0x0000, 0x0000, 0x0000, 0x0000, 0x0000, 0x0000, 0x0000, 0x0000, 0x0000, 0x0000, 0x0000, 0x0000, 0x0000, 0x0000, 0x0000, 0x0000,
    0x0000, 0x0000, 0x0000, 0x0000, 0x0000, 0x0000, 0x0000, 0x0000, 0x0000, 0x0000, 0x0000, 0x0000, 0x0000, 0x0000, 0x0000, 0x0000,
    0x0000, 0x0000, 0x0000, 0x0000, 0x0000, 0x0000, 0x0000, 0x0000, 0x0000, 0x0000, 0x0000, 0x0000, 0x0000, 0x0000, 0x0000, 0x0000,
    0x0000, 0x0000, 0x0000, 0x0000, 0x0000, 0x0000, 0x0000, 0x0000, 0x0000, 0x0000, 0x0000, 0x0000, 0x0000, 0x0000, 0x0000, 0x0000,
    0x0000, 0x0000, 0x0000, 0x0000, 0x0000, 0x0000, 0x0000, 0x0001, 0x1806, 0x0000, 0x0000, 0x0000, 0x0000, 0x0000, 0x0000, 0x0000,
    0x0000, 0x0000, 0x0000, 0x0000, 0x0000, 0x0000, 0x0000, 0x0000, 0x0000, 0x0000, 0x0000, 0x0000, 0x0000, 0x0000, 0x0000, 0x0000,
    0x0000, 0x0000, 0x0000, 0x0000, 0x0000, 0x0000, 0x0000, 0x0000, 0x0000, 0x0000, 0x0000, 0x0000, 0x0000, 0x0000, 0x0000, 0x0000,
    0x0000, 0x0000, 0x0000, 0x0000, 0x0000, 0x0000, 0x0000, 0x0000, 0x0000, 0x0000, 0x0000, 0x0000, 0x0000, 0x0000, 0x0000, 0x0000,
    0x0000, 0x0000, 0x0000, 0x0000, 0x0000, 0x0000, 0x0000, 0x0000, 0x0000, 0x0000, 0x0000, 0x0000, 0x0000, 0x0000, 0x0000, 0x0000,
    0x0000, 0x0000, 0x0000, 0x0000, 0x0000, 0x0000, 0x0000, 0x0000, 0x0000, 0x0000, 0x0000, 0x0000, 0x0000, 0x0000, 0x0000, 0x0000,
    0x0000, 0x0000, 0x0000, 0x0000, 0x0000, 0x0000, 0x0000, 0x0000, 0x0000, 0x0000, 0x0000, 0x0000, 0x0000, 0x0000, 0x0000, 0x0000,
    0x0000, 0x0000, 0x0000, 0x0000, 0x0000, 0x0000, 0x0000, 0x0000, 0x0000, 0x0000, 0x0000, 0x0000, 0x0000, 0x0000, 0x0000, 0x0000,
    0x0000, 0x0000, 0x0000, 0x3808, 0x2806, 0x0000, 0x0000, 0x0000, 0x0000, 0x0000, 0x0802, 0x0000, 0x0000, 0x0000, 0x0000, 0x0000,
    0x0000, 0x0000, 0x0000, 0x0000, 0x0000, 0x0000, 0x0000, 0x0000, 0x0000, 0x0000, 0x0000, 0x0000, 0x0000, 0x0000, 0x0000, 0x0000,
    0x0000, 0x0000, 0x0000, 0x0000, 0x0000, 0x0000, 0x0000, 0x0000, 0x0000, 0x0000, 0x0000, 0x0000, 0x0000, 0x0000, 0x0000, 0x0000,
    0x0020, 0x0082, 0x0000, 0x0000, 0x0000, 0x0000, 0x0000, 0x0000, 0x0000, 0x0000, 0x0000, 0x00A4, 0x0947, 0x0000, 0x0000, 0x0000,
    0x0000, 0x0000, 0x0000, 0x0000, 0x0000, 0x0000, 0x0000, 0x0000, 0x0000, 0x0000, 0x0000, 0x0000, 0x0000, 0x0000, 0x0000, 0x0000,
    0x0000, 0x0000, 0x0000, 0x0000, 0x0000, 0x0000, 0x0000, 0x0000, 0x0000, 0x0000, 0x0000, 0x0000, 0x0000, 0x0000, 0x0000, 0x0000,
    0x0000, 0x0000, 0x0000, 0x0000, 0x0000, 0x0000, 0x0000, 0x0000, 0x0000, 0x0000, 0x0000, 0x0000, 0x0000, 0x0000, 0x0000, 0x0000,
    0x0000, 0x0000, 0x0000, 0x0000, 0x0000, 0x0000, 0x0000, 0x0000, 0x0000, 0x0000, 0x0000, 0x0000, 0x0000, 0x0000, 0x0000, 0x0000,
    0x0000, 0x0000, 0x0000, 0x0000, 0x0000, 0x0000, 0x0000, 0x0000, 0x0000, 0x0000, 0x0000, 0x0000, 0x0000, 0x0000, 0x0000, 0x0000,
    0x0000, 0x0000, 0x0000, 0x0000, 0x0000, 0x0000, 0x0000, 0x0000, 0x0000, 0x0000, 0x0000, 0x0000, 0x0000, 0x0000, 0x0000, 0x0000,
    0x0000, 0x0000, 0x0000, 0x0000, 0x0000, 0x0000, 0x0000, 0x0000, 0x0000, 0x0000, 0x0000, 0x0000, 0x0000, 0x0000, 0x0000, 0x0000,
    0x0000, 0x0000, 0x0000, 0x0000, 0x0000, 0x0000, 0x0000, 0x0000, 0x0000, 0x0000, 0x0000, 0x0000, 0x0000, 0x0000, 0x0000, 0x0000,
    0x0000, 0x0000, 0x0000, 0x0000, 0x0000, 0x0000, 0x0000, 0x0001, 0x1805, 0x0000, 0x0000, 0x0000, 0x0000, 0x0000, 0x0000, 0x0061,
    0x0165, 0x0000, 0x0000, 0x0000, 0x0000, 0x0000, 0x0000, 0x0000, 0x0000, 0x0000, 0x00C4, 0x00C4, 0x00A4, 0x0000, 0x0000, 0x0000,
    0x0000, 0x0000, 0x0062, 0x00A3, 0x0000, 0x0187, 0x0146, 0x0166, 0x0126, 0x0167, 0x0041, 0x0000, 0x0000, 0x0000, 0x0020, 0x01C8,
    0x0146, 0x0104, 0x0020, 0x00E3, 0x0082, 0x0000, 0x0000, 0x0000, 0x0000, 0x0000, 0x0000, 0x0000, 0x0000, 0x0000, 0x0000, 0x0000,
    0x0000, 0x0000, 0x0000, 0x0000, 0x0000, 0x0000, 0x0000, 0x0000, 0x0020, 0x0125, 0x0000, 0x0000, 0x0000, 0x0000, 0x0082, 0x0061,
    0x0061, 0x0124, 0x0061, 0x01A6, 0x01E7, 0x0185, 0x01C7, 0x0000, 0x0000, 0x0000, 0x0000, 0x0000, 0x0000, 0x01A6, 0x00A2, 0x0000,
    0x0000, 0x0000, 0x0000, 0x0000, 0x0000, 0x0000, 0x0000, 0x0000, 0x0000, 0x0000, 0x0000, 0x0000, 0x0000, 0x0000, 0x0000, 0x0000,
    0x0000, 0x0000, 0x0000, 0x0000, 0x0000, 0x0000, 0x0000, 0x0000, 0x0000, 0x0000, 0x0000, 0x0000, 0x0000, 0x0000, 0x0000, 0x0000,
    0x0000, 0x0000, 0x0000, 0x480A, 0x0801, 0x0000, 0x0000, 0x0000, 0x0000, 0x0000, 0x0000, 0x0000, 0x0000, 0x0000, 0x0000, 0x0000,
    0x0000, 0x0000, 0x0000, 0x0000, 0x0000, 0x0000, 0x0000, 0x0000, 0x0000, 0x0000, 0x0000, 0x0000, 0x0000, 0x0000, 0x0000, 0x0000,
    0x0000, 0x0000, 0x0000, 0x0000, 0x0000, 0x0000, 0x0000, 0x0000, 0x0000, 0x0000, 0x0000, 0x0000, 0x0000, 0x0000, 0x0000, 0x0000,
    0x0000, 0x0000, 0x0000, 0x0000, 0x0000, 0x0000, 0x0000, 0x0000, 0x0000, 0x0000, 0x0000, 0x0062, 0x01EB, 0x0000, 0x0000, 0x0000,
    0x0000, 0x0000, 0x0000, 0x0000, 0x0000, 0x0000, 0x0000, 0x0000, 0x0000, 0x0000, 0x0000, 0x0000, 0x0000, 0x0000, 0x0000, 0x0000,
    0x0000, 0x0000, 0x0000, 0x0000, 0x0000, 0x0000, 0x0000, 0x0000, 0x0000, 0x0000, 0x0000, 0x0000, 0x0000, 0x0000, 0x0000, 0x0000,
    0x0000, 0x0000, 0x0000, 0x0000, 0x0000, 0x0000, 0x0000, 0x0000, 0x0000, 0x0000, 0x0000, 0x0000, 0x0000, 0x0000, 0x0000, 0x0000,
    0x0000, 0x0000, 0x0000, 0x0000, 0x0000, 0x0000, 0x0000, 0x0000, 0x0000, 0x0000, 0x0000, 0x0000, 0x0000, 0x0000, 0x0000, 0x0000,
    0x0000, 0x0000, 0x0000, 0x0000, 0x0000, 0x0000, 0x0000, 0x0000, 0x0000, 0x0000, 0x0000, 0x0000, 0x0000, 0x0000, 0x0000, 0x0000,
    0x0000, 0x0000, 0x0000, 0x0000, 0x0000, 0x0000, 0x0000, 0x0000, 0x0000, 0x0000, 0x0000, 0x0000, 0x0000, 0x0000, 0x0000, 0x0000,
    0x0000, 0x0000, 0x0000, 0x0000, 0x0000, 0x0000, 0x0000, 0x0000, 0x0000, 0x0000, 0x0000, 0x0000, 0x0000, 0x0000, 0x0000, 0x0000,
    0x0000, 0x0000, 0x0000, 0x0000, 0x0000, 0x0000, 0x0000, 0x0000, 0x0000, 0x0000, 0x0000, 0x0000, 0x0000, 0x0000, 0x0000, 0x0000,
    0x0000, 0x0000, 0x0000, 0x0000, 0x0000, 0x0000, 0x0000, 0x0001, 0x1805, 0x0000, 0x0000, 0x0000, 0x0000, 0x0000, 0x0000, 0x00A2,
    0x0228, 0x0000, 0x0000, 0x0000, 0x0000, 0x0000, 0x0000, 0x0000, 0x0000, 0x0000, 0x0146, 0x0147, 0x0126, 0x0000, 0x0000, 0x0000,
    0x0000, 0x0000, 0x00E4, 0x0187, 0x0000, 0x03D2, 0x028C, 0x0370, 0x022A, 0x0BB3, 0x0062, 0x0000, 0x0000, 0x0000, 0x0021, 0x0434,
    0x02AD, 0x03D0, 0x0041, 0x036D, 0x0249, 0x0000, 0x0000, 0x0000, 0x0000, 0x0000, 0x0000, 0x0000, 0x0000, 0x0000, 0x0000, 0x0000,
    0x0000, 0x0000, 0x0000, 0x0000, 0x0000, 0x0000, 0x0000, 0x0000, 0x0041, 0x01E9, 0x0000, 0x0000, 0x0000, 0x0000, 0x01E8, 0x0104,
    0x0186, 0x0450, 0x0145, 0x04D2, 0x04F2, 0x03EE, 0x0491, 0x0000, 0x0000, 0x0000, 0x0000, 0x0000, 0x0000, 0x02AA, 0x0103, 0x0000,
    0x0000, 0x0000, 0x0000, 0x0000, 0x0000, 0x0000, 0x0000, 0x0000, 0x0000, 0x0000, 0x0000, 0x0000, 0x0000, 0x0000, 0x0000, 0x0000,
    0x0000, 0x0000, 0x0000, 0x0000, 0x0000, 0x0000, 0x0000, 0x0000, 0x0000, 0x0000, 0x0000, 0x0000, 0x0000, 0x0000, 0x0000, 0x0000,
    0x0000, 0x0000, 0x1002, 0x4809, 0x0000, 0x0000, 0x0000, 0x0000, 0x0000, 0x0000, 0x0000, 0x0000, 0x0000, 0x0000, 0x0000, 0x0000,
    0x0000, 0x0000, 0x0000, 0x0000, 0x0000, 0x0000, 0x0000, 0x0000, 0x0000, 0x0000, 0x0000, 0x0000, 0x0000, 0x0000, 0x0000, 0x0000,
    0x0000, 0x0000, 0x0000, 0x0000, 0x0000, 0x0000, 0x0000, 0x0000, 0x0000, 0x0000, 0x0000, 0x0000, 0x0000, 0x0000, 0x0000, 0x0000,
    0x0000, 0x0000, 0x0000, 0x0000, 0x0000, 0x0000, 0x0000, 0x0000, 0x0000, 0x0000, 0x0000, 0x0000, 0x01CA, 0x0083, 0x0000, 0x0000,
    0x0000, 0x0000, 0x0000, 0x0000, 0x0000, 0x0000, 0x0000, 0x0000, 0x0000, 0x0000, 0x0000, 0x0000, 0x0000, 0x0000, 0x0000, 0x0000,
    0x0000, 0x0000, 0x0000, 0x0000, 0x0000, 0x0000, 0x0000, 0x0000, 0x0000, 0x0000, 0x0000, 0x0000, 0x0000, 0x0000, 0x0000, 0x0000,
    0x0000, 0x0000, 0x0000, 0x08A4, 0x1169, 0x0000, 0x0000, 0x0000, 0x0000, 0x0000, 0x0000, 0x0000, 0x0000, 0x0000, 0x0000, 0x0000,
    0x0000, 0x0000, 0x00C4, 0x00E4, 0x0000, 0x0020, 0x028A, 0x03CE, 0x0104, 0x0000, 0x0000, 0x0000, 0x0000, 0x0000, 0x0000, 0x0000,
    0x0000, 0x0000, 0x0000, 0x0000, 0x0000, 0x0020, 0x03AD, 0x040F, 0x03CF, 0x00A2, 0x0000, 0x0000, 0x0000, 0x0000, 0x0000, 0x0000,
    0x0000, 0x0000, 0x0000, 0x0000, 0x0000, 0x0000, 0x0062, 0x0105, 0x0000, 0x00E3, 0x03CE, 0x03CE, 0x02AA, 0x0000, 0x0000, 0x0000,
    0x0000, 0x0000, 0x0000, 0x0000, 0x0000, 0x0000, 0x0000, 0x0000, 0x0000, 0x0020, 0x032B, 0x03EE, 0x00A2, 0x0000, 0x0000, 0x0000,
    0x0000, 0x0000, 0x0000, 0x0000, 0x0000, 0x0000, 0x0000, 0x0000, 0x0000, 0x0000, 0x0000, 0x0000, 0x0000, 0x0000, 0x0000, 0x0000,
    0x0000, 0x0000, 0x0000, 0x0000, 0x0000, 0x0000, 0x0000, 0x0001, 0x1805, 0x0000, 0x0000, 0x0000, 0x0000, 0x0000, 0x0000, 0x0165,
    0x03CE, 0x0000, 0x0000, 0x0000, 0x0000, 0x0000, 0x0000, 0x0000, 0x0000, 0x0000, 0x09AA, 0x09AA, 0x09A9, 0x0000, 0x0000, 0x0000,
    0x0000, 0x0000, 0x00C4, 0x02AC, 0x0062, 0x0A6B, 0x0125, 0x0209, 0x00A3, 0x0A4C, 0x0000, 0x0000, 0x0000, 0x0000, 0x0000, 0x026B,
    0x0125, 0x02EB, 0x0125, 0x032D, 0x0186, 0x0000, 0x0000, 0x0000, 0x0000, 0x0000, 0x0000, 0x0B4E, 0x0041, 0x0A2A, 0x01A7, 0x0000,
    0x0000, 0x0000, 0x0000, 0x0000, 0x0000, 0x01C8, 0x0208, 0x0082, 0x0A6B, 0x1188, 0x0000, 0x0000, 0x0000, 0x0000, 0x0186, 0x026A,
    0x0186, 0x03EF, 0x0165, 0x038D, 0x034B, 0x0289, 0x030B, 0x0000, 0x0020, 0x0000, 0x0000, 0x0000, 0x0000, 0x036D, 0x0165, 0x0000,
    0x0000, 0x0000, 0x0000, 0x0000, 0x0000, 0x0000, 0x0000, 0x0000, 0x0000, 0x0000, 0x0000, 0x0000, 0x0000, 0x0000, 0x0000, 0x0000,
    0x0000, 0x0000, 0x0000, 0x0000, 0x0000, 0x0000, 0x0000, 0x0000, 0x0000, 0x0000, 0x0000, 0x0000, 0x0000, 0x0000, 0x0000, 0x0000,
    0x0000, 0x0000, 0x2004, 0x4008, 0x0000, 0x0000, 0x0000, 0x0000, 0x0000, 0x0000, 0x0000, 0x0000, 0x0000, 0x0000, 0x0000, 0x0000,
    0x0000, 0x0000, 0x0000, 0x0000, 0x0000, 0x0000, 0x0000, 0x0000, 0x0000, 0x0000, 0x0000, 0x0000, 0x0000, 0x0000, 0x0000, 0x0000,
    0x0000, 0x0000, 0x0000, 0x0000, 0x0000, 0x0000, 0x0000, 0x0000, 0x0000, 0x0000, 0x0000, 0x0000, 0x0000, 0x0000, 0x0000, 0x0000,
    0x0000, 0x0000, 0x0000, 0x0000, 0x0000, 0x0000, 0x0000, 0x0000, 0x0000, 0x0000, 0x0000, 0x0000, 0x01A9, 0x00C4, 0x0000, 0x0000,
    0x0000, 0x0000, 0x0000, 0x0000, 0x0000, 0x0000, 0x0000, 0x0000, 0x0000, 0x0000, 0x0000, 0x0000, 0x0000, 0x0000, 0x0000, 0x0000,
    0x0000, 0x0000, 0x0000, 0x0000, 0x0000, 0x0000, 0x0000, 0x0000, 0x0000, 0x0000, 0x0000, 0x0000, 0x0000, 0x0000, 0x0000, 0x0000,
    0x0000, 0x0000, 0x0000, 0x120B, 0x2270, 0x0000, 0x0000, 0x0000, 0x0000, 0x0000, 0x0000, 0x0000, 0x0000, 0x0000, 0x0000, 0x0000,
    0x0000, 0x0000, 0x0146, 0x0146, 0x0000, 0x00C3, 0x0228, 0x0145, 0x03B0, 0x0020, 0x0000, 0x0000, 0x0000, 0x0000, 0x0000, 0x0000,
    0x0000, 0x0000, 0x0000, 0x0000, 0x0000, 0x0061, 0x0533, 0x0228, 0x0185, 0x0020, 0x0000, 0x0000, 0x0000, 0x0000, 0x0000, 0x0000,
    0x0000, 0x0000, 0x0000, 0x0000, 0x0000, 0x0000, 0x00C3, 0x01C9, 0x0000, 0x0041, 0x0124, 0x0207, 0x0410, 0x0000, 0x0000, 0x0000,
    0x0000, 0x0000, 0x0000, 0x0000, 0x0000, 0x0000, 0x0000, 0x0000, 0x0000, 0x036C, 0x034B, 0x0186, 0x0430, 0x0000, 0x0000, 0x0000,
    0x0000, 0x0000, 0x0000, 0x0000, 0x0000, 0x0000, 0x0000, 0x0000, 0x0000, 0x0000, 0x0000, 0x0000, 0x0000, 0x0000, 0x0000, 0x0000,
    0x0000, 0x0000, 0x0000, 0x0000, 0x0000, 0x0000, 0x0000, 0x0001, 0x1805, 0x0000, 0x0000, 0x0000, 0x0000, 0x0000, 0x0000, 0x0124,
    0x0471, 0x0000, 0x0000, 0x0000, 0x0000, 0x0000, 0x0000, 0x0000, 0x0000, 0x0000, 0x126E, 0x122C, 0x0A2C, 0x0000, 0x0000, 0x0000,
    0x0000, 0x0000, 0x00E4, 0x02CD, 0x01A9, 0x0A4B, 0x0105, 0x0A0A, 0x00C3, 0x126D, 0x0000, 0x0000, 0x0000, 0x0000, 0x0000, 0x0A4A,
    0x0125, 0x0124, 0x038F, 0x02EC, 0x0000, 0x0000, 0x0000, 0x0000, 0x0000, 0x0000, 0x0000, 0x028C, 0x01E8, 0x02CD, 0x0125, 0x0000,
    0x0000, 0x0000, 0x0000, 0x0000, 0x0000, 0x0166, 0x02CC, 0x01A8, 0x0A2A, 0x126D, 0x0020, 0x0000, 0x0000, 0x0000, 0x00E4, 0x02EC,
    0x02EB, 0x038D, 0x0430, 0x01A6, 0x032C, 0x0248, 0x032B, 0x0000, 0x0020, 0x0000, 0x0000, 0x0000, 0x0000, 0x03EE, 0x01C7, 0x0000,
    0x0000, 0x0000, 0x0000, 0x0000, 0x0000, 0x0000, 0x0000, 0x0000, 0x0000, 0x0000, 0x0000, 0x0000, 0x0000, 0x0000, 0x0000, 0x0000,
    0x0000, 0x0000, 0x0000, 0x0000, 0x0000, 0x0000, 0x0000, 0x0000, 0x0000, 0x0000, 0x0000, 0x0000, 0x0000, 0x0000, 0x0000, 0x0000,
    0x0000, 0x0000, 0x4808, 0x1002, 0x0000, 0x0000, 0x0000, 0x0000, 0x0000, 0x0000, 0x0000, 0x0000, 0x0000, 0x0000, 0x0000, 0x0000,
    0x0000, 0x0000, 0x0000, 0x0000, 0x0000, 0x0000, 0x0000, 0x0000, 0x0000, 0x0000, 0x0000, 0x0000, 0x0000, 0x0000, 0x0000, 0x0000,
    0x0000, 0x0000, 0x0000, 0x0000, 0x0000, 0x0000, 0x0000, 0x0000, 0x0000, 0x0000, 0x0000, 0x0000, 0x0000, 0x0000, 0x0000, 0x0000,
    0x0000, 0x0000, 0x0000, 0x0000, 0x0000, 0x0000, 0x0000, 0x0000, 0x0000, 0x0000, 0x0000, 0x0000, 0x0063, 0x1949, 0x0000, 0x0000,
    0x0000, 0x0000, 0x0000, 0x0000, 0x0000, 0x0000, 0x0000, 0x0000, 0x0000, 0x0000, 0x0000, 0x0000, 0x0000, 0x0000, 0x0000, 0x0000,
    0x0000, 0x0000, 0x0000, 0x0000, 0x0000, 0x0000, 0x0000, 0x0000, 0x0000, 0x0000, 0x0000, 0x0000, 0x0000, 0x0000, 0x0000, 0x0000,
    0x0000, 0x0000, 0x0000, 0x0863, 0x21ED, 0x0000, 0x0000, 0x0000, 0x0000, 0x0000, 0x0000, 0x0000, 0x0000, 0x0000, 0x0000, 0x0000,
    0x0000, 0x0000, 0x0105, 0x0B2E, 0x09E8, 0x0820, 0x0000, 0x030C, 0x0229, 0x0000, 0x0000, 0x0000, 0x0000, 0x0000, 0x0000, 0x0000,
    0x0000, 0x0000, 0x0000, 0x0000, 0x0000, 0x0020, 0x032C, 0x03AD, 0x034C, 0x0061, 0x0000, 0x0000, 0x0000, 0x0000, 0x0000, 0x0000,
    0x0000, 0x0000, 0x0000, 0x0000, 0x0000, 0x0000, 0x0083, 0x034F, 0x0209, 0x0041, 0x0000, 0x02CB, 0x0144, 0x0000, 0x0000, 0x0000,
    0x0000, 0x0000, 0x0000, 0x0000, 0x0000, 0x0000, 0x0000, 0x0000, 0x0000, 0x0186, 0x03AD, 0x03AE, 0x04D2, 0x0000, 0x0000, 0x0000,
    0x0000, 0x0000, 0x0000, 0x0000, 0x0000, 0x0000, 0x0000, 0x0000, 0x0000, 0x0000, 0x0000, 0x0000, 0x0000, 0x0000, 0x0000, 0x0000,
    0x0000, 0x0000, 0x0000, 0x0000, 0x0000, 0x0000, 0x0000, 0x0001, 0x1805, 0x0000, 0x0000, 0x0000, 0x0000, 0x0000, 0x0000, 0x01A6,
    0x0595, 0x0041, 0x0000, 0x0000, 0x0000, 0x0000, 0x0000, 0x0000, 0x0000, 0x0000, 0x124D, 0x120C, 0x0A0B, 0x0000, 0x0000, 0x0000,
    0x0000, 0x0000, 0x00E4, 0x02ED, 0x0041, 0x0B2F, 0x0A2B, 0x0B2F, 0x0A0A, 0x1B53, 0x0062, 0x0000, 0x0000, 0x0000, 0x0000, 0x0B91,
    0x0A8C, 0x0000, 0x0433, 0x01E9, 0x0000, 0x0000, 0x0000, 0x0000, 0x0000, 0x0000, 0x0000, 0x0041, 0x0350, 0x026B, 0x0000, 0x0000,
    0x0000, 0x0000, 0x0000, 0x0000, 0x0000, 0x0000, 0x028B, 0x030E, 0x0041, 0x1A8E, 0x0000, 0x0000, 0x0000, 0x0000, 0x0145, 0x02EC,
    0x0020, 0x028A, 0x0513, 0x00E3, 0x0574, 0x03CD, 0x0470, 0x0000, 0x0000, 0x0000, 0x0000, 0x0000, 0x0000, 0x04D2, 0x02AA, 0x0000,
    0x0000, 0x0000, 0x0000, 0x0000, 0x0000, 0x0000, 0x0000, 0x0000, 0x0000, 0x0000, 0x0000, 0x0000, 0x0000, 0x0000, 0x0000, 0x0000,
    0x0000, 0x0000, 0x0000, 0x0000, 0x0000, 0x0000, 0x0000, 0x0000, 0x0000, 0x0000, 0x0000, 0x0000, 0x0000, 0x0000, 0x0000, 0x0000,
    0x0000, 0x0000, 0x4808, 0x0801, 0x0000, 0x0000, 0x0000, 0x0000, 0x0000, 0x0000, 0x0000, 0x0000, 0x0000, 0x0000, 0x0000, 0x0000,
    0x0000, 0x0000, 0x0000, 0x0000, 0x0000, 0x0000, 0x0000, 0x0000, 0x0000, 0x0000, 0x0000, 0x0000, 0x0000, 0x0000, 0x0000, 0x0000,
    0x0000, 0x0000, 0x0000, 0x0000, 0x0000, 0x0000, 0x0000, 0x0000, 0x0000, 0x0000, 0x0000, 0x0000, 0x0000, 0x0000, 0x0000, 0x0000,
    0x0000, 0x0000, 0x0000, 0x0000, 0x0000, 0x0000, 0x0000, 0x0000, 0x0000, 0x0000, 0x0000, 0x0000, 0x0021, 0x2109, 0x0000, 0x0000,
    0x0000, 0x0000, 0x0000, 0x0000, 0x0000, 0x0000, 0x0000, 0x0000, 0x0000, 0x0000, 0x0000, 0x0000, 0x0000, 0x0000, 0x0000, 0x0000,
    0x0000, 0x0000, 0x0000, 0x0000, 0x0000, 0x0000, 0x0000, 0x0000, 0x0000, 0x0000, 0x0000, 0x0000, 0x0000, 0x0000, 0x0000, 0x0000,
    0x0000, 0x0000, 0x0000, 0x0062, 0x21CC, 0x0000, 0x0000, 0x0000, 0x0000, 0x0000, 0x0000, 0x0000, 0x0000, 0x0000, 0x0000, 0x0000,
    0x0000, 0x0000, 0x0105, 0x02AB, 0x0B4E, 0x00C3, 0x00A2, 0x00A2, 0x03CF, 0x0041, 0x0000, 0x0000, 0x0000, 0x0000, 0x0000, 0x0000,
    0x0000, 0x0000, 0x0000, 0x0000, 0x0000, 0x0000, 0x00A2, 0x0000, 0x040F, 0x0208, 0x0000, 0x0000, 0x0000, 0x0000, 0x0000, 0x0000,
    0x0000, 0x0000, 0x0000, 0x0000, 0x0000, 0x0000, 0x00A3, 0x02CC, 0x034E, 0x0082, 0x0228, 0x036D, 0x0000, 0x0000, 0x0000, 0x0000,
    0x0000, 0x0000, 0x0000, 0x0000, 0x0000, 0x0000, 0x0000, 0x0000, 0x0000, 0x0000, 0x0061, 0x02AA, 0x040F, 0x0000, 0x0000, 0x0000,
    0x0000, 0x0000, 0x0000, 0x0000, 0x0000, 0x0000, 0x0000, 0x0000, 0x0000, 0x0000, 0x0000, 0x0000, 0x0000, 0x0000, 0x0000, 0x0000,
    0x0000, 0x0000, 0x0000, 0x0000, 0x0000, 0x0000, 0x0000, 0x0001, 0x1805, 0x0000, 0x0000, 0x0000, 0x0000, 0x0000, 0x0000, 0x00A2,
    0x0207, 0x0041, 0x0000, 0x0000, 0x0000, 0x0000, 0x0000, 0x0000, 0x0000, 0x0000, 0x0083, 0x0083, 0x0083, 0x0000, 0x0000, 0x0000,
    0x0000, 0x0000, 0x0041, 0x00A3, 0x0000, 0x0146, 0x0925, 0x0146, 0x0105, 0x0927, 0x0041, 0x0000, 0x0000, 0x0000, 0x0000, 0x0187,
    0x0125, 0x0000, 0x00C3, 0x0021, 0x0000, 0x0000, 0x0000, 0x0000, 0x0000, 0x0000, 0x0000, 0x0000, 0x00A3, 0x0041, 0x0000, 0x0000,
    0x0000, 0x0000, 0x0000, 0x0000, 0x0000, 0x0000, 0x0062, 0x00A3, 0x0000, 0x00A3, 0x0000, 0x0000, 0x0000, 0x0000, 0x0082, 0x00C3,
    0x0000, 0x0041, 0x00A2, 0x0082, 0x0268, 0x01A6, 0x01A6, 0x0000, 0x0000, 0x0000, 0x0000, 0x0000, 0x0000, 0x01A6, 0x0104, 0x0000,
    0x0000, 0x0000, 0x0000, 0x0000, 0x0000, 0x0000, 0x0000, 0x0000, 0x0000, 0x0000, 0x0000, 0x0000, 0x0000, 0x0000, 0x0000, 0x0000,
    0x0000, 0x0000, 0x0000, 0x0000, 0x0000, 0x0000, 0x0000, 0x0000, 0x0000, 0x0000, 0x0000, 0x0000, 0x0000, 0x0000, 0x0000, 0x0000,
    0x0000, 0x0000, 0x4809, 0x0801, 0x0000, 0x0000, 0x0000, 0x0000, 0x0000, 0x0000, 0x0000, 0x0000, 0x0000, 0x0000, 0x0000, 0x0000,
    0x0000, 0x0000, 0x0000, 0x0000, 0x0000, 0x0000, 0x0000, 0x0000, 0x0000, 0x0000, 0x0000, 0x0000, 0x0000, 0x0000, 0x0000, 0x0000,
    0x0000, 0x0000, 0x0000, 0x0000, 0x0000, 0x0000, 0x0000, 0x0000, 0x0000, 0x0000, 0x0000, 0x0000, 0x0000, 0x0000, 0x0000, 0x0000,
    0x0000, 0x0000, 0x0000, 0x0000, 0x0000, 0x0000, 0x0000, 0x0000, 0x0000, 0x0000, 0x0000, 0x0000, 0x0022, 0x2129, 0x0000, 0x0000,
    0x0000, 0x0000, 0x0000, 0x0000, 0x0000, 0x0000, 0x0000, 0x0000, 0x0000, 0x0000, 0x0000, 0x0000, 0x0000, 0x0000, 0x0000, 0x0000,
    0x0000, 0x0000, 0x0000, 0x0000, 0x0000, 0x0000, 0x0000, 0x0000, 0x0000, 0x0000, 0x0000, 0x0000, 0x0000, 0x0000, 0x0000, 0x0000,
    0x0000, 0x0000, 0x0000, 0x1148, 0x3271, 0x0883, 0x0000, 0x0000, 0x0000, 0x0000, 0x0000, 0x0000, 0x0000, 0x0000, 0x0000, 0x0000,
    0x0000, 0x0000, 0x00E4, 0x02ED, 0x0062, 0x0041, 0x02EC, 0x032D, 0x02EC, 0x0020, 0x0000, 0x0000, 0x0000, 0x0000, 0x0000, 0x0000,
    0x0000, 0x0000, 0x0000, 0x0000, 0x0000, 0x0020, 0x030C, 0x032D, 0x038E, 0x00E3, 0x0000, 0x0000, 0x0000, 0x0000, 0x0000, 0x0000,
    0x0000, 0x0000, 0x0000, 0x0000, 0x0000, 0x0000, 0x0082, 0x032E, 0x00A2, 0x0000, 0x02CA, 0x030B, 0x0000, 0x0020, 0x0000, 0x0000,
    0x0000, 0x0000, 0x0000, 0x0000, 0x0000, 0x0000, 0x0000, 0x0000, 0x0000, 0x0000, 0x0248, 0x03AE, 0x00E3, 0x0000, 0x0000, 0x0000,
    0x0000, 0x0000, 0x0000, 0x0000, 0x0000, 0x0000, 0x0000, 0x0000, 0x0000, 0x0000, 0x0000, 0x0000, 0x0000, 0x0000, 0x0000, 0x0000,
    0x0000, 0x0000, 0x0000, 0x0000, 0x0000, 0x0000, 0x0000, 0x0001, 0x1805, 0x0000, 0x0000, 0x0000, 0x0000, 0x0000, 0x0000, 0x0000,
    0x0000, 0x0000, 0x0000, 0x0000, 0x0000, 0x0000, 0x0000, 0x0000, 0x0000, 0x0000, 0x0000, 0x0000, 0x0000, 0x0000, 0x0000, 0x0000,
    0x0000, 0x0000, 0x0000, 0x0000, 0x0000, 0x0000, 0x0000, 0x0000, 0x0000, 0x0000, 0x0000, 0x0000, 0x0000, 0x0000, 0x0000, 0x0000,
    0x0000, 0x0000, 0x0000, 0x0000, 0x0000, 0x0000, 0x0000, 0x0000, 0x0000, 0x0000, 0x0000, 0x0000, 0x0000, 0x0000, 0x0000, 0x0000,
    0x0000, 0x0000, 0x0000, 0x0000, 0x0000, 0x0000, 0x0000, 0x0000, 0x0000, 0x0000, 0x0000, 0x0000, 0x0000, 0x0000, 0x0000, 0x0000,
    0x0000, 0x0000, 0x0000, 0x0000, 0x0000, 0x0000, 0x0000, 0x0000, 0x0000, 0x0000, 0x0000, 0x0000, 0x0000, 0x0000, 0x0000, 0x0000,
    0x0000, 0x0000, 0x0000, 0x0000, 0x0000, 0x0000, 0x0000, 0x0000, 0x0000, 0x0000, 0x0000, 0x0000, 0x0000, 0x0000, 0x0000, 0x0000,
    0x0000, 0x0000, 0x0000, 0x0000, 0x0000, 0x0000, 0x0000, 0x0000, 0x0000, 0x0000, 0x500B, 0x0000, 0x2004, 0x4808, 0x0000, 0x0000,
    0x0000, 0x0000, 0x580A, 0x1001, 0x0000, 0x0000, 0x2005, 0x480B, 0x3809, 0x0000, 0x0000, 0x0000, 0x0000, 0x0000, 0x0000, 0x0000,
    0x0000, 0x0000, 0x0000, 0x0000, 0x0000, 0x0000, 0x0000, 0x0000, 0x0000, 0x0000, 0x0000, 0x0000, 0x0000, 0x0000, 0x0000, 0x0000,
    0x0000, 0x0000, 0x0000, 0x0000, 0x0000, 0x0000, 0x0000, 0x0000, 0x0000, 0x0000, 0x0000, 0x0000, 0x0000, 0x0000, 0x0000, 0x0000,
    0x0000, 0x00A3, 0x09CA, 0x11A9, 0x0020, 0x0000, 0x0000, 0x0000, 0x0000, 0x0000, 0x0000, 0x0000, 0x0842, 0x2929, 0x0000, 0x0000,
    0x0000, 0x0000, 0x02CA, 0x0186, 0x0000, 0x0000, 0x0000, 0x0000, 0x0000, 0x0000, 0x0000, 0x0000, 0x0000, 0x0000, 0x0000, 0x0000,
    0x0000, 0x0000, 0x0000, 0x0000, 0x0000, 0x0000, 0x0000, 0x0000, 0x0000, 0x0000, 0x0000, 0x0000, 0x0000, 0x0000, 0x0000, 0x0000,
    0x0000, 0x0000, 0x0000, 0x0062, 0x0884, 0x0041, 0x0000, 0x0000, 0x0000, 0x0000, 0x0000, 0x0000, 0x0000, 0x0000, 0x0000, 0x0000,
    0x0000, 0x0000, 0x0020, 0x0020, 0x0000, 0x0000, 0x0041, 0x0145, 0x0000, 0x0000, 0x0000, 0x0000, 0x0000, 0x0000, 0x0000, 0x0000,
    0x0000, 0x0000, 0x0000, 0x0000, 0x0000, 0x0000, 0x0000, 0x0145, 0x0061, 0x0000, 0x0000, 0x0000, 0x0000, 0x0000, 0x0000, 0x0000,
    0x0000, 0x0000, 0x0000, 0x0000, 0x0000, 0x0000, 0x0000, 0x0020, 0x0000, 0x0000, 0x0041, 0x0061, 0x0000, 0x0000, 0x0000, 0x0000,
    0x0000, 0x0000, 0x0000, 0x0000, 0x0000, 0x0000, 0x0000, 0x0000, 0x0000, 0x0000, 0x0104, 0x00E3, 0x0000, 0x0000, 0x0000, 0x0000,
    0x0000, 0x0000, 0x0000, 0x0000, 0x0000, 0x0000, 0x0000, 0x0000, 0x0000, 0x0000, 0x0000, 0x0000, 0x0000, 0x0000, 0x0000, 0x0000,
    0x0000, 0x0000, 0x0000, 0x0000, 0x0000, 0x0000, 0x0000, 0x0001, 0x1806, 0x0000, 0x0000, 0x0000, 0x0000, 0x0000, 0x0000, 0x0000,
    0x0000, 0x0000, 0x0000, 0x0000, 0x0000, 0x0000, 0x0000, 0x0000, 0x0000, 0x0000, 0x0000, 0x0000, 0x0000, 0x0000, 0x0000, 0x0000,
    0x0000, 0x0000, 0x0000, 0x0000, 0x0000, 0x0000, 0x0000, 0x0000, 0x0000, 0x0000, 0x0000, 0x0000, 0x0000, 0x0000, 0x0000, 0x0000,
    0x0000, 0x0000, 0x0000, 0x0000, 0x0000, 0x0000, 0x0000, 0x0000, 0x0000, 0x0000, 0x0000, 0x0000, 0x0000, 0x0000, 0x0000, 0x0000,
    0x0000, 0x0000, 0x0000, 0x0000, 0x0000, 0x0000, 0x0000, 0x0000, 0x0000, 0x0000, 0x0000, 0x0000, 0x0000, 0x0000, 0x0000, 0x0000,
    0x0000, 0x0000, 0x0000, 0x0000, 0x0000, 0x0000, 0x0000, 0x0000, 0x0000, 0x0000, 0x0000, 0x0000, 0x0000, 0x0000, 0x0000, 0x0000,
    0x0000, 0x0000, 0x0000, 0x0000, 0x0000, 0x0000, 0x0000, 0x0000, 0x0000, 0x0000, 0x0000, 0x0000, 0x0000, 0x0000, 0x0000, 0x0000,
    0x0000, 0x0000, 0x0000, 0x0000, 0x0000, 0x0000, 0x0000, 0x0000, 0x0000, 0x2806, 0x8813, 0x4008, 0x2806, 0x780F, 0x1003, 0x0000,
    0x0000, 0x0020, 0x600A, 0x1001, 0x0000, 0x0000, 0x580D, 0x400A, 0x2005, 0x2004, 0x2806, 0x2005, 0x0000, 0x0000, 0x0000, 0x0000,
    0x0000, 0x0000, 0x0000, 0x0000, 0x0000, 0x0000, 0x0000, 0x0000, 0x0000, 0x0000, 0x0000, 0x0000, 0x0000, 0x0000, 0x0000, 0x0000,
    0x0000, 0x0000, 0x0000, 0x0000, 0x0000, 0x0000, 0x0000, 0x0000, 0x0000, 0x0000, 0x0000, 0x0000, 0x0000, 0x0000, 0x0000, 0x0000,
    0x0000, 0x0A0B, 0x0A4D, 0x0926, 0x08E5, 0x126D, 0x0967, 0x0083, 0x08E5, 0x00E4, 0x0000, 0x0000, 0x0842, 0x2929, 0x0000, 0x0000,
    0x0000, 0x00A2, 0x0533, 0x03CE, 0x0000, 0x0000, 0x0000, 0x0000, 0x0000, 0x0000, 0x0000, 0x0000, 0x0000, 0x0000, 0x0000, 0x0000,
    0x0000, 0x0000, 0x0000, 0x0000, 0x0000, 0x0000, 0x0000, 0x0000, 0x0000, 0x0000, 0x0000, 0x0000, 0x0000, 0x0000, 0x0000, 0x0000,
    0x0000, 0x0000, 0x0000, 0x0000, 0x0000, 0x0000, 0x0000, 0x0000, 0x0000, 0x0000, 0x0000, 0x0000, 0x0000, 0x0000, 0x0000, 0x0000,
    0x0000, 0x0000, 0x0000, 0x0000, 0x0000, 0x0000, 0x0000, 0x0000, 0x0000, 0x0000, 0x0000, 0x0000, 0x0000, 0x0000, 0x0000, 0x0000,
    0x0000, 0x0000, 0x0000, 0x0000, 0x0000, 0x0000, 0x0000, 0x0000, 0x0000, 0x0000, 0x0000, 0x0000, 0x0000, 0x0000, 0x0000, 0x0000,
    0x0000, 0x0000, 0x0000, 0x0000, 0x0000, 0x0000, 0x0000, 0x0000, 0x0000, 0x0000, 0x0000, 0x0000, 0x0000, 0x0000, 0x0000, 0x0000,
    0x0000, 0x0000, 0x0000, 0x0000, 0x0000, 0x0000, 0x0000, 0x0000, 0x0000, 0x0000, 0x0000, 0x0000, 0x0000, 0x0000, 0x0000, 0x0000,
    0x0000, 0x0000, 0x0000, 0x0000, 0x0000, 0x0000, 0x0000, 0x0000, 0x0000, 0x0000, 0x0000, 0x0000, 0x0000, 0x0000, 0x0000, 0x0000,
    0x0000, 0x0000, 0x0000, 0x0000, 0x0000, 0x0000, 0x0000, 0x0001, 0x1806, 0x0000, 0x0000, 0x0000, 0x0000, 0x0000, 0x0000, 0x0000,
    0x0000, 0x0000, 0x0000, 0x0000, 0x0000, 0x0000, 0x0000, 0x0000, 0x0000, 0x0000, 0x0000, 0x0000, 0x0000, 0x0000, 0x0000, 0x0000,
    0x0000, 0x0000, 0x0000, 0x0000, 0x0000, 0x0000, 0x0000, 0x0000, 0x0000, 0x0000, 0x0000, 0x0000, 0x0000, 0x0000, 0x0000, 0x0000,
    0x0000, 0x0000, 0x0000, 0x0000, 0x0000, 0x0000, 0x0000, 0x0000, 0x0000, 0x0000, 0x0000, 0x0000, 0x0000, 0x0000, 0x0000, 0x0000,
    0x0000, 0x0000, 0x0000, 0x0000, 0x0000, 0x0000, 0x0000, 0x0000, 0x0000, 0x0000, 0x0000, 0x0000, 0x0000, 0x0000, 0x0000, 0x0000,
    0x0000, 0x0000, 0x0000, 0x0000, 0x0000, 0x0000, 0x0000, 0x0000, 0x0000, 0x0000, 0x0000, 0x0000, 0x0000, 0x0000, 0x0000, 0x0000,
    0x0000, 0x0000, 0x0000, 0x0000, 0x0000, 0x0000, 0x0000, 0x0000, 0x0000, 0x0000, 0x0000, 0x0000, 0x0000, 0x0000, 0x0000, 0x0000,
    0x0000, 0x0000, 0x0000, 0x0000, 0x0000, 0x0000, 0x0000, 0x0000, 0x0000, 0x600D, 0x4008, 0x600D, 0x2004, 0x8832, 0x700F, 0x4009,
    0x0000, 0x2804, 0x9811, 0x4007, 0x0000, 0x0000, 0x500C, 0x600E, 0x0801, 0x400A, 0x6811, 0x6812, 0x3008, 0x0000, 0x0000, 0x0000,
    0x0000, 0x0000, 0x0000, 0x0000, 0x0000, 0x0000, 0x0000, 0x0000, 0x0000, 0x0000, 0x0000, 0x0000, 0x0000, 0x0000, 0x0000, 0x0000,
    0x0000, 0x0000, 0x0000, 0x0000, 0x0000, 0x0000, 0x0000, 0x0000, 0x0000, 0x0000, 0x0000, 0x0000, 0x0000, 0x0000, 0x0000, 0x0000,
    0x0000, 0x09C9, 0x0AAE, 0x00C3, 0x00C4, 0x1331, 0x09C9, 0x09A9, 0x12CF, 0x0ACE, 0x0146, 0x0000, 0x1189, 0x3A52, 0x08A5, 0x0000,
    0x0000, 0x02AA, 0x02EB, 0x034C, 0x00E3, 0x0000, 0x0000, 0x0000, 0x0000, 0x0000, 0x0000, 0x0000, 0x0000, 0x0000, 0x0000, 0x0000,
    0x0000, 0x0000, 0x0000, 0x0000, 0x0000, 0x0000, 0x0000, 0x0000, 0x0000, 0x0000, 0x0000, 0x0000, 0x0000, 0x0000, 0x0000, 0x0000,
    0x0000, 0x0000, 0x0000, 0x0000, 0x0000, 0x0000, 0x0000, 0x0000, 0x0000, 0x0000, 0x0000, 0x0000, 0x0000, 0x0000, 0x0000, 0x0000,
    0x0000, 0x0000, 0x0000, 0x0000, 0x0000, 0x0000, 0x0000, 0x0000, 0x0000, 0x0000, 0x0000, 0x0000, 0x0000, 0x0000, 0x0000, 0x0000,
    0x0000, 0x0000, 0x0000, 0x0000, 0x0000, 0x0000, 0x0000, 0x0000, 0x0000, 0x0000, 0x0000, 0x0000, 0x0000, 0x0000, 0x0000, 0x0000,
    0x0000, 0x0000, 0x0000, 0x0000, 0x0000, 0x0000, 0x0000, 0x0000, 0x0000, 0x0000, 0x0000, 0x0000, 0x0000, 0x0000, 0x0000, 0x0000,
    0x0000, 0x0000, 0x0000, 0x0000, 0x0000, 0x0000, 0x0000, 0x0000, 0x0000, 0x0000, 0x0000, 0x0000, 0x0000, 0x0000, 0x0000, 0x0000,
    0x0000, 0x0000, 0x0000, 0x0000, 0x0000, 0x0000, 0x0000, 0x0000, 0x0000, 0x0000, 0x0000, 0x0000, 0x0000, 0x0000, 0x0000, 0x0000,
    0x0000, 0x0000, 0x0000, 0x0000, 0x0000, 0x0000, 0x0000, 0x0001, 0x1805, 0x0000, 0x0000, 0x0000, 0x0000, 0x0000, 0x0000, 0x0000,
    0x0000, 0x0000, 0x0000, 0x0000, 0x0000, 0x0000, 0x0000, 0x0000, 0x0000, 0x0000, 0x0000, 0x0000, 0x0000, 0x0000, 0x0000, 0x0000,
    0x0000, 0x0000, 0x0000, 0x0000, 0x0000, 0x0000, 0x0000, 0x0000, 0x0000, 0x0000, 0x0000, 0x0000, 0x0000, 0x0000, 0x0000, 0x0000,
    0x0000, 0x0000, 0x0000, 0x0000, 0x0000, 0x0000, 0x0000, 0x0000, 0x0000, 0x0000, 0x0000, 0x0000, 0x0000, 0x0000, 0x0000, 0x0000,
    0x0000, 0x0000, 0x0000, 0x0000, 0x0000, 0x0000, 0x0000, 0x0000, 0x0000, 0x0000, 0x0000, 0x0000, 0x0000, 0x0000, 0x0000, 0x0000,
    0x0000, 0x0000, 0x0000, 0x0000, 0x0000, 0x0000, 0x0000, 0x0000, 0x0000, 0x0000, 0x0000, 0x0000, 0x0000, 0x0000, 0x0000, 0x0000,
    0x0000, 0x0000, 0x0000, 0x0000, 0x0000, 0x0000, 0x0000, 0x0000, 0x0000, 0x0000, 0x0000, 0x0000, 0x0000, 0x0000, 0x0000, 0x0000,
    0x0000, 0x0000, 0x0000, 0x0000, 0x0000, 0x0000, 0x0000, 0x0000, 0x0801, 0x9013, 0x780F, 0x8812, 0x4008, 0x580B, 0x0000, 0x8812,
    0x0000, 0x0000, 0x500A, 0x1002, 0x0000, 0x0000, 0x600D, 0x2825, 0x0000, 0x380A, 0x480C, 0x500E, 0x480B, 0x0000, 0x0000, 0x0000,
    0x0000, 0x0000, 0x0000, 0x0000, 0x0000, 0x0000, 0x0000, 0x0000, 0x0000, 0x0000, 0x0000, 0x0000, 0x0000, 0x0000, 0x0000, 0x0000,
    0x0000, 0x0000, 0x0000, 0x0000, 0x0000, 0x0000, 0x0000, 0x0000, 0x0000, 0x0000, 0x0000, 0x0000, 0x0000, 0x0000, 0x0000, 0x0000,
    0x0000, 0x0A0B, 0x0967, 0x0000, 0x00E5, 0x1351, 0x0A2B, 0x1189, 0x120B, 0x0A2A, 0x0187, 0x0000, 0x0882, 0x216A, 0x0000, 0x0020,
    0x0000, 0x04D2, 0x0490, 0x0574, 0x02CB, 0x0000, 0x0000, 0x0000, 0x0000, 0x0000, 0x0000, 0x0000, 0x0000, 0x0000, 0x0000, 0x0000,
    0x0000, 0x0000, 0x0000, 0x0000, 0x0000, 0x0000, 0x0000, 0x0000, 0x0000, 0x0000, 0x0000, 0x0000, 0x0000, 0x0000, 0x0000, 0x0000,
    0x0000, 0x0000, 0x0000, 0x0000, 0x0000, 0x0000, 0x0000, 0x0000, 0x0000, 0x0000, 0x0000, 0x0000, 0x0000, 0x0000, 0x0000, 0x0000,
    0x0000, 0x0000, 0x0000, 0x0000, 0x0000, 0x0000, 0x0000, 0x0000, 0x0000, 0x0000, 0x0000, 0x0000, 0x0000, 0x0000, 0x0000, 0x0000,
    0x0000, 0x0000, 0x0000, 0x0000, 0x0000, 0x0000, 0x0000, 0x0000, 0x0000, 0x0000, 0x0000, 0x0000, 0x0000, 0x0000, 0x0000, 0x0000,
    0x0000, 0x0000, 0x0000, 0x0000, 0x0000, 0x0000, 0x0000, 0x0000, 0x0000, 0x0000, 0x0000, 0x0000, 0x0000, 0x0000, 0x0000, 0x0000,
    0x0000, 0x0000, 0x0000, 0x0000, 0x0000, 0x0000, 0x0000, 0x0000, 0x0000, 0x0000, 0x0000, 0x0000, 0x0000, 0x0000, 0x0000, 0x0000,
    0x0000, 0x0000, 0x0000, 0x0000, 0x0000, 0x0000, 0x0000, 0x0000, 0x0000, 0x0000, 0x0000, 0x0000, 0x0000, 0x0000, 0x0000, 0x0000,
    0x0000, 0x0000, 0x0000, 0x0000, 0x0000, 0x0000, 0x0000, 0x0000, 0x1847, 0x0021, 0x0000, 0x0000, 0x0000, 0x0000, 0x0000, 0x0000,
    0x0000, 0x0000, 0x0000, 0x0000, 0x0000, 0x0000, 0x0000, 0x0000, 0x0000, 0x0000, 0x0000, 0x0000, 0x0000, 0x0000, 0x0000, 0x0000,
    0x0000, 0x0000, 0x0000, 0x0000, 0x0000, 0x0000, 0x0000, 0x0000, 0x0000, 0x0000, 0x0000, 0x0000, 0x0000, 0x0000, 0x0000, 0x0000,
    0x0000, 0x0000, 0x0000, 0x0000, 0x0000, 0x0000, 0x0000, 0x0000, 0x0000, 0x0000, 0x0000, 0x0000, 0x0000, 0x0000, 0x0000, 0x0000,
    0x0000, 0x0000, 0x0000, 0x0000, 0x0000, 0x0000, 0x0000, 0x0000, 0x0000, 0x0000, 0x0000, 0x0000, 0x0000, 0x0000, 0x0000, 0x0000,
    0x0000, 0x0000, 0x0000, 0x0000, 0x0000, 0x0000, 0x0000, 0x0000, 0x0000, 0x0000, 0x0000, 0x0000, 0x0000, 0x0000, 0x0000, 0x0000,
    0x0001, 0x0000, 0x0000, 0x0000, 0x0000, 0x0000, 0x0000, 0x0000, 0x0000, 0x0000, 0x0000, 0x0000, 0x0000, 0x0000, 0x0000, 0x0000,
    0x0000, 0x0000, 0x0000, 0x0000, 0x0000, 0x0000, 0x0000, 0x0000, 0x1002, 0x780F, 0x0000, 0x600D, 0x4008, 0x8010, 0x600D, 0x480A,
    0x0000, 0x0020, 0x480A, 0x0801, 0x0000, 0x0000, 0x2805, 0x0801, 0x0000, 0x1804, 0x2005, 0x2806, 0x2005, 0x0000, 0x0000, 0x0000,
    0x0000, 0x0000, 0x0000, 0x0000, 0x0000, 0x0000, 0x0000, 0x0000, 0x0000, 0x0000, 0x0000, 0x0000, 0x0000, 0x0000, 0x0000, 0x0000,
    0x0000, 0x0000, 0x0000, 0x0000, 0x0000, 0x0000, 0x0000, 0x0000, 0x0000, 0x0000, 0x0000, 0x0000, 0x0000, 0x0000, 0x0000, 0x0000,
    0x0000, 0x00E5, 0x0083, 0x0000, 0x0021, 0x0905, 0x0082, 0x08A3, 0x08C4, 0x00E4, 0x0083, 0x0000, 0x0042, 0x196A, 0x0000, 0x0020,
    0x0000, 0x0430, 0x00A2, 0x02EB, 0x030B, 0x0000, 0x0000, 0x0000, 0x0000, 0x0000, 0x0000, 0x0000, 0x0000, 0x0000, 0x0000, 0x0000,
    0x0000, 0x0000, 0x0000, 0x0000, 0x0000, 0x0000, 0x0000, 0x0000, 0x0000, 0x0000, 0x0000, 0x0000, 0x0000, 0x0000, 0x0001, 0x0000,
    0x0000, 0x0000, 0x0000, 0x0000, 0x0000, 0x0000, 0x0000, 0x0000, 0x0000, 0x0000, 0x0000, 0x0000, 0x0000, 0x0000, 0x0000, 0x0000,
    0x0000, 0x0000, 0x0000, 0x0000, 0x0000, 0x0000, 0x0000, 0x0000, 0x0000, 0x0000, 0x0000, 0x0000, 0x0000, 0x0000, 0x0000, 0x0000,
    0x0000, 0x0000, 0x0000, 0x0000, 0x0000, 0x0000, 0x0000, 0x0000, 0x0000, 0x0000, 0x0000, 0x0000, 0x0000, 0x0000, 0x0000, 0x0000,
    0x0000, 0x0000, 0x0000, 0x0000, 0x0000, 0x0000, 0x0000, 0x0000, 0x0000, 0x0000, 0x0000, 0x0000, 0x0000, 0x0000, 0x0000, 0x0000,
    0x0000, 0x0000, 0x0000, 0x0000, 0x0000, 0x0000, 0x0000, 0x0000, 0x0000, 0x0000, 0x0000, 0x0000, 0x0000, 0x0000, 0x0000, 0x0000,
    0x0000, 0x0000, 0x0000, 0x0000, 0x0000, 0x0000, 0x0000, 0x0802, 0x0000, 0x0000, 0x0000, 0x0000, 0x0000, 0x0000, 0x0000, 0x0000,
    0x0000, 0x0000, 0x0000, 0x0000, 0x0000, 0x0000, 0x0000, 0x0000, 0x1085, 0x28AB, 0x2007, 0x2007, 0x1807, 0x1807, 0x1807, 0x2007,
    0x2007, 0x2007, 0x1807, 0x1807, 0x1807, 0x1807, 0x1806, 0x1806, 0x1806, 0x1806, 0x1806, 0x1806, 0x1807, 0x1807, 0x1807, 0x2007,
    0x1807, 0x1806, 0x1806, 0x1806, 0x1806, 0x1806, 0x1806, 0x1806, 0x1805, 0x1805, 0x1805, 0x1805, 0x1805, 0x1806, 0x1806, 0x1806,
    0x1805, 0x1805, 0x1805, 0x1805, 0x1805, 0x1806, 0x1806, 0x1806, 0x1806, 0x1806, 0x1806, 0x1806, 0x1806, 0x1806, 0x1805, 0x1805,
    0x1805, 0x1805, 0x1805, 0x1805, 0x1805, 0x1005, 0x1005, 0x1004, 0x1004, 0x1004, 0x1004, 0x1004, 0x1004, 0x1004, 0x1004, 0x1004,
    0x1004, 0x1004, 0x0803, 0x0803, 0x0803, 0x0803, 0x0803, 0x0803, 0x0803, 0x0803, 0x0803, 0x0803, 0x0803, 0x0803, 0x1003, 0x1005,
    0x1005, 0x0000, 0x0000, 0x0000, 0x0000, 0x0000, 0x0000, 0x0000, 0x0000, 0x0000, 0x0000, 0x0000, 0x0000, 0x0000, 0x0000, 0x0000,
    0x0000, 0x0000, 0x0000, 0x0000, 0x0000, 0x0000, 0x0000, 0x0000, 0x0000, 0x1003, 0x0000, 0x1002, 0x0801, 0x2004, 0x2805, 0x0000,
    0x0000, 0x0000, 0x4008, 0x0801, 0x0000, 0x0000, 0x0000, 0x0000, 0x0000, 0x0000, 0x0000, 0x0000, 0x0000, 0x0000, 0x0000, 0x0000,
    0x0000, 0x0000, 0x0000, 0x0000, 0x0000, 0x0000, 0x0000, 0x0000, 0x0000, 0x0000, 0x0000, 0x0000, 0x0000, 0x0000, 0x0000, 0x0000,
    0x0000, 0x0000, 0x0000, 0x0000, 0x0000, 0x0000, 0x0000, 0x0000, 0x0000, 0x0000, 0x0000, 0x0000, 0x0000, 0x0000, 0x0000, 0x0000,
    0x0000, 0x0000, 0x0000, 0x0000, 0x0000, 0x0000, 0x0000, 0x0000, 0x0000, 0x0000, 0x0000, 0x0000, 0x0041, 0x1168, 0x0000, 0x0000,
    0x0000, 0x00C3, 0x0000, 0x0082, 0x00A2, 0x0000, 0x0000, 0x0000, 0x0000, 0x0000, 0x0000, 0x0000, 0x0000, 0x0000, 0x0000, 0x0000,
    0x0000, 0x0000, 0x0000, 0x0000, 0x0000, 0x0000, 0x0000, 0x0000, 0x0000, 0x0000, 0x0000, 0x0000, 0x0000, 0x0000, 0x1005, 0x1005,
    0x1005, 0x1005, 0x1805, 0x1805, 0x1805, 0x1805, 0x1805, 0x1805, 0x1805, 0x1805, 0x1805, 0x1805, 0x1805, 0x1805, 0x1805, 0x1805,
    0x1805, 0x1805, 0x1805, 0x1805, 0x1805, 0x1805, 0x1805, 0x1805, 0x1805, 0x1805, 0x1805, 0x1805, 0x1805, 0x1805, 0x1805, 0x1805,
    0x1805, 0x1805, 0x1806, 0x1806, 0x1806, 0x1806, 0x1806, 0x1806, 0x1806, 0x1806, 0x1806, 0x1806, 0x1806, 0x1806, 0x1806, 0x1806,
    0x1806, 0x1806, 0x1806, 0x1806, 0x1806, 0x1806, 0x1806, 0x1806, 0x1806, 0x1806, 0x1805, 0x1805, 0x1805, 0x1806, 0x1806, 0x1806,
    0x1805, 0x1806, 0x1806, 0x1806, 0x1806, 0x1806, 0x1806, 0x1806, 0x1806, 0x1806, 0x1806, 0x1805, 0x1805, 0x1005, 0x1805, 0x1805,
    0x1005, 0x1005, 0x1005, 0x1005, 0x1005, 0x1005, 0x1807, 0x1004, 0x0000, 0x0000, 0x0000, 0x0000, 0x0000, 0x0000, 0x0000, 0x0000,
    0x0000, 0x0000, 0x0000, 0x0000, 0x0000, 0x0000, 0x0000, 0x0000, 0x0000, 0x0001, 0x0801, 0x0001, 0x0001, 0x0001, 0x0001, 0x0001,
    0x0001, 0x0001, 0x0001, 0x0001, 0x0001, 0x0001, 0x0001, 0x0001, 0x0001, 0x0001, 0x0001, 0x0001, 0x0001, 0x0001, 0x0001, 0x0001,
    0x0001, 0x0001, 0x0001, 0x0001, 0x0001, 0x0001, 0x0001, 0x0001, 0x0001, 0x0001, 0x0001, 0x0001, 0x0001, 0x0001, 0x0001, 0x0001,
    0x0001, 0x0001, 0x0001, 0x0001, 0x0001, 0x0001, 0x0001, 0x0001, 0x0001, 0x0001, 0x0001, 0x0001, 0x0001, 0x0001, 0x0001, 0x0001,
    0x0001, 0x0001, 0x0001, 0x0001, 0x0001, 0x0001, 0x0001, 0x0001, 0x0001, 0x0001, 0x0001, 0x0001, 0x0001, 0x0001, 0x0001, 0x0001,
    0x0001, 0x0001, 0x0000, 0x0000, 0x0000, 0x0000, 0x0000, 0x0000, 0x0000, 0x0000, 0x0000, 0x0000, 0x0000, 0x0000, 0x0000, 0x0000,
    0x0000, 0x0000, 0x0000, 0x0000, 0x0000, 0x0000, 0x0000, 0x0000, 0x0000, 0x0000, 0x0000, 0x0000, 0x0000, 0x0000, 0x0000, 0x0000,
    0x0000, 0x0000, 0x0000, 0x0000, 0x0000, 0x0000, 0x0000, 0x0000, 0x0000, 0x0000, 0x0000, 0x0000, 0x0000, 0x0000, 0x0000, 0x0000,
    0x0000, 0x0000, 0x3808, 0x1002, 0x0000, 0x0000, 0x0000, 0x0000, 0x0000, 0x0000, 0x0000, 0x0000, 0x0000, 0x0000, 0x0000, 0x0000,
    0x0000, 0x0000, 0x0000, 0x0000, 0x0000, 0x0000, 0x0000, 0x0000, 0x0000, 0x0000, 0x0000, 0x0000, 0x0000, 0x0000, 0x0000, 0x0000,
    0x0000, 0x0000, 0x0000, 0x0000, 0x0000, 0x0000, 0x0000, 0x0000, 0x0000, 0x0000, 0x0000, 0x0000, 0x0000, 0x0000, 0x0000, 0x0000,
    0x0000, 0x0000, 0x0000, 0x0000, 0x0000, 0x0000, 0x0000, 0x0000, 0x0000, 0x0000, 0x0000, 0x0000, 0x0041, 0x0968, 0x0000, 0x0000,
    0x0000, 0x0000, 0x0000, 0x0000, 0x0000, 0x0000, 0x0000, 0x0000, 0x0000, 0x0000, 0x0000, 0x0000, 0x0000, 0x0000, 0x0000, 0x0000,
    0x0000, 0x0000, 0x0000, 0x0000, 0x0000, 0x0000, 0x0000, 0x0000, 0x0000, 0x0000, 0x0000, 0x0000, 0x0000, 0x0000, 0x0000, 0x0001,
    0x0001, 0x0001, 0x0001, 0x0001, 0x0001, 0x0001, 0x0001, 0x0001, 0x0001, 0x0001, 0x0001, 0x0001, 0x0001, 0x0001, 0x0001, 0x0001,
    0x0001, 0x0001, 0x0001, 0x0001, 0x0001, 0x0001, 0x0001, 0x0001, 0x0001, 0x0001, 0x0001, 0x0001, 0x0001, 0x0001, 0x0001, 0x0001,
    0x0001, 0x0001, 0x0001, 0x0001, 0x0001, 0x0001, 0x0001, 0x0001, 0x0801, 0x0001, 0x0001, 0x0001, 0x0001, 0x0001, 0x0001, 0x0001,
    0x0001, 0x0001, 0x0001, 0x0001, 0x0001, 0x0001, 0x0001, 0x0001, 0x0001, 0x0001, 0x0001, 0x0001, 0x0001, 0x0001, 0x0001, 0x0001,
    0x0001, 0x0001, 0x0001, 0x0001, 0x0001, 0x0001, 0x0001, 0x0001, 0x0001, 0x0001, 0x0001, 0x0001, 0x0001, 0x0001, 0x0001, 0x0001,
    0x0001, 0x0001, 0x0001, 0x0001, 0x0001, 0x0001, 0x0001, 0x0000, 0x0000, 0x0000, 0x0000, 0x0000, 0x0000, 0x0000, 0x0000, 0x0000,
    0x0000, 0x0000, 0x0000, 0x0000, 0x0000, 0x0000, 0x0000, 0x0000, 0x0000, 0x0000, 0x0000, 0x0000, 0x0000, 0x0000, 0x0000, 0x0000,
    0x0000, 0x0000, 0x0000, 0x0000, 0x0000, 0x0000, 0x0000, 0x0000, 0x0000, 0x0000, 0x0000, 0x0000, 0x0000, 0x0000, 0x0000, 0x0000,
    0x0000, 0x0000, 0x0000, 0x0000, 0x0000, 0x0000, 0x0000, 0x0000, 0x0000, 0x0000, 0x0000, 0x0000, 0x0000, 0x0000, 0x0000, 0x0000,
    0x0000, 0x0000, 0x0000, 0x0000, 0x0000, 0x0000, 0x0000, 0x0000, 0x0000, 0x0000, 0x0000, 0x0000, 0x0000, 0x0000, 0x0000, 0x0000,
    0x0000, 0x0000, 0x0000, 0x0000, 0x0000, 0x0000, 0x0000, 0x0000, 0x0000, 0x0000, 0x0000, 0x0000, 0x0000, 0x0000, 0x0000, 0x0000,
    0x0000, 0x0000, 0x0000, 0x0000, 0x0000, 0x0000, 0x0000, 0x0000, 0x0000, 0x0000, 0x0000, 0x0000, 0x0000, 0x0000, 0x0000, 0x0000,
    0x0000, 0x0000, 0x0000, 0x0000, 0x0000, 0x0000, 0x0000, 0x0000, 0x0000, 0x0000, 0x0000, 0x0000, 0x0000, 0x0000, 0x0000, 0x0000,
    0x0000, 0x0000, 0x0000, 0x0000, 0x0000, 0x0000, 0x0000, 0x0000, 0x0000, 0x0000, 0x0000, 0x0000, 0x0000, 0x0000, 0x0000, 0x0000,
    0x0000, 0x0000, 0x3808, 0x1002, 0x0000, 0x0000, 0x0000, 0x0000, 0x0000, 0x0000, 0x0000, 0x0000, 0x0000, 0x0000, 0x0000, 0x0000,
    0x0000, 0x0000, 0x0000, 0x0000, 0x0000, 0x0000, 0x0000, 0x0000, 0x0000, 0x0000, 0x0000, 0x0000, 0x0000, 0x0000, 0x0000, 0x0000,
    0x0000, 0x0000, 0x0000, 0x0000, 0x0000, 0x0000, 0x0000, 0x0000, 0x0000, 0x0000, 0x0000, 0x0000, 0x0000, 0x0000, 0x0000, 0x0000,
    0x0000, 0x0000, 0x0000, 0x0000, 0x0000, 0x0000, 0x0000, 0x0000, 0x0000, 0x0000, 0x0000, 0x0000, 0x0062, 0x11A9, 0x0000, 0x0000,
    0x0000, 0x0000, 0x0000, 0x0000, 0x0000, 0x0000, 0x0000, 0x0000, 0x0000, 0x0000, 0x0000, 0x0000, 0x0000, 0x0000, 0x0000, 0x0000,
    0x0000, 0x0000, 0x0000, 0x0000, 0x0000, 0x0000, 0x0000, 0x0000, 0x0000, 0x0000, 0x0000, 0x0000, 0x0000, 0x0000, 0x0000, 0x0000,
    0x0000, 0x0000, 0x0000, 0x0000, 0x0000, 0x0000, 0x0000, 0x0000, 0x0000, 0x0000, 0x0000, 0x0000, 0x0000, 0x0000, 0x0000, 0x0000,
    0x0000, 0x0000, 0x0000, 0x0000, 0x0000, 0x0000, 0x0000, 0x0000, 0x0000, 0x0000, 0x0000, 0x0000, 0x0000, 0x0000, 0x0000, 0x0000,
    0x0000, 0x0000, 0x0000, 0x0000, 0x0000, 0x0000, 0x0000, 0x0000, 0x0000, 0x0000, 0x0000, 0x0000, 0x0000, 0x0000, 0x0000, 0x0000,
    0x0000, 0x0000, 0x0000, 0x0000, 0x0000, 0x0000, 0x0000, 0x0000, 0x0000, 0x0000, 0x0000, 0x0000, 0x0000, 0x0000, 0x0000, 0x0000,
    0x0000, 0x0000, 0x0000, 0x0000, 0x0000, 0x0000, 0x0000, 0x0000, 0x0000, 0x0000, 0x0000, 0x0000, 0x0000, 0x0000, 0x0000, 0x0000,
    0x0000, 0x0000, 0x0000, 0x0000, 0x0000, 0x0000, 0x0000, 0x0000, 0x0000, 0x0000, 0x0000, 0x0000, 0x0000, 0x0000, 0x0000, 0x0000,
    0x0000, 0x0000, 0x0000, 0x0000, 0x0000, 0x0000, 0x0000, 0x0000, 0x0000, 0x0000, 0x0000, 0x0000, 0x0000, 0x0000, 0x0000, 0x0000,
    0x0000, 0x0000, 0x0000, 0x0000, 0x0000, 0x0000, 0x0000, 0x0000, 0x0000, 0x0000, 0x0000, 0x0000, 0x0000, 0x0000, 0x0000, 0x0000,
    0x0000, 0x0000, 0x0000, 0x0000, 0x0000, 0x0000, 0x0000, 0x0000, 0x0000, 0x0000, 0x0000, 0x0000, 0x0000, 0x0000, 0x0000, 0x0000,
    0x0000, 0x0000, 0x0000, 0x0000, 0x0000, 0x0000, 0x0000, 0x0000, 0x0000, 0x0000, 0x0000, 0x0000, 0x0000, 0x0000, 0x0000, 0x0000,
    0x0000, 0x0000, 0x0000, 0x0000, 0x0000, 0x0000, 0x0000, 0x0000, 0x0000, 0x0000, 0x0000, 0x0000, 0x0000, 0x0000, 0x0000, 0x0000,
    0x0000, 0x0000, 0x0000, 0x0000, 0x0000, 0x0000, 0x0000, 0x0000, 0x0000, 0x0000, 0x0000, 0x0000, 0x0000, 0x0000, 0x0000, 0x0000,
    0x0000, 0x0000, 0x0000, 0x0000, 0x0000, 0x0000, 0x0000, 0x0000, 0x0000, 0x0000, 0x0000, 0x0000, 0x0000, 0x0000, 0x0000, 0x0000,
    0x0000, 0x0000, 0x0000, 0x0000, 0x0000, 0x0000, 0x0000, 0x0000, 0x0000, 0x0000, 0x0000, 0x0000, 0x0000, 0x0000, 0x0000, 0x0000,
    0x0000, 0x0000, 0x1804, 0x2806, 0x0000, 0x0000, 0x0000, 0x0000, 0x0000, 0x0000, 0x0000, 0x0000, 0x0000, 0x0000, 0x0000, 0x0000,
    0x0000, 0x0000, 0x0000, 0x0000, 0x0000, 0x0000, 0x0000, 0x0000, 0x0000, 0x0000, 0x0000, 0x0000, 0x0000, 0x0000, 0x0000, 0x0000,
    0x0000, 0x0000, 0x0000, 0x0000, 0x0000, 0x0000, 0x0000, 0x0000, 0x0000, 0x0000, 0x0000, 0x0000, 0x0000, 0x0000, 0x0000, 0x0000,
    0x0000, 0x0000, 0x0000, 0x0000, 0x0000, 0x0000, 0x0000, 0x0000, 0x0000, 0x0000, 0x0000, 0x0000, 0x0167, 0x00E4, 0x0000, 0x0000,
    0x0000, 0x0000, 0x0000, 0x0000, 0x0000, 0x0000, 0x0000, 0x0000, 0x0000, 0x0000, 0x0000, 0x0000, 0x0000, 0x0000, 0x0000, 0x0000,
    0x0000, 0x0000, 0x0000, 0x0000, 0x0000, 0x0000, 0x0000, 0x0000, 0x0000, 0x0000, 0x0000, 0x0000, 0x0000, 0x0000, 0x0000, 0x0000,
    0x0000, 0x0000, 0x0000, 0x0000, 0x0000, 0x0000, 0x0000, 0x0000, 0x0000, 0x0000, 0x0000, 0x0000, 0x0000, 0x0000, 0x0000, 0x0000,
    0x0000, 0x0000, 0x0000, 0x0000, 0x0000, 0x0000, 0x0000, 0x0000, 0x0000, 0x0000, 0x0000, 0x0000, 0x0000, 0x0000, 0x0000, 0x0000,
    0x0000, 0x0000, 0x0000, 0x0000, 0x0000, 0x0000, 0x0000, 0x0000, 0x0000, 0x0000, 0x0000, 0x0000, 0x0000, 0x0000, 0x0000, 0x0000,
    0x0000, 0x0000, 0x0000, 0x0000, 0x0000, 0x0000, 0x0000, 0x0000, 0x0000, 0x0000, 0x0000, 0x0000, 0x0000, 0x0000, 0x0000, 0x0000,
    0x0000, 0x0000, 0x0000, 0x0000, 0x0000, 0x0000, 0x0000, 0x0000, 0x0000, 0x0000, 0x0000, 0x0000, 0x0000, 0x0000, 0x0000, 0x0000,
    0x0000, 0x0000, 0x0000, 0x0000, 0x0000, 0x0000, 0x0000, 0x0000, 0x0000, 0x0000, 0x0000, 0x0000, 0x0000, 0x0000, 0x0000, 0x0000,
    0x0000, 0x0000, 0x0000, 0x0000, 0x0000, 0x0000, 0x0000, 0x0000, 0x0000, 0x0000, 0x0000, 0x0000, 0x0000, 0x0000, 0x0000, 0x0000,
    0x0000, 0x0000, 0x0000, 0x0000, 0x0000, 0x0000, 0x0000, 0x0000, 0x0000, 0x0000, 0x0000, 0x0000, 0x0000, 0x0000, 0x0000, 0x0000,
    0x0000, 0x0000, 0x0000, 0x0000, 0x0000, 0x0000, 0x0000, 0x0000, 0x0000, 0x0000, 0x0000, 0x0000, 0x0000, 0x0000, 0x0000, 0x0000,
    0x0000, 0x0000, 0x0000, 0x0000, 0x0000, 0x0000, 0x0000, 0x0000, 0x0000, 0x0000, 0x0000, 0x0000, 0x0000, 0x0000, 0x0000, 0x0000,
    0x0000, 0x0000, 0x0000, 0x0000, 0x0000, 0x0000, 0x0000, 0x0000, 0x0000, 0x0000, 0x0000, 0x0000, 0x0000, 0x0000, 0x0000, 0x0000,
    0x0000, 0x0000, 0x0000, 0x0000, 0x0000, 0x0000, 0x0000, 0x0000, 0x0000, 0x0000, 0x0000, 0x0000, 0x0000, 0x0000, 0x0000, 0x0000,
    0x0000, 0x0000, 0x0000, 0x0000, 0x0000, 0x0000, 0x0000, 0x0000, 0x0000, 0x0000, 0x0000, 0x0000, 0x0000, 0x0000, 0x0000, 0x0000,
    0x0000, 0x0000, 0x0000, 0x0000, 0x0000, 0x0000, 0x0000, 0x0000, 0x0000, 0x0000, 0x0000, 0x0000, 0x0000, 0x0000, 0x0000, 0x0000,
    0x0000, 0x0000, 0x1002, 0x3808, 0x0000, 0x0000, 0x0000, 0x0000, 0x0000, 0x0000, 0x0000, 0x0000, 0x0000, 0x0000, 0x0000, 0x0000,
    0x0000, 0x0000, 0x0000, 0x0000, 0x0000, 0x0000, 0x0000, 0x0000, 0x0000, 0x0000, 0x0000, 0x0000, 0x0000, 0x0000, 0x0000, 0x0000,
    0x0000, 0x0000, 0x0000, 0x0000, 0x0000, 0x0000, 0x0000, 0x0000, 0x0000, 0x0000, 0x0000, 0x0000, 0x0000, 0x0000, 0x0000, 0x0000,
    0x0000, 0x0000, 0x0000, 0x0000, 0x0000, 0x0000, 0x0000, 0x0000, 0x0000, 0x0000, 0x0000, 0x0000, 0x01A8, 0x0061, 0x0000, 0x0000,
    0x0000, 0x0000, 0x0000, 0x0000, 0x0000, 0x0000, 0x0000, 0x0000, 0x0000, 0x0000, 0x0000, 0x0000, 0x0000, 0x0000, 0x0000, 0x0000,
    0x0000, 0x0000, 0x0000, 0x0000, 0x0000, 0x0000, 0x0000, 0x0000, 0x0000, 0x0000, 0x0000, 0x0000, 0x0000, 0x0000, 0x0000, 0x0000,
    0x0000, 0x0000, 0x0000, 0x0000, 0x0000, 0x0000, 0x0000, 0x0000, 0x0000, 0x0000, 0x0000, 0x0000, 0x0000, 0x0000, 0x0000, 0x0000,
    0x0000, 0x0000, 0x0000, 0x0000, 0x0000, 0x0000, 0x0000, 0x0000, 0x0000, 0x0000, 0x0000, 0x0000, 0x0000, 0x0000, 0x0000, 0x0000,
    0x0000, 0x0000, 0x0000, 0x0000, 0x0000, 0x0000, 0x0000, 0x0000, 0x0000, 0x0000, 0x0000, 0x0000, 0x0000, 0x0000, 0x0000, 0x0000,
    0x0000, 0x0000, 0x0000, 0x0000, 0x0000, 0x0000, 0x0000, 0x0000, 0x0000, 0x0000, 0x0000, 0x0000, 0x0000, 0x0000, 0x0000, 0x0000,
    0x0000, 0x0000, 0x0000, 0x0000, 0x0000, 0x0000, 0x0000, 0x0000, 0x0000, 0x0000, 0x0000, 0x0000, 0x0000, 0x0000, 0x0000, 0x0000,
    0x0000, 0x0000, 0x0000, 0x0000, 0x0000, 0x0000, 0x0000, 0x0000, 0x0000, 0x0000, 0x0000, 0x0000, 0x0000, 0x0000, 0x0000, 0x0000,
    0x0000, 0x0000, 0x0000, 0x0000, 0x0000, 0x0000, 0x0000, 0x0000, 0x0000, 0x0000, 0x0000, 0x0000, 0x0000, 0x0000, 0x0000, 0x0000,
    0x0000, 0x0000, 0x0000, 0x0000, 0x0000, 0x0000, 0x0000, 0x0000, 0x0000, 0x0000, 0x0000, 0x0000, 0x0000, 0x0000, 0x0000, 0x0000,
    0x0000, 0x0000, 0x0000, 0x0000, 0x0000, 0x0000, 0x0000, 0x0000, 0x0000, 0x0000, 0x0000, 0x0000, 0x0000, 0x0000, 0x0000, 0x0000,
    0x0000, 0x0000, 0x0000, 0x0000, 0x0000, 0x0000, 0x0000, 0x0000, 0x0000, 0x0000, 0x0000, 0x0000, 0x0000, 0x0000, 0x0000, 0x0000,
    0x0000, 0x0000, 0x0000, 0x0000, 0x0000, 0x0000, 0x0000, 0x0000, 0x0000, 0x0000, 0x0000, 0x0000, 0x0000, 0x0000, 0x0000, 0x0000,
    0x0000, 0x0000, 0x0000, 0x0000, 0x0000, 0x0000, 0x0000, 0x0000, 0x0000, 0x0000, 0x0000, 0x0000, 0x0000, 0x0000, 0x0000, 0x0000,
    0x0000, 0x0000, 0x0000, 0x0000, 0x0000, 0x0000, 0x0000, 0x0000, 0x0000, 0x0000, 0x0000, 0x0000, 0x0000, 0x0000, 0x0000, 0x0000,
    0x0000, 0x0000, 0x0000, 0x0000, 0x0000, 0x0000, 0x0000, 0x0000, 0x0000, 0x0000, 0x0000, 0x0000, 0x0000, 0x0000, 0x0000, 0x0000,
    0x0000, 0x0000, 0x0000, 0x400A, 0x1002, 0x0000, 0x0000, 0x0000, 0x0000, 0x0000, 0x0000, 0x0000, 0x0000, 0x0000, 0x0000, 0x0000,
    0x0000, 0x0000, 0x0000, 0x0000, 0x0000, 0x0000, 0x0000, 0x0000, 0x0000, 0x0000, 0x0000, 0x0000, 0x0000, 0x0000, 0x0000, 0x0000,
    0x0000, 0x0000, 0x0000, 0x0000, 0x0000, 0x0000, 0x0000, 0x0000, 0x0000, 0x0000, 0x0000, 0x0000, 0x0000, 0x0000, 0x0000, 0x0000,
    0x0000, 0x0000, 0x0000, 0x0000, 0x0000, 0x0000, 0x0000, 0x0000, 0x0000, 0x0000, 0x0000, 0x0041, 0x020A, 0x0020, 0x0000, 0x0000,
    0x0000, 0x0000, 0x0000, 0x0000, 0x0000, 0x0000, 0x0000, 0x0000, 0x0000, 0x0000, 0x0000, 0x0000, 0x0000, 0x0000, 0x0000, 0x0000,
    0x0000, 0x0000, 0x0000, 0x0000, 0x0000, 0x0000, 0x0000, 0x0000, 0x0000, 0x0000, 0x0000, 0x0000, 0x0000, 0x0000, 0x0000, 0x0000,
    0x0000, 0x0000, 0x0000, 0x0000, 0x0000, 0x0000, 0x0000, 0x0000, 0x0000, 0x0000, 0x0000, 0x0000, 0x0000, 0x0000, 0x0000, 0x0000,
    0x0000, 0x0000, 0x0000, 0x0000, 0x0000, 0x0000, 0x0000, 0x0000, 0x0000, 0x0000, 0x0000, 0x0000, 0x0000, 0x0000, 0x0000, 0x0000,
    0x0000, 0x0000, 0x0000, 0x0000, 0x0000, 0x0000, 0x0000, 0x0000, 0x0000, 0x0000, 0x0000, 0x0000, 0x0000, 0x0000, 0x0000, 0x0000,
    0x0000, 0x0000, 0x0000, 0x0000, 0x0000, 0x0000, 0x0000, 0x0000, 0x0000, 0x0000, 0x0000, 0x0000, 0x0000, 0x0000, 0x0000, 0x0000,
    0x0000, 0x0000, 0x0000, 0x0000, 0x0000, 0x0000, 0x0000, 0x0000, 0x0000, 0x0000, 0x0000, 0x0000, 0x0000, 0x0000, 0x0000, 0x0000,
    0x0000, 0x0000, 0x0000, 0x0000, 0x0000, 0x0000, 0x0000, 0x0000, 0x0000, 0x0000, 0x0000, 0x0000, 0x0000, 0x0000, 0x0000, 0x0000,
    0x0000, 0x0000, 0x0000, 0x0000, 0x0000, 0x0000, 0x0000, 0x0000, 0x0000, 0x0000, 0x0000, 0x0000, 0x0000, 0x0000, 0x0000, 0x0000,
    0x0000, 0x0000, 0x0000, 0x0000, 0x0000, 0x0000, 0x0000, 0x0000, 0x0000, 0x0000, 0x0000, 0x0000, 0x0000, 0x0000, 0x0000, 0x0000,
    0x0000, 0x0000, 0x0000, 0x0000, 0x0000, 0x0000, 0x0000, 0x0000, 0x0000, 0x0000, 0x0000, 0x0000, 0x0000, 0x0000, 0x0000, 0x0000,
    0x0000, 0x0000, 0x0000, 0x0000, 0x0000, 0x0000, 0x0000, 0x0000, 0x0000, 0x0000, 0x0000, 0x0000, 0x0000, 0x0000, 0x0000, 0x0000,
    0x0000, 0x0000, 0x0000, 0x0000, 0x0000, 0x0000, 0x0000, 0x0000, 0x0000, 0x0000, 0x0000, 0x0000, 0x0000, 0x0000, 0x0000, 0x0000,
    0x0000, 0x0000, 0x0000, 0x0000, 0x0000, 0x0000, 0x0000, 0x0000, 0x0000, 0x0000, 0x0000, 0x0000, 0x0000, 0x0000, 0x0000, 0x0000,
    0x0000, 0x0000, 0x0000, 0x0000, 0x0000, 0x0000, 0x0000, 0x0000, 0x0000, 0x0000, 0x0000, 0x0000, 0x0000, 0x0000, 0x0000, 0x0000,
    0x0000, 0x0000, 0x0000, 0x0000, 0x0000, 0x0000, 0x0000, 0x0000, 0x0000, 0x0000, 0x0000, 0x0000, 0x0000, 0x0000, 0x0000, 0x0000,
    0x0000, 0x0000, 0x0000, 0x3007, 0x1804, 0x0000, 0x0000, 0x0000, 0x0000, 0x3009, 0x480E, 0x1004, 0x2007, 0x0001, 0x0000, 0x0000,
    0x0000, 0x0000, 0x0000, 0x0000, 0x0000, 0x0000, 0x0000, 0x0000, 0x0000, 0x0000, 0x0000, 0x0000, 0x0000, 0x0000, 0x0000, 0x0000,
    0x0000, 0x0000, 0x0000, 0x0000, 0x0000, 0x0000, 0x0000, 0x0000, 0x0000, 0x0000, 0x0000, 0x0000, 0x0000, 0x0000, 0x0082, 0x02AC,
    0x0187, 0x0000, 0x0041, 0x0000, 0x0000, 0x0000, 0x0000, 0x0000, 0x0000, 0x0000, 0x0000, 0x00C4, 0x01A9, 0x0000, 0x0000, 0x0000,
    0x0000, 0x0000, 0x0000, 0x0000, 0x0000, 0x0000, 0x0000, 0x0000, 0x0000, 0x0000, 0x0000, 0x0000, 0x0000, 0x0000, 0x0000, 0x0000,
    0x0000, 0x0000, 0x0000, 0x0000, 0x0000, 0x0000, 0x0000, 0x0000, 0x0000, 0x0000, 0x0000, 0x0000, 0x0000, 0x0000, 0x0000, 0x0000,
    0x0000, 0x0000, 0x0000, 0x0000, 0x0000, 0x0000, 0x0000, 0x0000, 0x0000, 0x0000, 0x0000, 0x0000, 0x0000, 0x0000, 0x0000, 0x0000,
    0x0000, 0x0000, 0x0000, 0x0000, 0x0000, 0x0000, 0x0000, 0x0000, 0x0000, 0x0000, 0x0000, 0x0000, 0x0000, 0x0000, 0x0000, 0x0000,
    0x0000, 0x0000, 0x0000, 0x0000, 0x0000, 0x0000, 0x0000, 0x0000, 0x0000, 0x0000, 0x0000, 0x0000, 0x0000, 0x0000, 0x0000, 0x0000,
    0x0000, 0x0000, 0x0000, 0x0000, 0x0000, 0x0000, 0x0000, 0x0000, 0x0000, 0x0000, 0x0000, 0x0000, 0x0000, 0x0000, 0x0000, 0x0000,
    0x0000, 0x0000, 0x0000, 0x0000, 0x0000, 0x0000, 0x0000, 0x0000, 0x0000, 0x0000, 0x0000, 0x0000, 0x0000, 0x0000, 0x0000, 0x0000,
    0x0000, 0x0000, 0x0000, 0x0000, 0x0000, 0x0000, 0x0000, 0x0000, 0x0000, 0x0000, 0x0000, 0x0000, 0x0000, 0x0000, 0x0000, 0x0000,
    0x0000, 0x0000, 0x0000, 0x0000, 0x0000, 0x0000, 0x0000, 0x0000, 0x0000, 0x0000, 0x0000, 0x0000, 0x0000, 0x0000, 0x0000, 0x0000,
    0x0000, 0x0000, 0x0000, 0x0000, 0x0000, 0x0000, 0x0000, 0x0000, 0x0000, 0x0000, 0x0000, 0x0000, 0x0000, 0x0000, 0x0000, 0x0000,
    0x0000, 0x0000, 0x0000, 0x0000, 0x0000, 0x0000, 0x0000, 0x0000, 0x0000, 0x0000, 0x0000, 0x0000, 0x0000, 0x0000, 0x0000, 0x0000,
    0x0000, 0x0000, 0x0000, 0x0000, 0x0000, 0x0000, 0x0000, 0x0000, 0x0000, 0x0000, 0x0000, 0x0000, 0x0000, 0x0000, 0x0000, 0x0000,
    0x0000, 0x0000, 0x0000, 0x0000, 0x0000, 0x0000, 0x0000, 0x0000, 0x0000, 0x0000, 0x0000, 0x0000, 0x0000, 0x0000, 0x0000, 0x0000,
    0x0000, 0x0000, 0x0000, 0x0000, 0x0000, 0x0000, 0x0000, 0x0000, 0x0000, 0x0000, 0x0000, 0x0000, 0x0000, 0x0000, 0x0000, 0x0000,
    0x0000, 0x0000, 0x0000, 0x0000, 0x0000, 0x0000, 0x0000, 0x0000, 0x0000, 0x0000, 0x0000, 0x0000, 0x0000, 0x0000, 0x0000, 0x0000,
    0x0000, 0x0000, 0x0000, 0x0000, 0x0000, 0x0000, 0x0000, 0x0000, 0x0000, 0x0000, 0x0000, 0x0000, 0x0000, 0x0000, 0x0000, 0x0000,
    0x0000, 0x0000, 0x0000, 0x1003, 0x3809, 0x0000, 0x0000, 0x0000, 0x0000, 0x5010, 0x400D, 0x380B, 0x400D, 0x480E, 0x0801, 0x2007,
    0x3009, 0x2007, 0x0000, 0x0000, 0x0000, 0x0000, 0x0000, 0x0000, 0x0000, 0x0000, 0x0000, 0x0000, 0x0000, 0x0000, 0x0000, 0x0000,
    0x0000, 0x0000, 0x0000, 0x0000, 0x0000, 0x0000, 0x0000, 0x0000, 0x0000, 0x0000, 0x0000, 0x0000, 0x0000, 0x0000, 0x02AC, 0x0186,
    0x01A7, 0x01A8, 0x0370, 0x01C7, 0x0146, 0x01E8, 0x01A7, 0x0000, 0x0000, 0x0020, 0x0000, 0x01C9, 0x00A3, 0x0000, 0x0000, 0x0000,
    0x0000, 0x0000, 0x0000, 0x0000, 0x0000, 0x0000, 0x0000, 0x0000, 0x0000, 0x0000, 0x0000, 0x0000, 0x0000, 0x0000, 0x0000, 0x0000,
    0x0000, 0x0000, 0x0000, 0x0000, 0x0000, 0x0000, 0x0000, 0x0000, 0x0000, 0x0000, 0x0000, 0x0000, 0x0000, 0x0000, 0x0000, 0x0000,
    0x0000, 0x0000, 0x0000, 0x0000, 0x0000, 0x0000, 0x0000, 0x0000, 0x0000, 0x0000, 0x0000, 0x0000, 0x0000, 0x0000, 0x0000, 0x0000,
    0x0000, 0x0000, 0x0000, 0x0000, 0x0000, 0x0000, 0x0000, 0x0000, 0x0000, 0x0000, 0x0000, 0x0000, 0x0000, 0x0000, 0x0000, 0x0000,
    0x0000, 0x0000, 0x0000, 0x0000, 0x0000, 0x0000, 0x0000, 0x0000, 0x0000, 0x0000, 0x0000, 0x0000, 0x0000, 0x0000, 0x0000, 0x0000,
    0x0000, 0x0000, 0x0000, 0x0000, 0x0000, 0x0000, 0x0000, 0x0000, 0x0000, 0x0000, 0x0000, 0x0000, 0x0000, 0x0000, 0x0000, 0x0000,
    0x0000, 0x0000, 0x0000, 0x0000, 0x0000, 0x0000, 0x0000, 0x0000, 0x0000, 0x0000, 0x0000, 0x0000, 0x0000, 0x0000, 0x0000, 0x0000,
    0x0000, 0x0000, 0x0000, 0x0000, 0x0000, 0x0000, 0x0000, 0x0000, 0x0000, 0x0000, 0x0000, 0x0000, 0x0000, 0x0000, 0x0000, 0x0000,
    0x0000, 0x0000, 0x0000, 0x0000, 0x0000, 0x0000, 0x0000, 0x0000, 0x0000, 0x0000, 0x0000, 0x0000, 0x0000, 0x0000, 0x0000, 0x0000,
    0x0000, 0x0000, 0x0000, 0x0000, 0x0000, 0x0000, 0x0000, 0x0000, 0x0000, 0x0000, 0x0000, 0x0000, 0x0000, 0x0000, 0x0000, 0x0000,
    0x0000, 0x0000, 0x0000, 0x0000, 0x0000, 0x0000, 0x0000, 0x0000, 0x0000, 0x0000, 0x0000, 0x0000, 0x0000, 0x0000, 0x0000, 0x0000,
    0x0000, 0x0000, 0x0000, 0x0000, 0x0000, 0x0000, 0x0000, 0x0000, 0x0000, 0x0000, 0x0000, 0x0000, 0x0000, 0x0000, 0x0000, 0x0000,
    0x0000, 0x0000, 0x0000, 0x0000, 0x0000, 0x0000, 0x0000, 0x0000, 0x0000, 0x0000, 0x0000, 0x0000, 0x0000, 0x0000, 0x0000, 0x0000,
    0x0000, 0x0000, 0x0000, 0x0000, 0x0000, 0x0000, 0x0000, 0x0000, 0x0000, 0x0000, 0x0000, 0x0000, 0x0000, 0x0000, 0x0000, 0x0000,
    0x0000, 0x0000, 0x0000, 0x0000, 0x0000, 0x0000, 0x0000, 0x0000, 0x0000, 0x0000, 0x0000, 0x0000, 0x0000, 0x0000, 0x0000, 0x0000,
    0x0000, 0x0000, 0x0000, 0x0000, 0x0000, 0x0000, 0x0000, 0x0000, 0x0000, 0x0000, 0x0000, 0x0000, 0x0000, 0x0000, 0x0000, 0x0000,
    0x0000, 0x0000, 0x0000, 0x0000, 0x400A, 0x1002, 0x0000, 0x0000, 0x0000, 0x480D, 0x400C, 0x2809, 0x380C, 0x3009, 0x400D, 0x480F,
    0x482E, 0x5030, 0x1805, 0x0000, 0x0000, 0x0000, 0x0000, 0x0000, 0x0000, 0x0000, 0x0000, 0x0000, 0x0000, 0x0000, 0x0000, 0x0000,
    0x0000, 0x0000, 0x0000, 0x0000, 0x0000, 0x0000, 0x0000, 0x0000, 0x0000, 0x0000, 0x0000, 0x0000, 0x0000, 0x0000, 0x02AC, 0x0000,
    0x0000, 0x01C8, 0x0C33, 0x0229, 0x028C, 0x0390, 0x036F, 0x00E4, 0x0000, 0x0000, 0x0062, 0x01EA, 0x0000, 0x0000, 0x0000, 0x0000,
    0x0000, 0x0000, 0x0000, 0x0000, 0x0000, 0x0000, 0x0000, 0x0000, 0x0000, 0x0000, 0x0000, 0x0000, 0x0000, 0x0000, 0x0000, 0x0000,
    0x0000, 0x0000, 0x0000, 0x0000, 0x0000, 0x0000, 0x0000, 0x0000, 0x0000, 0x0000, 0x0000, 0x0000, 0x0000, 0x0000, 0x0000, 0x0000,
    0x0000, 0x0000, 0x0000, 0x0000, 0x0000, 0x0000, 0x0000, 0x0000, 0x0000, 0x0000, 0x0000, 0x0000, 0x0000, 0x0000, 0x0000, 0x0000,
    0x0000, 0x0000, 0x0000, 0x0000, 0x0000, 0x0000, 0x0000, 0x0000, 0x0000, 0x0000, 0x0000, 0x0000, 0x0000, 0x0000, 0x0000, 0x0000,
    0x0000, 0x0000, 0x0000, 0x0000, 0x0000, 0x0000, 0x0000, 0x0000, 0x0000, 0x0000, 0x0000, 0x0000, 0x0000, 0x0000, 0x0000, 0x0000,
    0x0000, 0x0000, 0x0000, 0x0000, 0x0000, 0x0000, 0x0000, 0x0000, 0x0000, 0x0000, 0x0000, 0x0000, 0x0000, 0x0000, 0x0000, 0x0000,
    0x0000, 0x0000, 0x0000, 0x0000, 0x0000, 0x0000, 0x0000, 0x0000, 0x0000, 0x0000, 0x0000, 0x0000, 0x0000, 0x0000, 0x0000, 0x0000,
    0x0000, 0x0000, 0x0000, 0x0000, 0x0000, 0x0000, 0x0000, 0x0000, 0x0000, 0x0000, 0x0000, 0x0000, 0x0000, 0x0000, 0x0000, 0x0000,
    0x0000, 0x0000, 0x0000, 0x0000, 0x0000, 0x0000, 0x0000, 0x0000, 0x0000, 0x0000, 0x0000, 0x0000, 0x0000, 0x0000, 0x0000, 0x0000,
    0x0000, 0x0000, 0x0000, 0x0000, 0x0000, 0x0000, 0x0000, 0x0000, 0x0000, 0x0000, 0x0000, 0x0000, 0x0000, 0x0000, 0x0000, 0x0000,
    0x0000, 0x0000, 0x0000, 0x0000, 0x0000, 0x0000, 0x0000, 0x0000, 0x0000, 0x0000, 0x0000, 0x0000, 0x0000, 0x0000, 0x0000, 0x0000,
    0x0000, 0x0000, 0x0000, 0x0000, 0x0000, 0x0000, 0x0000, 0x0000, 0x0000, 0x0000, 0x0000, 0x0000, 0x0000, 0x0000, 0x0000, 0x0000,
    0x0000, 0x0000, 0x0000, 0x0000, 0x0000, 0x0000, 0x0000, 0x0000, 0x0000, 0x0000, 0x0000, 0x0000, 0x0000, 0x0000, 0x0000, 0x0000,
    0x0000, 0x0000, 0x0000, 0x0000, 0x0000, 0x0000, 0x0000, 0x0000, 0x0000, 0x0000, 0x0000, 0x0000, 0x0000, 0x0000, 0x0000, 0x0000,
    0x0000, 0x0000, 0x0000, 0x0000, 0x0000, 0x0000, 0x0000, 0x0000, 0x0000, 0x0000, 0x0000, 0x0000, 0x0000, 0x0000, 0x0000, 0x0000,
    0x0000, 0x0000, 0x0000, 0x0000, 0x0000, 0x0000, 0x0000, 0x0000, 0x0000, 0x0000, 0x0000, 0x0000, 0x0000, 0x0000, 0x0000, 0x0000,
    0x0000, 0x0000, 0x0000, 0x0000, 0x2005, 0x3808, 0x0000, 0x0000, 0x0000, 0x480D, 0x380A, 0x300A, 0x400D, 0x380B, 0x380C, 0x400C,
    0x3029, 0x400D, 0x2006, 0x0000, 0x0000, 0x0000, 0x0000, 0x0000, 0x0000, 0x0000, 0x0000, 0x0000, 0x0000, 0x0000, 0x0000, 0x0000,
    0x0000, 0x0000, 0x0000, 0x0000, 0x0000, 0x0000, 0x0000, 0x0000, 0x0000, 0x0000, 0x0000, 0x0000, 0x0000, 0x0000, 0x0209, 0x020A,
    0x09E9, 0x0167, 0x0413, 0x022A, 0x024A, 0x02AC, 0x02AC, 0x0124, 0x0000, 0x0000, 0x0146, 0x0126, 0x0000, 0x0000, 0x0000, 0x0000,
    0x0000, 0x0000, 0x0000, 0x0000, 0x0000, 0x0000, 0x0000, 0x0000, 0x0000, 0x0000, 0x0000, 0x0000, 0x0000, 0x0000, 0x0000, 0x0000,
    0x0000, 0x0000, 0x0000, 0x0000, 0x0000, 0x0000, 0x0000, 0x0000, 0x0000, 0x0000, 0x0000, 0x0000, 0x0000, 0x0000, 0x0000, 0x0000,
    0x0000, 0x0000, 0x0000, 0x0000, 0x0000, 0x0000, 0x0000, 0x0000, 0x0000, 0x0000, 0x0000, 0x0000, 0x0000, 0x0000, 0x0000, 0x0000,
    0x0000, 0x0000, 0x0000, 0x0000, 0x0000, 0x0000, 0x0000, 0x0000, 0x0000, 0x0000, 0x0000, 0x0000, 0x0000, 0x0000, 0x0000, 0x0000,
    0x0000, 0x0000, 0x0000, 0x0000, 0x0000, 0x0000, 0x0000, 0x0000, 0x0000, 0x0000, 0x0000, 0x0000, 0x0000, 0x0000, 0x0000, 0x0000,
    0x0000, 0x0000, 0x0000, 0x0000, 0x0000, 0x0000, 0x0000, 0x0000, 0x0000, 0x0000, 0x0000, 0x0000, 0x0000, 0x0000, 0x0000, 0x0000,
    0x0000, 0x0000, 0x0000, 0x0000, 0x0000, 0x0000, 0x0000, 0x0000, 0x0000, 0x0000, 0x0000, 0x0000, 0x0000, 0x0000, 0x0000, 0x0000,
    0x0000, 0x0000, 0x0000, 0x0000, 0x0000, 0x0000, 0x0000, 0x0000, 0x0000, 0x0000, 0x0000, 0x0000, 0x0000, 0x0000, 0x0000, 0x0000,
    0x0000, 0x0000, 0x0000, 0x0000, 0x0000, 0x0000, 0x0000, 0x0000, 0x0000, 0x0000, 0x0000, 0x0000, 0x0000, 0x0000, 0x0000, 0x0000,
    0x0000, 0x0000, 0x0000, 0x0000, 0x0000, 0x0000, 0x0000, 0x0000, 0x0000, 0x0000, 0x0000, 0x0000, 0x0000, 0x0000, 0x0000, 0x0000,
    0x0000, 0x0000, 0x0000, 0x0000, 0x0000, 0x0000, 0x0000, 0x0000, 0x0000, 0x0000, 0x0000, 0x0000, 0x0000, 0x0000, 0x0000, 0x0000,
    0x0000, 0x0000, 0x0000, 0x0000, 0x0000, 0x0000, 0x0000, 0x0000, 0x0000, 0x0000, 0x0000, 0x0000, 0x0000, 0x0000, 0x0000, 0x0000,
    0x0000, 0x0000, 0x0000, 0x0000, 0x0000, 0x0000, 0x0000, 0x0000, 0x0000, 0x0000, 0x0000, 0x0000, 0x0000, 0x0000, 0x0000, 0x0000,
    0x0000, 0x0000, 0x0000, 0x0000, 0x0000, 0x0000, 0x0000, 0x0000, 0x0000, 0x0000, 0x0000, 0x0000, 0x0000, 0x0000, 0x0000, 0x0000,
    0x0000, 0x0000, 0x0000, 0x0000, 0x0000, 0x0000, 0x0000, 0x0000, 0x0000, 0x0000, 0x0000, 0x0000, 0x0000, 0x0000, 0x0000, 0x0000,
    0x0000, 0x0000, 0x0000, 0x0000, 0x0000, 0x0000, 0x0000, 0x0000, 0x0000, 0x0000, 0x0000, 0x0000, 0x0000, 0x0000, 0x0000, 0x0000,
    0x0000, 0x0000, 0x0000, 0x0000, 0x0000, 0x4009, 0x0000, 0x0000, 0x0000, 0x1003, 0x2807, 0x0801, 0x1004, 0x2809, 0x0801, 0x1002,
    0x0802, 0x1003, 0x0001, 0x0000, 0x0000, 0x0000, 0x0000, 0x0000, 0x0000, 0x0000, 0x0000, 0x0000, 0x0000, 0x0000, 0x0000, 0x0000,
    0x0000, 0x0000, 0x0000, 0x0000, 0x0000, 0x0000, 0x0000, 0x0000, 0x0000, 0x0000, 0x0000, 0x0000, 0x0000, 0x0000, 0x0020, 0x0187,
    0x00A3, 0x0000, 0x0082, 0x0000, 0x00A2, 0x00A3, 0x00A3, 0x0041, 0x0000, 0x0000, 0x0A2B, 0x0041, 0x0000, 0x0000, 0x0000, 0x0000,
    0x0000, 0x0000, 0x0000, 0x0000, 0x0000, 0x0000, 0x0000, 0x0000, 0x0000, 0x0000, 0x0000, 0x0000, 0x0000, 0x0000, 0x0000, 0x0000,
    0x0000, 0x0000, 0x0000, 0x0000, 0x0000, 0x0000, 0x0000, 0x0000, 0x0000, 0x0000, 0x0000, 0x0000, 0x0000, 0x0000, 0x0000, 0x0000,
    0x0000, 0x0000, 0x0000, 0x0000, 0x0000, 0x0000, 0x0000, 0x0000, 0x0000, 0x0000, 0x0000, 0x0000, 0x0000, 0x0000, 0x0000, 0x0000,
    0x0000, 0x0000, 0x0000, 0x0000, 0x0000, 0x0000, 0x0000, 0x0000, 0x0000, 0x0000, 0x0000, 0x0000, 0x0000, 0x0000, 0x0000, 0x0000,
    0x0000, 0x0000, 0x0000, 0x0000, 0x0000, 0x0000, 0x0000, 0x0000, 0x0000, 0x0000, 0x0000, 0x0000, 0x0000, 0x0000, 0x0000, 0x0000,
    0x0000, 0x0000, 0x0000, 0x0000, 0x0000, 0x0000, 0x0000, 0x0000, 0x0000, 0x0000, 0x0000, 0x0000, 0x0000, 0x0000, 0x0000, 0x0000,
    0x0000, 0x0000, 0x0000, 0x0000, 0x0000, 0x0000, 0x0000, 0x0000, 0x0000, 0x0000, 0x0000, 0x0000, 0x0000, 0x0000, 0x0000, 0x0000,
    0x0000, 0x0000, 0x0000, 0x0000, 0x0000, 0x0000, 0x0000, 0x0000, 0x0000, 0x0000, 0x0000, 0x0000, 0x0000, 0x0000, 0x0000, 0x0000,
    0x0000, 0x0000, 0x0000, 0x0000, 0x0000, 0x0000, 0x0000, 0x0000, 0x0000, 0x0000, 0x0000, 0x0000, 0x0000, 0x0000, 0x0000, 0x0000,
    0x0000, 0x0000, 0x0000, 0x0000, 0x0000, 0x0000, 0x0000, 0x0000, 0x0000, 0x0000, 0x0000, 0x0000, 0x0000, 0x0000, 0x0000, 0x0000,
    0x0000, 0x0000, 0x0000, 0x0000, 0x0000, 0x0000, 0x0000, 0x0000, 0x0000, 0x0000, 0x0000, 0x0000, 0x0000, 0x0000, 0x0000, 0x0000,
    0x0000, 0x0000, 0x0000, 0x0000, 0x0000, 0x0000, 0x0000, 0x0000, 0x0000, 0x0000, 0x0000, 0x0000, 0x0000, 0x0000, 0x0000, 0x0000,
    0x0000, 0x0000, 0x0000, 0x0000, 0x0000, 0x0000, 0x0000, 0x0000, 0x0000, 0x0000, 0x0000, 0x0000, 0x0000, 0x0000, 0x0000, 0x0000,
    0x0000, 0x0000, 0x0000, 0x0000, 0x0000, 0x0000, 0x0000, 0x0000, 0x0000, 0x0000, 0x0000, 0x0000, 0x0000, 0x0000, 0x0000, 0x0000,
    0x0000, 0x0000, 0x0000, 0x0000, 0x0000, 0x0000, 0x0000, 0x0000, 0x0000, 0x0000, 0x0000, 0x0000, 0x0000, 0x0000, 0x0000, 0x0000,
    0x0000, 0x0000, 0x0000, 0x0000, 0x0000, 0x0000, 0x0000, 0x0000, 0x0000, 0x0000, 0x0000, 0x0000, 0x0000, 0x0801, 0x1802, 0x0000,
    0x0000, 0x0801, 0x0000, 0x0000, 0x0000, 0x3006, 0x680C, 0x0800, 0x0000, 0x0000, 0x0000, 0x0000, 0x0000, 0x0000, 0x0000, 0x0000,
    0x0000, 0x0000, 0x0000, 0x0000, 0x0000, 0x0000, 0x0000, 0x0000, 0x0000, 0x0000, 0x0000, 0x0000, 0x0000, 0x0000, 0x0000, 0x0000,
    0x0000, 0x0000, 0x0000, 0x0000, 0x0000, 0x0000, 0x0000, 0x0000, 0x0000, 0x0000, 0x0000, 0x0000, 0x0000, 0x0000, 0x0000, 0x0000,
    0x0000, 0x0000, 0x0000, 0x0000, 0x0000, 0x0000, 0x0000, 0x0000, 0x0021, 0x0B10, 0x01C9, 0x0000, 0x0000, 0x0000, 0x0041, 0x0862,
    0x0062, 0x0000, 0x0000, 0x0000, 0x0000, 0x0000, 0x0000, 0x0000, 0x0000, 0x0000, 0x0000, 0x0000, 0x0000, 0x0000, 0x0000, 0x0000,
    0x0000, 0x0000, 0x0000, 0x0000, 0x0000, 0x0000, 0x0000, 0x0000, 0x0000, 0x0000, 0x0000, 0x0000, 0x0000, 0x0000, 0x0000, 0x0000,
    0x0000, 0x0000, 0x0000, 0x0000, 0x0000, 0x0000, 0x0000, 0x0000, 0x0000, 0x0000, 0x0000, 0x0000, 0x0000, 0x0000, 0x0000, 0x0000,
    0x0000, 0x0000, 0x0000, 0x0000, 0x0000, 0x0000, 0x0000, 0x0000, 0x0000, 0x0000, 0x0000, 0x0000, 0x0000, 0x0000, 0x0000, 0x0000,
    0x0000, 0x0000, 0x0000, 0x0000, 0x0000, 0x0000, 0x0000, 0x0000, 0x0000, 0x0000, 0x0000, 0x0000, 0x0000, 0x0000, 0x0000, 0x0000,
    0x0000, 0x0000, 0x0000, 0x0000, 0x0000, 0x0000, 0x0000, 0x0000, 0x0000, 0x0000, 0x0000, 0x0000, 0x0000, 0x0000, 0x0000, 0x0000,
    0x0000, 0x0000, 0x0000, 0x0000, 0x0000, 0x0000, 0x0000, 0x0000, 0x0000, 0x0000, 0x0000, 0x0000, 0x0000, 0x0000, 0x0000, 0x0000,
    0x0000, 0x0000, 0x0000, 0x0000, 0x0000, 0x0000, 0x0000, 0x0000, 0x0000, 0x0000, 0x0000, 0x0000, 0x0000, 0x0000, 0x0000, 0x0000,
    0x0000, 0x0000, 0x0000, 0x0000, 0x0000, 0x0000, 0x0000, 0x0000, 0x0000, 0x0000, 0x0000, 0x0000, 0x0000, 0x0000, 0x0000, 0x0000,
    0x0000, 0x0000, 0x0000, 0x0000, 0x0000, 0x0000, 0x0000, 0x0000, 0x0000, 0x0000, 0x0000, 0x0000, 0x0000, 0x0000, 0x0000, 0x0000,
    0x0000, 0x0000, 0x0000, 0x0000, 0x0000, 0x0000, 0x0000, 0x0000, 0x0000, 0x0000, 0x0000, 0x0000, 0x0000, 0x0000, 0x0000, 0x0000,
    0x0000, 0x0000, 0x0000, 0x0000, 0x0000, 0x0000, 0x0000, 0x0000, 0x0000, 0x0000, 0x0000, 0x0000, 0x0000, 0x0000, 0x0000, 0x0000,
    0x0000, 0x0000, 0x0000, 0x0000, 0x0000, 0x0000, 0x0000, 0x0000, 0x0000, 0x0000, 0x0000, 0x0000, 0x0000, 0x0000, 0x0000, 0x0000,
    0x0000, 0x0000, 0x0000, 0x0000, 0x0000, 0x0000, 0x0000, 0x0000, 0x0000, 0x0000, 0x0000, 0x0000, 0x0000, 0x0000, 0x0000, 0x0000,
    0x0000, 0x0000, 0x0000, 0x0000, 0x0000, 0x0000, 0x0000, 0x0000, 0x0000, 0x0000, 0x0000, 0x0000, 0x0000, 0x0000, 0x0000, 0x0000,
    0x0000, 0x0000, 0x0000, 0x0000, 0x0000, 0x0000, 0x0000, 0x0000, 0x0000, 0x0000, 0x0000, 0x0000, 0x0000, 0x880F, 0x900F, 0x5809,
    0x1802, 0x780E, 0x0000, 0x0000, 0x0000, 0x2003, 0x580A, 0x0801, 0x0000, 0x0000, 0x0000, 0x0000, 0x0000, 0x0000, 0x0000, 0x0000,
    0x0000, 0x0000, 0x0801, 0x0000, 0x0000, 0x0000, 0x0000, 0x0000, 0x0000, 0x0000, 0x0000, 0x0000, 0x0000, 0x0000, 0x0000, 0x0000,
    0x0000, 0x0000, 0x0000, 0x0000, 0x0000, 0x0000, 0x0000, 0x0000, 0x0000, 0x0000, 0x0000, 0x0000, 0x0000, 0x0000, 0x0000, 0x0000,
    0x0000, 0x0000, 0x0000, 0x0000, 0x0000, 0x0000, 0x0000, 0x0000, 0x0021, 0x028E, 0x0105, 0x0000, 0x0000, 0x0883, 0x32D2, 0x222D,
    0x124D, 0x0020, 0x0000, 0x0000, 0x0000, 0x0000, 0x0000, 0x0000, 0x0000, 0x0000, 0x0000, 0x0000, 0x0000, 0x0000, 0x0000, 0x0000,
    0x0000, 0x0000, 0x0000, 0x0000, 0x0000, 0x0000, 0x0000, 0x0000, 0x0000, 0x0000, 0x0000, 0x0000, 0x0000, 0x0000, 0x0000, 0x0000,
    0x0000, 0x0000, 0x0000, 0x0000, 0x0000, 0x0000, 0x0000, 0x0000, 0x0000, 0x0000, 0x0000, 0x0000, 0x0000, 0x0000, 0x0000, 0x0000,
    0x0000, 0x0000, 0x0000, 0x0000, 0x0000, 0x0000, 0x0000, 0x0000, 0x0000, 0x0000, 0x0000, 0x0000, 0x0000, 0x0000, 0x0000, 0x0000,
    0x0000, 0x0000, 0x0000, 0x0000, 0x0000, 0x0000, 0x0000, 0x0000, 0x0000, 0x0000, 0x0000, 0x0000, 0x0000, 0x0000, 0x0000, 0x0000,
    0x0000, 0x0000, 0x0000, 0x0000, 0x0000, 0x0000, 0x0000, 0x0000, 0x0000, 0x0000, 0x0000, 0x0000, 0x0000, 0x0000, 0x0000, 0x0000,
    0x0000, 0x0000, 0x0000, 0x0000, 0x0000, 0x0000, 0x0000, 0x0000, 0x0000, 0x0000, 0x0000, 0x0000, 0x0000, 0x0000, 0x0000, 0x0000,
    0x0000, 0x0000, 0x0000, 0x0000, 0x0000, 0x0000, 0x0000, 0x0000, 0x0000, 0x0000, 0x0000, 0x0000, 0x0000, 0x0000, 0x0000, 0x0000,
    0x0000, 0x0000, 0x0000, 0x0000, 0x0000, 0x0000, 0x0000, 0x0000, 0x0000, 0x0000, 0x0000, 0x0000, 0x0000, 0x0000, 0x0000, 0x0000,
    0x0000, 0x0000, 0x0000, 0x0000, 0x0000, 0x0000, 0x0000, 0x0000, 0x0000, 0x0000, 0x0000, 0x0000, 0x0000, 0x0000, 0x0000, 0x0000,
    0x0000, 0x0000, 0x0000, 0x0000, 0x0000, 0x0000, 0x0000, 0x0000, 0x0000, 0x0000, 0x0000, 0x0000, 0x0000, 0x0000, 0x0000, 0x0000,
    0x0000, 0x0000, 0x0000, 0x0000, 0x0000, 0x0000, 0x0000, 0x0000, 0x0000, 0x0000, 0x0000, 0x0000, 0x0000, 0x0000, 0x0000, 0x0000,
    0x0000, 0x0000, 0x0000, 0x0000, 0x0000, 0x0000, 0x0000, 0x0000, 0x0000, 0x0000, 0x0000, 0x0000, 0x0000, 0x0000, 0x0000, 0x0000,
    0x0000, 0x0000, 0x0000, 0x0000, 0x0000, 0x0000, 0x0000, 0x0000, 0x0000, 0x0000, 0x0000, 0x0000, 0x0000, 0x0000, 0x0000, 0x0000,
    0x0000, 0x0000, 0x0000, 0x0000, 0x0000, 0x0000, 0x0000, 0x0000, 0x0000, 0x0000, 0x0000, 0x0000, 0x0000, 0x0000, 0x0000, 0x0000,
    0x0000, 0x0000, 0x0000, 0x0000, 0x0000, 0x0000, 0x0000, 0x0000, 0x0000, 0x0000, 0x0000, 0x0000, 0x0000, 0x9811, 0x1001, 0x700C,
    0x5009, 0x900F, 0x6009, 0x2003, 0x0000, 0x0000, 0x0802, 0x3809, 0x0000, 0x0000, 0x0000, 0x0000, 0x0000, 0x0000, 0x0000, 0x0000,
    0x0000, 0x480A, 0x580B, 0x1002, 0x2005, 0x2005, 0x0000, 0x0000, 0x0000, 0x0000, 0x0000, 0x0000, 0x0000, 0x0000, 0x0000, 0x0000,
    0x0000, 0x0000, 0x0000, 0x0000, 0x0000, 0x0000, 0x0000, 0x0000, 0x0000, 0x0000, 0x0000, 0x0000, 0x0000, 0x0000, 0x0000, 0x0000,
    0x0000, 0x0000, 0x0000, 0x0000, 0x0000, 0x0000, 0x0000, 0x0000, 0x01C9, 0x00A3, 0x0000, 0x0000, 0x0000, 0x08C5, 0x2A90, 0x0062,
    0x0021, 0x0000, 0x0000, 0x0000, 0x0000, 0x0000, 0x0000, 0x0000, 0x0000, 0x0000, 0x0000, 0x0000, 0x0000, 0x0000, 0x0000, 0x0000,
    0x0000, 0x0000, 0x0000, 0x0000, 0x0000, 0x0000, 0x0000, 0x0000, 0x0000, 0x0000, 0x0000, 0x0000, 0x0000, 0x0000, 0x0000, 0x0000,
    0x0000, 0x0000, 0x0000, 0x0000, 0x0000, 0x0000, 0x0000, 0x0000, 0x0000, 0x0000, 0x0000, 0x0000, 0x0000, 0x0000, 0x0000, 0x0000,
    0x0000, 0x0000, 0x0000, 0x0000, 0x0000, 0x0000, 0x0000, 0x0000, 0x0000, 0x0000, 0x0000, 0x0000, 0x0000, 0x0000, 0x0000, 0x0000,
    0x0000, 0x0000, 0x0000, 0x0000, 0x0000, 0x0000, 0x0000, 0x0000, 0x0000, 0x0000, 0x0000, 0x0000, 0x0000, 0x0000, 0x0000, 0x0000,
    0x0000, 0x0000, 0x0000, 0x0000, 0x0000, 0x0000, 0x0000, 0x0000, 0x0000, 0x0000, 0x0000, 0x0000, 0x0000, 0x0000, 0x0000, 0x0000,
    0x0000, 0x0000, 0x0000, 0x0000, 0x0000, 0x0000, 0x0000, 0x0000, 0x0000, 0x0000, 0x0000, 0x0000, 0x0000, 0x0000, 0x0000, 0x0000,
    0x0000, 0x0000, 0x0000, 0x0000, 0x0000, 0x0000, 0x0000, 0x0000, 0x0000, 0x0000, 0x0000, 0x0000, 0x0000, 0x0000, 0x0000, 0x0000,
    0x0000, 0x0000, 0x0000, 0x0000, 0x0000, 0x0000, 0x0000, 0x0000, 0x0000, 0x0000, 0x0000, 0x0000, 0x0000, 0x0000, 0x0000, 0x0000,
    0x0000, 0x0000, 0x0000, 0x2003, 0x780B, 0x0000, 0x0000, 0x0000, 0x0000, 0x0000, 0x0000, 0x0000, 0x0000, 0x0000, 0x0000, 0x0000,
    0x0000, 0x0000, 0x0000, 0x0000, 0x0000, 0x0000, 0x0000, 0x0000, 0x0000, 0x0000, 0x0000, 0x0000, 0x0000, 0x0000, 0x0000, 0x0000,
    0x0000, 0x0000, 0x0000, 0x0000, 0x0000, 0x0000, 0x0000, 0x0000, 0x0000, 0x0000, 0x0000, 0x0000, 0x0000, 0x0000, 0x0000, 0x0000,
    0x0000, 0x0000, 0x0000, 0x0000, 0x0000, 0x0000, 0x0000, 0x0000, 0x0000, 0x0000, 0x0000, 0x0000, 0x0000, 0x0000, 0x0000, 0x0000,
    0x0000, 0x0000, 0x0000, 0x0000, 0x0000, 0x0000, 0x0000, 0x0000, 0x0000, 0x0000, 0x0000, 0x0000, 0x0000, 0x0000, 0x0000, 0x0000,
    0x0000, 0x0000, 0x0000, 0x0000, 0x0000, 0x0000, 0x0000, 0x0000, 0x0000, 0x0000, 0x0000, 0x0000, 0x0000, 0x0000, 0x0000, 0x0000,
    0x0000, 0x0000, 0x0000, 0x0000, 0x0000, 0x0000, 0x0000, 0x0000, 0x0000, 0x0000, 0x0000, 0x0000, 0x0000, 0x900F, 0x1001, 0x680B,
    0x5009, 0x882E, 0x5008, 0x800D, 0x1002, 0x0000, 0x0000, 0x3809, 0x2807, 0x0000, 0x0000, 0x0000, 0x0000, 0x0000, 0x0000, 0x0000,
    0x0000, 0x500B, 0x600C, 0x400A, 0x7011, 0x500D, 0x480D, 0x5810, 0x1003, 0x0000, 0x0000, 0x0000, 0x0000, 0x0000, 0x0000, 0x0000,
    0x0000, 0x0000, 0x0000, 0x0000, 0x0000, 0x0000, 0x0000, 0x0020, 0x0126, 0x0041, 0x0000, 0x0000, 0x0000, 0x0000, 0x0000, 0x0000,
    0x0000, 0x0000, 0x0000, 0x0000, 0x0000, 0x0000, 0x0000, 0x0105, 0x09EA, 0x0000, 0x0020, 0x0000, 0x0000, 0x0083, 0x2AD2, 0x1A0E,
    0x08A4, 0x0000, 0x0000, 0x0000, 0x0000, 0x0000, 0x0000, 0x0000, 0x0000, 0x0000, 0x0000, 0x0000, 0x0000, 0x0000, 0x0000, 0x0000,
    0x0000, 0x0000, 0x0000, 0x0000, 0x0000, 0x0000, 0x0000, 0x0000, 0x0000, 0x0000, 0x0000, 0x0000, 0x0000, 0x0000, 0x0000, 0x0000,
    0x0000, 0x0000, 0x0000, 0x0000, 0x0000, 0x0000, 0x0000, 0x0000, 0x0000, 0x0000, 0x0000, 0x0000, 0x0000, 0x0000, 0x0000, 0x0000,
    0x0000, 0x0000, 0x0000, 0x0000, 0x0000, 0x0000, 0x0000, 0x0000, 0x0000, 0x0000, 0x0000, 0x0000, 0x0000, 0x0000, 0x0000, 0x0000,
    0x0000, 0x0000, 0x0000, 0x0000, 0x0000, 0x0000, 0x0000, 0x0000, 0x0000, 0x0000, 0x0000, 0x0000, 0x0000, 0x0000, 0x0000, 0x0000,
    0x0000, 0x0000, 0x0000, 0x0000, 0x0000, 0x0000, 0x0000, 0x0000, 0x0000, 0x0000, 0x0000, 0x0000, 0x0000, 0x0000, 0x0000, 0x0000,
    0x0000, 0x0000, 0x0000, 0x0000, 0x0000, 0x0000, 0x0000, 0x0000, 0x0000, 0x0000, 0x0000, 0x0000, 0x0000, 0x0000, 0x0000, 0x0000,
    0x0000, 0x0000, 0x0000, 0x0000, 0x0000, 0x0000, 0x0000, 0x0000, 0x0000, 0x0000, 0x0000, 0x0000, 0x0000, 0x0000, 0x0000, 0x0000,
    0x0000, 0x0000, 0x0000, 0x0000, 0x0000, 0x0000, 0x0000, 0x0000, 0x0000, 0x0000, 0x0000, 0x0000, 0x0000, 0x0000, 0x0000, 0x0000,
    0x0000, 0x0000, 0x1002, 0xB031, 0xF017, 0x6009, 0x0000, 0x0000, 0x0000, 0x0000, 0x0000, 0x0000, 0x0000, 0x0000, 0x0000, 0x0000,
    0x0000, 0x0000, 0x0000, 0x0000, 0x0000, 0x0000, 0x0000, 0x0000, 0x0000, 0x0000, 0x0000, 0x0000, 0x0000, 0x0000, 0x0000, 0x0000,
    0x0000, 0x0000, 0x0000, 0x0000, 0x0000, 0x0000, 0x0000, 0x0000, 0x0000, 0x0000, 0x0000, 0x0000, 0x0000, 0x0000, 0x0000, 0x0000,
    0x0000, 0x0000, 0x0000, 0x0000, 0x0000, 0x0000, 0x0000, 0x0000, 0x0000, 0x0000, 0x0000, 0x0000, 0x0000, 0x0000, 0x0000, 0x0000,
    0x0000, 0x0000, 0x0000, 0x0000, 0x0000, 0x0000, 0x0000, 0x0000, 0x0000, 0x0000, 0x0000, 0x0000, 0x0000, 0x0000, 0x0000, 0x0000,
    0x0000, 0x0000, 0x0000, 0x0000, 0x0000, 0x0000, 0x0000, 0x0000, 0x0000, 0x0000, 0x0000, 0x0000, 0x0000, 0x0000, 0x0000, 0x0000,
    0x0000, 0x0000, 0x0000, 0x0000, 0x0000, 0x0000, 0x0000, 0x0000, 0x0000, 0x0000, 0x0000, 0x0000, 0x0000, 0x9810, 0x1803, 0x780D,
    0x5009, 0x780D, 0x0000, 0x9010, 0x1803, 0x0000, 0x0020, 0x0000, 0x400A, 0x0802, 0x0000, 0x0000, 0x0000, 0x0000, 0x0000, 0x0000,
    0x0000, 0x4809, 0x500B, 0x4009, 0x8013, 0x580F, 0x380A, 0x400D, 0x1805, 0x0000, 0x0000, 0x0000, 0x0000, 0x0000, 0x0000, 0x0000,
    0x0000, 0x0000, 0x0000, 0x0000, 0x0000, 0x0000, 0x0020, 0x01EA, 0x026D, 0x0946, 0x0126, 0x026B, 0x00A2, 0x0082, 0x0082, 0x0041,
    0x0000, 0x0000, 0x0000, 0x0000, 0x0000, 0x0000, 0x0041, 0x0A4C, 0x0041, 0x0000, 0x0000, 0x0000, 0x0000, 0x08A4, 0x222E, 0x0000,
    0x0021, 0x0000, 0x0000, 0x0000, 0x0000, 0x0000, 0x0000, 0x0000, 0x0000, 0x0000, 0x0000, 0x0000, 0x0000, 0x0000, 0x0000, 0x0000,
    0x0000, 0x0000, 0x0000, 0x0000, 0x0000, 0x0000, 0x0000, 0x0000, 0x0000, 0x0000, 0x0000, 0x0000, 0x0000, 0x0000, 0x0000, 0x0000,
    0x0000, 0x0000, 0x0000, 0x0000, 0x0000, 0x0000, 0x0000, 0x0000, 0x0000, 0x0000, 0x0000, 0x0000, 0x0000, 0x0000, 0x0000, 0x0000,
    0x0000, 0x0000, 0x0000, 0x0000, 0x0000, 0x0000, 0x0000, 0x0000, 0x0000, 0x0000, 0x0000, 0x0000, 0x0000, 0x0000, 0x0000, 0x0000,
    0x0000, 0x0000, 0x0000, 0x0000, 0x0000, 0x0000, 0x0000, 0x0000, 0x0000, 0x0000, 0x0000, 0x0000, 0x0000, 0x0000, 0x0000, 0x0000,
    0x0000, 0x0000, 0x0000, 0x0000, 0x0000, 0x0000, 0x0000, 0x0000, 0x0000, 0x0000, 0x0000, 0x0000, 0x0000, 0x0000, 0x0000, 0x0000,
    0x0000, 0x0000, 0x0000, 0x0000, 0x0000, 0x0000, 0x0000, 0x0000, 0x0000, 0x0000, 0x0000, 0x0000, 0x0000, 0x0000, 0x0000, 0x0000,
    0x0000, 0x0000, 0x0000, 0x0000, 0x0000, 0x0000, 0x0000, 0x0000, 0x0000, 0x0000, 0x0000, 0x0000, 0x0000, 0x0000, 0x0000, 0x0000,
    0x0000, 0x0000, 0x0000, 0x0000, 0x0000, 0x0000, 0x0000, 0x0000, 0x0000, 0x0000, 0x0000, 0x0000, 0x0000, 0x0000, 0x0000, 0x0000,
    0x0000, 0x0000, 0x702A, 0xE817, 0xE015, 0xC814, 0x0801, 0x0000, 0x0000, 0x0000, 0x0000, 0x0000, 0x0000, 0x0000, 0x0000, 0x0000,
    0x0000, 0x0000, 0x0000, 0x0000, 0x0000, 0x0000, 0x0000, 0x0000, 0x0000, 0x0000, 0x0000, 0x0000, 0x0000, 0x0000, 0x0000, 0x0000,
    0x0000, 0x0000, 0x0000, 0x0000, 0x0000, 0x0000, 0x0000, 0x0000, 0x0000, 0x0000, 0x0000, 0x0000, 0x0000, 0x0000, 0x0000, 0x0000,
    0x0000, 0x0000, 0x0000, 0x0000, 0x0000, 0x0000, 0x0000, 0x0000, 0x0000, 0x0000, 0x0000, 0x0000, 0x0000, 0x0000, 0x0000, 0x0000,
    0x0000, 0x0000, 0x0000, 0x0000, 0x0000, 0x0000, 0x0000, 0x0000, 0x0000, 0x0000, 0x0000, 0x0000, 0x0000, 0x0000, 0x0000, 0x0000,
    0x0000, 0x0000, 0x0000, 0x0000, 0x0000, 0x0000, 0x0000, 0x0000, 0x0000, 0x0000, 0x0000, 0x0000, 0x0000, 0x0000, 0x0000, 0x0000,
    0x0000, 0x0000, 0x0000, 0x0000, 0x0000, 0x0000, 0x0000, 0x0000, 0x0000, 0x0000, 0x0000, 0x0000, 0x0000, 0x700C, 0x980E, 0x6009,
    0x0801, 0x880F, 0x800F, 0x4008, 0x0000, 0x0000, 0x0000, 0x0000, 0x1002, 0x3809, 0x0000, 0x0000, 0x0000, 0x0000, 0x0000, 0x0000,
    0x0000, 0x1002, 0x1002, 0x0800, 0x1003, 0x0801, 0x0001, 0x0001, 0x0000, 0x0000, 0x0000, 0x0000, 0x0000, 0x0000, 0x0000, 0x0000,
    0x0000, 0x0000, 0x0000, 0x0000, 0x0000, 0x0000, 0x0041, 0x026D, 0x0062, 0x00E4, 0x01E9, 0x03D2, 0x0187, 0x036F, 0x034F, 0x02AD,
    0x0041, 0x0000, 0x0000, 0x0000, 0x0000, 0x0000, 0x09CA, 0x00C4, 0x0000, 0x0000, 0x0000, 0x0000, 0x0000, 0x0063, 0x2A2F, 0x29CD,
    0x21AC, 0x0020, 0x0000, 0x0000, 0x0000, 0x0000, 0x0000, 0x0000, 0x0000, 0x0000, 0x0000, 0x0000, 0x0000, 0x0000, 0x0000, 0x0000,
    0x0000, 0x0000, 0x0000, 0x0000, 0x0000, 0x0000, 0x0000, 0x0000, 0x0000, 0x0000, 0x0000, 0x0000, 0x0000, 0x0000, 0x0000, 0x0000,
    0x0000, 0x0000, 0x0000, 0x0000, 0x0000, 0x0000, 0x0000, 0x0000, 0x0000, 0x0000, 0x0000, 0x0000, 0x0000, 0x0000, 0x0000, 0x0000,
    0x0000, 0x0000, 0x0000, 0x0000, 0x0000, 0x0000, 0x0000, 0x0000, 0x0000, 0x0000, 0x0000, 0x0000, 0x0000, 0x0000, 0x0000, 0x0000,
    0x0000, 0x0000, 0x0000, 0x0000, 0x0000, 0x0000, 0x0000, 0x0000, 0x0000, 0x0000, 0x0000, 0x0000, 0x0000, 0x0000, 0x0000, 0x0000,
    0x0000, 0x0000, 0x0000, 0x0000, 0x0000, 0x0000, 0x0000, 0x0000, 0x0000, 0x0000, 0x0000, 0x0000, 0x0000, 0x0000, 0x0000, 0x0000,
    0x0000, 0x0000, 0x0000, 0x0000, 0x0000, 0x0000, 0x0000, 0x0000, 0x0000, 0x0000, 0x0000, 0x0000, 0x0000, 0x0000, 0x0000, 0x0000,
    0x0000, 0x0000, 0x0000, 0x0000, 0x0000, 0x0000, 0x0000, 0x0000, 0x0000, 0x0000, 0x0000, 0x0000, 0x0000, 0x0000, 0x0000, 0x0000,
    0x0000, 0x0000, 0x0000, 0x0000, 0x0000, 0x0000, 0x0000, 0x0000, 0x0000, 0x0000, 0x0000, 0x0000, 0x0000, 0x0000, 0x0000, 0x0000,
    0x0000, 0x1802, 0xC833, 0xB812, 0x4026, 0xA811, 0x6009, 0x0000, 0x0000, 0x0000, 0x0000, 0x0000, 0x0000, 0x0000, 0x0000, 0x0000,
    0x0000, 0x0000, 0x0000, 0x0000, 0x0000, 0x0000, 0x0000, 0x0000, 0x0000, 0x0000, 0x0000, 0x0000, 0x0000, 0x0000, 0x0000, 0x0000,
    0x0000, 0x0000, 0x0000, 0x0000, 0x0000, 0x0000, 0x0000, 0x0000, 0x0000, 0x0000, 0x0000, 0x0000, 0x0000, 0x0000, 0x0000, 0x0000,
    0x0000, 0x0000, 0x0000, 0x0000, 0x0000, 0x0000, 0x0000, 0x0000, 0x0000, 0x0000, 0x0000, 0x0000, 0x0000, 0x0000, 0x0000, 0x0000,
    0x0000, 0x0000, 0x0000, 0x0000, 0x0000, 0x0000, 0x0000, 0x0000, 0x0000, 0x0000, 0x0000, 0x0000, 0x0000, 0x0000, 0x0000, 0x0000,
    0x0000, 0x0000, 0x0000, 0x0000, 0x0000, 0x0000, 0x0000, 0x0000, 0x0000, 0x0000, 0x0000, 0x0000, 0x0000, 0x0000, 0x0000, 0x0000,
    0x0000, 0x0000, 0x0000, 0x0000, 0x0000, 0x0000, 0x0000, 0x0000, 0x0000, 0x0000, 0x0000, 0x0000, 0x0000, 0x0000, 0x0800, 0x0000,
    0x0000, 0x0000, 0x0001, 0x0000, 0x0000, 0x0000, 0x0000, 0x0000, 0x0000, 0x1804, 0x3809, 0x0000, 0x0000, 0x0000, 0x0000, 0x0801,
    0x4828, 0x1001, 0x500A, 0x2004, 0x0000, 0x0000, 0x0000, 0x0000, 0x0000, 0x0000, 0x0000, 0x0000, 0x0801, 0x1005, 0x0802, 0x0000,
    0x0000, 0x0000, 0x0000, 0x0000, 0x0000, 0x0000, 0x0041, 0x022C, 0x0147, 0x0A6D, 0x01C9, 0x03D3, 0x01E9, 0x02AC, 0x024A, 0x030E,
    0x00C3, 0x0000, 0x0000, 0x0000, 0x0000, 0x09A9, 0x0126, 0x0000, 0x0000, 0x0000, 0x0000, 0x0000, 0x0000, 0x0000, 0x0000, 0x0000,
    0x0000, 0x0000, 0x0000, 0x0000, 0x0000, 0x0000, 0x0000, 0x0000, 0x0000, 0x0000, 0x0000, 0x0000, 0x0000, 0x0000, 0x0000, 0x0000,
    0x0000, 0x0000, 0x0000, 0x0000, 0x0000, 0x0000, 0x0000, 0x0000, 0x0000, 0x0000, 0x0000, 0x0000, 0x0000, 0x0000, 0x0000, 0x0000,
    0x0000, 0x0000, 0x0000, 0x0000, 0x0000, 0x0000, 0x0000, 0x0000, 0x0000, 0x0000, 0x0000, 0x0000, 0x0000, 0x0000, 0x0000, 0x0000,
    0x0000, 0x0000, 0x0000, 0x0000, 0x0000, 0x0000, 0x0000, 0x0000, 0x0000, 0x0000, 0x0000, 0x0000, 0x0000, 0x0000, 0x0000, 0x0000,
    0x0000, 0x0000, 0x0000, 0x0000, 0x0000, 0x0000, 0x0000, 0x0000, 0x0000, 0x0000, 0x0000, 0x0000, 0x0000, 0x0000, 0x0000, 0x0000,
    0x0000, 0x0000, 0x0000, 0x0000, 0x0000, 0x0000, 0x0000, 0x0000, 0x0000, 0x0000, 0x0000, 0x0000, 0x0000, 0x0000, 0x0000, 0x0000,
    0x0000, 0x0000, 0x0000, 0x0000, 0x0000, 0x0000, 0x0000, 0x0000, 0x0000, 0x0000, 0x0000, 0x0000, 0x0000, 0x0000, 0x0000, 0x0000,
    0x0000, 0x0000, 0x0000, 0x0000, 0x0000, 0x0000, 0x0000, 0x0000, 0x0000, 0x0000, 0x0000, 0x0000, 0x0000, 0x0000, 0x0000, 0x0000,
    0x0000, 0x0000, 0x0000, 0x0000, 0x0000, 0x0000, 0x0000, 0x0000, 0x0000, 0x0000, 0x0000, 0x0000, 0x0000, 0x0000, 0x0000, 0x0000,
    0x0000, 0x2804, 0xE817, 0x4006, 0x0000, 0x2004, 0x5008, 0x0000, 0x0000, 0x0000, 0x0000, 0x0000, 0x0000, 0x0000, 0x0000, 0x0000,
    0x0000, 0x0000, 0x0000, 0x0000, 0x0000, 0x0000, 0x0000, 0x0000, 0x0000, 0x0000, 0x0000, 0x0000, 0x0000, 0x0000, 0x0000, 0x0000,
    0x0000, 0x0000, 0x0000, 0x0000, 0x0000, 0x0000, 0x0000, 0x0000, 0x0000, 0x0000, 0x0000, 0x0000, 0x0000, 0x0000, 0x0000, 0x0000,
    0x0000, 0x0000, 0x0000, 0x0000, 0x0000, 0x0000, 0x0000, 0x0000, 0x0000, 0x0000, 0x0000, 0x0000, 0x0000, 0x0000, 0x0000, 0x0000,
    0x0000, 0x0000, 0x0000, 0x0000, 0x0000, 0x0000, 0x0000, 0x0000, 0x0000, 0x0000, 0x0000, 0x0000, 0x0000, 0x0000, 0x0000, 0x0000,
    0x0000, 0x0000, 0x0000, 0x0000, 0x0000, 0x0000, 0x0000, 0x0000, 0x0000, 0x0000, 0x0000, 0x0000, 0x0000, 0x0000, 0x0000, 0x0000,
    0x0000, 0x0000, 0x0000, 0x0000, 0x0000, 0x0000, 0x0000, 0x0000, 0x0000, 0x0000, 0x0000, 0x0000, 0x0000, 0x0000, 0x0000, 0x0000,
    0x0000, 0x0000, 0x0000, 0x0000, 0x0000, 0x0000, 0x0000, 0x0000, 0x0000, 0x0000, 0x2005, 0x3009, 0x0000, 0x0000, 0x0000, 0x3807,
    0x9810, 0x680A, 0x8010, 0x480A, 0x600F, 0x480C, 0x0000, 0x0000, 0x0000, 0x0000, 0x0000, 0x0000, 0x1827, 0x1827, 0x306C, 0x2049,
    0x1847, 0x184A, 0x0001, 0x0000, 0x0000, 0x0000, 0x0000, 0x0106, 0x0A4D, 0x00C4, 0x00E4, 0x01C9, 0x00A3, 0x0187, 0x0146, 0x01E8,
    0x0062, 0x0000, 0x0000, 0x0000, 0x0968, 0x0126, 0x0000, 0x0000, 0x0000, 0x0000, 0x0000, 0x0000, 0x0000, 0x0000, 0x0000, 0x0000,
    0x0000, 0x0000, 0x0000, 0x0000, 0x0000, 0x0000, 0x0000, 0x0000, 0x0000, 0x0000, 0x0000, 0x0000, 0x0000, 0x0000, 0x0000, 0x0000,
    0x0000, 0x0000, 0x0000, 0x0000, 0x0000, 0x0000, 0x0000, 0x0000, 0x0000, 0x0000, 0x0000, 0x0000, 0x0000, 0x0000, 0x0000, 0x0000,
    0x0000, 0x0000, 0x0000, 0x0000, 0x0000, 0x0000, 0x0000, 0x0000, 0x0000, 0x0000, 0x0000, 0x0000, 0x0000, 0x0000, 0x0000, 0x0000,
    0x0000, 0x0000, 0x0000, 0x0000, 0x0000, 0x0000, 0x0000, 0x0000, 0x0000, 0x0000, 0x0000, 0x0000, 0x0000, 0x0000, 0x0000, 0x0000,
    0x0000, 0x0000, 0x0000, 0x0000, 0x0000, 0x0000, 0x0000, 0x0000, 0x0000, 0x0000, 0x0000, 0x0000, 0x0000, 0x0000, 0x0000, 0x0000,
    0x0000, 0x0000, 0x0000, 0x0000, 0x0000, 0x0000, 0x0000, 0x0000, 0x0000, 0x0000, 0x0000, 0x0000, 0x0000, 0x0000, 0x0000, 0x0000,
    0x0000, 0x0000, 0x0000, 0x0000, 0x0000, 0x0000, 0x0000, 0x0000, 0x0000, 0x0000, 0x0000, 0x0000, 0x0000, 0x0000, 0x0000, 0x0000,
    0x0000, 0x0000, 0x0000, 0x0000, 0x0000, 0x0000, 0x0000, 0x0000, 0x0000, 0x0000, 0x0000, 0x0000, 0x0000, 0x0000, 0x0000, 0x0000,
    0x0000, 0x0000, 0x0000, 0x0000, 0x0000, 0x0000, 0x0000, 0x0000, 0x2009, 0x300B, 0x0001, 0x0000, 0x0000, 0x0000, 0x0000, 0x0000,
    0x0000, 0x680A, 0xC013, 0x0801, 0x0000, 0x1002, 0x900D, 0x0800, 0x0000, 0x0000, 0x0000, 0x0000, 0x0000, 0x0000, 0x0000, 0x0000,
    0x0000, 0x0000, 0x0000, 0x0000, 0x0000, 0x0000, 0x0000, 0x0000, 0x0000, 0x0000, 0x0000, 0x0000, 0x0000, 0x0000, 0x0000, 0x0000,
    0x0000, 0x0000, 0x0000, 0x0000, 0x0000, 0x0000, 0x0000, 0x0000, 0x0000, 0x0000, 0x0000, 0x0000, 0x0000, 0x0000, 0x0000, 0x0000,
    0x0000, 0x0000, 0x0000, 0x0000, 0x0000, 0x0000, 0x0000, 0x0000, 0x0000, 0x0000, 0x0000, 0x0000, 0x0000, 0x0000, 0x0000, 0x0000,
    0x0000, 0x0000, 0x0000, 0x0000, 0x0000, 0x0000, 0x0000, 0x0000, 0x0000, 0x0000, 0x0000, 0x0000, 0x0000, 0x0000, 0x0000, 0x0000,
    0x0000, 0x0000, 0x0000, 0x0000, 0x0000, 0x0000, 0x0000, 0x0000, 0x0000, 0x0000, 0x0000, 0x0000, 0x0000, 0x0000, 0x0000, 0x0000,
    0x0000, 0x0000, 0x0000, 0x0000, 0x0000, 0x0000, 0x0000, 0x0000, 0x0000, 0x0000, 0x0000, 0x0000, 0x0000, 0x0000, 0x0000, 0x0000,
    0x0000, 0x0000, 0x0000, 0x0000, 0x0000, 0x0000, 0x0000, 0x0000, 0x0000, 0x0000, 0x0000, 0x1805, 0x3029, 0x0802, 0x0000, 0x3807,
    0x5809, 0x5008, 0x4808, 0x2806, 0x4009, 0x400A, 0x0801, 0x0000, 0x0000, 0x0000, 0x0000, 0x0000, 0x1806, 0x282A, 0x284B, 0x306D,
    0x208A, 0x28AC, 0x0824, 0x0000, 0x0000, 0x0000, 0x0000, 0x0000, 0x0000, 0x0000, 0x0000, 0x0000, 0x0000, 0x0000, 0x0000, 0x0000,
    0x0000, 0x0000, 0x0021, 0x09A9, 0x0106, 0x0000, 0x0000, 0x0000, 0x0000, 0x0000, 0x0000, 0x0000, 0x0000, 0x0000, 0x0000, 0x0000,
    0x0000, 0x0000, 0x0000, 0x0000, 0x0000, 0x0000, 0x0000, 0x0000, 0x0000, 0x0000, 0x0000, 0x0000, 0x0000, 0x0000, 0x0000, 0x0000,
    0x0000, 0x0000, 0x0000, 0x0000, 0x0000, 0x0000, 0x0000, 0x0000, 0x0000, 0x0000, 0x0000, 0x1806, 0x380D, 0x300B, 0x300B, 0x300B,
    0x300B, 0x300B, 0x300B, 0x300B, 0x380B, 0x380C, 0x300A, 0x0803, 0x0803, 0x0803, 0x0803, 0x0803, 0x0803, 0x0803, 0x0803, 0x0804,
    0x0803, 0x0803, 0x1003, 0x0803, 0x0803, 0x0803, 0x0803, 0x0804, 0x0803, 0x0803, 0x0803, 0x0803, 0x0803, 0x0803, 0x0803, 0x1004,
    0x0803, 0x0803, 0x0803, 0x0803, 0x0803, 0x0803, 0x0803, 0x0803, 0x1004, 0x0803, 0x0803, 0x0803, 0x0803, 0x0803, 0x0803, 0x0803,
    0x0803, 0x1004, 0x1004, 0x0803, 0x0803, 0x0803, 0x0803, 0x0803, 0x0803, 0x0803, 0x1004, 0x0804, 0x0803, 0x0803, 0x0803, 0x0803,
    0x0803, 0x0803, 0x0803, 0x1004, 0x1004, 0x0803, 0x0803, 0x0803, 0x0803, 0x0803, 0x0803, 0x0803, 0x0803, 0x1004, 0x0804, 0x0803,
    0x0803, 0x0803, 0x0803, 0x0803, 0x0803, 0x0803, 0x0803, 0x0803, 0x0000, 0x0000, 0x0000, 0x0000, 0x0000, 0x0000, 0x0000, 0x0000,
    0x0000, 0x0000, 0x0000, 0x0000, 0x0000, 0x0000, 0x0000, 0x0802, 0x300C, 0x280A, 0x1003, 0x0000, 0x0001, 0x0001, 0x0000, 0x0001,
    0x0000, 0x700C, 0x900F, 0x0000, 0x0000, 0x3805, 0xC812, 0x0801, 0x0000, 0x0000, 0x0000, 0x0000, 0x0000, 0x0000, 0x0000, 0x0000,
    0x0000, 0x0000, 0x0000, 0x0000, 0x0000, 0x0000, 0x0000, 0x0000, 0x0000, 0x0000, 0x0000, 0x0000, 0x0000, 0x0000, 0x0000, 0x0000,
    0x0000, 0x0000, 0x0000, 0x0000, 0x0000, 0x0000, 0x0000, 0x0000, 0x0000, 0x0000, 0x0000, 0x0000, 0x0000, 0x0000, 0x0000, 0x0000,
    0x0000, 0x0000, 0x0000, 0x0000, 0x0000, 0x0000, 0x0000, 0x0000, 0x0000, 0x0000, 0x0000, 0x0000, 0x0000, 0x0000, 0x0000, 0x0000,
    0x0000, 0x0000, 0x0000, 0x0000, 0x0000, 0x0000, 0x0000, 0x0000, 0x0000, 0x0000, 0x0000, 0x0000, 0x0000, 0x0000, 0x0000, 0x0000,
    0x0000, 0x0000, 0x0000, 0x0000, 0x0000, 0x0000, 0x0000, 0x0000, 0x0000, 0x0000, 0x0000, 0x0000, 0x0000, 0x0000, 0x0000, 0x0000,
    0x0000, 0x0000, 0x0000, 0x0000, 0x0000, 0x0000, 0x0000, 0x0000, 0x0000, 0x0000, 0x0000, 0x0000, 0x0000, 0x0000, 0x0000, 0x0000,
    0x0000, 0x0000, 0x0000, 0x0000, 0x0000, 0x0000, 0x0000, 0x0000, 0x0000, 0x0000, 0x0000, 0x0000, 0x1003, 0x300A, 0x1002, 0x0000,
    0x0000, 0x0000, 0x0000, 0x0000, 0x0000, 0x0000, 0x0000, 0x0000, 0x0000, 0x0000, 0x0000, 0x0000, 0x0001, 0x0802, 0x0001, 0x0000,
    0x0000, 0x0000, 0x0000, 0x0000, 0x0000, 0x0000, 0x0000, 0x0000, 0x0000, 0x0000, 0x0000, 0x0000, 0x0000, 0x0000, 0x0000, 0x0000,
    0x0000, 0x0063, 0x09AA, 0x00C4, 0x0000, 0x0000, 0x0000, 0x0000, 0x0000, 0x0000, 0x0000, 0x0000, 0x0000, 0x0000, 0x0000, 0x0000,
    0x0000, 0x0000, 0x0000, 0x0000, 0x0000, 0x0000, 0x0000, 0x0000, 0x0000, 0x0000, 0x0000, 0x0000, 0x0000, 0x0000, 0x0000, 0x0000,
    0x0000, 0x0000, 0x0000, 0x0000, 0x0000, 0x0000, 0x0000, 0x0000, 0x0000, 0x0000, 0x0000, 0x300B, 0x7018, 0x6815, 0x6816, 0x6816,
    0x6815, 0x6815, 0x6815, 0x6815, 0x6815, 0x6816, 0x5812, 0x0001, 0x0000, 0x0000, 0x0000, 0x0000, 0x0000, 0x0000, 0x0000, 0x0804,
    0x0001, 0x0000, 0x0000, 0x0000, 0x0000, 0x0000, 0x0000, 0x0803, 0x0001, 0x0000, 0x0000, 0x0000, 0x0000, 0x0000, 0x0000, 0x0803,
    0x0001, 0x0000, 0x0000, 0x0000, 0x0000, 0x0000, 0x0000, 0x0001, 0x0804, 0x0000, 0x0000, 0x0000, 0x0000, 0x0000, 0x0000, 0x0000,
    0x0000, 0x1004, 0x0001, 0x0000, 0x0000, 0x0000, 0x0000, 0x0000, 0x0000, 0x0000, 0x1004, 0x0802, 0x0000, 0x0000, 0x0000, 0x0000,
    0x0000, 0x0000, 0x0000, 0x0802, 0x1004, 0x0000, 0x0000, 0x0000, 0x0000, 0x0000, 0x0000, 0x0000, 0x0000, 0x1004, 0x0802, 0x0000,
    0x0000, 0x0000, 0x0000, 0x0000, 0x0000, 0x0000, 0x0001, 0x0803, 0x0000, 0x0000, 0x0000, 0x0000, 0x0000, 0x0000, 0x0000, 0x0000,
    0x0000, 0x0000, 0x0000, 0x0000, 0x0000, 0x0000, 0x0000, 0x0802, 0x280A, 0x2809, 0x2007, 0x1005, 0x1806, 0x1806, 0x1805, 0x1005,
    0x0803, 0x680D, 0x700C, 0x0802, 0x0803, 0x800F, 0xC014, 0x1005, 0x1005, 0x1005, 0x1004, 0x1004, 0x1004, 0x1004, 0x1004, 0x1004,
    0x1004, 0x1004, 0x1004, 0x1004, 0x1004, 0x1004, 0x1004, 0x1004, 0x1005, 0x1005, 0x1005, 0x1004, 0x1004, 0x1005, 0x1005, 0x1005,
    0x1005, 0x1005, 0x1005, 0x1005, 0x1005, 0x1005, 0x1005, 0x1005, 0x1005, 0x1005, 0x1005, 0x1005, 0x1005, 0x1005, 0x1005, 0x1005,
    0x1005, 0x1005, 0x1005, 0x1005, 0x1005, 0x1005, 0x1005, 0x1004, 0x1004, 0x1004, 0x1004, 0x1004, 0x1004, 0x1004, 0x1004, 0x1004,
    0x1004, 0x1004, 0x1004, 0x1004, 0x1004, 0x1004, 0x1004, 0x1004, 0x1004, 0x1004, 0x1004, 0x1004, 0x1004, 0x1004, 0x1004, 0x1003,
    0x0803, 0x1003, 0x0804, 0x0804, 0x1004, 0x1004, 0x0803, 0x0803, 0x0803, 0x0803, 0x0001, 0x0000, 0x0000, 0x0000, 0x0000, 0x0000,
    0x0000, 0x0000, 0x0000, 0x0000, 0x0000, 0x0000, 0x0000, 0x0000, 0x0000, 0x0000, 0x0000, 0x0000, 0x0000, 0x0000, 0x0000, 0x0000,
    0x0000, 0x0000, 0x0000, 0x0000, 0x0000, 0x0000, 0x0000, 0x0000, 0x0000, 0x0000, 0x0000, 0x0000, 0x0000, 0x0801, 0x2807, 0x1004,
    0x1803, 0x0000, 0x0000, 0x0000, 0x0000, 0x0000, 0x0000, 0x0000, 0x0000, 0x0000, 0x0000, 0x0000, 0x0000, 0x0822, 0x0822, 0x1004,
    0x0803, 0x0000, 0x0000, 0x0000, 0x0000, 0x0000, 0x0000, 0x0000, 0x0000, 0x0000, 0x0000, 0x0000, 0x0000, 0x0000, 0x0000, 0x1044,
    0x08E6, 0x0989, 0x0062, 0x0000, 0x0000, 0x0000, 0x0000, 0x0000, 0x0000, 0x0000, 0x0000, 0x0000, 0x0000, 0x0000, 0x0000, 0x0000,
    0x0000, 0x0000, 0x0000, 0x0000, 0x0000, 0x0000, 0x0000, 0x0000, 0x0000, 0x0000, 0x0000, 0x0000, 0x0000, 0x0000, 0x0000, 0x0000,
    0x0000, 0x0000, 0x0000, 0x0000, 0x0000, 0x0000, 0x0000, 0x0000, 0x0000, 0x0000, 0x0000, 0x2008, 0x500F, 0x400D, 0x380C, 0x400D,
    0x400D, 0x380C, 0x5811, 0x6815, 0x6814, 0x6815, 0x5813, 0x0000, 0x0000, 0x0000, 0x0000, 0x0000, 0x0000, 0x0000, 0x0000, 0x0804,
    0x0000, 0x0000, 0x0000, 0x0000, 0x0000, 0x0000, 0x0000, 0x0002, 0x0000, 0x0000, 0x0000, 0x0000, 0x0000, 0x0000, 0x0000, 0x0802,
    0x0000, 0x0000, 0x0000, 0x0000, 0x0000, 0x0000, 0x0000, 0x0000, 0x0803, 0x0000, 0x0000, 0x0000, 0x0000, 0x0000, 0x0000, 0x0000,
    0x0000, 0x1004, 0x0000, 0x0000, 0x0000, 0x0000, 0x0000, 0x0000, 0x0000, 0x0000, 0x0803, 0x0001, 0x0000, 0x0000, 0x0000, 0x0000,
    0x0000, 0x0000, 0x0000, 0x0001, 0x0803, 0x0000, 0x0000, 0x0000, 0x0000, 0x0000, 0x0000, 0x0000, 0x0000, 0x0803, 0x0001, 0x0000,
    0x0000, 0x0000, 0x0000, 0x0000, 0x0000, 0x0000, 0x0000, 0x0803, 0x0000, 0x0000, 0x0000, 0x0000, 0x0000, 0x0000, 0x0000, 0x0000,
    0x0000, 0x0000, 0x0000, 0x0000, 0x0000, 0x0000, 0x0000, 0x0802, 0x280A, 0x2809, 0x0802, 0x0000, 0x0000, 0x0000, 0x0000, 0x0000,
    0x0000, 0x5809, 0x600A, 0x0000, 0x1802, 0xC816, 0x9811, 0x0000, 0x0000, 0x0000, 0x0000, 0x0000, 0x0000, 0x0000, 0x0000, 0x0000,
    0x0000, 0x0000, 0x0000, 0x0000, 0x0000, 0x0000, 0x0000, 0x0000, 0x0000, 0x0000, 0x0000, 0x0000, 0x0000, 0x0000, 0x0000, 0x0000,
    0x0000, 0x0000, 0x0000, 0x0000, 0x0000, 0x0000, 0x0000, 0x0000, 0x0000, 0x0000, 0x0000, 0x0000, 0x0000, 0x0000, 0x0000, 0x0000,
    0x0000, 0x0000, 0x0000, 0x0000, 0x0000, 0x0000, 0x0000, 0x0000, 0x0000, 0x0000, 0x0000, 0x0000, 0x0000, 0x0000, 0x0000, 0x0000,
    0x0000, 0x0000, 0x0000, 0x0000, 0x0000, 0x0000, 0x0000, 0x0000, 0x0000, 0x0000, 0x0000, 0x0000, 0x0000, 0x0000, 0x0000, 0x0000,
    0x0000, 0x0000, 0x0001, 0x0000, 0x0000, 0x0000, 0x0000, 0x0000, 0x0000, 0x0000, 0x0000, 0x0000, 0x0000, 0x0000, 0x0000, 0x0000,
    0x0000, 0x0000, 0x0000, 0x0000, 0x0000, 0x0000, 0x0000, 0x0000, 0x0000, 0x0000, 0x0000, 0x0000, 0x0000, 0x0000, 0x0000, 0x0000,
    0x0000, 0x0000, 0x0000, 0x0000, 0x0000, 0x0000, 0x0000, 0x0000, 0x0000, 0x0000, 0x0000, 0x0000, 0x0000, 0x0000, 0x0000, 0x3809,
    0x680F, 0x1002, 0x0000, 0x0000, 0x0000, 0x0000, 0x0000, 0x0000, 0x0000, 0x0000, 0x0000, 0x0000, 0x0000, 0x282A, 0x302D, 0x302C,
    0x302C, 0x282A, 0x304C, 0x0803, 0x0000, 0x0000, 0x0000, 0x0000, 0x0000, 0x0000, 0x0000, 0x0000, 0x0000, 0x0000, 0x0062, 0x31F1,
    0x11ED, 0x0000, 0x0000, 0x0000, 0x0000, 0x0000, 0x0000, 0x0000, 0x0000, 0x0000, 0x0000, 0x0000, 0x0000, 0x0000, 0x0000, 0x0000,
    0x0000, 0x0000, 0x0000, 0x0000, 0x0000, 0x0000, 0x0000, 0x0000, 0x0000, 0x0000, 0x0000, 0x0000, 0x0000, 0x0000, 0x0000, 0x0000,
    0x0000, 0x0000, 0x0000, 0x0000, 0x0000, 0x0000, 0x0000, 0x0000, 0x0000, 0x0000, 0x0000, 0x1004, 0x0001, 0x0000, 0x0000, 0x0000,
    0x0000, 0x0000, 0x2808, 0x480E, 0x480E, 0x5810, 0x480F, 0x0803, 0x0801, 0x0802, 0x0802, 0x0802, 0x0802, 0x0803, 0x0802, 0x1005,
    0x0803, 0x0802, 0x0802, 0x0802, 0x0802, 0x0802, 0x0802, 0x0804, 0x0802, 0x0802, 0x0802, 0x0802, 0x0802, 0x0802, 0x0802, 0x1004,
    0x0802, 0x0002, 0x0802, 0x0802, 0x0802, 0x0802, 0x0802, 0x0802, 0x1004, 0x0801, 0x0802, 0x0802, 0x0802, 0x0802, 0x0802, 0x0802,
    0x0802, 0x1005, 0x0803, 0x0802, 0x0802, 0x0802, 0x0802, 0x0802, 0x0802, 0x0802, 0x1004, 0x0803, 0x0002, 0x0802, 0x0802, 0x0802,
    0x0802, 0x0802, 0x0802, 0x0803, 0x1005, 0x0802, 0x0802, 0x0802, 0x0802, 0x0802, 0x0802, 0x0802, 0x0001, 0x1004, 0x0803, 0x0002,
    0x0802, 0x0802, 0x0802, 0x0802, 0x0802, 0x0802, 0x0802, 0x0803, 0x0000, 0x0000, 0x0000, 0x0000, 0x0000, 0x0000, 0x0000, 0x0000,
    0x0000, 0x0000, 0x0000, 0x0000, 0x0000, 0x0000, 0x0000, 0x0802, 0x300B, 0x300A, 0x1003, 0x0000, 0x0000, 0x0000, 0x0000, 0x0000,
    0x0000, 0x3807, 0x600A, 0x0000, 0x782D, 0xD818, 0x680B, 0x0000, 0x0000, 0x0000, 0x0000, 0x0000, 0x0000, 0x0000, 0x0000, 0x0000,
    0x0000, 0x0000, 0x0000, 0x0000, 0x0000, 0x0000, 0x0000, 0x0000, 0x0000, 0x0000, 0x0000, 0x0000, 0x0000, 0x0000, 0x0000, 0x0000,
    0x0000, 0x0000, 0x0000, 0x0000, 0x0000, 0x0000, 0x0000, 0x0000, 0x0000, 0x0000, 0x0000, 0x0000, 0x0000, 0x0000, 0x0000, 0x0000,
    0x0000, 0x0000, 0x0000, 0x0000, 0x0000, 0x0000, 0x0000, 0x0000, 0x0000, 0x0000, 0x0000, 0x0000, 0x0000, 0x0000, 0x0000, 0x0000,
    0x0000, 0x0000, 0x0000, 0x0000, 0x0000, 0x0000, 0x0000, 0x0000, 0x0000, 0x0000, 0x0000, 0x0000, 0x0000, 0x0000, 0x0000, 0x0000,
    0x0000, 0x0803, 0x1806, 0x0000, 0x0000, 0x0000, 0x0000, 0x0000, 0x0000, 0x0000, 0x0000, 0x0000, 0x0000, 0x0000, 0x0000, 0x0000,
    0x0000, 0x0000, 0x0000, 0x0000, 0x0000, 0x0000, 0x0000, 0x0000, 0x0000, 0x0000, 0x0000, 0x0000, 0x0000, 0x0000, 0x0000, 0x0000,
    0x0000, 0x0000, 0x0000, 0x0000, 0x0000, 0x0000, 0x0000, 0x0000, 0x0000, 0x0000, 0x0000, 0x0000, 0x0000, 0x0000, 0x0000, 0x0801,
    0x0802, 0x1806, 0x2006, 0x0802, 0x0000, 0x0000, 0x0000, 0x0000, 0x0000, 0x0000, 0x0000, 0x0000, 0x0803, 0x302C, 0x284B, 0x302B,
    0x282B, 0x2049, 0x2089, 0x1825, 0x0000, 0x0000, 0x0000, 0x0000, 0x0000, 0x0000, 0x0000, 0x0000, 0x0063, 0x1149, 0x1128, 0x0062,
    0x0020, 0x0000, 0x0020, 0x0000, 0x0000, 0x0000, 0x0000, 0x0000, 0x0000, 0x0000, 0x0000, 0x0000, 0x0000, 0x0000, 0x0000, 0x0000,
    0x0000, 0x0000, 0x0000, 0x0000, 0x0000, 0x0000, 0x0000, 0x0000, 0x0000, 0x0000, 0x0000, 0x0000, 0x0000, 0x0000, 0x0000, 0x0000,
    0x0000, 0x0000, 0x0000, 0x0000, 0x0000, 0x0000, 0x0000, 0x0000, 0x0000, 0x0000, 0x0000, 0x1004, 0x0001, 0x0000, 0x0000, 0x0000,
    0x0000, 0x0000, 0x2808, 0x500F, 0x500F, 0x6011, 0x500F, 0x0802, 0x0001, 0x0001, 0x0001, 0x0001, 0x0001, 0x0002, 0x0001, 0x1004,
    0x0802, 0x0001, 0x0001, 0x0001, 0x0001, 0x0001, 0x0001, 0x0803, 0x0802, 0x0001, 0x0001, 0x0001, 0x0001, 0x0001, 0x0001, 0x0803,
    0x0802, 0x0001, 0x0001, 0x0001, 0x0001, 0x0001, 0x0001, 0x0801, 0x0804, 0x0001, 0x0001, 0x0001, 0x0001, 0x0001, 0x0001, 0x0001,
    0x0001, 0x0804, 0x0802, 0x0001, 0x0001, 0x0001, 0x0001, 0x0001, 0x0001, 0x0001, 0x1004, 0x0802, 0x0001, 0x0001, 0x0001, 0x0001,
    0x0001, 0x0001, 0x0001, 0x0802, 0x1004, 0x0001, 0x0001, 0x0001, 0x0001, 0x0001, 0x0001, 0x0001, 0x0001, 0x1004, 0x0802, 0x0001,
    0x0001, 0x0001, 0x0001, 0x0001, 0x0001, 0x0001, 0x0802, 0x0803, 0x0000, 0x0000, 0x0000, 0x0000, 0x0000, 0x0000, 0x0000, 0x0000,
    0x0000, 0x0000, 0x0000, 0x0000, 0x0000, 0x0000, 0x0000, 0x0802, 0x302B, 0x2809, 0x0802, 0x0000, 0x0000, 0x0000, 0x0000, 0x0000,
    0x0000, 0x2003, 0x780D, 0x600A, 0xC015, 0xB815, 0x2003, 0x0000, 0x0000, 0x0000, 0x0000, 0x0000, 0x0000, 0x0000, 0x0000, 0x0000,
    0x0000, 0x0000, 0x0000, 0x0000, 0x0000, 0x0000, 0x0000, 0x0000, 0x0000, 0x0000, 0x0000, 0x0000, 0x0000, 0x0000, 0x0000, 0x0000,
    0x0000, 0x0000, 0x0000, 0x0000, 0x0000, 0x0000, 0x0000, 0x0000, 0x0000, 0x0000, 0x0000, 0x0000, 0x0000, 0x0000, 0x0000, 0x0000,
    0x0000, 0x0000, 0x0000, 0x0000, 0x0000, 0x0000, 0x0000, 0x0000, 0x0000, 0x0000, 0x0000, 0x0000, 0x0000, 0x0000, 0x0000, 0x0000,
    0x0000, 0x0000, 0x0000, 0x0000, 0x0000, 0x0000, 0x0000, 0x0000, 0x0000, 0x0000, 0x0000, 0x0000, 0x0000, 0x0000, 0x0000, 0x0000,
    0x0000, 0x0803, 0x1806, 0x0000, 0x0000, 0x0000, 0x0000, 0x0000, 0x0000, 0x0000, 0x0000, 0x0000, 0x0000, 0x0000, 0x0000, 0x0000,
    0x0000, 0x0000, 0x0000, 0x0000, 0x0000, 0x0000, 0x0000, 0x0000, 0x0000, 0x0000, 0x0000, 0x0000, 0x0000, 0x0000, 0x0000, 0x0000,
    0x0000, 0x0000, 0x0000, 0x0000, 0x0000, 0x0000, 0x0000, 0x0000, 0x0000, 0x0000, 0x0000, 0x0000, 0x0000, 0x0000, 0x0000, 0x0000,
    0x0000, 0x0000, 0x0802, 0x2006, 0x2807, 0x1804, 0x0001, 0x0000, 0x0000, 0x0000, 0x0000, 0x0000, 0x0001, 0x0001, 0x0000, 0x0001,
    0x0802, 0x0000, 0x0001, 0x0000, 0x0000, 0x0000, 0x0000, 0x0000, 0x0000, 0x0000, 0x1044, 0x10E8, 0x1108, 0x0883, 0x0000, 0x0000,
    0x0000, 0x0000, 0x0000, 0x0000, 0x0000, 0x0000, 0x0000, 0x0000, 0x0000, 0x0000, 0x0000, 0x0000, 0x0000, 0x0000, 0x0000, 0x0000,
    0x0000, 0x0000, 0x0000, 0x0000, 0x0000, 0x0000, 0x0000, 0x0000, 0x0000, 0x0000, 0x0000, 0x0000, 0x0000, 0x0000, 0x0000, 0x0000,
    0x0000, 0x0000, 0x0000, 0x0000, 0x0000, 0x0000, 0x0000, 0x0000, 0x0000, 0x0000, 0x0000, 0x2808, 0x5811, 0x480E, 0x500F, 0x5810,
    0x5010, 0x500F, 0x6813, 0x7816, 0x7015, 0x7816, 0x6013, 0x0000, 0x0000, 0x0000, 0x0000, 0x0000, 0x0000, 0x0000, 0x0000, 0x0803,
    0x0000, 0x0000, 0x0000, 0x0000, 0x0000, 0x0000, 0x0000, 0x0001, 0x0000, 0x0000, 0x0000, 0x0000, 0x0000, 0x0000, 0x0000, 0x0802,
    0x0000, 0x0000, 0x0000, 0x0000, 0x0000, 0x0000, 0x0000, 0x0000, 0x0803, 0x0000, 0x0000, 0x0000, 0x0000, 0x0000, 0x0000, 0x0000,
    0x0000, 0x0802, 0x0000, 0x0000, 0x0000, 0x0000, 0x0000, 0x0000, 0x0000, 0x0000, 0x0803, 0x0001, 0x0000, 0x0000, 0x0000, 0x0000,
    0x0000, 0x0000, 0x0000, 0x0001, 0x0803, 0x0000, 0x0000, 0x0000, 0x0000, 0x0000, 0x0000, 0x0000, 0x0000, 0x0803, 0x0001, 0x0000,
    0x0000, 0x0000, 0x0000, 0x0000, 0x0000, 0x0000, 0x0000, 0x0803, 0x0000, 0x0000, 0x0000, 0x0000, 0x0000, 0x0000, 0x0000, 0x0000,
    0x0000, 0x0000, 0x0000, 0x0000, 0x0000, 0x0000, 0x0000, 0x0802, 0x302B, 0x280A, 0x1003, 0x0000, 0x0000, 0x0000, 0x0000, 0x0000,
    0x0000, 0x0000, 0x9012, 0xC819, 0xD019, 0x700D, 0x0000, 0x0000, 0x0000, 0x0000, 0x0000, 0x0000, 0x0000, 0x0000, 0x0000, 0x0000,
    0x0000, 0x0000, 0x0000, 0x0000, 0x0000, 0x0000, 0x0000, 0x0000, 0x0000, 0x0000, 0x0000, 0x0000, 0x0000, 0x0000, 0x0000, 0x0000,
    0x0000, 0x0000, 0x0000, 0x0000, 0x0000, 0x0000, 0x0000, 0x0000, 0x0000, 0x0000, 0x0000, 0x0000, 0x0000, 0x0000, 0x0000, 0x0000,
    0x0000, 0x0000, 0x0000, 0x0000, 0x0000, 0x0000, 0x0000, 0x0000, 0x0000, 0x0000, 0x0000, 0x0000, 0x0000, 0x0000, 0x0000, 0x0000,
    0x0000, 0x0000, 0x0000, 0x0000, 0x0000, 0x0000, 0x0000, 0x0000, 0x0000, 0x0000, 0x0000, 0x0000, 0x0000, 0x0000, 0x0000, 0x0000,
    0x0000, 0x1003, 0x2007, 0x0000, 0x0000, 0x0000, 0x0000, 0x0000, 0x0000, 0x0000, 0x0000, 0x0000, 0x0000, 0x0000, 0x0000, 0x0000,
    0x0000, 0x0000, 0x0000, 0x0000, 0x0000, 0x0000, 0x0000, 0x0000, 0x0000, 0x0000, 0x0000, 0x0000, 0x0000, 0x0000, 0x0000, 0x0000,
    0x0000, 0x0000, 0x0000, 0x0000, 0x0000, 0x0000, 0x0000, 0x0000, 0x0000, 0x0000, 0x0000, 0x3005, 0x700C, 0x680B, 0x2003, 0x0000,
    0x0000, 0x0000, 0x0000, 0x0000, 0x0802, 0x2007, 0x2808, 0x3008, 0x1003, 0x0802, 0x0000, 0x0000, 0x0000, 0x0000, 0x0000, 0x0000,
    0x0000, 0x0000, 0x0000, 0x0000, 0x0000, 0x0000, 0x0802, 0x0823, 0x2048, 0x2089, 0x1086, 0x0843, 0x0000, 0x0000, 0x0000, 0x0000,
    0x0000, 0x0187, 0x034E, 0x024A, 0x0000, 0x0000, 0x0000, 0x0000, 0x0000, 0x0000, 0x0000, 0x0000, 0x0000, 0x0000, 0x0000, 0x0000,
    0x0000, 0x0000, 0x0000, 0x0000, 0x0000, 0x0000, 0x0000, 0x0000, 0x0000, 0x0000, 0x0000, 0x0000, 0x0000, 0x0000, 0x0000, 0x0000,
    0x0000, 0x0000, 0x0000, 0x0000, 0x0000, 0x0000, 0x0000, 0x0000, 0x0000, 0x0000, 0x0000, 0x300A, 0x7816, 0x6813, 0x7815, 0x7816,
    0x7815, 0x7014, 0x7815, 0x7815, 0x7815, 0x7816, 0x6011, 0x0001, 0x0001, 0x0001, 0x0001, 0x0001, 0x0001, 0x0001, 0x0000, 0x0803,
    0x0801, 0x0001, 0x0001, 0x0001, 0x0001, 0x0001, 0x0000, 0x0802, 0x0802, 0x0001, 0x0001, 0x0001, 0x0001, 0x0001, 0x0000, 0x0802,
    0x0001, 0x0001, 0x0001, 0x0001, 0x0801, 0x0001, 0x0001, 0x0001, 0x1004, 0x0001, 0x0001, 0x0001, 0x0001, 0x0001, 0x0001, 0x0001,
    0x0001, 0x0803, 0x0001, 0x0001, 0x0001, 0x0001, 0x0001, 0x0001, 0x0001, 0x0001, 0x0803, 0x0802, 0x0001, 0x0001, 0x0001, 0x0001,
    0x0001, 0x0001, 0x0001, 0x0802, 0x1004, 0x0001, 0x0001, 0x0001, 0x0001, 0x0001, 0x0001, 0x0801, 0x0001, 0x1004, 0x0802, 0x0001,
    0x0001, 0x0001, 0x0001, 0x0001, 0x0001, 0x0001, 0x0001, 0x0803, 0x0000, 0x0000, 0x0000, 0x0000, 0x0000, 0x0000, 0x0000, 0x0000,
    0x0000, 0x0000, 0x0000, 0x0000, 0x0000, 0x0000, 0x0000, 0x0802, 0x282B, 0x382D, 0x2829, 0x1005, 0x1806, 0x1005, 0x1005, 0x1005,
    0x0803, 0x402B, 0x9816, 0xA818, 0xB037, 0x3008, 0x1005, 0x1005, 0x1005, 0x1005, 0x1005, 0x1005, 0x1005, 0x1805, 0x1005, 0x1005,
    0x1005, 0x1005, 0x1005, 0x1005, 0x1005, 0x1005, 0x1005, 0x1005, 0x1805, 0x1005, 0x1005, 0x1005, 0x1005, 0x1005, 0x1005, 0x1005,
    0x1005, 0x1005, 0x1005, 0x1005, 0x1005, 0x1005, 0x1005, 0x1005, 0x1005, 0x1005, 0x1005, 0x1005, 0x1005, 0x1005, 0x1005, 0x1005,
    0x1005, 0x1005, 0x1005, 0x1005, 0x1005, 0x1005, 0x1005, 0x1005, 0x1005, 0x1005, 0x1005, 0x1005, 0x1005, 0x1005, 0x1005, 0x1005,
    0x1005, 0x1005, 0x1005, 0x1005, 0x1005, 0x1005, 0x1005, 0x1005, 0x1005, 0x1005, 0x1005, 0x1005, 0x1005, 0x1005, 0x1005, 0x1004,
    0x1004, 0x1806, 0x2809, 0x1005, 0x1005, 0x1005, 0x1005, 0x1005, 0x1005, 0x1005, 0x0001, 0x0000, 0x0000, 0x0000, 0x0000, 0x0000,
    0x0000, 0x0000, 0x0000, 0x0000, 0x0000, 0x0000, 0x0000, 0x0000, 0x0000, 0x0000, 0x0000, 0x0000, 0x0000, 0x0000, 0x0000, 0x0000,
    0x0000, 0x0000, 0x0000, 0x0000, 0x0000, 0x0000, 0x0000, 0x0000, 0x0000, 0x0000, 0x0000, 0x800E, 0x702C, 0x2804, 0x2804, 0x5009,
    0x602A, 0x0801, 0x0000, 0x0000, 0x0000, 0x0000, 0x0000, 0x1003, 0x2806, 0x2808, 0x3008, 0x2806, 0x2005, 0x2806, 0x2806, 0x584C,
    0x482B, 0x1805, 0x2006, 0x1805, 0x2006, 0x282A, 0x2048, 0x1867, 0x0822, 0x0000, 0x0000, 0x0000, 0x0000, 0x0000, 0x0000, 0x0000,
    0x0000, 0x03D1, 0x026B, 0x02AB, 0x028A, 0x0000, 0x0000, 0x0000, 0x0000, 0x0000, 0x0000, 0x0000, 0x0000, 0x0000, 0x0000, 0x0000,
    0x0000, 0x0000, 0x0000, 0x0000, 0x0000, 0x0000, 0x0000, 0x0000, 0x0000, 0x0000, 0x0000, 0x0000, 0x0000, 0x0000, 0x0000, 0x0000,
    0x0000, 0x0000, 0x0000, 0x0000, 0x0000, 0x0000, 0x0000, 0x0000, 0x0000, 0x0000, 0x0000, 0x1806, 0x2006, 0x1804, 0x2006, 0x2006,
    0x2005, 0x1804, 0x400B, 0x6812, 0x6031, 0x6031, 0x402C, 0x0802, 0x0802, 0x0802, 0x0803, 0x0803, 0x0802, 0x0802, 0x0001, 0x1004,
    0x0803, 0x0803, 0x0803, 0x0803, 0x0802, 0x0802, 0x0802, 0x1004, 0x1004, 0x0823, 0x0803, 0x0802, 0x0802, 0x0802, 0x0002, 0x0803,
    0x0802, 0x0802, 0x0803, 0x0803, 0x1003, 0x0803, 0x0802, 0x0802, 0x1005, 0x0803, 0x0802, 0x0802, 0x0802, 0x0802, 0x0802, 0x0802,
    0x0802, 0x0803, 0x0802, 0x0802, 0x0802, 0x0802, 0x0802, 0x0802, 0x0802, 0x0802, 0x1004, 0x0803, 0x0802, 0x0802, 0x0802, 0x0802,
    0x0802, 0x0802, 0x0803, 0x0803, 0x1005, 0x0802, 0x0802, 0x0802, 0x0802, 0x0802, 0x0802, 0x0802, 0x0802, 0x1004, 0x0802, 0x0802,
    0x0802, 0x0802, 0x0802, 0x0802, 0x0802, 0x0802, 0x0803, 0x0803, 0x0000, 0x0000, 0x0000, 0x0000, 0x0000, 0x0000, 0x0000, 0x0000,
    0x0000, 0x0000, 0x0000, 0x0000, 0x0000, 0x0000, 0x0000, 0x0802, 0x302B, 0x300A, 0x1003, 0x0000, 0x0000, 0x0000, 0x0000, 0x0000,
    0x3849, 0x9837, 0x9816, 0x9816, 0x3006, 0x0000, 0x0000, 0x0000, 0x0000, 0x0000, 0x0000, 0x0000, 0x0000, 0x0000, 0x0000, 0x0000,
    0x0000, 0x0000, 0x0000, 0x0000, 0x0000, 0x0000, 0x0000, 0x0000, 0x0000, 0x0000, 0x0000, 0x0000, 0x0000, 0x0000, 0x0000, 0x0000,
    0x0000, 0x0000, 0x0000, 0x0000, 0x0000, 0x0000, 0x0000, 0x0000, 0x0000, 0x0000, 0x0000, 0x0000, 0x0000, 0x0000, 0x0000, 0x0000,
    0x0000, 0x0000, 0x0000, 0x0000, 0x0000, 0x0000, 0x0000, 0x0000, 0x0000, 0x0000, 0x0000, 0x0000, 0x0000, 0x0000, 0x0000, 0x0000,
    0x0000, 0x0001, 0x0000, 0x0000, 0x0000, 0x0000, 0x0000, 0x0000, 0x0000, 0x0000, 0x0000, 0x0000, 0x0000, 0x0000, 0x0000, 0x0000,
    0x0000, 0x0803, 0x2007, 0x0000, 0x0000, 0x0000, 0x0000, 0x0000, 0x0000, 0x0000, 0x0000, 0x0000, 0x0000, 0x0000, 0x0000, 0x0000,
    0x0000, 0x0000, 0x0000, 0x0000, 0x0000, 0x0000, 0x0000, 0x0000, 0x0000, 0x0000, 0x0000, 0x0000, 0x0000, 0x0000, 0x0000, 0x0000,
    0x0000, 0x0000, 0x0000, 0x0000, 0x0000, 0x0000, 0x0000, 0x0000, 0x0000, 0x0000, 0x0000, 0x680B, 0x982F, 0x4808, 0x2003, 0x900F,
    0x880E, 0x1001, 0x0000, 0x0000, 0x0000, 0x0000, 0x0000, 0x0000, 0x0000, 0x0000, 0x0801, 0x1803, 0x1803, 0x2005, 0x2004, 0x482A,
    0x400A, 0x1804, 0x1805, 0x1003, 0x1004, 0x0001, 0x0000, 0x0000, 0x0000, 0x0000, 0x0000, 0x0000, 0x0000, 0x0000, 0x0000, 0x0000,
    0x0000, 0x034E, 0x034E, 0x032D, 0x0145, 0x0000, 0x0000, 0x0000, 0x0000, 0x0000, 0x0000, 0x0000, 0x0000, 0x0000, 0x0000, 0x0000,
    0x0000, 0x0000, 0x0000, 0x0000, 0x0000, 0x0000, 0x0000, 0x0000, 0x0000, 0x0000, 0x0000, 0x0000, 0x0000, 0x0000, 0x0000, 0x0000,
    0x0000, 0x0000, 0x0000, 0x0000, 0x0000, 0x0000, 0x0000, 0x0000, 0x0000, 0x0000, 0x0000, 0x0804, 0x0000, 0x0000, 0x0000, 0x0000,
    0x0000, 0x0000, 0x3007, 0x700F, 0x680F, 0x7031, 0x6810, 0x0001, 0x0000, 0x0000, 0x0000, 0x0000, 0x0000, 0x0000, 0x0000, 0x1004,
    0x0000, 0x0000, 0x0000, 0x0000, 0x0000, 0x0000, 0x0000, 0x0001, 0x0000, 0x0000, 0x0000, 0x0000, 0x0000, 0x0000, 0x0000, 0x0802,
    0x0000, 0x0000, 0x0000, 0x0000, 0x0000, 0x0000, 0x0000, 0x0000, 0x0803, 0x0020, 0x0000, 0x0000, 0x0000, 0x0000, 0x0000, 0x0000,
    0x0000, 0x0802, 0x0000, 0x0000, 0x0000, 0x0000, 0x0000, 0x0000, 0x0000, 0x0000, 0x0802, 0x0001, 0x0000, 0x0000, 0x0000, 0x0000,
    0x0000, 0x0000, 0x0000, 0x0000, 0x0803, 0x0000, 0x0000, 0x0000, 0x0000, 0x0000, 0x0000, 0x0000, 0x0000, 0x0802, 0x0001, 0x0000,
    0x0000, 0x0000, 0x0000, 0x0000, 0x0000, 0x0000, 0x0000, 0x0802, 0x0000, 0x0000, 0x0000, 0x0000, 0x0000, 0x0000, 0x0000, 0x0000,
    0x0000, 0x0000, 0x0000, 0x0000, 0x0000, 0x0000, 0x0000, 0x0802, 0x300C, 0x300A, 0x0802, 0x0000, 0x0000, 0x0000, 0x0000, 0x3028,
    0xA039, 0xA019, 0x9817, 0x500C, 0x0000, 0x0000, 0x0000, 0x0000, 0x0000, 0x0000, 0x0000, 0x0000, 0x0000, 0x0000, 0x0000, 0x0000,
    0x0000, 0x0000, 0x0000, 0x0000, 0x0000, 0x0000, 0x0000, 0x0000, 0x0000, 0x0000, 0x0000, 0x0000, 0x0000, 0x0000, 0x0000, 0x0000,
    0x0000, 0x0000, 0x0000, 0x0000, 0x0000, 0x0000, 0x0000, 0x0000, 0x0000, 0x0000, 0x0000, 0x0000, 0x0000, 0x0000, 0x0000, 0x0000,
    0x0000, 0x0000, 0x0000, 0x0000, 0x0000, 0x0000, 0x0000, 0x0000, 0x0000, 0x0000, 0x0000, 0x0000, 0x0000, 0x0000, 0x0000, 0x0000,
    0x0000, 0x2809, 0x0001, 0x0000, 0x0000, 0x0000, 0x0000, 0x0000, 0x0001, 0x0803, 0x0000, 0x0000, 0x0000, 0x0000, 0x0000, 0x0000,
    0x0000, 0x1003, 0x2008, 0x0000, 0x0000, 0x0000, 0x0000, 0x0000, 0x0000, 0x0000, 0x0000, 0x0000, 0x0000, 0x0000, 0x0000, 0x0000,
    0x0000, 0x0000, 0x0000, 0x0000, 0x0000, 0x0000, 0x0000, 0x0000, 0x0000, 0x0000, 0x0000, 0x0000, 0x0000, 0x0000, 0x0000, 0x0000,
    0x0000, 0x0000, 0x0000, 0x0000, 0x0000, 0x0000, 0x0000, 0x0000, 0x0000, 0x0000, 0x0000, 0x680B, 0x700B, 0x2804, 0x3006, 0xA010,
    0x900F, 0x0801, 0x0000, 0x0000, 0x0000, 0x0000, 0x0000, 0x0000, 0x0000, 0x0000, 0x0000, 0x0000, 0x0000, 0x0000, 0x0000, 0x0000,
    0x0000, 0x0000, 0x0000, 0x0000, 0x0000, 0x0000, 0x0000, 0x0000, 0x0000, 0x0000, 0x0000, 0x0000, 0x0000, 0x0000, 0x0000, 0x0000,
    0x0000, 0x034E, 0x01A7, 0x026A, 0x026A, 0x0000, 0x0000, 0x0000, 0x0000, 0x0000, 0x0000, 0x0000, 0x0000, 0x0000, 0x0000, 0x0000,
    0x0000, 0x0000, 0x0000, 0x0000, 0x0000, 0x0000, 0x0000, 0x0000, 0x0000, 0x0000, 0x0000, 0x0000, 0x0000, 0x0000, 0x0000, 0x0000,
    0x0000, 0x0000, 0x0000, 0x0000, 0x0000, 0x0000, 0x0000, 0x0000, 0x0000, 0x0000, 0x0000, 0x1004, 0x2005, 0x2005, 0x2005, 0x2004,
    0x2004, 0x1804, 0x700F, 0xB017, 0xA015, 0xB017, 0x8013, 0x0802, 0x0001, 0x0001, 0x0001, 0x0001, 0x0001, 0x0801, 0x0802, 0x1805,
    0x0802, 0x0001, 0x0001, 0x0001, 0x0001, 0x0801, 0x0801, 0x0802, 0x0021, 0x0020, 0x0020, 0x0000, 0x0020, 0x0020, 0x0020, 0x0802,
    0x0021, 0x0020, 0x0020, 0x0020, 0x0020, 0x0020, 0x0020, 0x0001, 0x0803, 0x0801, 0x0802, 0x0801, 0x0001, 0x0001, 0x0001, 0x0001,
    0x0001, 0x1004, 0x0802, 0x0801, 0x0001, 0x0001, 0x0801, 0x0001, 0x0001, 0x0001, 0x0803, 0x0803, 0x0001, 0x0001, 0x0001, 0x0001,
    0x0001, 0x0001, 0x0001, 0x0802, 0x0803, 0x0000, 0x0800, 0x0800, 0x0000, 0x0000, 0x0000, 0x0000, 0x0000, 0x0803, 0x0803, 0x0801,
    0x0802, 0x0801, 0x0001, 0x0001, 0x0001, 0x0001, 0x0802, 0x0803, 0x0000, 0x0000, 0x0000, 0x0000, 0x0000, 0x0000, 0x0000, 0x0000,
    0x0000, 0x0000, 0x0000, 0x0000, 0x0000, 0x0000, 0x0000, 0x0802, 0x300C, 0x300A, 0x1003, 0x0000, 0x0000, 0x0000, 0x2024, 0xA037,
    0xB019, 0x9837, 0x3007, 0x600B, 0x0000, 0x0000, 0x0000, 0x0000, 0x0000, 0x0000, 0x0000, 0x0000, 0x0000, 0x0000, 0x0000, 0x0000,
    0x0000, 0x0000, 0x0000, 0x0000, 0x0000, 0x0000, 0x0000, 0x0000, 0x0000, 0x0000, 0x0000, 0x0000, 0x0000, 0x0000, 0x0000, 0x0000,
    0x0000, 0x0000, 0x0000, 0x0000, 0x0000, 0x0000, 0x0000, 0x0000, 0x0000, 0x0000, 0x0000, 0x0000, 0x0000, 0x0000, 0x0000, 0x0000,
    0x0000, 0x0000, 0x0000, 0x0000, 0x0000, 0x0000, 0x0000, 0x0000, 0x0000, 0x0000, 0x0000, 0x0000, 0x0000, 0x0000, 0x0000, 0x0000,
    0x0000, 0x380C, 0x0001, 0x0000, 0x0000, 0x0000, 0x0000, 0x0000, 0x0001, 0x1004, 0x0000, 0x0000, 0x0000, 0x0000, 0x0000, 0x0000,
    0x0000, 0x1004, 0x2808, 0x0000, 0x0000, 0x0000, 0x0000, 0x0000, 0x0000, 0x0000, 0x0000, 0x0000, 0x0000, 0x0000, 0x0000, 0x0000,
    0x0000, 0x0000, 0x0000, 0x0000, 0x0000, 0x0000, 0x0000, 0x0000, 0x0000, 0x0000, 0x0000, 0x0000, 0x0000, 0x0000, 0x0000, 0x0000,
    0x0000, 0x0000, 0x0000, 0x0000, 0x0000, 0x0000, 0x0000, 0x0000, 0x0000, 0x0000, 0x0000, 0x780C, 0x4807, 0x0000, 0x2003, 0x600A,
    0x4808, 0x0000, 0x0000, 0x0000, 0x0000, 0x0000, 0x0000, 0x0000, 0x0000, 0x0000, 0x0000, 0x0000, 0x0000, 0x0000, 0x0000, 0x0000,
    0x0000, 0x0000, 0x0000, 0x0000, 0x0000, 0x0000, 0x0000, 0x0000, 0x0000, 0x0000, 0x0000, 0x0000, 0x0000, 0x0000, 0x0000, 0x0000,
    0x0000, 0x036F, 0x0B2F, 0x0ACD, 0x0186, 0x0000, 0x0000, 0x0000, 0x0000, 0x0000, 0x0000, 0x0000, 0x0000, 0x0000, 0x0000, 0x0000,
    0x0000, 0x0000, 0x0000, 0x0000, 0x0000, 0x0000, 0x0000, 0x0000, 0x0000, 0x0000, 0x0000, 0x0000, 0x0000, 0x0000, 0x0000, 0x0000,
    0x0000, 0x0000, 0x0000, 0x0000, 0x0000, 0x0000, 0x0000, 0x0000, 0x0000, 0x0000, 0x0000, 0x4809, 0xC817, 0xC016, 0xC817, 0xB815,
    0xB015, 0xC016, 0xC817, 0xC016, 0xB015, 0xB015, 0x682F, 0x0002, 0x0802, 0x0801, 0x0802, 0x0803, 0x0803, 0x0802, 0x0802, 0x1004,
    0x0803, 0x0802, 0x0802, 0x0802, 0x0802, 0x0802, 0x0802, 0x0967, 0x0576, 0x0555, 0x0575, 0x0595, 0x05D6, 0x05F6, 0x0615, 0x0494,
    0x0595, 0x0616, 0x05F5, 0x05B5, 0x0574, 0x05B5, 0x05B6, 0x05F6, 0x024A, 0x0801, 0x0803, 0x0802, 0x0802, 0x0802, 0x0801, 0x0802,
    0x0802, 0x1004, 0x0803, 0x0802, 0x0802, 0x0802, 0x0802, 0x0802, 0x0802, 0x0801, 0x1004, 0x1003, 0x0802, 0x0802, 0x0802, 0x0802,
    0x0802, 0x0802, 0x0802, 0x0802, 0x980E, 0xC810, 0xC00F, 0xC00F, 0xB80F, 0xB80F, 0xB80F, 0xB80F, 0xC00F, 0x980D, 0x0802, 0x0802,
    0x0802, 0x0802, 0x0802, 0x0802, 0x0802, 0x0802, 0x0802, 0x0803, 0x0000, 0x0000, 0x0000, 0x0000, 0x0000, 0x0000, 0x0000, 0x0000,
    0x0000, 0x0000, 0x0000, 0x0000, 0x0000, 0x0000, 0x0000, 0x0802, 0x300B, 0x300A, 0x1003, 0x0020, 0x0000, 0x0000, 0x782F, 0xB818,
    0xA817, 0x3026, 0x0000, 0x5009, 0x0801, 0x0000, 0x0000, 0x0000, 0x0000, 0x0000, 0x0000, 0x0000, 0x0000, 0x0000, 0x0000, 0x0000,
    0x0000, 0x0000, 0x0000, 0x0000, 0x0000, 0x0000, 0x0000, 0x0000, 0x0000, 0x0000, 0x0000, 0x0000, 0x0000, 0x0000, 0x0000, 0x0000,
    0x0000, 0x0000, 0x0000, 0x0000, 0x0000, 0x0000, 0x0000, 0x0000, 0x0000, 0x0000, 0x0000, 0x0000, 0x0000, 0x0000, 0x0000, 0x0000,
    0x0000, 0x0000, 0x0000, 0x0000, 0x0000, 0x0000, 0x0000, 0x2827, 0x1805, 0x0000, 0x0000, 0x0000, 0x0000, 0x0000, 0x0000, 0x0000,
    0x0000, 0x380B, 0x0001, 0x0000, 0x0000, 0x0000, 0x0000, 0x0000, 0x0002, 0x1004, 0x0000, 0x0000, 0x0000, 0x0000, 0x0000, 0x0000,
    0x0000, 0x0803, 0x2808, 0x0000, 0x0000, 0x0000, 0x0000, 0x0000, 0x0000, 0x0000, 0x0000, 0x0000, 0x0000, 0x0000, 0x0000, 0x0000,
    0x0000, 0x0000, 0x0000, 0x0000, 0x0000, 0x0000, 0x0000, 0x0000, 0x0000, 0x0000, 0x0000, 0x0000, 0x0000, 0x0000, 0x0000, 0x0000,
    0x0000, 0x0000, 0x0000, 0x0000, 0x0000, 0x0000, 0x0000, 0x0000, 0x0000, 0x0000, 0x0000, 0x1803, 0x1002, 0x0000, 0x0000, 0x0000,
    0x0000, 0x0000, 0x0000, 0x0000, 0x0000, 0x0000, 0x0000, 0x0000, 0x0000, 0x0000, 0x0000, 0x0000, 0x0000, 0x0000, 0x0000, 0x0000,
    0x0000, 0x0000, 0x0000, 0x0000, 0x0000, 0x0000, 0x0000, 0x0000, 0x0000, 0x0000, 0x0000, 0x0000, 0x0000, 0x0000, 0x0000, 0x0000,
    0x0000, 0x00A3, 0x0187, 0x00E4, 0x0000, 0x0000, 0x0000, 0x0000, 0x0000, 0x0000, 0x0000, 0x0000, 0x0000, 0x0000, 0x0000, 0x0000,
    0x0000, 0x0000, 0x0000, 0x0000, 0x0000, 0x0000, 0x0000, 0x0000, 0x0000, 0x0000, 0x0000, 0x0000, 0x0000, 0x0000, 0x0000, 0x0000,
    0x0000, 0x0000, 0x0000, 0x0000, 0x0000, 0x0000, 0x0000, 0x0000, 0x0000, 0x0000, 0x0000, 0x4008, 0x9812, 0x880F, 0x880F, 0x800E,
    0x800E, 0x9010, 0x9811, 0x9811, 0x9010, 0x9010, 0x780E, 0x0000, 0x0000, 0x0000, 0x0000, 0x0000, 0x0000, 0x0000, 0x0000, 0x0802,
    0x0000, 0x0000, 0x0000, 0x0000, 0x0000, 0x0000, 0x0000, 0x01C7, 0x06FB, 0x0699, 0x06DA, 0x06FA, 0x073B, 0x073A, 0x079B, 0x05D8,
    0x071A, 0x075A, 0x073A, 0x071A, 0x06FA, 0x06FA, 0x06FA, 0x07DC, 0x036C, 0x0000, 0x0000, 0x0000, 0x0000, 0x0000, 0x0000, 0x0000,
    0x0000, 0x0001, 0x0000, 0x0000, 0x0000, 0x0000, 0x0000, 0x0000, 0x0000, 0x0000, 0x0802, 0x0001, 0x0000, 0x0000, 0x0000, 0x0000,
    0x0000, 0x0000, 0x0000, 0x0000, 0xB80F, 0xF013, 0xE812, 0xE812, 0xE012, 0xE012, 0xE812, 0xE813, 0xF814, 0xC810, 0x0000, 0x0000,
    0x0000, 0x0000, 0x0000, 0x0000, 0x0000, 0x0000, 0x0000, 0x0802, 0x0000, 0x0000, 0x0000, 0x0000, 0x0000, 0x0000, 0x0000, 0x0000,
    0x0000, 0x0000, 0x0000, 0x0000, 0x0000, 0x0000, 0x0000, 0x0802, 0x280B, 0x300A, 0x2007, 0x1806, 0x1005, 0x502C, 0xB017, 0xA817,
    0x4008, 0x0804, 0x0004, 0x580D, 0x482B, 0x2008, 0x2009, 0x1005, 0x1805, 0x1004, 0x1004, 0x1004, 0x1004, 0x1004, 0x1004, 0x1004,
    0x1004, 0x1004, 0x1004, 0x1004, 0x1004, 0x1004, 0x1004, 0x1004, 0x1004, 0x1004, 0x1004, 0x1004, 0x1004, 0x1004, 0x1004, 0x1004,
    0x1004, 0x1004, 0x1004, 0x1004, 0x1004, 0x1004, 0x1004, 0x1004, 0x1004, 0x1004, 0x1004, 0x1004, 0x1805, 0x1005, 0x1004, 0x0803,
    0x0803, 0x0803, 0x1805, 0x2006, 0x380A, 0x6811, 0x6831, 0xA03B, 0x502E, 0x0803, 0x1005, 0x1004, 0x1004, 0x1005, 0x1004, 0x1004,
    0x0803, 0x380C, 0x2007, 0x1005, 0x1004, 0x1004, 0x0803, 0x0803, 0x1005, 0x1807, 0x1004, 0x0803, 0x0803, 0x1003, 0x0003, 0x3809,
    0x7831, 0x8033, 0x400B, 0x0803, 0x0803, 0x0803, 0x0803, 0x0803, 0x0803, 0x0803, 0x0000, 0x0000, 0x0000, 0x0000, 0x0000, 0x0000,
    0x0000, 0x0000, 0x0000, 0x0000, 0x0000, 0x0000, 0x0000, 0x0000, 0x0000, 0x0000, 0x0000, 0x0000, 0x0000, 0x0000, 0x0000, 0x0000,
    0x0000, 0x0000, 0x0000, 0x0000, 0x0000, 0x0000, 0x0000, 0x0000, 0x0000, 0x0000, 0x0000, 0x0000, 0x0000, 0x0000, 0x0000, 0x0000,
    0x0000, 0x0000, 0x0000, 0x0000, 0x0000, 0x0000, 0x0000, 0x0000, 0x0000, 0x0000, 0x0000, 0x0000, 0x0000, 0x0000, 0x0000, 0x0000,
    0x0000, 0x0000, 0x0000, 0x0000, 0x0000, 0x0000, 0x0000, 0x0000, 0x0000, 0x0000, 0x0000, 0x0000, 0x0000, 0x0000, 0x0000, 0x0000,
    0x0000, 0x0000, 0x0000, 0x0000, 0x0000, 0x0000, 0x0000, 0x0000, 0x0000, 0x0000, 0x0000, 0x0000, 0x0000, 0x0000, 0x0000, 0x0000,
    0x0000, 0x0000, 0x0000, 0x0000, 0x0000, 0x0000, 0x0000, 0x0000, 0x0000, 0x0000, 0x0000, 0x0000, 0x0000, 0x0000, 0x0000, 0x0000,
    0x0000, 0x0000, 0x0000, 0x0000, 0x0000, 0x0000, 0x0000, 0x0000, 0x0000, 0x0000, 0x0000, 0x4008, 0xA010, 0x900E, 0x880D, 0x900D,
    0x900E, 0x980F, 0xA010, 0xA010, 0x980F, 0xA00F, 0x702D, 0x0803, 0x0803, 0x0802, 0x0802, 0x0802, 0x0802, 0x0802, 0x0802, 0x1004,
    0x0803, 0x0802, 0x0802, 0x0802, 0x0803, 0x0803, 0x0802, 0x01A8, 0x06DA, 0x0679, 0x0658, 0x0658, 0x0699, 0x06D9, 0x071A, 0x0DB8,
    0x071A, 0x075B, 0x073A, 0x06D9, 0x0678, 0x0658, 0x0658, 0x073B, 0x0B2D, 0x0801, 0x0802, 0x0801, 0x0802, 0x0802, 0x0802, 0x0802,
    0x0802, 0x0803, 0x0802, 0x0802, 0x0802, 0x0802, 0x0802, 0x0802, 0x0802, 0x0802, 0x1004, 0x1003, 0x0802, 0x1003, 0x1003, 0x1003,
    0x1003, 0x1003, 0x1004, 0x1003, 0xA80F, 0xE011, 0xD811, 0xD811, 0xD010, 0xD010, 0xC810, 0xC810, 0xD812, 0xB00F, 0x0802, 0x0803,
    0x0802, 0x0802, 0x0802, 0x0802, 0x0802, 0x0802, 0x0803, 0x0803, 0x0000, 0x0000, 0x0000, 0x0000, 0x0000, 0x0000, 0x0000, 0x0000,
    0x0000, 0x0000, 0x0000, 0x0000, 0x0000, 0x0000, 0x0000, 0x0802, 0x300C, 0x280A, 0x0803, 0x0000, 0x0000, 0x7810, 0xD01B, 0x682E,
    0x0000, 0x0000, 0x3028, 0x9834, 0xB838, 0xB039, 0xA036, 0x4029, 0x0000, 0x0000, 0x0000, 0x0000, 0x0000, 0x0000, 0x0000, 0x0000,
    0x0000, 0x0000, 0x0000, 0x0000, 0x0000, 0x0000, 0x0000, 0x0000, 0x0000, 0x0000, 0x0000, 0x0000, 0x0000, 0x0000, 0x0000, 0x0000,
    0x0000, 0x0000, 0x0000, 0x0000, 0x0000, 0x0000, 0x0000, 0x0000, 0x0000, 0x0000, 0x0000, 0x0000, 0x0000, 0x0000, 0x1002, 0x1804,
    0x480C, 0x6810, 0x9036, 0x9837, 0xA039, 0x9017, 0x8014, 0x6030, 0x400B, 0x0000, 0x0000, 0x0000, 0x0000, 0x0000, 0x0000, 0x0000,
    0x0000, 0x300B, 0x0001, 0x0000, 0x0000, 0x0000, 0x0000, 0x0000, 0x0001, 0x1005, 0x0000, 0x0000, 0x0000, 0x0000, 0x3027, 0xB838,
    0xB818, 0xD01A, 0x600C, 0x0000, 0x0000, 0x0000, 0x0000, 0x0000, 0x0000, 0x0000, 0x0000, 0x0000, 0x0000, 0x0000, 0x0000, 0x0000,
    0x0000, 0x0000, 0x0000, 0x0000, 0x0000, 0x0000, 0x0000, 0x0000, 0x0000, 0x0000, 0x0000, 0x0000, 0x0000, 0x0000, 0x0000, 0x0000,
    0x0000, 0x0000, 0x0000, 0x0000, 0x0000, 0x0000, 0x0000, 0x0000, 0x0000, 0x0000, 0x0000, 0x0000, 0x0000, 0x0000, 0x0000, 0x0000,
    0x0000, 0x0000, 0x0000, 0x0000, 0x0000, 0x0000, 0x0000, 0x0000, 0x0000, 0x0000, 0x0000, 0x0000, 0x0000, 0x0000, 0x0000, 0x0000,
    0x0000, 0x0000, 0x0000, 0x0000, 0x0000, 0x0000, 0x0000, 0x0000, 0x0000, 0x0000, 0x0000, 0x0000, 0x0000, 0x0000, 0x0000, 0x0000,
    0x0000, 0x0000, 0x0000, 0x0000, 0x0000, 0x0000, 0x0000, 0x0000, 0x0000, 0x0000, 0x0000, 0x0000, 0x0000, 0x0000, 0x0000, 0x0000,
    0x0000, 0x0000, 0x0000, 0x0000, 0x0000, 0x0000, 0x0000, 0x0000, 0x0000, 0x0000, 0x0000, 0x0000, 0x0000, 0x0000, 0x0000, 0x0000,
    0x0000, 0x0000, 0x0000, 0x0000, 0x0000, 0x0000, 0x0000, 0x0000, 0x0000, 0x0000, 0x0000, 0x6009, 0xF815, 0xF014, 0xF814, 0xF814,
    0xF014, 0xF014, 0xE813, 0xE012, 0xE012, 0xF014, 0xA830, 0x0802, 0x0001, 0x0802, 0x0802, 0x0001, 0x0001, 0x0001, 0x0001, 0x1004,
    0x0802, 0x0001, 0x0001, 0x0001, 0x0802, 0x0802, 0x0801, 0x0823, 0x0104, 0x0104, 0x00E3, 0x00E3, 0x00E3, 0x0104, 0x00E3, 0x08C6,
    0x0104, 0x0124, 0x0125, 0x0124, 0x00E3, 0x00E3, 0x00E3, 0x0104, 0x0864, 0x0801, 0x0801, 0x0001, 0x0001, 0x0001, 0x0001, 0x0001,
    0x0001, 0x0803, 0x0802, 0x0801, 0x0001, 0x0001, 0x0001, 0x0001, 0x0801, 0x0001, 0x2805, 0xC831, 0xC010, 0xC811, 0xC831, 0xC031,
    0xC811, 0xC811, 0xC811, 0xD012, 0x5007, 0x1801, 0x1802, 0x1802, 0x1802, 0x1802, 0x1801, 0x1001, 0x1001, 0x1803, 0x0802, 0x0002,
    0x0001, 0x0001, 0x0001, 0x0001, 0x0001, 0x0001, 0x0002, 0x0803, 0x0000, 0x0000, 0x0000, 0x0000, 0x0000, 0x0000, 0x0000, 0x0000,
    0x0000, 0x0000, 0x0000, 0x0000, 0x0000, 0x0000, 0x0000, 0x0802, 0x300C, 0x300B, 0x0803, 0x0000, 0x0801, 0xA014, 0xB817, 0x1802,
    0x0000, 0x3047, 0xB038, 0xB839, 0xB037, 0xB036, 0xB817, 0xB017, 0x3827, 0x0000, 0x0000, 0x0000, 0x0000, 0x0000, 0x0000, 0x0000,
    0x0000, 0x0000, 0x0000, 0x0000, 0x0000, 0x0000, 0x0000, 0x0000, 0x0000, 0x0000, 0x0000, 0x0000, 0x0000, 0x0000, 0x0000, 0x0000,
    0x0001, 0x0000, 0x0000, 0x0000, 0x0000, 0x0000, 0x0000, 0x0000, 0x0000, 0x0000, 0x0000, 0x2004, 0x3809, 0x600F, 0x9016, 0xA018,
    0xB01A, 0xA019, 0x8014, 0x480B, 0x3008, 0x0801, 0x0000, 0x0802, 0x300A, 0x0000, 0x0000, 0x0000, 0x0000, 0x0000, 0x0000, 0x0000,
    0x0000, 0x400D, 0x0001, 0x0000, 0x0000, 0x0000, 0x0000, 0x0000, 0x0001, 0x1004, 0x0000, 0x0000, 0x0000, 0x0000, 0x9813, 0xC017,
    0xB816, 0xB836, 0x3006, 0x0000, 0x0000, 0x0000, 0x0000, 0x0000, 0x0000, 0x0000, 0x0000, 0x0000, 0x0000, 0x0000, 0x0000, 0x0000,
    0x0000, 0x0000, 0x0000, 0x0000, 0x0000, 0x0000, 0x0000, 0x0000, 0x0000, 0x0000, 0x0000, 0x0000, 0x0000, 0x0000, 0x0000, 0x0000,
    0x0000, 0x0000, 0x0000, 0x0000, 0x0000, 0x0000, 0x0000, 0x0000, 0x0000, 0x0000, 0x0000, 0x0000, 0x0000, 0x0000, 0x0000, 0x0000,
    0x0000, 0x0000, 0x0000, 0x0000, 0x0800, 0x0801, 0x1001, 0x0800, 0x0800, 0x0800, 0x0800, 0x0800, 0x0800, 0x0800, 0x0800, 0x0800,
    0x0800, 0x0800, 0x0800, 0x0800, 0x0800, 0x0800, 0x0800, 0x0800, 0x0800, 0x1000, 0x0800, 0x0800, 0x0000, 0x0000, 0x0000, 0x0000,
    0x0000, 0x0000, 0x0000, 0x0000, 0x0000, 0x0000, 0x0000, 0x0000, 0x0000, 0x0000, 0x0000, 0x0000, 0x0000, 0x0000, 0x0000, 0x0000,
    0x0000, 0x0000, 0x0000, 0x0000, 0x0000, 0x0000, 0x0000, 0x0000, 0x0000, 0x0000, 0x0000, 0x0000, 0x0000, 0x0000, 0x0000, 0x0000,
    0x0000, 0x0000, 0x0000, 0x0000, 0x0000, 0x0000, 0x0000, 0x0000, 0x0000, 0x0000, 0x0000, 0x3006, 0x700A, 0x6808, 0x7009, 0x7009,
    0x7009, 0x6008, 0xB00E, 0xE813, 0xE012, 0xF814, 0xC812, 0x0001, 0x0000, 0x0000, 0x0000, 0x0000, 0x0000, 0x0000, 0x0000, 0x0803,
    0x0802, 0x0821, 0x0001, 0x0000, 0x0000, 0x0000, 0x0000, 0x0802, 0x0000, 0x0000, 0x0000, 0x0000, 0x0000, 0x0000, 0x0000, 0x0802,
    0x0000, 0x0000, 0x0000, 0x0000, 0x0000, 0x0000, 0x0000, 0x0000, 0x0802, 0x0000, 0x0000, 0x0000, 0x0000, 0x0000, 0x0000, 0x0000,
    0x0000, 0x0803, 0x0801, 0x0021, 0x0000, 0x0000, 0x0000, 0x0000, 0x0000, 0x0000, 0x3805, 0xF814, 0xF812, 0xF012, 0xE812, 0xE812,
    0xE812, 0xF012, 0xE812, 0xF813, 0x4006, 0x0000, 0x0000, 0x0000, 0x0000, 0x0000, 0x0000, 0x0001, 0x0000, 0x0002, 0x0801, 0x0800,
    0x0800, 0x0800, 0x1001, 0x0800, 0x0800, 0x0800, 0x0801, 0x0803, 0x0000, 0x0000, 0x0000, 0x0000, 0x0000, 0x0000, 0x0000, 0x0000,
    0x0000, 0x0000, 0x0000, 0x0000, 0x0000, 0x0000, 0x0000, 0x0802, 0x300C, 0x300B, 0x1003, 0x0000, 0x2004, 0xC018, 0x680D, 0x0000,
    0x0801, 0xA035, 0xC039, 0x504A, 0x700E, 0x1803, 0x682C, 0xC018, 0xA835, 0x1001, 0x0000, 0x0000, 0x0000, 0x0000, 0x0000, 0x0000,
    0x0000, 0x0000, 0x0000, 0x0000, 0x0000, 0x0000, 0x0000, 0x0000, 0x0000, 0x0000, 0x0000, 0x0000, 0x0000, 0x0000, 0x0000, 0x0000,
    0x380B, 0x0801, 0x0000, 0x0000, 0x0000, 0x0000, 0x0000, 0x0000, 0x0000, 0x6830, 0x8035, 0x9817, 0xA019, 0x9816, 0x7011, 0x500D,
    0x580E, 0x2005, 0x0000, 0x0000, 0x0000, 0x0000, 0x0000, 0x1004, 0x380A, 0x0000, 0x0000, 0x0000, 0x0000, 0x0000, 0x0000, 0x0000,
    0x0000, 0x500E, 0x0821, 0x0000, 0x0000, 0x0000, 0x0000, 0x0000, 0x0802, 0x1005, 0x0000, 0x0000, 0x0000, 0x0000, 0x682C, 0xC017,
    0xB016, 0x4028, 0x0000, 0x0000, 0x0000, 0x0000, 0x0000, 0x0000, 0x0000, 0x0000, 0x0000, 0x0000, 0x0000, 0x0000, 0x0000, 0x0000,
    0x0000, 0x0000, 0x0000, 0x0000, 0x0000, 0x0000, 0x0000, 0x0000, 0x0000, 0x0000, 0x0000, 0x0000, 0x0000, 0x0000, 0x0000, 0x0000,
    0x0000, 0x0000, 0x0000, 0x0000, 0x0000, 0x0000, 0x0000, 0x0000, 0x0000, 0x0000, 0x0000, 0x0000, 0x0000, 0x0000, 0x0800, 0x0800,
    0x1001, 0x1001, 0x1001, 0x1000, 0x0800, 0x0800, 0x0800, 0x1000, 0x1001, 0x1001, 0x1001, 0x1801, 0x1801, 0x1801, 0x1801, 0x1801,
    0x1801, 0x1801, 0x1801, 0x1801, 0x1801, 0x1801, 0x1801, 0x0800, 0x0800, 0x0800, 0x0800, 0x1001, 0x1001, 0x1001, 0x1001, 0x0800,
    0x0800, 0x0800, 0x0000, 0x0000, 0x0000, 0x0000, 0x0000, 0x0000, 0x0000, 0x0000, 0x0000, 0x0000, 0x0000, 0x0000, 0x0000, 0x0000,
    0x0000, 0x0000, 0x0000, 0x0000, 0x0000, 0x0000, 0x0000, 0x0000, 0x0000, 0x0000, 0x0000, 0x0000, 0x0000, 0x0000, 0x0000, 0x0000,
    0x0000, 0x0000, 0x0000, 0x0000, 0x0000, 0x0000, 0x0000, 0x0000, 0x0000, 0x0000, 0x0000, 0x0804, 0x0000, 0x0000, 0x0000, 0x0000,
    0x0000, 0x0000, 0x4006, 0x900B, 0x880B, 0xA00C, 0x700C, 0x0804, 0x0802, 0x0802, 0x0001, 0x0802, 0x0802, 0x0802, 0x0802, 0x1004,
    0x1004, 0x1004, 0x1004, 0x0803, 0x0802, 0x0802, 0x0802, 0x1005, 0x1024, 0x0803, 0x0803, 0x0803, 0x0803, 0x0803, 0x0802, 0x0803,
    0x0802, 0x0802, 0x0802, 0x0803, 0x0803, 0x0823, 0x0803, 0x0802, 0x0803, 0x0802, 0x0802, 0x0802, 0x0802, 0x0802, 0x0802, 0x0802,
    0x0802, 0x1004, 0x1003, 0x0803, 0x0802, 0x0802, 0x0802, 0x0802, 0x1002, 0x0802, 0x3007, 0xC010, 0xB80E, 0xB80F, 0xB00F, 0xB00E,
    0xB80F, 0xB80F, 0xB00E, 0xC010, 0x4008, 0x0002, 0x0802, 0x0802, 0x0802, 0x0802, 0x0802, 0x1003, 0x0802, 0x3806, 0xC80F, 0xC00F,
    0xC00F, 0xC80F, 0xC80F, 0xC80F, 0xC80F, 0xC00F, 0xC810, 0x4807, 0x0000, 0x0000, 0x0000, 0x0000, 0x0000, 0x0000, 0x0000, 0x0000,
    0x0000, 0x0000, 0x0000, 0x0000, 0x0000, 0x0000, 0x0000, 0x0802, 0x280B, 0x280A, 0x1003, 0x0020, 0x2004, 0xD019, 0x4008, 0x0000,
    0x3006, 0xD81C, 0x502A, 0x0000, 0x680D, 0x1002, 0x0000, 0x782F, 0xE01D, 0x4008, 0x0000, 0x0000, 0x0000, 0x0000, 0x0000, 0x0000,
    0x0000, 0x0000, 0x0000, 0x0000, 0x0000, 0x0000, 0x0000, 0x0000, 0x0000, 0x0000, 0x0000, 0x0000, 0x0000, 0x0000, 0x0000, 0x0000,
    0x400C, 0x0802, 0x0000, 0x0000, 0x0000, 0x0000, 0x0000, 0x0000, 0x0000, 0x8014, 0x9017, 0x580E, 0x3007, 0x0802, 0x0000, 0x0000,
    0x3008, 0x1002, 0x0000, 0x0000, 0x0000, 0x0000, 0x0000, 0x1804, 0x400B, 0x0000, 0x0000, 0x0000, 0x0000, 0x0000, 0x0000, 0x0000,
    0x0000, 0x480C, 0x0801, 0x0000, 0x0000, 0x0000, 0x0000, 0x0000, 0x0001, 0x1806, 0x0000, 0x0000, 0x0000, 0x0000, 0x0000, 0x2004,
    0x1002, 0x0000, 0x0000, 0x0000, 0x0000, 0x0000, 0x0000, 0x0000, 0x0000, 0x0000, 0x0000, 0x0000, 0x0000, 0x0000, 0x0000, 0x0000,
    0x0000, 0x0000, 0x0000, 0x0000, 0x0000, 0x0000, 0x0000, 0x0000, 0x0000, 0x0000, 0x0000, 0x0000, 0x0000, 0x0000, 0x0000, 0x0000,
    0x0000, 0x0000, 0x0000, 0x0000, 0x0000, 0x0000, 0x0000, 0x0000, 0x0000, 0x0000, 0x0800, 0x1001, 0x1001, 0x1001, 0x1001, 0x1001,
    0x1001, 0x1001, 0x1801, 0x1801, 0x3003, 0x4004, 0x3803, 0x7007, 0xB80B, 0xB00A, 0xB80B, 0xB00B, 0xB80B, 0xB80B, 0xB80B, 0xB80B,
    0xB80B, 0xB80B, 0xB00B, 0xB00B, 0xB80B, 0xB80B, 0xC00B, 0x8808, 0x3803, 0x3803, 0x2802, 0x2002, 0x1801, 0x1001, 0x1001, 0x1001,
    0x1001, 0x1001, 0x1001, 0x1001, 0x0800, 0x0000, 0x0000, 0x0000, 0x0000, 0x0000, 0x0000, 0x0000, 0x0000, 0x0000, 0x0000, 0x0000,
    0x0000, 0x0000, 0x0000, 0x0000, 0x0000, 0x0000, 0x0000, 0x0000, 0x0000, 0x0000, 0x0000, 0x0000, 0x0000, 0x0000, 0x0000, 0x0000,
    0x0000, 0x0000, 0x0000, 0x0000, 0x0000, 0x0000, 0x0000, 0x0000, 0x0000, 0x0000, 0x0000, 0x2005, 0x3805, 0x2803, 0x2803, 0x2803,
    0x2803, 0x2002, 0x780A, 0xC80F, 0xC00F, 0xD810, 0xA00F, 0x0001, 0x0000, 0x0000, 0x0000, 0x0000, 0x0000, 0x0000, 0x0000, 0x1003,
    0x0000, 0x0000, 0x0000, 0x0000, 0x0000, 0x0000, 0x0000, 0x0000, 0x0000, 0x0020, 0x0000, 0x0000, 0x0000, 0x0000, 0x0000, 0x0001,
    0x0000, 0x0000, 0x0000, 0x0000, 0x0000, 0x0000, 0x0000, 0x0000, 0x0802, 0x0000, 0x0000, 0x0000, 0x0000, 0x0000, 0x0000, 0x0000,
    0x0000, 0x0000, 0x0000, 0x0000, 0x0000, 0x0000, 0x0000, 0x0000, 0x0000, 0x0000, 0x0001, 0x0001, 0x0000, 0x0000, 0x0000, 0x0000,
    0x0000, 0x0000, 0x0000, 0x0000, 0x0802, 0x0000, 0x0000, 0x0000, 0x0000, 0x0000, 0x0000, 0x0000, 0x0000, 0x3804, 0xF813, 0xF012,
    0xF012, 0xF012, 0xE812, 0xE812, 0xF013, 0xF013, 0xF814, 0x5808, 0x0000, 0x0000, 0x0000, 0x0000, 0x0000, 0x0000, 0x0000, 0x0000,
    0x0000, 0x0000, 0x0000, 0x0000, 0x0000, 0x0000, 0x0000, 0x0802, 0x280B, 0x300B, 0x2007, 0x1004, 0x2006, 0xB017, 0x580C, 0x0803,
    0x2808, 0x9835, 0x1024, 0x1004, 0x7010, 0x4029, 0x0823, 0x2828, 0xD01A, 0x480B, 0x0804, 0x1005, 0x1004, 0x1004, 0x1004, 0x1004,
    0x1004, 0x1004, 0x1004, 0x1004, 0x1004, 0x1004, 0x1004, 0x1004, 0x1004, 0x1004, 0x1004, 0x1004, 0x1004, 0x1004, 0x0803, 0x0803,
    0x400D, 0x2007, 0x1005, 0x1004, 0x1004, 0x1004, 0x1004, 0x0803, 0x1005, 0x480D, 0x1004, 0x1005, 0x1005, 0x1005, 0x1004, 0x1004,
    0x480C, 0x2807, 0x0803, 0x0803, 0x0803, 0x1003, 0x0803, 0x2807, 0x582F, 0x1005, 0x1004, 0x0803, 0x0803, 0x0002, 0x2827, 0x9011,
    0x9811, 0x700F, 0x0804, 0x0803, 0x0803, 0x0001, 0x1804, 0x700F, 0x600E, 0x1807, 0x0001, 0x0802, 0x0802, 0x0802, 0x0802, 0x0002,
    0x0802, 0x0802, 0x0802, 0x0802, 0x0802, 0x0802, 0x0802, 0x0802, 0x0802, 0x0803, 0x0000, 0x0000, 0x0000, 0x0000, 0x0000, 0x0000,
    0x0000, 0x0000, 0x0000, 0x0000, 0x0000, 0x0000, 0x0000, 0x0000, 0x0000, 0x0000, 0x0000, 0x0000, 0x0000, 0x0000, 0x0000, 0x0000,
    0x0000, 0x0000, 0x0000, 0x0000, 0x0000, 0x0000, 0x0000, 0x0000, 0x0800, 0x0801, 0x1001, 0x1001, 0x1001, 0x0800, 0x2002, 0x2803,
    0x2802, 0x8008, 0xC00B, 0xC00B, 0xD80C, 0xD82D, 0xD82D, 0xD80D, 0xD00C, 0xD00C, 0xD00C, 0xD00C, 0xD00C, 0xD00C, 0xD00C, 0xD00C,
    0xD00C, 0xD00C, 0xD00C, 0xD00C, 0xD00C, 0xD00C, 0xD00C, 0xD80D, 0xD00C, 0xD80D, 0xD00C, 0xC00B, 0xB80A, 0xA009, 0x3803, 0x3003,
    0x2802, 0x0801, 0x0800, 0x0800, 0x1001, 0x1001, 0x0800, 0x0000, 0x0000, 0x0000, 0x0000, 0x0000, 0x0000, 0x0000, 0x0000, 0x0000,
    0x0000, 0x0000, 0x0000, 0x0000, 0x0000, 0x0000, 0x0000, 0x0000, 0x0000, 0x0000, 0x0000, 0x0000, 0x0000, 0x0000, 0x0000, 0x0000,
    0x0000, 0x0000, 0x0000, 0x0000, 0x0000, 0x0000, 0x0000, 0x0000, 0x0000, 0x0000, 0x0000, 0x5008, 0xF814, 0xE813, 0xE813, 0xE012,
    0xD812, 0xE012, 0xE812, 0xE812, 0xE812, 0xF013, 0x982E, 0x0002, 0x0802, 0x0802, 0x0823, 0x00E5, 0x00E4, 0x00E5, 0x0125, 0x1129,
    0x0967, 0x0145, 0x0105, 0x0125, 0x0145, 0x0145, 0x0125, 0x0146, 0x0824, 0x1003, 0x0803, 0x0802, 0x0802, 0x0802, 0x0802, 0x1004,
    0x1003, 0x0803, 0x0803, 0x0802, 0x0802, 0x0802, 0x0802, 0x0803, 0x1005, 0x0803, 0x0803, 0x0802, 0x0802, 0x0802, 0x0802, 0x0803,
    0x0803, 0x2005, 0x3004, 0x3004, 0x3804, 0x3804, 0x3804, 0x3804, 0x3004, 0x3004, 0x2805, 0x0803, 0x0802, 0x0802, 0x0803, 0x1003,
    0x0803, 0x0802, 0x0802, 0x0803, 0x1004, 0x1003, 0x1003, 0x1003, 0x0802, 0x0802, 0x0802, 0x0802, 0x0802, 0x3006, 0xC810, 0xC00F,
    0xC80F, 0xC810, 0xC00F, 0xC00F, 0xB80F, 0xB80F, 0xC810, 0x4807, 0x0000, 0x0000, 0x0000, 0x0000, 0x0000, 0x0000, 0x0000, 0x0000,
    0x0000, 0x0000, 0x0000, 0x0000, 0x0000, 0x0000, 0x0000, 0x0802, 0x300C, 0x300A, 0x1003, 0x0000, 0x0000, 0x680F, 0x8813, 0x0000,
    0x0801, 0x8012, 0x1804, 0x0000, 0x580A, 0x580A, 0x0000, 0x1002, 0xC016, 0x4008, 0x0000, 0x0001, 0x0000, 0x0000, 0x0000, 0x0000,
    0x0000, 0x0000, 0x0000, 0x0000, 0x0000, 0x0000, 0x0000, 0x0000, 0x0000, 0x0000, 0x0000, 0x0001, 0x0001, 0x0001, 0x0001, 0x0000,
    0x380B, 0x0802, 0x0001, 0x0001, 0x0000, 0x0001, 0x0801, 0x0000, 0x0802, 0x400B, 0x0000, 0x0802, 0x0802, 0x0801, 0x0801, 0x0000,
    0x500B, 0x2004, 0x0000, 0x0000, 0x0000, 0x0000, 0x0000, 0x0803, 0x502B, 0x0001, 0x0801, 0x0001, 0x0000, 0x2004, 0xB035, 0xC016,
    0xD818, 0xA813, 0x0000, 0x0000, 0x0000, 0x2005, 0x9834, 0xB817, 0xD01A, 0x680E, 0x0000, 0x0000, 0x0000, 0x0000, 0x0000, 0x0000,
    0x0000, 0x0000, 0x0000, 0x0000, 0x0000, 0x0000, 0x0000, 0x0000, 0x0000, 0x0000, 0x0000, 0x0000, 0x0000, 0x0000, 0x0000, 0x0000,
    0x0000, 0x0000, 0x0000, 0x0000, 0x0000, 0x0000, 0x0000, 0x0000, 0x0000, 0x0000, 0x0000, 0x0000, 0x0000, 0x0000, 0x0000, 0x0000,
    0x0000, 0x0000, 0x0000, 0x0000, 0x0000, 0x0800, 0x1001, 0x1001, 0x1801, 0x1001, 0x0800, 0x2002, 0x3003, 0x6806, 0xC80C, 0xC80C,
    0xD02C, 0xD00C, 0xD00C, 0xD00C, 0xD00C, 0xD00C, 0xD00C, 0xD02C, 0xC80C, 0xC80B, 0xD00C, 0xD00C, 0xD00C, 0xC80C, 0xC80C, 0xC80C,
    0xC80C, 0xD02C, 0xD00C, 0xD00C, 0xC80C, 0xC80C, 0xC80C, 0xC80C, 0xD00C, 0xD00C, 0xD00C, 0xD00C, 0xD00C, 0xD80D, 0xD02C, 0xC80C,
    0xC82C, 0x7007, 0x3803, 0x3003, 0x1001, 0x1001, 0x1802, 0x1801, 0x1001, 0x0800, 0x0000, 0x0000, 0x0000, 0x0000, 0x0000, 0x0000,
    0x0000, 0x0000, 0x0000, 0x0000, 0x0000, 0x0000, 0x0000, 0x0000, 0x0000, 0x0000, 0x0000, 0x0000, 0x0000, 0x0000, 0x0000, 0x0000,
    0x0000, 0x0000, 0x0000, 0x0000, 0x0000, 0x0000, 0x0000, 0x0000, 0x0000, 0x0000, 0x0000, 0x4007, 0xD011, 0xD010, 0xD011, 0xC810,
    0xC00F, 0xC010, 0xE012, 0xF012, 0xE011, 0xE812, 0xB02F, 0x0000, 0x0000, 0x0000, 0x0884, 0x1455, 0x1435, 0x1435, 0x1456, 0x14F8,
    0x05F9, 0x05B8, 0x0577, 0x0577, 0x0597, 0x05B8, 0x05B8, 0x05F7, 0x00A3, 0x0001, 0x0001, 0x0000, 0x0000, 0x0000, 0x0000, 0x0802,
    0x0802, 0x0001, 0x0001, 0x0000, 0x0000, 0x0000, 0x0000, 0x0000, 0x0803, 0x0001, 0x0001, 0x0000, 0x0000, 0x0000, 0x0000, 0x0000,
    0x0000, 0x6028, 0xF013, 0xD811, 0xE011, 0xE011, 0xE011, 0xE012, 0xE012, 0xE812, 0xC00F, 0x0001, 0x0000, 0x0000, 0x0001, 0x0001,
    0x0001, 0x0000, 0x0000, 0x0001, 0x0802, 0x0001, 0x0001, 0x0001, 0x0000, 0x0000, 0x0000, 0x0000, 0x0000, 0x0803, 0x0001, 0x0000,
    0x0000, 0x0000, 0x0020, 0x0000, 0x0000, 0x0000, 0x0000, 0x0802, 0x0000, 0x0000, 0x0000, 0x0000, 0x0000, 0x0000, 0x0000, 0x0000,
    0x0000, 0x0000, 0x0000, 0x0000, 0x0000, 0x0000, 0x0000, 0x0802, 0x300D, 0x280A, 0x0802, 0x0000, 0x0000, 0x1804, 0x9016, 0x1804,
    0x0020, 0x4029, 0x600D, 0x1802, 0x1802, 0x680B, 0x0000, 0x5008, 0xC034, 0x0801, 0x0000, 0x0000, 0x0000, 0x0000, 0x0000, 0x0000,
    0x0000, 0x0000, 0x0001, 0x0000, 0x0000, 0x0000, 0x0000, 0x0000, 0x0000, 0x0000, 0x0000, 0x0000, 0x0000, 0x0000, 0x0000, 0x0000,
    0x380B, 0x0801, 0x0000, 0x0000, 0x0000, 0x0000, 0x0000, 0x0000, 0x1002, 0x400B, 0x0000, 0x0000, 0x0000, 0x0000, 0x0000, 0x0000,
    0x500B, 0x1803, 0x0000, 0x0000, 0x0000, 0x3026, 0x9010, 0x8810, 0x500A, 0x0000, 0x0000, 0x0000, 0x0000, 0x600B, 0xD018, 0xB815,
    0xC816, 0x600A, 0x0000, 0x0000, 0x0000, 0x7810, 0xB817, 0xA014, 0xB817, 0x500B, 0x0802, 0x0000, 0x0000, 0x0000, 0x0000, 0x0000,
    0x0000, 0x0000, 0x0000, 0x0000, 0x0000, 0x0000, 0x0000, 0x0000, 0x0000, 0x0000, 0x0000, 0x0000, 0x0000, 0x0000, 0x0000, 0x0000,
    0x0000, 0x0000, 0x0000, 0x0000, 0x0000, 0x0000, 0x0000, 0x0000, 0x0000, 0x0000, 0x0000, 0x0000, 0x0000, 0x0000, 0x0000, 0x0000,
    0x0000, 0x0000, 0x0800, 0x1001, 0x2002, 0x2002, 0x1801, 0x1001, 0x2002, 0x4004, 0x9008, 0xB80B, 0xD00C, 0xD80C, 0xD00C, 0xD00C,
    0xD00C, 0xD00C, 0xD00C, 0xD00C, 0xD00C, 0xD02C, 0xD00C, 0xD02C, 0xD00C, 0xD00C, 0xD00C, 0xD00C, 0xD00C, 0xD00C, 0xD00C, 0xD00C,
    0xD00C, 0xD02C, 0xD00C, 0xD00C, 0xD00C, 0xD00C, 0xD00C, 0xD00C, 0xD00C, 0xD00C, 0xD00C, 0xD00C, 0xD00C, 0xD00C, 0xD00C, 0xD02C,
    0xD00C, 0xD82D, 0xD82D, 0xC80C, 0x9808, 0x5805, 0x2002, 0x1001, 0x1802, 0x2002, 0x2002, 0x1001, 0x0800, 0x0000, 0x0000, 0x0000,
    0x0000, 0x0000, 0x0000, 0x0000, 0x0000, 0x0000, 0x0000, 0x0000, 0x0000, 0x0000, 0x0000, 0x0000, 0x0000, 0x0000, 0x0000, 0x0000,
    0x0000, 0x0000, 0x0000, 0x0000, 0x0000, 0x0000, 0x0000, 0x0000, 0x0000, 0x0000, 0x0000, 0x1004, 0x1002, 0x1001, 0x1001, 0x1001,
    0x1001, 0x0800, 0x780A, 0xD811, 0xC00F, 0xD010, 0xA00E, 0x0000, 0x0000, 0x0000, 0x0082, 0x1455, 0x1497, 0x1497, 0x1476, 0x14D7,
    0x0619, 0x0619, 0x05F9, 0x05D9, 0x05B8, 0x05D8, 0x0619, 0x0699, 0x00C2, 0x0000, 0x0000, 0x0000, 0x0000, 0x0000, 0x0000, 0x0802,
    0x0001, 0x0000, 0x0000, 0x0000, 0x0000, 0x0000, 0x0000, 0x0000, 0x0802, 0x0000, 0x0000, 0x0000, 0x0000, 0x0000, 0x0000, 0x0000,
    0x0000, 0x6808, 0xF813, 0xE812, 0xF012, 0xE812, 0xE812, 0xE812, 0xE812, 0xF813, 0xC810, 0x0000, 0x0000, 0x0000, 0x0000, 0x0000,
    0x0000, 0x0000, 0x0000, 0x0000, 0x0802, 0x0000, 0x0000, 0x0000, 0x0000, 0x0000, 0x0000, 0x0000, 0x0000, 0x0802, 0x0001, 0x0000,
    0x0000, 0x0000, 0x0000, 0x0000, 0x0000, 0x0000, 0x0000, 0x0802, 0x0000, 0x0000, 0x0000, 0x0000, 0x0000, 0x0000, 0x0000, 0x0000,
    0x0000, 0x0000, 0x0000, 0x0000, 0x0000, 0x0000, 0x0000, 0x0802, 0x300C, 0x280A, 0x0802, 0x0000, 0x0000, 0x0000, 0x3808, 0x8812,
    0x0801, 0x0000, 0x1002, 0x3807, 0x0000, 0x600C, 0x0800, 0xA013, 0x5009, 0x0000, 0x0000, 0x0000, 0x0000, 0x0000, 0x0000, 0x0000,
    0x0000, 0x0000, 0x3009, 0x1003, 0x0000, 0x0000, 0x0000, 0x0000, 0x0000, 0x0000, 0x0000, 0x0000, 0x0000, 0x0000, 0x0000, 0x0020,
    0x480C, 0x0802, 0x0000, 0x0000, 0x0000, 0x0000, 0x0000, 0x0000, 0x1002, 0x480B, 0x0000, 0x0000, 0x0000, 0x0000, 0x0000, 0x0000,
    0x4008, 0x1803, 0x0000, 0x0000, 0x3805, 0xD815, 0xD815, 0xE817, 0x680B, 0x0000, 0x0000, 0x0000, 0x0000, 0x0801, 0x800E, 0xA812,
    0x4808, 0x0000, 0x0000, 0x0000, 0x0000, 0x500A, 0xC018, 0xB816, 0x502A, 0x0000, 0x0000, 0x0000, 0x0000, 0x0000, 0x0000, 0x0000,
    0x0000, 0x0000, 0x0000, 0x0000, 0x0000, 0x0000, 0x0000, 0x0000, 0x0000, 0x0000, 0x0000, 0x0000, 0x0000, 0x0000, 0x0000, 0x0000,
    0x0000, 0x0000, 0x0000, 0x0000, 0x0000, 0x0000, 0x0000, 0x0000, 0x0000, 0x0000, 0x0000, 0x0000, 0x0000, 0x0000, 0x0000, 0x0000,
    0x0000, 0x0800, 0x1001, 0x1001, 0x0801, 0x0801, 0x4804, 0x7007, 0xA80A, 0xD02C, 0xD80D, 0xD02C, 0xD00C, 0xD00C, 0xD00C, 0xD00C,
    0xD00C, 0xD00C, 0xD00C, 0xD00C, 0xD00C, 0xD02C, 0xD00C, 0xD00C, 0xD00C, 0xD00C, 0xD00C, 0xD00C, 0xD00C, 0xD00C, 0xD00C, 0xD00C,
    0xD00C, 0xD02C, 0xD00C, 0xD00C, 0xD00C, 0xD00C, 0xD00C, 0xD00C, 0xD00C, 0xD00C, 0xD00C, 0xD00C, 0xD00C, 0xD00C, 0xD00C, 0xD00C,
    0xD00C, 0xD00C, 0xD00C, 0xD00C, 0xD80C, 0xD00C, 0xA80A, 0x8808, 0x4003, 0x1801, 0x1001, 0x1001, 0x1001, 0x0800, 0x0000, 0x0000,
    0x0000, 0x0000, 0x0000, 0x0000, 0x0000, 0x0000, 0x0000, 0x0000, 0x0000, 0x0000, 0x0000, 0x0000, 0x0000, 0x0000, 0x0000, 0x0000,
    0x0000, 0x0000, 0x0000, 0x0000, 0x0000, 0x0000, 0x0000, 0x0000, 0x0000, 0x0000, 0x0000, 0x1005, 0x0000, 0x0000, 0x0000, 0x0000,
    0x0000, 0x0000, 0x3804, 0x880A, 0x880A, 0x900B, 0x7009, 0x0803, 0x0802, 0x0802, 0x0843, 0x0A6C, 0x0ACE, 0x0ACE, 0x0AAD, 0x12CF,
    0x0B8F, 0x038F, 0x03B0, 0x03D0, 0x03B0, 0x036E, 0x038F, 0x03F0, 0x0884, 0x0802, 0x0802, 0x0802, 0x1003, 0x1004, 0x1003, 0x1004,
    0x1003, 0x0802, 0x0802, 0x0802, 0x0803, 0x1003, 0x1003, 0x1003, 0x1004, 0x0802, 0x0802, 0x0803, 0x0803, 0x0803, 0x1003, 0x1003,
    0x0802, 0x4007, 0x980B, 0x880A, 0x900B, 0x900B, 0x900B, 0x900B, 0x880B, 0x900B, 0x780B, 0x0803, 0x0803, 0x0803, 0x0802, 0x0802,
    0x0803, 0x1003, 0x1003, 0x1004, 0x1005, 0x0803, 0x0803, 0x0802, 0x0803, 0x1003, 0x1003, 0x1004, 0x0803, 0x1005, 0x1004, 0x0803,
    0x0802, 0x0802, 0x0802, 0x0803, 0x0803, 0x0803, 0x0803, 0x0803, 0x0000, 0x0000, 0x0000, 0x0000, 0x0000, 0x0000, 0x0000, 0x0000,
    0x0000, 0x0000, 0x0000, 0x0000, 0x0000, 0x0000, 0x0000, 0x0802, 0x300B, 0x300A, 0x0802, 0x0000, 0x0000, 0x0000, 0x0000, 0x3007,
    0x680E, 0x4008, 0x0800, 0x0020, 0x0801, 0x8010, 0x8810, 0x4809, 0x0000, 0x0000, 0x0000, 0x0000, 0x0000, 0x0000, 0x0000, 0x0000,
    0x0000, 0x0000, 0x3009, 0x1003, 0x0000, 0x0000, 0x0000, 0x0000, 0x0000, 0x0000, 0x0000, 0x0000, 0x0000, 0x0000, 0x0000, 0x0000,
    0x480C, 0x0802, 0x0020, 0x0020, 0x0000, 0x0000, 0x0000, 0x0000, 0x0802, 0x400A, 0x0000, 0x0000, 0x0000, 0x0000, 0x3808, 0x4009,
    0x700E, 0x1002, 0x0000, 0x0000, 0x880C, 0xF015, 0xE013, 0xD013, 0x3004, 0x0000, 0x0000, 0x0000, 0x0000, 0x0000, 0x0000, 0x0000,
    0x0000, 0x0000, 0x0000, 0x0000, 0x0000, 0x0000, 0x2804, 0x2003, 0x0000, 0x0000, 0x0000, 0x0000, 0x0000, 0x0000, 0x0000, 0x0000,
    0x0000, 0x0000, 0x0000, 0x0000, 0x0000, 0x0000, 0x0000, 0x0000, 0x0000, 0x0000, 0x0000, 0x0000, 0x0000, 0x0000, 0x0000, 0x0000,
    0x0000, 0x0000, 0x0000, 0x0000, 0x0000, 0x0000, 0x0000, 0x0000, 0x0000, 0x0000, 0x0000, 0x0000, 0x0000, 0x0000, 0x0000, 0x0800,
    0x1001, 0x1001, 0x1001, 0x0800, 0x5005, 0xA009, 0xD00C, 0xE02D, 0xD00C, 0xD00C, 0xC80C, 0xD00C, 0xD00C, 0xD00C, 0xD00C, 0xD00C,
    0xD00C, 0xD00C, 0xD02C, 0xD00C, 0xD00C, 0xD02C, 0xD00C, 0xD00C, 0xD02C, 0xD00C, 0xD00C, 0xD00C, 0xD00C, 0xD00C, 0xD00C, 0xD00C,
    0xD00C, 0xD00C, 0xD00C, 0xD02C, 0xD00C, 0xD00C, 0xD02C, 0xD00C, 0xD00C, 0xD02C, 0xD00C, 0xD00C, 0xD00C, 0xD00C, 0xD00C, 0xD00C,
    0xD00C, 0xD02C, 0xD00C, 0xD00C, 0xC80B, 0xC80B, 0xD00C, 0xD82D, 0xD02C, 0xA809, 0x5004, 0x1801, 0x1001, 0x1802, 0x1801, 0x0800,
    0x0000, 0x0000, 0x0000, 0x0000, 0x0000, 0x0000, 0x0000, 0x0000, 0x0000, 0x0000, 0x0000, 0x0000, 0x0000, 0x0000, 0x0000, 0x0000,
    0x0000, 0x0000, 0x0000, 0x0000, 0x0000, 0x0000, 0x0000, 0x0000, 0x0000, 0x0000, 0x0000, 0x3006, 0x7009, 0x5807, 0x6007, 0x6008,
    0x6808, 0x5807, 0xA80D, 0xF013, 0xE813, 0xF814, 0xC811, 0x0000, 0x0000, 0x0000, 0x0000, 0x0000, 0x0000, 0x0000, 0x0000, 0x0802,
    0x0000, 0x0000, 0x0000, 0x0000, 0x0000, 0x0000, 0x0000, 0x0000, 0x0000, 0x0000, 0x0000, 0x0000, 0x0000, 0x0000, 0x0000, 0x0802,
    0x0000, 0x0000, 0x0000, 0x0000, 0x0000, 0x0000, 0x0020, 0x0001, 0x0803, 0x0000, 0x0000, 0x0000, 0x0000, 0x0000, 0x0000, 0x0000,
    0x0000, 0x0002, 0x0000, 0x0000, 0x0000, 0x0000, 0x0020, 0x0000, 0x0000, 0x0000, 0x0001, 0x0001, 0x0000, 0x0000, 0x0000, 0x0000,
    0x0000, 0x0000, 0x0000, 0x0001, 0x0802, 0x0000, 0x0000, 0x0000, 0x0000, 0x0000, 0x0000, 0x0000, 0x0000, 0x1004, 0x0801, 0x0000,
    0x0000, 0x0000, 0x0000, 0x0000, 0x0000, 0x0000, 0x0000, 0x0803, 0x0000, 0x0000, 0x0000, 0x0000, 0x0000, 0x0000, 0x0000, 0x0000,
    0x0000, 0x0000, 0x0000, 0x0000, 0x0000, 0x0000, 0x0000, 0x0802, 0x300B, 0x300B, 0x2008, 0x1004, 0x1004, 0x1004, 0x1004, 0x0803,
    0x1025, 0x682E, 0x780F, 0x680D, 0x680D, 0x9813, 0x4809, 0x0803, 0x1805, 0x1004, 0x1005, 0x1005, 0x1005, 0x1004, 0x1004, 0x1004,
    0x1005, 0x1004, 0x380B, 0x2007, 0x1004, 0x1004, 0x1005, 0x1005, 0x1005, 0x1005, 0x1805, 0x1805, 0x1805, 0x1005, 0x0804, 0x0003,
    0x480E, 0x2006, 0x1005, 0x1806, 0x1806, 0x1005, 0x1005, 0x1005, 0x2007, 0x580F, 0x1805, 0x1806, 0x0803, 0x602C, 0xB817, 0xC018,
    0xC017, 0x2807, 0x1805, 0x0803, 0x4808, 0xC811, 0xD012, 0x580A, 0x0804, 0x1005, 0x1005, 0x1005, 0x1005, 0x1005, 0x1005, 0x1004,
    0x1004, 0x1004, 0x1004, 0x1004, 0x1004, 0x1004, 0x0002, 0x0002, 0x0803, 0x0803, 0x0803, 0x0803, 0x0803, 0x0803, 0x0803, 0x0803,
    0x0803, 0x0803, 0x0803, 0x0803, 0x0802, 0x0803, 0x0803, 0x0802, 0x0802, 0x0803, 0x0000, 0x0000, 0x0000, 0x0000, 0x0000, 0x0000,
    0x0000, 0x0000, 0x0000, 0x0000, 0x0000, 0x0000, 0x0000, 0x0000, 0x0000, 0x0000, 0x0000, 0x0000, 0x0801, 0x1801, 0x2002, 0x1802,
    0x1801, 0x2002, 0x5805, 0xA82A, 0xD80D, 0xE00D, 0xD00C, 0xD00C, 0xD00C, 0xD00C, 0xD00C, 0xD00C, 0xD00C, 0xD00C, 0xD00C, 0xD00C,
    0xD00C, 0xD02C, 0xD00C, 0xD02C, 0xD02C, 0xD02C, 0xD00C, 0xD02C, 0xD00C, 0xD00C, 0xD00C, 0xD00C, 0xD00C, 0xD00C, 0xD00C, 0xD00C,
    0xD00C, 0xD00C, 0xD00C, 0xD00C, 0xD02C, 0xD00C, 0xD00C, 0xD00C, 0xD00C, 0xD00C, 0xD00C, 0xD00C, 0xD00C, 0xD02C, 0xD00C, 0xD00C,
    0xD00C, 0xD00C, 0xD00C, 0xD00C, 0xD00C, 0xD00C, 0xD00C, 0xD02C, 0xD02C, 0xD02C, 0xD82D, 0xA029, 0x6005, 0x2802, 0x2002, 0x2002,
    0x2002, 0x1001, 0x0801, 0x0000, 0x0000, 0x0000, 0x0000, 0x0000, 0x0000, 0x0000, 0x0000, 0x0000, 0x0000, 0x0000, 0x0000, 0x0000,
    0x0000, 0x0000, 0x0000, 0x0000, 0x0000, 0x0000, 0x0000, 0x0000, 0x0000, 0x0000, 0x0000, 0x6809, 0xF815, 0xF013, 0xF013, 0xF013,
    0xF813, 0xF814, 0xE812, 0xD811, 0xD811, 0xE012, 0xB810, 0x0001, 0x0820, 0x0000, 0x0000, 0x0000, 0x0000, 0x0000, 0x0000, 0x0803,
    0x0001, 0x0020, 0x0000, 0x0020, 0x0021, 0x0021, 0x0000, 0x0001, 0x0000, 0x0000, 0x0000, 0x0000, 0x0000, 0x0000, 0x0000, 0x0802,
    0x0001, 0x0000, 0x0000, 0x0000, 0x0000, 0x0000, 0x0000, 0x0001, 0x0003, 0x0000, 0x0000, 0x0000, 0x0000, 0x0000, 0x0000, 0x0000,
    0x0000, 0x0002, 0x0801, 0x0020, 0x0000, 0x0000, 0x0000, 0x0000, 0x0000, 0x0000, 0x0803, 0x0001, 0x0000, 0x0000, 0x0000, 0x0000,
    0x0000, 0x0000, 0x0000, 0x0001, 0x0802, 0x0000, 0x0000, 0x0000, 0x0000, 0x0000, 0x0000, 0x0000, 0x0000, 0x1004, 0x0801, 0x0000,
    0x0000, 0x0000, 0x0000, 0x0000, 0x0000, 0x0000, 0x0001, 0x0803, 0x0000, 0x0000, 0x0000, 0x0000, 0x0000, 0x0000, 0x0000, 0x0000,
    0x0000, 0x0000, 0x0000, 0x0000, 0x0000, 0x0000, 0x0000, 0x0802, 0x300B, 0x280A, 0x1805, 0x0001, 0x0001, 0x0001, 0x0001, 0x0001,
    0x0000, 0x0000, 0x1002, 0x1002, 0x0801, 0x3005, 0x4808, 0x0001, 0x0801, 0x0001, 0x0801, 0x0801, 0x0001, 0x0001, 0x0001, 0x0001,
    0x0001, 0x0000, 0x2807, 0x1003, 0x0000, 0x0001, 0x0001, 0x0001, 0x0001, 0x0001, 0x0001, 0x0001, 0x0000, 0x0802, 0x680D, 0x680D,
    0x700F, 0x0802, 0x0001, 0x0001, 0x0001, 0x0801, 0x0000, 0x0001, 0x1804, 0x580D, 0x0801, 0x0001, 0x3026, 0xC016, 0xB013, 0xC816,
    0xA012, 0x1002, 0x0001, 0x0001, 0x0000, 0x0801, 0x0801, 0x0000, 0x0001, 0x0001, 0x0001, 0x0001, 0x0001, 0x0001, 0x0001, 0x0001,
    0x0001, 0x0001, 0x0001, 0x0001, 0x0001, 0x0001, 0x0001, 0x0001, 0x0000, 0x0000, 0x0000, 0x0000, 0x0000, 0x0000, 0x0000, 0x0000,
    0x0000, 0x0000, 0x0000, 0x0000, 0x0000, 0x0000, 0x0000, 0x0000, 0x0000, 0x0000, 0x0000, 0x0000, 0x0000, 0x0000, 0x0000, 0x0000,
    0x0000, 0x0000, 0x0000, 0x0000, 0x0000, 0x0000, 0x0000, 0x0000, 0x0000, 0x0000, 0x0000, 0x0000, 0x0800, 0x1001, 0x0000, 0x1001,
    0x6006, 0xB00A, 0xD80C, 0xD80D, 0xD00C, 0xD00C, 0xD00C, 0xD00C, 0xD00C, 0xD00C, 0xD00C, 0xD00C, 0xD00C, 0xD00C, 0xD02C, 0xD02C,
    0xD00C, 0xD02C, 0xD02C, 0xD00C, 0xD02C, 0xD02C, 0xD02C, 0xD02C, 0xD00C, 0xD02C, 0xD02C, 0xD02C, 0xD00C, 0xD00C, 0xD00C, 0xD00C,
    0xD00C, 0xD02C, 0xD00C, 0xD00C, 0xD00C, 0xD00C, 0xD00C, 0xD02C, 0xD02C, 0xD00C, 0xD00C, 0xD00C, 0xD00C, 0xD00C, 0xD00C, 0xD00C,
    0xD00C, 0xD00C, 0xD00C, 0xD00C, 0xD00C, 0xD00C, 0xD00C, 0xD00C, 0xD02C, 0xD00C, 0xC80C, 0xD80C, 0xE00D, 0xA80A, 0x5805, 0x1001,
    0x0801, 0x1801, 0x1001, 0x0000, 0x0000, 0x0000, 0x0000, 0x0000, 0x0000, 0x0000, 0x0000, 0x0000, 0x0000, 0x0000, 0x0000, 0x0000,
    0x0000, 0x0000, 0x0000, 0x0000, 0x0000, 0x0000, 0x0000, 0x0000, 0x0000, 0x0000, 0x0000, 0x4807, 0xC80F, 0xB80E, 0xB80E, 0xB00D,
    0xA00C, 0xA00C, 0xD811, 0xF813, 0xE812, 0xE813, 0x980F, 0x0803, 0x1003, 0x1004, 0x0803, 0x0802, 0x0802, 0x0802, 0x0802, 0x1005,
    0x1005, 0x1004, 0x1004, 0x0803, 0x0803, 0x0803, 0x0803, 0x1004, 0x0802, 0x0802, 0x0802, 0x0802, 0x0802, 0x0802, 0x0802, 0x1004,
    0x0803, 0x0803, 0x0803, 0x0803, 0x0803, 0x0802, 0x0802, 0x0802, 0x6009, 0x900B, 0x880B, 0x880B, 0x800A, 0x800A, 0x800A, 0x880B,
    0x900B, 0x700A, 0x0803, 0x0803, 0x0803, 0x0802, 0x0802, 0x0802, 0x0802, 0x0802, 0x1006, 0x1004, 0x0802, 0x0802, 0x0803, 0x0803,
    0x0803, 0x0802, 0x0802, 0x0803, 0x1005, 0x0803, 0x0803, 0x0803, 0x0803, 0x0802, 0x0802, 0x0803, 0x0802, 0x1005, 0x1004, 0x0803,
    0x0803, 0x0803, 0x0803, 0x0803, 0x0803, 0x0802, 0x0803, 0x0803, 0x0000, 0x0000, 0x0000, 0x0000, 0x0000, 0x0000, 0x0000, 0x0000,
    0x0000, 0x0000, 0x0000, 0x0000, 0x0000, 0x0000, 0x0000, 0x0802, 0x380D, 0x380D, 0x0802, 0x0000, 0x0000, 0x0000, 0x0000, 0x0000,
    0x0000, 0x0000, 0x0000, 0x0000, 0x0000, 0x2804, 0x5809, 0x0000, 0x0000, 0x0000, 0x0000, 0x0000, 0x0000, 0x0000, 0x0000, 0x0000,
    0x0000, 0x0000, 0x2808, 0x1804, 0x0000, 0x0000, 0x0000, 0x0000, 0x0000, 0x0000, 0x0000, 0x0000, 0x1002, 0x9050, 0xD819, 0xD017,
    0xB014, 0x0800, 0x0000, 0x0000, 0x0000, 0x0000, 0x4827, 0xA832, 0xA814, 0x700E, 0x0000, 0x0000, 0x1802, 0xB814, 0xD017, 0xB013,
    0x2003, 0x0000, 0x0000, 0x0000, 0x0000, 0x0000, 0x0000, 0x0000, 0x0000, 0x0000, 0x0000, 0x0000, 0x0000, 0x0000, 0x0000, 0x0000,
    0x0000, 0x0000, 0x0000, 0x0000, 0x0000, 0x0000, 0x0000, 0x0000, 0x0000, 0x0000, 0x0000, 0x0000, 0x0000, 0x0000, 0x0000, 0x0000,
    0x0000, 0x0000, 0x0000, 0x0000, 0x0000, 0x0000, 0x0000, 0x0000, 0x0000, 0x0000, 0x0000, 0x0000, 0x0000, 0x0000, 0x0000, 0x0000,
    0x0000, 0x0000, 0x0000, 0x0000, 0x0000, 0x0000, 0x0000, 0x0000, 0x0000, 0x0000, 0x0800, 0x1801, 0x1001, 0x2001, 0x5805, 0xA029,
    0xE00D, 0xD80C, 0xD00C, 0xD00C, 0xD00C, 0xD00C, 0xD00C, 0xD00C, 0xD00C, 0xD00C, 0xD00C, 0xD00C, 0xD00C, 0xD02C, 0xD00C, 0xD02C,
    0xD02C, 0xD00C, 0xD02C, 0xD00C, 0xD00C, 0xD02C, 0xD00C, 0xD00C, 0xD00C, 0xD00C, 0xD02C, 0xD02C, 0xD00C, 0xD00C, 0xD00C, 0xD00C,
    0xD00C, 0xD00C, 0xD00C, 0xD00C, 0xD00C, 0xD00C, 0xD02C, 0xD00C, 0xD02C, 0xD00C, 0xD00C, 0xD00C, 0xD02C, 0xD02C, 0xD00C, 0xD02C,
    0xD00C, 0xD00C, 0xD00C, 0xD00C, 0xD00C, 0xD00C, 0xD00C, 0xD00C, 0xD00C, 0xD00C, 0xD00C, 0xD00C, 0xD00C, 0xD80C, 0xD00C, 0xA80A,
    0x5005, 0x2002, 0x1802, 0x1802, 0x0801, 0x0000, 0x0000, 0x0000, 0x0000, 0x0000, 0x0000, 0x0000, 0x0000, 0x0000, 0x0000, 0x0000,
    0x0000, 0x0000, 0x0000, 0x0000, 0x0000, 0x0000, 0x0000, 0x0000, 0x0000, 0x0000, 0x0000, 0x1004, 0x0801, 0x0020, 0x0820, 0x0000,
    0x0000, 0x0000, 0x5007, 0x980C, 0x900B, 0x900B, 0x680A, 0x0000, 0x0000, 0x0000, 0x0000, 0x0000, 0x0000, 0x0000, 0x0000, 0x1004,
    0x0802, 0x0020, 0x0000, 0x0000, 0x0000, 0x0000, 0x0000, 0x0001, 0x0000, 0x0000, 0x0000, 0x0000, 0x0000, 0x0000, 0x0000, 0x0802,
    0x0000, 0x0000, 0x0000, 0x0000, 0x0000, 0x0000, 0x0000, 0x0000, 0xA00D, 0xF813, 0xE812, 0xF012, 0xE812, 0xE812, 0xE812, 0xE812,
    0xF813, 0xB80E, 0x0000, 0x0000, 0x0000, 0x0000, 0x0000, 0x0000, 0x0000, 0x0000, 0x1004, 0x0802, 0x0000, 0x0000, 0x0000, 0x0000,
    0x0000, 0x0000, 0x0000, 0x0001, 0x0803, 0x0000, 0x0000, 0x0000, 0x0000, 0x0000, 0x0000, 0x0000, 0x0000, 0x1003, 0x0001, 0x0000,
    0x0000, 0x0000, 0x0000, 0x0000, 0x0000, 0x0000, 0x0000, 0x0803, 0x0000, 0x0000, 0x0000, 0x0000, 0x0000, 0x0000, 0x0000, 0x0000,
    0x0000, 0x0000, 0x0000, 0x0000, 0x0000, 0x0000, 0x0000, 0x0000, 0x0803, 0x1806, 0x0000, 0x0000, 0x0000, 0x0000, 0x0000, 0x0000,
    0x2824, 0xA851, 0x802D, 0x0801, 0x0000, 0x0801, 0x700B, 0x1001, 0x0000, 0x0000, 0x0000, 0x0000, 0x0000, 0x0802, 0x1004, 0x1004,
    0x1005, 0x0803, 0x380C, 0x300A, 0x0802, 0x0000, 0x0000, 0x0000, 0x0000, 0x0000, 0x0000, 0x0802, 0x780E, 0xD818, 0xC015, 0xE018,
    0x800E, 0x1803, 0x0000, 0x0000, 0x0002, 0x580B, 0xD816, 0xD016, 0xD817, 0x880F, 0x0822, 0x0000, 0x0000, 0x2004, 0x3806, 0x1001,
    0x0000, 0x0000, 0x0000, 0x0000, 0x0000, 0x0000, 0x0000, 0x0000, 0x0000, 0x0000, 0x0000, 0x0000, 0x0000, 0x0000, 0x0000, 0x0000,
    0x0000, 0x0000, 0x0000, 0x0000, 0x0000, 0x0000, 0x0000, 0x0000, 0x0000, 0x0000, 0x0000, 0x0000, 0x0000, 0x0000, 0x0000, 0x0000,
    0x0000, 0x0000, 0x0000, 0x0000, 0x0000, 0x0000, 0x0000, 0x0000, 0x0000, 0x0000, 0x0000, 0x0000, 0x0000, 0x0000, 0x0000, 0x0000,
    0x0000, 0x0000, 0x0000, 0x0000, 0x0000, 0x0000, 0x0800, 0x0801, 0x0801, 0x1001, 0x1801, 0x1001, 0x4004, 0xB02A, 0xE00D, 0xD80D,
    0xC80C, 0xD00C, 0xD00C, 0xD00C, 0xD00C, 0xD00C, 0xD00C, 0xD00C, 0xD00C, 0xD00C, 0xD00C, 0xD00C, 0xD00C, 0xD00C, 0xD00C, 0xD00C,
    0xD00C, 0xD02C, 0xD02C, 0xD00C, 0xD02C, 0xD00C, 0xD00C, 0xD00C, 0xD00C, 0xD02C, 0xD00C, 0xD00C, 0xD02C, 0xD00C, 0xD00C, 0xD00C,
    0xD00C, 0xD00C, 0xD00C, 0xD00C, 0xD02C, 0xD00C, 0xD02C, 0xD02C, 0xD00C, 0xD02C, 0xD02C, 0xD02C, 0xD02C, 0xD00C, 0xD00C, 0xD00C,
    0xD00C, 0xD00C, 0xD00C, 0xD00C, 0xD00C, 0xD00C, 0xD00C, 0xD00C, 0xD00C, 0xD00C, 0xD00C, 0xD00C, 0xD00C, 0xD00B, 0xD00C, 0xD80C,
    0xD80D, 0xA82A, 0x3003, 0x1802, 0x1802, 0x1001, 0x0801, 0x0801, 0x0000, 0x0000, 0x0000, 0x0000, 0x0000, 0x0000, 0x0000, 0x0000,
    0x0000, 0x0000, 0x0000, 0x0000, 0x0000, 0x0000, 0x0000, 0x0000, 0x0000, 0x0000, 0x0000, 0x0804, 0x0000, 0x0000, 0x0020, 0x0000,
    0x0000, 0x0000, 0x5807, 0xB80F, 0xB00F, 0xC00F, 0x880C, 0x0001, 0x0000, 0x0000, 0x0000, 0x0000, 0x0000, 0x0001, 0x0001, 0x1805,
    0x0803, 0x0001, 0x0000, 0x0000, 0x0000, 0x0000, 0x0000, 0x0802, 0x0801, 0x0821, 0x0001, 0x0000, 0x0000, 0x0000, 0x0020, 0x0802,
    0x0000, 0x0000, 0x0020, 0x0020, 0x0020, 0x0020, 0x0041, 0x0040, 0xA00D, 0xF012, 0xE011, 0xE812, 0xF012, 0xE812, 0xE812, 0xE011,
    0xF013, 0xB00E, 0x0000, 0x0000, 0x0000, 0x0000, 0x0001, 0x0801, 0x0001, 0x0000, 0x1004, 0x0802, 0x0000, 0x0000, 0x0000, 0x0001,
    0x0000, 0x0000, 0x0000, 0x0001, 0x0803, 0x0000, 0x0001, 0x0001, 0x0001, 0x0001, 0x0000, 0x0000, 0x0000, 0x1003, 0x0802, 0x0000,
    0x0001, 0x0001, 0x0001, 0x0001, 0x0000, 0x0000, 0x0001, 0x0803, 0x0000, 0x0000, 0x0000, 0x0000, 0x0000, 0x0000, 0x0000, 0x0000,
    0x0000, 0x0000, 0x0000, 0x0000, 0x0000, 0x0000, 0x0000, 0x0000, 0x0000, 0x0000, 0x0000, 0x0000, 0x0000, 0x0000, 0x0000, 0x0801,
    0xB812, 0xE817, 0xF018, 0x700B, 0x0000, 0x0000, 0x600A, 0x1802, 0x0000, 0x0000, 0x0000, 0x0000, 0x0000, 0x0000, 0x0000, 0x0000,
    0x0000, 0x0000, 0x3009, 0x1003, 0x0000, 0x0000, 0x0000, 0x0000, 0x0000, 0x0000, 0x0000, 0x0000, 0x3005, 0xD016, 0xD817, 0xA011,
    0x0801, 0x0000, 0x0000, 0x0000, 0x0000, 0x800D, 0xD016, 0xC815, 0xD015, 0x3005, 0x0000, 0x0000, 0x0000, 0x0000, 0x0000, 0x0000,
    0x0000, 0x0000, 0x0000, 0x0000, 0x0000, 0x0000, 0x0000, 0x0000, 0x0000, 0x0000, 0x0000, 0x0000, 0x0000, 0x0000, 0x0000, 0x0000,
    0x0000, 0x0000, 0x0000, 0x0000, 0x0000, 0x0000, 0x0000, 0x0000, 0x0000, 0x0000, 0x0000, 0x0000, 0x0000, 0x0000, 0x0000, 0x0000,
    0x0000, 0x0000, 0x0000, 0x0000, 0x0000, 0x0000, 0x0000, 0x0000, 0x0000, 0x0000, 0x0000, 0x0000, 0x0000, 0x0000, 0x0000, 0x0000,
    0x0000, 0x0000, 0x0000, 0x0000, 0x0000, 0x0000, 0x0800, 0x0801, 0x1001, 0x0801, 0x2002, 0x9008, 0xC00B, 0xD80D, 0xD00C, 0xD00C,
    0xD00C, 0xD00C, 0xD00C, 0xD00C, 0xD00C, 0xD00C, 0xD00C, 0xD00C, 0xD00C, 0xD00C, 0xD02C, 0xD00C, 0xD02C, 0xD00C, 0xD00C, 0xD00C,
    0xD02C, 0xD02C, 0xD00C, 0xD02C, 0xD02C, 0xD00C, 0xD00C, 0xD00C, 0xD02C, 0xD00C, 0xD00C, 0xD00C, 0xD00C, 0xD00C, 0xD02C, 0xD00C,
    0xD00C, 0xD02C, 0xD02C, 0xD02C, 0xD02C, 0xD02C, 0xD02C, 0xD02C, 0xD02C, 0xD02C, 0xD00C, 0xD00C, 0xD00C, 0xD00C, 0xD02C, 0xD00C,
    0xD00C, 0xD02C, 0xD00C, 0xD00C, 0xD02C, 0xD00C, 0xD00C, 0xD00C, 0xD00C, 0xD00C, 0xD00C, 0xD00C, 0xD02C, 0xD00C, 0xD00C, 0xD00C,
    0xD02C, 0xD02C, 0xB80B, 0x8007, 0x1001, 0x1001, 0x1001, 0x1001, 0x0000, 0x0000, 0x0000, 0x0000, 0x0000, 0x0000, 0x0000, 0x0000,
    0x0000, 0x0000, 0x0000, 0x0000, 0x0000, 0x0000, 0x0000, 0x0000, 0x0000, 0x0000, 0x0000, 0x4007, 0x900D, 0x800B, 0x900C, 0x980D,
    0x900C, 0x880B, 0xB810, 0xE813, 0xE013, 0xF014, 0xA00F, 0x0803, 0x0803, 0x0802, 0x0802, 0x0802, 0x0802, 0x0803, 0x0803, 0x1807,
    0x1004, 0x0802, 0x0002, 0x0001, 0x0802, 0x0802, 0x0802, 0x1004, 0x1004, 0x0803, 0x0803, 0x0802, 0x0801, 0x0A8D, 0x0BB2, 0x0B71,
    0x0473, 0x04B4, 0x0515, 0x0555, 0x0554, 0x0574, 0x05D5, 0x0678, 0x3A6D, 0x5806, 0x5026, 0x5006, 0x5006, 0x5806, 0x5006, 0x5006,
    0x5006, 0x4006, 0x0002, 0x0802, 0x0802, 0x0802, 0x0803, 0x1023, 0x0823, 0x0802, 0x1005, 0x0824, 0x0823, 0x0823, 0x0823, 0x0823,
    0x0823, 0x0802, 0x0822, 0x0823, 0x1025, 0x0823, 0x0823, 0x0823, 0x0823, 0x0803, 0x0802, 0x0001, 0x0001, 0x1004, 0x0803, 0x0802,
    0x0802, 0x0802, 0x0802, 0x0802, 0x0802, 0x0802, 0x0803, 0x0803, 0x0000, 0x0000, 0x0000, 0x0000, 0x0000, 0x0000, 0x0000, 0x0000,
    0x0000, 0x0000, 0x0000, 0x0000, 0x0000, 0x0000, 0x0000, 0x0000, 0x0000, 0x0000, 0x0000, 0x0000, 0x0000, 0x0000, 0x0000, 0x1802,
    0xE016, 0xE015, 0xF818, 0x800D, 0x0000, 0x0000, 0x700B, 0x1802, 0x0000, 0x0000, 0x0000, 0x0000, 0x0000, 0x0000, 0x0801, 0x0001,
    0x0001, 0x0000, 0x380A, 0x1805, 0x0000, 0x0000, 0x0000, 0x0000, 0x0000, 0x0000, 0x0000, 0x0000, 0x0000, 0x2804, 0x3806, 0x0800,
    0x0000, 0x0000, 0x0000, 0x0000, 0x0000, 0x3805, 0xB012, 0xB012, 0x4006, 0x0000, 0x0000, 0x0000, 0x0000, 0x0000, 0x0000, 0x0000,
    0x0000, 0x0000, 0x0000, 0x0000, 0x0000, 0x0000, 0x0000, 0x0000, 0x0000, 0x0000, 0x0000, 0x0000, 0x0000, 0x0000, 0x0000, 0x0000,
    0x0000, 0x0000, 0x0000, 0x0000, 0x0000, 0x0000, 0x0000, 0x0000, 0x0000, 0x0000, 0x0000, 0x0000, 0x0000, 0x0000, 0x0000, 0x0000,
    0x0000, 0x0000, 0x0000, 0x0000, 0x0000, 0x0000, 0x0000, 0x0000, 0x0000, 0x0000, 0x0000, 0x0000, 0x0000, 0x0000, 0x0000, 0x0000,
    0x0000, 0x0000, 0x0000, 0x0000, 0x0000, 0x0000, 0x0800, 0x1001, 0x0801, 0x3003, 0xB80B, 0xE00D, 0xD00C, 0xD00C, 0xD00C, 0xD00C,
    0xD00C, 0xD00C, 0xD00C, 0xD00C, 0xD00C, 0xD00C, 0xD00C, 0xD00C, 0xD00C, 0xD00C, 0xD02C, 0xD00C, 0xD02C, 0xD00C, 0xD00C, 0xD02C,
    0xD02C, 0xD00C, 0xD02C, 0xD00C, 0xD02C, 0xD00C, 0xD00C, 0xD00C, 0xD00C, 0xD00C, 0xD00C, 0xD00C, 0xD00C, 0xD00C, 0xD00C, 0xD02C,
    0xD02C, 0xD00C, 0xD02C, 0xD02C, 0xD02C, 0xD00C, 0xD02C, 0xD02C, 0xD02C, 0xD02C, 0xD00C, 0xD00C, 0xD02C, 0xD02C, 0xD00C, 0xD02C,
    0xD00C, 0xD00C, 0xD00C, 0xD00C, 0xD02C, 0xD02C, 0xD00C, 0xD00C, 0xD02C, 0xD00C, 0xD00C, 0xD00C, 0xD00C, 0xD00C, 0xD00C, 0xD00C,
    0xD00C, 0xC82B, 0xD02C, 0xD80D, 0xA009, 0x3803, 0x0800, 0x1001, 0x0801, 0x0000, 0x0000, 0x0000, 0x0000, 0x0000, 0x0000, 0x0000,
    0x0000, 0x0000, 0x0000, 0x0000, 0x0000, 0x0000, 0x0000, 0x0000, 0x0000, 0x0000, 0x0000, 0x6009, 0xF815, 0xE814, 0xF014, 0xF014,
    0xF014, 0xF015, 0xE814, 0xE013, 0xD812, 0xE813, 0xC812, 0x0801, 0x0000, 0x0000, 0x0000, 0x0000, 0x0000, 0x0000, 0x0000, 0x1005,
    0x0001, 0x0000, 0x0000, 0x0000, 0x0000, 0x0000, 0x0000, 0x0802, 0x0000, 0x0000, 0x0000, 0x0000, 0x0000, 0x0370, 0x0CD7, 0x0C34,
    0x05B8, 0x0619, 0x061A, 0x067A, 0x06B9, 0x06D9, 0x06D9, 0x07DC, 0x032A, 0x0000, 0x0000, 0x0000, 0x0000, 0x0000, 0x0000, 0x0000,
    0x0000, 0x0001, 0x0000, 0x0000, 0x0000, 0x0000, 0x0000, 0x0000, 0x0000, 0x0000, 0x0801, 0x0000, 0x0000, 0x0000, 0x0000, 0x0000,
    0x0000, 0x0000, 0x0000, 0x0000, 0x0801, 0x0000, 0x0000, 0x0000, 0x0000, 0x0000, 0x0000, 0x0000, 0x0000, 0x1004, 0x0001, 0x0000,
    0x0000, 0x0000, 0x0000, 0x0000, 0x0000, 0x0000, 0x0000, 0x0802, 0x0000, 0x0000, 0x0000, 0x0000, 0x0000, 0x0000, 0x0000, 0x0000,
    0x0000, 0x0000, 0x0000, 0x0000, 0x0000, 0x0000, 0x0000, 0x0000, 0x0000, 0x0000, 0x0000, 0x0000, 0x0000, 0x0000, 0x0000, 0x0801,
    0xA031, 0xE037, 0x880E, 0x1001, 0x0000, 0x3807, 0x780D, 0x0000, 0x0000, 0x0000, 0x0000, 0x0000, 0x0000, 0x0801, 0x1003, 0x0002,
    0x1804, 0x2005, 0x380C, 0x2809, 0x0001, 0x0000, 0x0000, 0x0000, 0x0000, 0x0000, 0x0000, 0x0000, 0x0000, 0x0000, 0x0000, 0x0000,
    0x0000, 0x0000, 0x0000, 0x0000, 0x0000, 0x0000, 0x0801, 0x0800, 0x0000, 0x0000, 0x0000, 0x0000, 0x0000, 0x0000, 0x0000, 0x0000,
    0x0000, 0x0000, 0x0000, 0x0000, 0x0000, 0x0000, 0x0000, 0x0000, 0x0000, 0x0000, 0x0000, 0x0000, 0x0000, 0x0000, 0x0000, 0x0000,
    0x0000, 0x0000, 0x0000, 0x0000, 0x0000, 0x0000, 0x0000, 0x0000, 0x0000, 0x0000, 0x0000, 0x0000, 0x0000, 0x0000, 0x0000, 0x0000,
    0x0000, 0x0000, 0x0000, 0x0000, 0x0000, 0x0000, 0x0000, 0x0000, 0x0000, 0x0000, 0x0000, 0x0000, 0x0000, 0x0000, 0x0000, 0x0000,
    0x0000, 0x0000, 0x0000, 0x0800, 0x0801, 0x1001, 0x1001, 0x2803, 0x6806, 0xC00B, 0xD80C, 0xD00B, 0xD00C, 0xD00C, 0xD00C, 0xD00C,
    0xD00C, 0xD00C, 0xD00C, 0xD00C, 0xD00C, 0xD00C, 0xD00C, 0xD00C, 0xD00C, 0xD00C, 0xD00C, 0xD02C, 0xD00C, 0xD00C, 0xD02C, 0xD02C,
    0xD02C, 0xD00C, 0xD00C, 0xD00C, 0xD00C, 0xD00C, 0xD00C, 0xD00C, 0xD00C, 0xD00C, 0xD00C, 0xD00C, 0xD02C, 0xD00C, 0xD00C, 0xD02C,
    0xD02C, 0xD02C, 0xD02C, 0xD02C, 0xD02C, 0xD02C, 0xD00C, 0xD02C, 0xD00C, 0xD00C, 0xD00C, 0xD00C, 0xD02C, 0xD00C, 0xD00C, 0xD02C,
    0xD02C, 0xD00C, 0xD02C, 0xD00C, 0xD00C, 0xD02C, 0xD02C, 0xD00C, 0xD00C, 0xD00C, 0xD02C, 0xD00C, 0xD00C, 0xD00C, 0xD02C, 0xD00C,
    0xD00C, 0xD00C, 0xD00C, 0xD00C, 0xE00D, 0xA80A, 0x5805, 0x2002, 0x1001, 0x1001, 0x0801, 0x0000, 0x0000, 0x0000, 0x0000, 0x0000,
    0x0000, 0x0000, 0x0000, 0x0000, 0x0000, 0x0000, 0x0000, 0x0000, 0x0000, 0x0000, 0x0000, 0x4008, 0x8810, 0x780E, 0x780E, 0x700D,
    0x780E, 0x800F, 0xA011, 0xB011, 0xA810, 0xB812, 0x882F, 0x0804, 0x0802, 0x0002, 0x0802, 0x0802, 0x0802, 0x0803, 0x0802, 0x1806,
    0x1004, 0x0802, 0x0802, 0x0802, 0x0802, 0x0802, 0x0802, 0x1003, 0x0802, 0x0001, 0x0002, 0x0823, 0x0802, 0x0B30, 0x0C55, 0x0C34,
    0x0577, 0x05D8, 0x05B7, 0x05D7, 0x0658, 0x0699, 0x06B9, 0x0719, 0x0A8A, 0x0801, 0x0802, 0x0802, 0x0803, 0x1003, 0x0802, 0x0802,
    0x0802, 0x1004, 0x0803, 0x0803, 0x0803, 0x0801, 0x0063, 0x01C8, 0x01E9, 0x0209, 0x09CA, 0x0AEC, 0x032C, 0x030C, 0x02EB, 0x02EB,
    0x030B, 0x034C, 0x034B, 0x030B, 0x0A8C, 0x030B, 0x02EB, 0x02CA, 0x032B, 0x0186, 0x0802, 0x0803, 0x0803, 0x1806, 0x0803, 0x0802,
    0x0002, 0x0802, 0x0802, 0x0802, 0x0802, 0x0802, 0x0803, 0x0803, 0x0000, 0x0000, 0x0000, 0x0000, 0x0000, 0x0000, 0x0000, 0x0000,
    0x0000, 0x0000, 0x0000, 0x0000, 0x0000, 0x0000, 0x0000, 0x0000, 0x0000, 0x0000, 0x0000, 0x0000, 0x0000, 0x0000, 0x0000, 0x0000,
    0x1802, 0xA833, 0x600B, 0x3806, 0x5008, 0x702D, 0x1001, 0x0000, 0x0000, 0x0000, 0x0000, 0x0000, 0x0000, 0x0000, 0x0000, 0x2824,
    0xA032, 0xB814, 0x8812, 0x0001, 0x0000, 0x0000, 0x0000, 0x0000, 0x0000, 0x0000, 0x0000, 0x0000, 0x0000, 0x0000, 0x0000, 0x0000,
    0x0000, 0x0000, 0x0000, 0x0000, 0x0000, 0x0000, 0x0000, 0x0000, 0x0000, 0x0000, 0x0000, 0x0000, 0x0000, 0x0000, 0x0000, 0x0000,
    0x0000, 0x0000, 0x0000, 0x0000, 0x0000, 0x0000, 0x0000, 0x0000, 0x0000, 0x0000, 0x0000, 0x0000, 0x0000, 0x0000, 0x0000, 0x0000,
    0x0000, 0x0000, 0x0000, 0x0000, 0x0000, 0x0000, 0x0000, 0x0000, 0x0000, 0x0000, 0x0000, 0x0000, 0x0000, 0x0000, 0x0000, 0x0000,
    0x0000, 0x0000, 0x0000, 0x0000, 0x0000, 0x0000, 0x0000, 0x0000, 0x0000, 0x0000, 0x0000, 0x0000, 0x0000, 0x0000, 0x0000, 0x0000,
    0x0000, 0x0000, 0x0000, 0x0000, 0x0801, 0x0801, 0x1802, 0x9028, 0xE00D, 0xD00C, 0xD00C, 0xD00C, 0xD00C, 0xD00C, 0xD00C, 0xD00C,
    0xD00C, 0xD00C, 0xD00C, 0xD00C, 0xD00C, 0xD00C, 0xD00C, 0xD00C, 0xD00C, 0xD02C, 0xD02C, 0xD00C, 0xD02C, 0xD00C, 0xD00C, 0xD02C,
    0xD02C, 0xD00C, 0xD00C, 0xD00C, 0xD00C, 0xD00C, 0xD00C, 0xD02C, 0xD00C, 0xD00C, 0xD02C, 0xD02C, 0xD00C, 0xD02C, 0xD00C, 0xD02C,
    0xD02C, 0xD02C, 0xD02C, 0xD02C, 0xD02C, 0xD02C, 0xD02C, 0xD02C, 0xD00C, 0xD00C, 0xD00C, 0xD00C, 0xD00C, 0xD00C, 0xD00C, 0xD02C,
    0xD02C, 0xD00C, 0xD00C, 0xD02C, 0xD02C, 0xD02C, 0xD00C, 0xD00C, 0xD02C, 0xD00C, 0xD00C, 0xD00C, 0xD00C, 0xD00C, 0xD00C, 0xD00C,
    0xD00C, 0xD00C, 0xD00C, 0xD00C, 0xC80C, 0xC82C, 0xE02E, 0x8028, 0x1001, 0x0801, 0x0801, 0x0000, 0x0000, 0x0000, 0x0000, 0x0000,
    0x0000, 0x0000, 0x0000, 0x0000, 0x0000, 0x0000, 0x0000, 0x0000, 0x0000, 0x0000, 0x0000, 0x1805, 0x2808, 0x1806, 0x1005, 0x1005,
    0x1806, 0x1806, 0x3809, 0x500B, 0x500B, 0x502C, 0x502D, 0x0803, 0x0001, 0x0001, 0x0001, 0x0001, 0x0801, 0x0001, 0x0001, 0x1004,
    0x0802, 0x0001, 0x0001, 0x0801, 0x0801, 0x0801, 0x0001, 0x0802, 0x0001, 0x0000, 0x0001, 0x0001, 0x0801, 0x0862, 0x0082, 0x08A4,
    0x00E4, 0x00E4, 0x00A3, 0x00A2, 0x00C3, 0x00E3, 0x00E4, 0x00E3, 0x0843, 0x0000, 0x0001, 0x0001, 0x0801, 0x0801, 0x0001, 0x0001,
    0x0000, 0x0803, 0x0001, 0x0801, 0x0801, 0x0000, 0x0105, 0x0454, 0x0455, 0x0C76, 0x0C76, 0x06DB, 0x071B, 0x06DB, 0x06BA, 0x06BA,
    0x071B, 0x075B, 0x077B, 0x071B, 0x065A, 0x079B, 0x075B, 0x073A, 0x07DD, 0x03CE, 0x0000, 0x0001, 0x0001, 0x1004, 0x0802, 0x0001,
    0x0001, 0x0001, 0x0001, 0x0001, 0x0001, 0x0001, 0x0802, 0x0803, 0x0000, 0x0000, 0x0000, 0x0000, 0x0000, 0x0000, 0x0000, 0x0000,
    0x0000, 0x0000, 0x0000, 0x0000, 0x0000, 0x0000, 0x0000, 0x0000, 0x0000, 0x0000, 0x0000, 0x0000, 0x0000, 0x0000, 0x0000, 0x0000,
    0x0000, 0x1002, 0x5009, 0x4808, 0x4006, 0x0000, 0x0000, 0x0000, 0x0000, 0x0000, 0x0000, 0x0000, 0x0000, 0x2804, 0x600B, 0xC035,
    0xC816, 0xC816, 0xB815, 0x500A, 0x1002, 0x0000, 0x0000, 0x0000, 0x0000, 0x0000, 0x0000, 0x0000, 0x0000, 0x0000, 0x0000, 0x0000,
    0x0000, 0x0000, 0x0000, 0x0000, 0x0000, 0x0000, 0x0000, 0x0000, 0x0000, 0x0000, 0x0000, 0x0000, 0x0000, 0x0000, 0x0000, 0x0000,
    0x0000, 0x0000, 0x0000, 0x0000, 0x0000, 0x0000, 0x0000, 0x0000, 0x0000, 0x0000, 0x0000, 0x0000, 0x0000, 0x0000, 0x0000, 0x0000,
    0x0000, 0x0000, 0x0000, 0x0000, 0x0000, 0x0000, 0x0000, 0x0000, 0x0000, 0x0000, 0x0000, 0x0000, 0x0000, 0x0000, 0x0000, 0x0000,
    0x0000, 0x0000, 0x0000, 0x0000, 0x0000, 0x0000, 0x0000, 0x0000, 0x0000, 0x0000, 0x0000, 0x0000, 0x0000, 0x0000, 0x0000, 0x0000,
    0x0000, 0x0000, 0x1001, 0x2002, 0x2002, 0x4804, 0xC80B, 0xF00D, 0xD80C, 0xD80C, 0xE00C, 0xE00C, 0xE00C, 0xE00C, 0xE00C, 0xE00C,
    0xE00C, 0xE00C, 0xE00C, 0xE00C, 0xE00C, 0xE00C, 0xE00C, 0xE00C, 0xE00C, 0xE00C, 0xE00C, 0xE00C, 0xE00C, 0xE00C, 0xE00C, 0xE00C,
    0xE00C, 0xE00C, 0xE00C, 0xE00C, 0xE00C, 0xE00C, 0xE00C, 0xE00C, 0xE00C, 0xE00C, 0xE00C, 0xE00C, 0xE00C, 0xE00C, 0xE00C, 0xE00C,
    0xE02C, 0xE00C, 0xE02C, 0xE02C, 0xE02C, 0xE00C, 0xE00C, 0xE00C, 0xE00C, 0xE00C, 0xE00C, 0xE00C, 0xE00C, 0xE00C, 0xE00C, 0xE00C,
    0xE00C, 0xE00C, 0xE00C, 0xE02C, 0xE02C, 0xE02C, 0xE00C, 0xE00C, 0xE00C, 0xE00C, 0xE00C, 0xE00C, 0xE00C, 0xE00C, 0xE00C, 0xE00C,
    0xD80C, 0xE00C, 0xE00C, 0xE00C, 0xE00C, 0xE00C, 0xE00D, 0xF02E, 0xB02A, 0x3003, 0x2002, 0x1802, 0x0801, 0x0000, 0x0000, 0x0000,
    0x0000, 0x0000, 0x0000, 0x0000, 0x0000, 0x0000, 0x0000, 0x0000, 0x0000, 0x0000, 0x0000, 0x480A, 0xA015, 0x8813, 0x8812, 0x8812,
    0x8814, 0x9014, 0x9014, 0x9014, 0x9014, 0x9816, 0x8012, 0x0001, 0x0000, 0x0000, 0x0000, 0x0800, 0x0000, 0x0000, 0x0000, 0x1004,
    0x0001, 0x0000, 0x0000, 0x0800, 0x0800, 0x0000, 0x0000, 0x0001, 0x0000, 0x0000, 0x0000, 0x0000, 0x0000, 0x0000, 0x0000, 0x0802,
    0x0801, 0x0000, 0x0000, 0x0000, 0x0000, 0x0000, 0x0000, 0x0000, 0x0803, 0x0000, 0x0000, 0x0000, 0x0000, 0x0000, 0x0000, 0x0000,
    0x0000, 0x0802, 0x0000, 0x0000, 0x0000, 0x0000, 0x0125, 0x0455, 0x0414, 0x0414, 0x0C15, 0x067A, 0x06DB, 0x06BA, 0x06BA, 0x06DA,
    0x073B, 0x075B, 0x077B, 0x071B, 0x069A, 0x07BC, 0x075B, 0x071A, 0x07BC, 0x03AD, 0x0000, 0x0020, 0x0000, 0x1004, 0x0802, 0x0000,
    0x0000, 0x0000, 0x0000, 0x0000, 0x0000, 0x0000, 0x0000, 0x0802, 0x0000, 0x0000, 0x0000, 0x0000, 0x0000, 0x0000, 0x0000, 0x0000,
    0x0000, 0x0000, 0x0000, 0x0000, 0x0000, 0x0000, 0x0000, 0x0000, 0x0000, 0x0000, 0x0000, 0x0000, 0x0000, 0x0000, 0x0000, 0x0000,
    0x0000, 0x0000, 0x0000, 0x0000, 0x0000, 0x0000, 0x0000, 0x0000, 0x0000, 0x0000, 0x0000, 0x0000, 0x0000, 0x1001, 0x5809, 0xD817,
    0xD037, 0xD017, 0x5009, 0x1803, 0x0801, 0x0000, 0x0000, 0x0000, 0x0000, 0x0000, 0x0000, 0x0000, 0x0000, 0x0000, 0x0000, 0x0000,
    0x0000, 0x0000, 0x0000, 0x0000, 0x0000, 0x0000, 0x0000, 0x0000, 0x0000, 0x0000, 0x0000, 0x0000, 0x0000, 0x0000, 0x0000, 0x0000,
    0x0000, 0x0000, 0x0000, 0x0000, 0x0000, 0x0000, 0x0000, 0x0000, 0x0000, 0x0000, 0x0000, 0x0000, 0x0000, 0x0000, 0x0000, 0x0000,
    0x0000, 0x0000, 0x0000, 0x0000, 0x0000, 0x0000, 0x0000, 0x0000, 0x0000, 0x0000, 0x0000, 0x0000, 0x0000, 0x0000, 0x0000, 0x0000,
    0x0000, 0x0000, 0x0000, 0x0000, 0x0000, 0x0000, 0x0000, 0x0000, 0x0000, 0x0000, 0x0000, 0x0000, 0x0000, 0x0000, 0x0000, 0x0000,
    0x0000, 0x0800, 0x1001, 0x2002, 0x2003, 0x7028, 0xA80B, 0x980A, 0x9809, 0x9009, 0x980A, 0xA00A, 0x980A, 0x980A, 0x980A, 0x980A,
    0x980A, 0x980A, 0x980A, 0x980A, 0x980A, 0x980A, 0x980A, 0x980A, 0xA00A, 0xA00A, 0x980A, 0x980A, 0x980A, 0x980A, 0x980A, 0xA00A,
    0x980A, 0x980A, 0x980A, 0x980A, 0xA00A, 0x980A, 0x980A, 0x980A, 0x980A, 0x980A, 0x980A, 0x980A, 0x980A, 0x980A, 0x980A, 0x980A,
    0x980A, 0x980A, 0x980A, 0x980A, 0x980A, 0x980A, 0x980A, 0x980A, 0x980A, 0x980A, 0x980A, 0x980A, 0x980A, 0x980A, 0x980A, 0x980A,
    0x980A, 0x980A, 0x980A, 0x980A, 0x980A, 0x980A, 0x980A, 0x980A, 0x980A, 0x980A, 0x980A, 0x980A, 0x980A, 0x980A, 0x980A, 0x980A,
    0x980A, 0x980A, 0xA00A, 0x980A, 0x980A, 0x980A, 0xA00B, 0x900A, 0x980A, 0x4005, 0x1803, 0x1002, 0x0801, 0x0800, 0x0000, 0x0000,
    0x0000, 0x0000, 0x0000, 0x0000, 0x0000, 0x0000, 0x0000, 0x0000, 0x0000, 0x0000, 0x0000, 0x400A, 0x9015, 0x7812, 0x8013, 0x8814,
    0x8815, 0x8815, 0x8814, 0x8014, 0x8014, 0x8014, 0x500E, 0x0803, 0x1003, 0x1004, 0x1004, 0x1004, 0x1004, 0x1003, 0x0802, 0x1004,
    0x1003, 0x0803, 0x1004, 0x1004, 0x1004, 0x1004, 0x0803, 0x1004, 0x0803, 0x0803, 0x0803, 0x0802, 0x0802, 0x0802, 0x0803, 0x1005,
    0x1005, 0x1004, 0x0803, 0x1003, 0x1004, 0x1004, 0x0803, 0x0803, 0x1005, 0x1004, 0x1004, 0x1004, 0x1003, 0x0803, 0x1003, 0x1003,
    0x0803, 0x1806, 0x1004, 0x1004, 0x1003, 0x1003, 0x08A5, 0x028D, 0x024B, 0x022B, 0x0A6D, 0x0BF1, 0x0430, 0x03EF, 0x03EF, 0x040F,
    0x0471, 0x0491, 0x04B1, 0x0471, 0x0BF1, 0x0470, 0x040F, 0x03EE, 0x044F, 0x0228, 0x0802, 0x1004, 0x1004, 0x1806, 0x1004, 0x0803,
    0x0803, 0x0803, 0x0803, 0x0803, 0x0803, 0x0803, 0x1003, 0x0804, 0x0000, 0x0000, 0x0000, 0x0000, 0x0000, 0x0000, 0x0000, 0x0000,
    0x0000, 0x0000, 0x0000, 0x0000, 0x0000, 0x0000, 0x0000, 0x0000, 0x0000, 0x0000, 0x0000, 0x0000, 0x0000, 0x0000, 0x0000, 0x0000,
    0x0000, 0x0000, 0x0000, 0x0000, 0x0000, 0x0000, 0x0000, 0x0000, 0x0000, 0x0000, 0x0000, 0x0000, 0x0000, 0x0000, 0x0000, 0x600B,
    0x9010, 0x4808, 0x0000, 0x0000, 0x0000, 0x0000, 0x0000, 0x0000, 0x0000, 0x0000, 0x0000, 0x0000, 0x0000, 0x0000, 0x0000, 0x0000,
    0x0000, 0x0000, 0x0000, 0x0000, 0x0000, 0x0000, 0x0000, 0x0000, 0x0000, 0x0000, 0x0000, 0x0000, 0x0000, 0x0000, 0x0000, 0x0000,
    0x0000, 0x0000, 0x0000, 0x0000, 0x0000, 0x0000, 0x0000, 0x0000, 0x0000, 0x0000, 0x0000, 0x0000, 0x0000, 0x0000, 0x0000, 0x0000,
    0x0000, 0x0000, 0x0000, 0x0000, 0x0000, 0x0000, 0x0000, 0x0000, 0x0000, 0x0000, 0x0000, 0x0000, 0x0000, 0x0000, 0x0000, 0x0000,
    0x0000, 0x0000, 0x0000, 0x0000, 0x0000, 0x0000, 0x0000, 0x0000, 0x0000, 0x0000, 0x0000, 0x0000, 0x0000, 0x0000, 0x0000, 0x0000,
    0x0000, 0x0801, 0x0800, 0x6006, 0x8809, 0x8009, 0x8009, 0x8009, 0x7809, 0x7809, 0x8009, 0x8009, 0x7809, 0x7809, 0x7809, 0x8009,
    0x7809, 0x7809, 0x7809, 0x8009, 0x8009, 0x8009, 0x8009, 0x8009, 0x8009, 0x8009, 0x8009, 0x8009, 0x8009, 0x8009, 0x8009, 0x8009,
    0x8009, 0x8009, 0x8009, 0x8009, 0x8009, 0x8009, 0x8009, 0x8009, 0x8009, 0x8009, 0x8009, 0x8009, 0x8009, 0x8009, 0x8009, 0x8009,
    0x8009, 0x8009, 0x8009, 0x8009, 0x8009, 0x7809, 0x7809, 0x8009, 0x8009, 0x8009, 0x8009, 0x8009, 0x8009, 0x8009, 0x8009, 0x8009,
    0x8009, 0x8009, 0x8009, 0x7809, 0x7809, 0x7809, 0x7809, 0x8009, 0x8009, 0x8009, 0x8009, 0x8009, 0x8009, 0x8009, 0x7809, 0x8009,
    0x8009, 0x8009, 0x8009, 0x7809, 0x7809, 0x8009, 0x8809, 0x8009, 0x7008, 0x7808, 0x8809, 0x5005, 0x0000, 0x0801, 0x0000, 0x0000,
    0x0000, 0x0000, 0x0000, 0x0000, 0x0000, 0x0000, 0x0000, 0x0000, 0x0000, 0x0000, 0x0000, 0x1806, 0x2007, 0x1804, 0x2005, 0x2006,
    0x2806, 0x2005, 0x580E, 0x8815, 0x8014, 0x8014, 0x6811, 0x0000, 0x0000, 0x0000, 0x0020, 0x0020, 0x0000, 0x0000, 0x0000, 0x0803,
    0x0000, 0x0000, 0x0000, 0x0000, 0x0000, 0x0000, 0x0000, 0x0002, 0x0000, 0x0000, 0x0000, 0x0000, 0x0000, 0x0000, 0x0000, 0x0802,
    0x0000, 0x0000, 0x0000, 0x0000, 0x0000, 0x0000, 0x0000, 0x0000, 0x1004, 0x0000, 0x0000, 0x0000, 0x0000, 0x0000, 0x0000, 0x0000,
    0x0000, 0x0803, 0x0020, 0x0000, 0x0000, 0x0000, 0x0000, 0x0000, 0x0000, 0x0000, 0x1003, 0x0801, 0x0000, 0x0000, 0x0000, 0x0000,
    0x0000, 0x0000, 0x0000, 0x0000, 0x1003, 0x0000, 0x0000, 0x0000, 0x0000, 0x0000, 0x0000, 0x0000, 0x0000, 0x1004, 0x0001, 0x0000,
    0x0000, 0x0000, 0x0000, 0x0000, 0x0000, 0x0000, 0x0000, 0x0803, 0x0000, 0x0000, 0x0000, 0x0000, 0x0000, 0x0000, 0x0000, 0x0000,
    0x0000, 0x0000, 0x0000, 0x0000, 0x0000, 0x0000, 0x0000, 0x0000, 0x0000, 0x0000, 0x0000, 0x0000, 0x0000, 0x0000, 0x0000, 0x0000,
    0x0000, 0x0000, 0x0000, 0x0000, 0x0000, 0x0000, 0x0000, 0x0000, 0x0000, 0x0000, 0x0000, 0x0000, 0x0000, 0x0000, 0x0000, 0x0000,
    0x0000, 0x0000, 0x0000, 0x0000, 0x0000, 0x0000, 0x0000, 0x0000, 0x0000, 0x0000, 0x0000, 0x0000, 0x0000, 0x0000, 0x0000, 0x0000,
    0x0000, 0x0000, 0x0000, 0x0000, 0x0000, 0x0000, 0x0000, 0x0000, 0x0000, 0x0000, 0x0000, 0x0000, 0x0000, 0x0000, 0x0000, 0x0000,
    0x0000, 0x0000, 0x0000, 0x0000, 0x0000, 0x0000, 0x0000, 0x0000, 0x0000, 0x0000, 0x0000, 0x0000, 0x0000, 0x0000, 0x0000, 0x0000,
    0x0000, 0x0000, 0x0000, 0x0000, 0x0000, 0x0000, 0x0000, 0x0000, 0x0000, 0x0000, 0x0000, 0x0000, 0x0000, 0x0000, 0x0000, 0x0000,
    0x0000, 0x0000, 0x0000, 0x0000, 0x0000, 0x0000, 0x0000, 0x0000, 0x0000, 0x0000, 0x0000, 0x0000, 0x0000, 0x0000, 0x1001, 0x1002,
    0x1802, 0x2002, 0x8007, 0xE00D, 0xD80C, 0xD80C, 0xE00C, 0xE00C, 0xD80C, 0xE00C, 0xE00C, 0xE00C, 0xE00C, 0xE00C, 0xE00C, 0xE00C,
    0xE00C, 0xE00C, 0xE00C, 0xE00C, 0xE00C, 0xE00C, 0xD80C, 0xE00C, 0xE00C, 0xE00C, 0xD80C, 0xD80C, 0xD80C, 0xE00C, 0xE00C, 0xE00C,
    0xE00C, 0xE00C, 0xE00C, 0xE00C, 0xE00C, 0xE00C, 0xE00C, 0xE00C, 0xE00C, 0xE00C, 0xE02C, 0xE00C, 0xE00C, 0xE00C, 0xE00C, 0xE00C,
    0xE00C, 0xE00C, 0xE00C, 0xE00C, 0xE00C, 0xE00C, 0xE00C, 0xE00C, 0xE00C, 0xE00C, 0xE00C, 0xE00C, 0xE00C, 0xE00C, 0xE00C, 0xE00C,
    0xE00C, 0xE00C, 0xD80C, 0xE00C, 0xD80C, 0xD80C, 0xD80C, 0xD80C, 0xD80C, 0xD80C, 0xD80C, 0xE00C, 0xE00C, 0xE00C, 0xE00C, 0xE00C,
    0xE00C, 0xE00C, 0xE00C, 0xD80C, 0xE00C, 0xE00C, 0xE00C, 0xE00C, 0xD80C, 0xD80C, 0xE00D, 0xE00D, 0x4804, 0x1001, 0x1802, 0x1001,
    0x0800, 0x0000, 0x0000, 0x0000, 0x0000, 0x0000, 0x0000, 0x0000, 0x0000, 0x0000, 0x0000, 0x0804, 0x0000, 0x0000, 0x0000, 0x0000,
    0x0000, 0x0000, 0x2006, 0x400D, 0x400C, 0x380B, 0x3009, 0x0802, 0x0001, 0x0001, 0x0802, 0x0802, 0x0801, 0x0802, 0x0001, 0x1004,
    0x0802, 0x0001, 0x0801, 0x0801, 0x0001, 0x0001, 0x0001, 0x0803, 0x0803, 0x0801, 0x0001, 0x0001, 0x0802, 0x0802, 0x0801, 0x0803,
    0x0802, 0x0001, 0x0802, 0x0802, 0x0001, 0x0001, 0x0001, 0x0802, 0x1805, 0x0802, 0x0802, 0x0801, 0x0001, 0x0001, 0x0001, 0x0802,
    0x0802, 0x1005, 0x0802, 0x0001, 0x0001, 0x0001, 0x0802, 0x0802, 0x0802, 0x0002, 0x1006, 0x1024, 0x0021, 0x0001, 0x0002, 0x0802,
    0x0802, 0x0001, 0x0001, 0x0002, 0x1004, 0x0022, 0x0822, 0x0822, 0x0822, 0x0802, 0x0001, 0x0001, 0x0001, 0x1004, 0x0803, 0x0001,
    0x0801, 0x0001, 0x0001, 0x0001, 0x0001, 0x0001, 0x0802, 0x0803, 0x0000, 0x0000, 0x0000, 0x0000, 0x0000, 0x0000, 0x0000, 0x0000,
    0x0000, 0x0000, 0x0000, 0x0000, 0x0000, 0x0000, 0x0000, 0x0000, 0x0000, 0x0000, 0x0000, 0x0000, 0x0000, 0x0000, 0x0000, 0x0000,
    0x0000, 0x0000, 0x0000, 0x0000, 0x0000, 0x0000, 0x0000, 0x0000, 0x0000, 0x0000, 0x0000, 0x0000, 0x0000, 0x0000, 0x0000, 0x0000,
    0x0000, 0x0000, 0x0000, 0x0000, 0x0000, 0x0000, 0x0000, 0x0000, 0x0000, 0x0000, 0x0000, 0x0000, 0x0000, 0x0000, 0x0000, 0x0000,
    0x0000, 0x0000, 0x0000, 0x0000, 0x0000, 0x0000, 0x0000, 0x0000, 0x0000, 0x0000, 0x0000, 0x0000, 0x0000, 0x0000, 0x0000, 0x0000,
    0x0000, 0x0000, 0x0000, 0x0000, 0x0000, 0x0000, 0x0000, 0x0000, 0x0000, 0x0000, 0x0000, 0x0000, 0x0000, 0x0000, 0x0000, 0x0000,
    0x0000, 0x0000, 0x0000, 0x0000, 0x0000, 0x0000, 0x0000, 0x0000, 0x0000, 0x0000, 0x0000, 0x0000, 0x0000, 0x0000, 0x0000, 0x0000,
    0x0000, 0x0000, 0x0000, 0x0000, 0x0000, 0x0000, 0x0000, 0x0000, 0x0000, 0x0000, 0x0000, 0x0000, 0x0000, 0x0000, 0x0801, 0x1001,
    0x0800, 0x7807, 0xE80D, 0xD00B, 0xD00B, 0xD00B, 0xD00B, 0xD00B, 0xD00B, 0xD00B, 0xD00B, 0xD00B, 0xD00B, 0xD00B, 0xD00B, 0xD00B,
    0xD00B, 0xD00B, 0xD00B, 0xD02C, 0xD00C, 0xD00B, 0xD00C, 0xD00B, 0xD00B, 0xD00B, 0xD00B, 0xD00B, 0xD00B, 0xD00B, 0xD00B, 0xD00B,
    0xD00B, 0xD00C, 0xD00B, 0xD00C, 0xD00B, 0xD00C, 0xD00C, 0xD00B, 0xD00C, 0xD00C, 0xD00C, 0xD02C, 0xD00C, 0xD00C, 0xD00B, 0xD00C,
    0xD00C, 0xD00C, 0xD00B, 0xD00B, 0xD00C, 0xD00B, 0xD00B, 0xD00B, 0xD00B, 0xD00B, 0xD00B, 0xD00B, 0xD00B, 0xD00C, 0xD00B, 0xD00B,
    0xD00B, 0xD00B, 0xD00B, 0xD00B, 0xD00B, 0xD00B, 0xD00B, 0xD00B, 0xD00B, 0xD00B, 0xD00B, 0xD00B, 0xD00B, 0xD00C, 0xD00B, 0xD00B,
    0xD00C, 0xD00C, 0xD00C, 0xD00C, 0xD00C, 0xD02C, 0xD02C, 0xD02B, 0xD00B, 0xD00B, 0xD00B, 0xD00C, 0xC80B, 0x4804, 0x0000, 0x1001,
    0x0000, 0x0000, 0x0000, 0x0000, 0x0000, 0x0000, 0x0000, 0x0000, 0x0000, 0x0000, 0x0000, 0x1805, 0x1806, 0x1805, 0x2006, 0x1806,
    0x1805, 0x1805, 0x480E, 0x6013, 0x5811, 0x6012, 0x5830, 0x1004, 0x0802, 0x0802, 0x0802, 0x0802, 0x0802, 0x0803, 0x0802, 0x1806,
    0x1004, 0x0802, 0x0802, 0x0802, 0x0802, 0x0802, 0x0802, 0x1004, 0x0803, 0x0802, 0x0802, 0x0802, 0x0803, 0x0803, 0x0802, 0x0803,
    0x0803, 0x0803, 0x0803, 0x0803, 0x0802, 0x0802, 0x0802, 0x0803, 0x1806, 0x0803, 0x0803, 0x0802, 0x0802, 0x0802, 0x0802, 0x0802,
    0x0802, 0x1005, 0x0803, 0x0802, 0x0802, 0x0802, 0x0803, 0x0803, 0x0802, 0x0802, 0x1004, 0x0803, 0x0802, 0x0802, 0x0802, 0x0803,
    0x0802, 0x0802, 0x0001, 0x0802, 0x1005, 0x0802, 0x0803, 0x0803, 0x0803, 0x0802, 0x0802, 0x0801, 0x0001, 0x1005, 0x1004, 0x0802,
    0x0802, 0x0802, 0x0802, 0x0802, 0x0802, 0x0802, 0x0803, 0x1004, 0x0000, 0x0000, 0x0000, 0x0000, 0x0000, 0x0000, 0x0000, 0x0000,
    0x0000, 0x0000, 0x0000, 0x0000, 0x0000, 0x0000, 0x0000, 0x0000, 0x0000, 0x0000, 0x0000, 0x0000, 0x0000, 0x0000, 0x0000, 0x0000,
    0x0000, 0x0000, 0x0000, 0x0000, 0x0000, 0x0000, 0x0000, 0x0000, 0x0000, 0x0000, 0x0000, 0x0000, 0x0000, 0x0000, 0x0000, 0x0000,
    0x0000, 0x0000, 0x0000, 0x0000, 0x0000, 0x0000, 0x0000, 0x0000, 0x0000, 0x0000, 0x0000, 0x0000, 0x0000, 0x0000, 0x0000, 0x0000,
    0x0000, 0x0000, 0x0000, 0x0000, 0x0000, 0x0000, 0x0000, 0x0000, 0x0000, 0x0000, 0x0000, 0x0000, 0x0000, 0x0000, 0x0000, 0x0000,
    0x0000, 0x0000, 0x0000, 0x0000, 0x0000, 0x0000, 0x0000, 0x0000, 0x0000, 0x0000, 0x0000, 0x0000, 0x0000, 0x0000, 0x0000, 0x0000,
    0x0000, 0x0000, 0x0000, 0x0000, 0x0000, 0x0000, 0x0000, 0x0000, 0x0000, 0x0000, 0x0000, 0x0000, 0x0000, 0x0000, 0x0000, 0x0000,
    0x0000, 0x0000, 0x0000, 0x0000, 0x0000, 0x0000, 0x0000, 0x0000, 0x0000, 0x0000, 0x0000, 0x0000, 0x0000, 0x1001, 0x1802, 0x1001,
    0x8808, 0xD80D, 0xD00C, 0xD00C, 0xD00C, 0xD00C, 0xD00C, 0xD00B, 0xD00B, 0xD00B, 0xD00B, 0xD00B, 0xD00B, 0xD00C, 0xD00C, 0xD00B,
    0xD00C, 0xD00C, 0xD00C, 0xD00C, 0xD00C, 0xD00C, 0xD00C, 0xD00B, 0xD00C, 0xD00B, 0xD00B, 0xD00B, 0xD00B, 0xD00B, 0xD00B, 0xD00B,
    0xD00C, 0xD00C, 0xD00C, 0xD00C, 0xD00C, 0xD00C, 0xD00C, 0xD00C, 0xD00C, 0xD02C, 0xD00C, 0xD00C, 0xD00C, 0xD00C, 0xD80C, 0xD00C,
    0xD00C, 0xD00B, 0xD00C, 0xD00C, 0xD00C, 0xD00C, 0xD00B, 0xD00C, 0xD00C, 0xD00B, 0xD00B, 0xD00B, 0xD00B, 0xD00B, 0xD00B, 0xD00B,
    0xD00C, 0xD00B, 0xD00B, 0xD00B, 0xD00B, 0xD00B, 0xD00B, 0xD00B, 0xD00C, 0xD00B, 0xD00C, 0xD00B, 0xD00C, 0xD00C, 0xD00B, 0xD00B,
    0xD00C, 0xD00C, 0xD00C, 0xD00C, 0xD00C, 0xD00C, 0xD00C, 0xD00B, 0xD00C, 0xD00C, 0xD00C, 0xD00B, 0xD80C, 0xC02B, 0x4825, 0x1001,
    0x1001, 0x0800, 0x0000, 0x0000, 0x0000, 0x0000, 0x0000, 0x0000, 0x0000, 0x0000, 0x0000, 0x2809, 0x6014, 0x6033, 0x6014, 0x6013,
    0x6012, 0x6013, 0x6013, 0x6012, 0x5812, 0x6013, 0x5832, 0x0001, 0x0020, 0x0000, 0x0000, 0x0000, 0x0000, 0x0000, 0x0000, 0x1004,
    0x0001, 0x0000, 0x0000, 0x0000, 0x0000, 0x0000, 0x0000, 0x0802, 0x0000, 0x0000, 0x0000, 0x0000, 0x0000, 0x0000, 0x0000, 0x0001,
    0x0000, 0x0000, 0x0000, 0x0000, 0x0000, 0x0000, 0x0000, 0x0000, 0x1004, 0x0000, 0x0000, 0x0000, 0x0000, 0x0000, 0x0000, 0x0000,
    0x0000, 0x0802, 0x0000, 0x0000, 0x0000, 0x0000, 0x0000, 0x0000, 0x0000, 0x0000, 0x0803, 0x0001, 0x0000, 0x0000, 0x0000, 0x0000,
    0x0000, 0x0000, 0x0000, 0x0000, 0x1003, 0x0000, 0x0000, 0x0000, 0x0000, 0x0000, 0x0000, 0x0000, 0x0000, 0x1005, 0x0801, 0x0000,
    0x0000, 0x0000, 0x0000, 0x0000, 0x0000, 0x0000, 0x0000, 0x0803, 0x0000, 0x0000, 0x0000, 0x0000, 0x0000, 0x0000, 0x0000, 0x0000,
    0x0000, 0x0000, 0x0000, 0x0000, 0x0000, 0x0000, 0x0000, 0x0000, 0x0000, 0x0000, 0x0000, 0x0000, 0x0000, 0x0000, 0x0000, 0x0000,
    0x0000, 0x0000, 0x0000, 0x0000, 0x0000, 0x0000, 0x0000, 0x0000, 0x0000, 0x0000, 0x0000, 0x0000, 0x0000, 0x0000, 0x0000, 0x0000,
    0x0000, 0x0000, 0x0000, 0x0000, 0x0000, 0x0000, 0x0000, 0x0000, 0x0000, 0x0000, 0x0000, 0x0000, 0x0000, 0x0000, 0x0000, 0x0000,
    0x0000, 0x0000, 0x0000, 0x0000, 0x0000, 0x0000, 0x0000, 0x0000, 0x0000, 0x0000, 0x0000, 0x0000, 0x0000, 0x0000, 0x0000, 0x0000,
    0x0000, 0x0000, 0x0000, 0x0000, 0x0000, 0x0000, 0x0000, 0x0000, 0x0000, 0x0000, 0x0000, 0x0000, 0x0000, 0x0000, 0x0000, 0x0000,
    0x0000, 0x0000, 0x0000, 0x0000, 0x0000, 0x0000, 0x0000, 0x0000, 0x0000, 0x0000, 0x0000, 0x0000, 0x0000, 0x0000, 0x0000, 0x0000,
    0x0000, 0x0000, 0x0000, 0x0000, 0x0000, 0x0000, 0x0000, 0x0000, 0x0000, 0x0000, 0x0000, 0x0000, 0x0801, 0x1802, 0x1002, 0x6826,
    0xD80C, 0xD00B, 0xD00B, 0xD00B, 0xD00B, 0xD00C, 0xD00C, 0xD00B, 0xD00B, 0xD00B, 0xD00B, 0xD00B, 0xD00B, 0xD00B, 0xD00B, 0xD00B,
    0xD00B, 0xD00B, 0xD00B, 0xD00B, 0xD00B, 0xD00C, 0xD00C, 0xD00B, 0xD00B, 0xD00B, 0xD00B, 0xD00B, 0xD00B, 0xD00B, 0xD00B, 0xD00B,
    0xD00B, 0xD00B, 0xD00C, 0xD00B, 0xD00B, 0xD00B, 0xD00C, 0xD00C, 0xD00C, 0xD00C, 0xD00C, 0xD00C, 0xD00C, 0xD00C, 0xD80C, 0xD80C,
    0xD00B, 0xD00B, 0xD00B, 0xD00B, 0xD00B, 0xD00B, 0xD00B, 0xD00B, 0xD00B, 0xD00B, 0xD00B, 0xD00B, 0xD00B, 0xD00B, 0xD00B, 0xD00B,
    0xD00B, 0xD00B, 0xD00B, 0xD00B, 0xD00B, 0xD00B, 0xD00B, 0xD00B, 0xD00C, 0xD00C, 0xD00C, 0xD00B, 0xD00B, 0xD00B, 0xD00B, 0xD00B,
    0xD00B, 0xD00B, 0xD00B, 0xD00B, 0xD00C, 0xD00B, 0xD00B, 0xD00B, 0xD00B, 0xD00C, 0xD00C, 0xD00C, 0xD00B, 0xD82C, 0xC02B, 0x3003,
    0x1001, 0x1001, 0x0800, 0x0000, 0x0000, 0x0000, 0x0000, 0x0000, 0x0000, 0x0000, 0x0000, 0x2809, 0x6014, 0x5812, 0x5812, 0x5811,
    0x5812, 0x5812, 0x5812, 0x5811, 0x5812, 0x6013, 0x5812, 0x0803, 0x0801, 0x0801, 0x0001, 0x0001, 0x0801, 0x0802, 0x0001, 0x1005,
    0x0803, 0x0802, 0x0802, 0x0802, 0x0802, 0x0802, 0x0801, 0x0803, 0x0802, 0x0801, 0x0802, 0x0802, 0x0802, 0x0802, 0x0802, 0x0803,
    0x0803, 0x0801, 0x0801, 0x0801, 0x0801, 0x0802, 0x0801, 0x0802, 0x1005, 0x0001, 0x0001, 0x0001, 0x0801, 0x0801, 0x0001, 0x0001,
    0x0001, 0x1004, 0x0802, 0x0001, 0x0801, 0x0801, 0x0001, 0x0001, 0x0802, 0x0001, 0x1004, 0x0803, 0x0001, 0x0801, 0x0801, 0x0801,
    0x0001, 0x0801, 0x0001, 0x0802, 0x1005, 0x0801, 0x0802, 0x0801, 0x0802, 0x0802, 0x0802, 0x0802, 0x0801, 0x1806, 0x0803, 0x0801,
    0x0802, 0x0801, 0x0801, 0x0802, 0x0801, 0x0801, 0x0802, 0x0804, 0x0000, 0x0000, 0x0000, 0x0000, 0x0000, 0x0000, 0x0000, 0x0000,
    0x0000, 0x0000, 0x0000, 0x0000, 0x0000, 0x0000, 0x0000, 0x0000, 0x0000, 0x0000, 0x0000, 0x0000, 0x0000, 0x0000, 0x0000, 0x0000,
    0x0000, 0x0000, 0x0000, 0x0000, 0x0000, 0x0000, 0x0000, 0x0000, 0x0000, 0x0000, 0x0000, 0x0000, 0x0000, 0x0000, 0x0000, 0x0000,
    0x0000, 0x0000, 0x0000, 0x0000, 0x0000, 0x0000, 0x0000, 0x0000, 0x0000, 0x0000, 0x0000, 0x0000, 0x0000, 0x0000, 0x0000, 0x0000,
    0x0000, 0x0000, 0x0000, 0x0000, 0x0000, 0x0000, 0x0000, 0x0000, 0x0000, 0x0000, 0x0000, 0x0000, 0x0000, 0x0000, 0x0000, 0x0000,
    0x0000, 0x0000, 0x0000, 0x0000, 0x0000, 0x0000, 0x0000, 0x0000, 0x0000, 0x0000, 0x0000, 0x0000, 0x0000, 0x0000, 0x0000, 0x0000,
    0x0000, 0x0000, 0x0000, 0x0000, 0x0000, 0x0000, 0x0000, 0x0000, 0x0000, 0x0000, 0x0000, 0x0000, 0x0000, 0x0000, 0x0000, 0x0000,
    0x0000, 0x0000, 0x0000, 0x0000, 0x0000, 0x0000, 0x0000, 0x0000, 0x0000, 0x0000, 0x0000, 0x0800, 0x1001, 0x0801, 0x6026, 0xE02D,
    0xD00B, 0xD00B, 0xD00B, 0xD00B, 0xD00B, 0xD00C, 0xD00B, 0xD00B, 0xD00B, 0xD00B, 0xD00B, 0xD00B, 0xD00B, 0xD00B, 0xD00B, 0xD00B,
    0xD00B, 0xD00B, 0xD00B, 0xD00B, 0xD00B, 0xD00B, 0xD00B, 0xD00B, 0xD00B, 0xD00B, 0xD00B, 0xD00B, 0xD00B, 0xD00B, 0xD00B, 0xD00B,
    0xD00B, 0xD00B, 0xD00B, 0xD00B, 0xD00B, 0xD00B, 0xD00B, 0xD00C, 0xD00C, 0xD00C, 0xD00C, 0xD00C, 0xD00C, 0xD00B, 0xD00B, 0xD00B,
    0xD00B, 0xD00B, 0xD00B, 0xD00B, 0xD00B, 0xD00B, 0xD00B, 0xD00B, 0xD00B, 0xD00B, 0xD00B, 0xD00B, 0xD00B, 0xD00B, 0xD00B, 0xD00B,
    0xD00B, 0xD00B, 0xD00B, 0xD00B, 0xD00B, 0xD00B, 0xD00B, 0xD00B, 0xD00B, 0xD00B, 0xD00C, 0xD00B, 0xD00B, 0xD00B, 0xD00B, 0xD00B,
    0xD00B, 0xD00B, 0xD00B, 0xD00B, 0xD00B, 0xD00B, 0xD00B, 0xD00B, 0xD00B, 0xD00B, 0xD00B, 0xD00B, 0xD00B, 0xC80B, 0xD80C, 0xC00B,
    0x2802, 0x0801, 0x0801, 0x0000, 0x0000, 0x0000, 0x0000, 0x0000, 0x0000, 0x0000, 0x0000, 0x0801, 0x1003, 0x0803, 0x0803, 0x0803,
    0x1003, 0x1003, 0x0803, 0x0802, 0x0803, 0x1003, 0x0803, 0x0001, 0x0001, 0x0001, 0x0801, 0x0801, 0x0001, 0x0001, 0x0001, 0x0001,
    0x0001, 0x0801, 0x0801, 0x0802, 0x0801, 0x0801, 0x0001, 0x0001, 0x0001, 0x0801, 0x0801, 0x0801, 0x0001, 0x0001, 0x0801, 0x0001,
    0x0001, 0x0001, 0x0801, 0x0801, 0x0801, 0x0801, 0x0801, 0x0801, 0x0001, 0x0001, 0x0001, 0x0001, 0x0001, 0x0001, 0x0001, 0x0001,
    0x0001, 0x0801, 0x0801, 0x0001, 0x0001, 0x0001, 0x0001, 0x0001, 0x0001, 0x0001, 0x0001, 0x0001, 0x0001, 0x0001, 0x0801, 0x0801,
    0x0001, 0x0001, 0x0001, 0x0801, 0x0801, 0x0801, 0x0801, 0x0801, 0x0801, 0x0001, 0x0801, 0x0802, 0x0802, 0x0801, 0x0801, 0x0001,
    0x0001, 0x0801, 0x0801, 0x0001, 0x0001, 0x0801, 0x0802, 0x0001, 0x0000, 0x0000, 0x0000, 0x0000, 0x0000, 0x0000, 0x0000, 0x0000,
    0x0000, 0x0000, 0x0000, 0x0000, 0x0000, 0x0000, 0x0000, 0x0000, 0x0000, 0x0000, 0x0000, 0x0000, 0x0000, 0x0000, 0x0000, 0x0000,
    0x0000, 0x0000, 0x0000, 0x0000, 0x0000, 0x0000, 0x0000, 0x0000, 0x0000, 0x0000, 0x0000, 0x0000, 0x0000, 0x0000, 0x0000, 0x0000,
    0x0000, 0x0000, 0x0000, 0x0000, 0x0000, 0x0000, 0x0000, 0x0000, 0x0000, 0x0000, 0x0000, 0x0000, 0x0000, 0x0000, 0x0000, 0x0000,
    0x0000, 0x0000, 0x0000, 0x0000, 0x0000, 0x0000, 0x0000, 0x0000, 0x0000, 0x0000, 0x0000, 0x0000, 0x0000, 0x0000, 0x0000, 0x0000,
    0x0000, 0x0000, 0x0000, 0x0000, 0x0000, 0x0000, 0x0000, 0x0000, 0x0000, 0x0000, 0x0000, 0x0000, 0x0000, 0x0000, 0x0000, 0x0000,
    0x0000, 0x0000, 0x0000, 0x0000, 0x0000, 0x0000, 0x0000, 0x0000, 0x0000, 0x0000, 0x0000, 0x0000, 0x0000, 0x0000, 0x0000, 0x0000,
    0x0000, 0x0000, 0x0000, 0x0000, 0x0000, 0x0000, 0x0000, 0x0000, 0x0000, 0x0000, 0x1001, 0x2002, 0x1802, 0x6006, 0xE80D, 0xE00C,
    0xE00C, 0xD80C, 0xD80C, 0xD80C, 0xD80C, 0xD80C, 0xD80C, 0xE00C, 0xE00C, 0xE00C, 0xD80C, 0xD80C, 0xD80C, 0xD80C, 0xD80C, 0xD80C,
    0xD80C, 0xD80C, 0xD80C, 0xD80C, 0xD80C, 0xD80C, 0xE00C, 0xD80C, 0xD80C, 0xD80C, 0xD80C, 0xD80C, 0xD80C, 0xD80C, 0xD80C, 0xD80C,
    0xD80C, 0xD80C, 0xD80C, 0xD80C, 0xD80C, 0xD80C, 0xD80C, 0xE00C, 0xE00C, 0xD80C, 0xE00C, 0xE00C, 0xE00C, 0xE00C, 0xE00C, 0xE00C,
    0xE00C, 0xE00B, 0xD80B, 0xD80B, 0xD80C, 0xE00C, 0xE00C, 0xE00C, 0xE00C, 0xD80C, 0xD80C, 0xD80C, 0xD80C, 0xD80C, 0xD80C, 0xD80C,
    0xD80C, 0xD80C, 0xD80C, 0xD80C, 0xD80C, 0xD80C, 0xD80C, 0xD80C, 0xE00C, 0xE00C, 0xE00C, 0xD80C, 0xD80C, 0xD80C, 0xD80C, 0xD80C,
    0xD80C, 0xD80C, 0xD80C, 0xE00C, 0xE00C, 0xD80C, 0xD80C, 0xD80C, 0xE00C, 0xD80C, 0xD80C, 0xD80C, 0xD80C, 0xD80C, 0xE00C, 0xE80D,
    0xD00C, 0x2803, 0x1802, 0x1001, 0x0800, 0x0000, 0x0000, 0x0000, 0x0000, 0x0000, 0x0000, 0x0000, 0x0000, 0x0000, 0x0000, 0x0000,
    0x0000, 0x0000, 0x0000, 0x0000, 0x0000, 0x0000, 0x0000, 0x0000, 0x0000, 0x0000, 0x0000, 0x0000, 0x0000, 0x0000, 0x0000, 0x0000,
    0x0000, 0x0000, 0x0000, 0x0000, 0x0000, 0x0000, 0x0000, 0x0000, 0x0000, 0x0000, 0x0000, 0x0000, 0x0000, 0x0000, 0x0000, 0x0000,
    0x0000, 0x0000, 0x0000, 0x0000, 0x0000, 0x0000, 0x0000, 0x0000, 0x0000, 0x0000, 0x0000, 0x0000, 0x0000, 0x0000, 0x0000, 0x0000,
    0x0000, 0x0000, 0x0000, 0x0000, 0x0000, 0x0000, 0x0000, 0x0000, 0x0000, 0x0000, 0x0000, 0x0000, 0x0000, 0x0000, 0x0000, 0x0000,
    0x0000, 0x0000, 0x0000, 0x0000, 0x0000, 0x0000, 0x0000, 0x0000, 0x0000, 0x0000, 0x0000, 0x0000, 0x0000, 0x0000, 0x0000, 0x0000,
    0x0000, 0x0000, 0x0000, 0x0000, 0x0000, 0x0000, 0x0000, 0x0000, 0x0000, 0x0000, 0x0000, 0x0000, 0x0000, 0x0000, 0x0000, 0x0000,
    0x0000, 0x0000, 0x0000, 0x0000, 0x0000, 0x0000, 0x0000, 0x0000, 0x0000, 0x0000, 0x0000, 0x0000, 0x0000, 0x0000, 0x0000, 0x0000,
    0x0000, 0x0000, 0x0000, 0x0000, 0x0000, 0x0000, 0x0000, 0x0000, 0x0000, 0x0000, 0x0000, 0x0000, 0x0000, 0x0000, 0x0000, 0x0000,
    0x0000, 0x0000, 0x0000, 0x0000, 0x0000, 0x0000, 0x0000, 0x0000, 0x0000, 0x0000, 0x0000, 0x0000, 0x0000, 0x0000, 0x0000, 0x0000,
    0x0000, 0x0000, 0x0000, 0x0000, 0x0000, 0x0000, 0x0000, 0x0000, 0x0000, 0x0000, 0x0000, 0x0000, 0x0000, 0x0000, 0x0000, 0x0000,
    0x0000, 0x0000, 0x0000, 0x0000, 0x0000, 0x0000, 0x0000, 0x0000, 0x0000, 0x0000, 0x0000, 0x0000, 0x0000, 0x0000, 0x0000, 0x0000,
    0x0000, 0x0000, 0x0000, 0x0000, 0x0000, 0x0000, 0x0000, 0x0000, 0x0000, 0x0000, 0x0000, 0x0000, 0x0000, 0x0000, 0x0000, 0x0000,
    0x0000, 0x0000, 0x0000, 0x0000, 0x0000, 0x0000, 0x0000, 0x0000, 0x0000, 0x0000, 0x0800, 0x0801, 0x0000, 0x4805, 0x900A, 0x9009,
    0x900A, 0x8809, 0x8809, 0x880A, 0x900A, 0x900A, 0x900A, 0x880A, 0x8809, 0x8809, 0x8809, 0x880A, 0x900A, 0x900A, 0x880A, 0x880A,
    0x880A, 0x880A, 0x880A, 0x880A, 0x880A, 0x880A, 0x880A, 0x880A, 0x900A, 0x880A, 0x900A, 0x900A, 0x900A, 0x880A, 0x8809, 0x8809,
    0x900A, 0x900A, 0x900A, 0x900A, 0x900A, 0x900A, 0x900A, 0x900A, 0x900A, 0x900A, 0x900A, 0x900A, 0x900A, 0x980A, 0x900A, 0x900A,
    0x900A, 0x900A, 0x900A, 0x900A, 0x900A, 0x900A, 0x900A, 0x900A, 0x900A, 0x900A, 0x900A, 0x900A, 0x900A, 0x900A, 0x900A, 0x900A,
    0x900A, 0x900A, 0x900A, 0x880A, 0x880A, 0x900A, 0x880A, 0x880A, 0x900A, 0x900A, 0x900A, 0x900A, 0x900A, 0x900A, 0x900A, 0x900A,
    0x900A, 0x900A, 0x900A, 0x900A, 0x900A, 0x900A, 0x8809, 0x880A, 0x900A, 0x900A, 0x900A, 0x900A, 0x880A, 0x900A, 0x900A, 0x900A,
    0x980A, 0x2803, 0x0001, 0x0800, 0x0800, 0x0000, 0x0000, 0x0000, 0x0000, 0x0000, 0x0000, 0x0000, 0x0000, 0x0000, 0x0000, 0x0000,
    0x0000, 0x0000, 0x0000, 0x0000, 0x0000, 0x0000, 0x0000, 0x0000, 0x0000, 0x0000, 0x0000, 0x0000, 0x0000, 0x0000, 0x0000, 0x0000,
    0x0000, 0x0000, 0x0000, 0x0000, 0x0000, 0x0000, 0x0000, 0x0000, 0x0000, 0x0000, 0x0000, 0x0000, 0x0000, 0x0000, 0x0000, 0x0000,
    0x0000, 0x0000, 0x0000, 0x0000, 0x0000, 0x0000, 0x0000, 0x0000, 0x0000, 0x0000, 0x0000, 0x0000, 0x0000, 0x0000, 0x0000, 0x0000,
    0x0000, 0x0000, 0x0000, 0x0000, 0x0000, 0x0000, 0x0000, 0x0000, 0x0000, 0x0000, 0x0000, 0x0000, 0x0000, 0x0000, 0x0000, 0x0000,
    0x0000, 0x0000, 0x0000, 0x0000, 0x0000, 0x0000, 0x0000, 0x0000, 0x0000, 0x0000, 0x0000, 0x0000, 0x0000, 0x0000, 0x0000, 0x0000,
    0x0000, 0x0000, 0x0000, 0x0000, 0x0000, 0x0000, 0x0000, 0x0000, 0x0000, 0x0000, 0x0000, 0x0000, 0x0000, 0x0000, 0x0000, 0x0000,
    0x0001, 0x0001, 0x0001, 0x0001, 0x0001, 0x0001, 0x0001, 0x0001, 0x0001, 0x0001, 0x0001, 0x0001, 0x0001, 0x0001, 0x0001, 0x0001,
    0x0001, 0x0001, 0x0001, 0x0001, 0x0001, 0x0001, 0x0001, 0x0001, 0x0001, 0x0001, 0x0001, 0x0001, 0x0001, 0x0001, 0x0001, 0x0001,
    0x0001, 0x0001, 0x0001, 0x0001, 0x0001, 0x0001, 0x0001, 0x0001, 0x0001, 0x0001, 0x0001, 0x0001, 0x0001, 0x0001, 0x0001, 0x0001,
    0x0001, 0x0001, 0x0001, 0x0001, 0x0001, 0x0001, 0x0001, 0x0001, 0x0001, 0x0001, 0x0001, 0x0001, 0x0001, 0x0001, 0x0001, 0x0001,
    0x0001, 0x0001, 0x0001, 0x0001, 0x0001, 0x0001, 0x0001, 0x0001, 0x0001, 0x0001, 0x0001, 0x0001, 0x0001, 0x0001, 0x0001, 0x0001,
    0x0001, 0x0001, 0x0001, 0x0001, 0x0001, 0x0001, 0x0001, 0x0001, 0x0001, 0x0001, 0x0001, 0x0001, 0x0001, 0x0001, 0x0001, 0x0001,
    0x0001, 0x0001, 0x0001, 0x0001, 0x0001, 0x0001, 0x0001, 0x0801, 0x1001, 0x1002, 0x1002, 0x4004, 0xA809, 0xA00A, 0xA80A, 0xA80A,
    0xB00B, 0xB00B, 0xB00A, 0xB00B, 0xB00B, 0xB00B, 0xB00B, 0xA80B, 0xA80A, 0xA80A, 0xA80A, 0xB00A, 0xB00B, 0xA80B, 0xA80B, 0xB00B,
    0xA80B, 0xA80B, 0xA80B, 0xA80B, 0xA80B, 0xA80A, 0xA80A, 0xA80B, 0xA80B, 0xA80B, 0xB00B, 0xA80B, 0xA80B, 0xA80B, 0xA80B, 0xA80B,
    0xB00B, 0xB00B, 0xB00B, 0xB00B, 0xB00B, 0xB00B, 0xB00B, 0xB00B, 0xB00B, 0xB00B, 0xB00B, 0xB00B, 0xB00B, 0xB00B, 0xB00B, 0xB00B,
    0xB00B, 0xB00B, 0xB00B, 0xB00B, 0xB00B, 0xB00B, 0xB00B, 0xB00B, 0xB00B, 0xB00B, 0xB00B, 0xB00B, 0xB00B, 0xB00B, 0xB00B, 0xB00B,
    0xA80B, 0xB00B, 0xB00B, 0xB00B, 0xB00B, 0xA80B, 0xA80B, 0xA80B, 0xB00B, 0xB00B, 0xB00B, 0xB00B, 0xB00B, 0xB00B, 0xB00B, 0xB00B,
    0xB00B, 0xB00B, 0xB00B, 0xB00B, 0xB00B, 0xB00B, 0xB00B, 0xB00B, 0xA80B, 0xB00B, 0xB00B, 0xB00B, 0xB00B, 0xB00B, 0xA80A, 0xA80A,
    0xA80A, 0xA02A, 0x7807, 0x1002, 0x2003, 0x1802, 0x1001, 0x0001, 0x0001, 0x0001, 0x0001, 0x0001, 0x0001, 0x0001, 0x0001, 0x0001,
    0x0001, 0x0001, 0x0001, 0x0001, 0x0001, 0x0001, 0x0001, 0x0001, 0x0001, 0x0001, 0x0001, 0x0001, 0x0001, 0x0001, 0x0001, 0x0001,
    0x0001, 0x0001, 0x0001, 0x0001, 0x0001, 0x0001, 0x0001, 0x0001, 0x0001, 0x0001, 0x0001, 0x0001, 0x0001, 0x0001, 0x0001, 0x0001,
    0x0001, 0x0001, 0x0001, 0x0001, 0x0001, 0x0001, 0x0001, 0x0001, 0x0001, 0x0001, 0x0001, 0x0001, 0x0001, 0x0001, 0x0001, 0x0001,
    0x0001, 0x0001, 0x0001, 0x0001, 0x0001, 0x0001, 0x0001, 0x0001, 0x0001, 0x0001, 0x0001, 0x0001, 0x0001, 0x0001, 0x0001, 0x0001,
    0x0001, 0x0001, 0x0001, 0x0001, 0x0001, 0x0001, 0x0001, 0x0001, 0x0001, 0x0001, 0x0001, 0x0001, 0x0001, 0x0001, 0x0001, 0x0001,
    0x0001, 0x0001, 0x0001, 0x0001, 0x0001, 0x0001, 0x0001, 0x0001, 0x0001, 0x0001, 0x0001, 0x0001, 0x0001, 0x0001, 0x0001, 0x0001,
    0x0001, 0x0001, 0x0001, 0x0001, 0x0001, 0x0001, 0x0001, 0x0001, 0x0001, 0x0001, 0x0001, 0x0001, 0x0001, 0x0001, 0x0001, 0x0001,
    0x0001, 0x0001, 0x0001, 0x0001, 0x0001, 0x0001, 0x0001, 0x0001, 0x0001, 0x0001, 0x0001, 0x0001, 0x0001, 0x0001, 0x0001, 0x0001,
    0x0001, 0x0001, 0x0001, 0x0001, 0x0001, 0x0001, 0x0001, 0x0001, 0x0001, 0x0001, 0x0001, 0x0001, 0x0001, 0x0001, 0x0001, 0x0001,
    0x0001, 0x0001, 0x0001, 0x0001, 0x0001, 0x0001, 0x0001, 0x0001, 0x0001, 0x0001, 0x0001, 0x0001, 0x0001, 0x0001, 0x0001, 0x0001,
    0x0001, 0x0001, 0x0001, 0x0001, 0x0001, 0x0001, 0x0001, 0x0001, 0x0001, 0x0001, 0x0001, 0x0001, 0x0001, 0x0001, 0x0001, 0x0001,
    0x0001, 0x0001, 0x0001, 0x0001, 0x0001, 0x0001, 0x0001, 0x0001, 0x0001, 0x0001, 0x0001, 0x0001, 0x0001, 0x0001, 0x0001, 0x0001,
    0x0001, 0x0001, 0x0001, 0x0001, 0x0001, 0x0001, 0x0000, 0x0801, 0x1001, 0x1001, 0x1802, 0xA809, 0xF00D, 0xE00C, 0xE00C, 0xD80C,
    0xD80C, 0xE00C, 0xE00C, 0xE00C, 0xE00C, 0xE00C, 0xE00C, 0xE00C, 0xE00C, 0xE00C, 0xE00C, 0xE00C, 0xE00C, 0xE00C, 0xE00C, 0xE00C,
    0xE00C, 0xE00C, 0xE00C, 0xE00C, 0xE00C, 0xD80C, 0xD80C, 0xE00C, 0xE00C, 0xE00C, 0xE00C, 0xE00C, 0xE00C, 0xE00C, 0xE00C, 0xE00C,
    0xE00C, 0xE00C, 0xE00C, 0xE00C, 0xE00C, 0xD80C, 0xE00C, 0xE00C, 0xE00C, 0xE00C, 0xE00C, 0xE00C, 0xE00C, 0xE00C, 0xE00C, 0xE00C,
    0xE00C, 0xE00C, 0xE00C, 0xE00C, 0xE00C, 0xE00C, 0xE00C, 0xE00C, 0xE00C, 0xE02C, 0xE00C, 0xE00C, 0xE00C, 0xE00C, 0xE00C, 0xE00C,
    0xD80C, 0xD80C, 0xD80C, 0xE00C, 0xE00C, 0xE00C, 0xE00C, 0xE00C, 0xE00C, 0xE00C, 0xE00C, 0xE00C, 0xE00C, 0xE00C, 0xE00C, 0xE00C,
    0xE00C, 0xE00C, 0xE00C, 0xE00C, 0xE00C, 0xE00C, 0xE00C, 0xE00C, 0xE00C, 0xE00C, 0xE00C, 0xE00C, 0xE00C, 0xE00C, 0xD80C, 0xD80C,
    0xD80C, 0xE00C, 0xE02D, 0x5026, 0x1002, 0x1802, 0x0801, 0x0001, 0x0001, 0x0001, 0x0001, 0x0001, 0x0001, 0x0001, 0x0001, 0x0001,
    0x0001, 0x0001, 0x0001, 0x0001, 0x0001, 0x0001, 0x0001, 0x0001, 0x0001, 0x0001, 0x0001, 0x0001, 0x0001, 0x0001, 0x0001, 0x0001,
    0x0001, 0x0001, 0x0001, 0x0001, 0x0001, 0x0001, 0x0001, 0x0001, 0x0001, 0x0001, 0x0001, 0x0001, 0x0001, 0x0001, 0x0001, 0x0001,
    0x0001, 0x0001, 0x0001, 0x0001, 0x0001, 0x0001, 0x0001, 0x0001, 0x0001, 0x0001, 0x0001, 0x0001, 0x0001, 0x0001, 0x0001, 0x0001,
    0x0001, 0x0001, 0x0001, 0x0001, 0x0001, 0x0001, 0x0001, 0x0001, 0x0001, 0x0001, 0x0001, 0x0001, 0x0001, 0x0001, 0x0001, 0x0001,
    0x0001, 0x0001, 0x0001, 0x0001, 0x0001, 0x0001, 0x0001, 0x0001, 0x0001, 0x0001, 0x0001, 0x0001, 0x0001, 0x0001, 0x0001, 0x0001,
    0x0001, 0x0001, 0x0001, 0x0001, 0x0001, 0x0001, 0x0001, 0x0001, 0x0001, 0x0001, 0x0001, 0x0001, 0x0001, 0x0001, 0x0001, 0x0001,
    0x0000, 0x0000, 0x0000, 0x0000, 0x0000, 0x0000, 0x0000, 0x0000, 0x0000, 0x0000, 0x0000, 0x0000, 0x0000, 0x0000, 0x0000, 0x0000,
    0x0000, 0x0000, 0x0000, 0x0000, 0x0000, 0x0000, 0x0000, 0x0000, 0x0000, 0x0000, 0x0000, 0x0000, 0x0000, 0x0000, 0x0000, 0x0000,
    0x0000, 0x0000, 0x0000, 0x0000, 0x0000, 0x0000, 0x0000, 0x0000, 0x0000, 0x0000, 0x0000, 0x0000, 0x0000, 0x0000, 0x0000, 0x0000,
    0x0000, 0x0000, 0x0000, 0x0000, 0x0000, 0x0000, 0x0000, 0x0000, 0x0000, 0x0000, 0x0000, 0x0000, 0x0000, 0x0000, 0x0000, 0x0000,
    0x0000, 0x0000, 0x0000, 0x0000, 0x0000, 0x0000, 0x0000, 0x0000, 0x0000, 0x0000, 0x0000, 0x0000, 0x0000, 0x0000, 0x0000, 0x0000,
    0x0000, 0x0000, 0x0000, 0x0000, 0x0000, 0x0000, 0x0000, 0x0000, 0x0000, 0x0000, 0x0000, 0x0000, 0x0000, 0x0000, 0x0000, 0x0000,
    0x0000, 0x0000, 0x0000, 0x0000, 0x0000, 0x0000, 0x0000, 0x0000, 0x1001, 0x0000, 0x6806, 0xE00D, 0xD00B, 0xD80B, 0xD80B, 0xD80B,
    0xD00B, 0xD00B, 0xD00B, 0xD00B, 0xD00B, 0xD80B, 0xD80B, 0xD00B, 0xD00B, 0xD00B, 0xD00B, 0xD00B, 0xD00B, 0xD00B, 0xD00B, 0xD00B,
    0xD00B, 0xD00B, 0xD00B, 0xD00B, 0xD00B, 0xD00B, 0xD00B, 0xD00B, 0xD00B, 0xD00B, 0xD00B, 0xD00B, 0xD00B, 0xD00B, 0xD00B, 0xD80B,
    0xD00B, 0xD00B, 0xD00B, 0xD00B, 0xD00B, 0xD00B, 0xD00B, 0xD00B, 0xD00B, 0xD00B, 0xD00B, 0xD00B, 0xD00B, 0xD00B, 0xD00B, 0xD00B,
    0xD00B, 0xD80B, 0xD80B, 0xD80B, 0xD00B, 0xD00B, 0xD00B, 0xD00B, 0xD00B, 0xD00B, 0xD00B, 0xD80B, 0xD00B, 0xD00B, 0xD00B, 0xD00B,
    0xD00B, 0xD00B, 0xD00B, 0xD00B, 0xD00B, 0xD00B, 0xD00B, 0xD00B, 0xD00B, 0xD00B, 0xD02C, 0xD00C, 0xD00C, 0xD00B, 0xD00C, 0xD00B,
    0xD00C, 0xD00B, 0xD00B, 0xD00B, 0xD00C, 0xD00C, 0xD00C, 0xD80C, 0xD80B, 0xD80C, 0xD00C, 0xD00B, 0xD00B, 0xD00B, 0xD00B, 0xD00B,
    0xD80C, 0xD00B, 0xD80C, 0xB82B, 0x2803, 0x1002, 0x1001, 0x0000, 0x0000, 0x0000, 0x0000, 0x0000, 0x0000, 0x0000, 0x0000, 0x0000,
    0x0000, 0x0000, 0x0000, 0x0000, 0x0000, 0x0000, 0x0000, 0x0000, 0x0000, 0x0000, 0x0000, 0x0000, 0x0000, 0x0000, 0x0000, 0x0000,
    0x0000, 0x0000, 0x0000, 0x0000, 0x0000, 0x0000, 0x0000, 0x0000, 0x0000, 0x0000, 0x0000, 0x0000, 0x0000, 0x0000, 0x0000, 0x0000,
    0x0000, 0x0000, 0x0000, 0x0000, 0x0000, 0x0000, 0x0000, 0x0000, 0x0000, 0x0000, 0x0000, 0x0000, 0x0000, 0x0000, 0x0000, 0x0000,
    0x0000, 0x0000, 0x0000, 0x0000, 0x0000, 0x0000, 0x0000, 0x0000, 0x0000, 0x0000, 0x0000, 0x0000, 0x0000, 0x0000, 0x0000, 0x0000,
    0x0000, 0x0000, 0x0000, 0x0000, 0x0000, 0x0000, 0x0000, 0x0000, 0x0000, 0x0000, 0x0000, 0x0000, 0x0000, 0x0000, 0x0000, 0x0000,
    0x0000, 0x0000, 0x0000, 0x0000, 0x0000, 0x0000, 0x0000, 0x0000, 0x0000, 0x0000, 0x0000, 0x0000, 0x0000, 0x0000, 0x0000, 0x0000,
    0x0000, 0x0000, 0x0000, 0x0000, 0x0000, 0x0000, 0x0000, 0x0000, 0x0000, 0x0000, 0x0000, 0x0000, 0x0000, 0x0000, 0x0000, 0x0000,
    0x0000, 0x0000, 0x0000, 0x0000, 0x0000, 0x0000, 0x0000, 0x0000, 0x0000, 0x0000, 0x0000, 0x0000, 0x0000, 0x0000, 0x0000, 0x0000,
    0x0000, 0x0000, 0x0000, 0x0000, 0x0000, 0x0000, 0x0000, 0x0000, 0x0000, 0x0000, 0x0000, 0x0000, 0x0000, 0x0000, 0x0000, 0x0000,
    0x0000, 0x0000, 0x0000, 0x0000, 0x0000, 0x0000, 0x0000, 0x0000, 0x0000, 0x0000, 0x0000, 0x0000, 0x0000, 0x0000, 0x0000, 0x0000,
    0x0000, 0x0000, 0x0000, 0x0000, 0x0000, 0x0000, 0x0000, 0x0000, 0x0000, 0x0000, 0x0000, 0x0000, 0x0000, 0x0000, 0x0000, 0x0000,
    0x0000, 0x0000, 0x0000, 0x0000, 0x0000, 0x0000, 0x0000, 0x0000, 0x0000, 0x0000, 0x0000, 0x0000, 0x0000, 0x0000, 0x0000, 0x0000,
    0x0000, 0x0000, 0x0000, 0x0000, 0x0000, 0x0000, 0x0801, 0x1802, 0x1802, 0x4024, 0xD80C, 0xD00C, 0xD02B, 0xD80C, 0xD80B, 0xD80B,
    0xD80B, 0xD80B, 0xD00B, 0xD00B, 0xD80B, 0xD80B, 0xD00B, 0xD00B, 0xD00B, 0xD00B, 0xD00B, 0xD00B, 0xD00B, 0xD00B, 0xD00B, 0xD00B,
    0xD00B, 0xD00B, 0xD00B, 0xD00B, 0xD00B, 0xD00B, 0xD80B, 0xD00B, 0xD00B, 0xD00B, 0xD00B, 0xD00B, 0xD00B, 0xD80B, 0xD80B, 0xD80B,
    0xD00B, 0xD00B, 0xD00B, 0xD00B, 0xD00B, 0xD00B, 0xD00B, 0xD00B, 0xD80B, 0xD80B, 0xD00B, 0xD00B, 0xD00B, 0xD80B, 0xD80B, 0xD80B,
    0xD80C, 0xD80C, 0xD80B, 0xD80B, 0xD00B, 0xD00B, 0xD00B, 0xD00B, 0xD00B, 0xD80B, 0xD80B, 0xD00B, 0xD00B, 0xD00B, 0xD00B, 0xD00B,
    0xD00B, 0xD80B, 0xD80B, 0xD80B, 0xD80B, 0xD80B, 0xD00B, 0xD80B, 0xD00B, 0xD00B, 0xD02C, 0xD82C, 0xD80C, 0xD80C, 0xD00C, 0xD00B,
    0xD00B, 0xD00B, 0xD00B, 0xD00C, 0xD80C, 0xD82C, 0xD80C, 0xD80C, 0xD82C, 0xD80C, 0xD80C, 0xD00B, 0xD00B, 0xD00B, 0xD00B, 0xD80B,
    0xD00C, 0xD00C, 0xD00C, 0xE80D, 0xA009, 0x1802, 0x2003, 0x1001, 0x0000, 0x0000, 0x0000, 0x0000, 0x0000, 0x0000, 0x0000, 0x0000,
    0x0000, 0x0000, 0x0000, 0x0000, 0x0000, 0x0000, 0x0000, 0x0000, 0x0000, 0x0000, 0x0000, 0x0000, 0x0000, 0x0000, 0x0000, 0x0000,
    0x0000, 0x0000, 0x0000, 0x0000, 0x0000, 0x0000, 0x0000, 0x0000, 0x0000, 0x0000, 0x0000, 0x0000, 0x0000, 0x0000, 0x0000, 0x0000,
    0x0000, 0x0000, 0x0000, 0x0000, 0x0000, 0x0000, 0x0000, 0x0000, 0x0000, 0x0000, 0x0000, 0x0000, 0x0000, 0x0000, 0x0000, 0x0000,
    0x0000, 0x0000, 0x0000, 0x0000, 0x0000, 0x0000, 0x0000, 0x0000, 0x0000, 0x0000, 0x0000, 0x0000, 0x0000, 0x0000, 0x0000, 0x0000,
    0x0000, 0x0000, 0x0000, 0x0000, 0x0000, 0x0000, 0x0000, 0x0000, 0x0000, 0x0000, 0x0000, 0x0000, 0x0000, 0x0000, 0x0000, 0x0000,
    0x0000, 0x0000, 0x0000, 0x0000, 0x0000, 0x0000, 0x0000, 0x0000, 0x0000, 0x0000, 0x0000, 0x0000, 0x0000, 0x0000, 0x0000, 0x0000,
    0x0000, 0x0000, 0x0000, 0x0000, 0x0000, 0x0000, 0x0000, 0x0000, 0x0000, 0x0000, 0x0000, 0x0000, 0x0000, 0x0000, 0x0000, 0x0000,
    0x0000, 0x0000, 0x0000, 0x0000, 0x0000, 0x0000, 0x0000, 0x0000, 0x0000, 0x0000, 0x0000, 0x0000, 0x0000, 0x0000, 0x0000, 0x0000,
    0x0000, 0x0000, 0x0000, 0x0000, 0x0000, 0x0000, 0x0000, 0x0000, 0x0000, 0x0000, 0x0000, 0x0000, 0x0000, 0x0000, 0x0000, 0x0000,
    0x0000, 0x0000, 0x0000, 0x0000, 0x0000, 0x0000, 0x0000, 0x0000, 0x0000, 0x0000, 0x0000, 0x0000, 0x0000, 0x0000, 0x0000, 0x0000,
    0x0000, 0x0000, 0x0000, 0x0000, 0x0000, 0x0000, 0x0000, 0x0000, 0x0000, 0x0000, 0x0000, 0x0000, 0x0000, 0x0000, 0x0000, 0x0000,
    0x0000, 0x0000, 0x0000, 0x0000, 0x0000, 0x0000, 0x0000, 0x0000, 0x0000, 0x0000, 0x0000, 0x0000, 0x0000, 0x0000, 0x0000, 0x0000,
    0x0000, 0x0000, 0x0000, 0x0000, 0x0000, 0x0000, 0x0801, 0x1001, 0x2803, 0xC82B, 0xE80C, 0xD80C, 0xE00C, 0xE00C, 0xD80C, 0xD80C,
    0xE00C, 0xE00C, 0xE00C, 0xE00C, 0xD80C, 0xD80C, 0xD80B, 0xD80B, 0xD80B, 0xD80C, 0xD80C, 0xD80C, 0xD80C, 0xD80C, 0xD80C, 0xD80C,
    0xD80C, 0xD80C, 0xD80C, 0xD80C, 0xD80C, 0xE00C, 0xE00C, 0xD80C, 0xD80C, 0xD80C, 0xD80C, 0xD80C, 0xD80C, 0xD80B, 0xD80B, 0xD80B,
    0xD80B, 0xD80B, 0xD80B, 0xD80B, 0xD80C, 0xD80B, 0xD80B, 0xD80B, 0xD80B, 0xD80B, 0xD80B, 0xD80B, 0xD80B, 0xD80B, 0xE00B, 0xE00B,
    0xE00B, 0xD80C, 0xE00C, 0xD80B, 0xD80B, 0xD80C, 0xD80C, 0xD80C, 0xE00B, 0xE00B, 0xE00B, 0xD80C, 0xD80C, 0xD80C, 0xD80C, 0xD80C,
    0xD80C, 0xE00C, 0xE00C, 0xE00C, 0xE00C, 0xE00C, 0xE00C, 0xE00C, 0xE00C, 0xD80C, 0xD80C, 0xE02C, 0xD80C, 0xD80C, 0xD80C, 0xD80C,
    0xD80C, 0xD80C, 0xD80C, 0xD80C, 0xE00C, 0xE02C, 0xE00C, 0xE00C, 0xE00C, 0xE00C, 0xE00C, 0xE00C, 0xD80C, 0xD80C, 0xD80C, 0xD80C,
    0xD80C, 0xD80C, 0xE00C, 0xD80C, 0xE02C, 0x6806, 0x1802, 0x1002, 0x0801, 0x0000, 0x0000, 0x0000, 0x0000, 0x0000, 0x0000, 0x0000,
    0x0000, 0x0000, 0x0000, 0x0000, 0x0000, 0x0000, 0x0000, 0x0000, 0x0000, 0x0000, 0x0000, 0x0000, 0x0000, 0x0000, 0x0000, 0x0000,
    0x0000, 0x0000, 0x0000, 0x0000, 0x0000, 0x0000, 0x0000, 0x0000, 0x0000, 0x0000, 0x0000, 0x0000, 0x0000, 0x0000, 0x0000, 0x0000,
    0x0000, 0x0000, 0x0000, 0x0000, 0x0000, 0x0000, 0x0000, 0x0000, 0x0000, 0x0000, 0x0000, 0x0000, 0x0000, 0x0000, 0x0000, 0x0000,
    0x0000, 0x0000, 0x0000, 0x0000, 0x0000, 0x0000, 0x0000, 0x0000, 0x0000, 0x0000, 0x0000, 0x0000, 0x0000, 0x0000, 0x0000, 0x0000,
    0x0000, 0x0000, 0x0000, 0x0000, 0x0000, 0x0000, 0x0000, 0x0000, 0x0000, 0x0000, 0x0000, 0x0000, 0x0000, 0x0000, 0x0000, 0x0000,
    0x0000, 0x0000, 0x0000, 0x0000, 0x0000, 0x0000, 0x0000, 0x0000, 0x0000, 0x0000, 0x0000, 0x0000, 0x0000, 0x0000, 0x0000, 0x0000,
    0x0801, 0x0801, 0x0801, 0x0801, 0x0801, 0x0801, 0x0801, 0x0801, 0x0801, 0x0801, 0x0801, 0x0801, 0x0801, 0x0801, 0x0801, 0x1003,
    0x400B, 0x700A, 0x0800, 0x0001, 0x0801, 0x0801, 0x0801, 0x0801, 0x0801, 0x0801, 0x0801, 0x0801, 0x0801, 0x0801, 0x0801, 0x0801,
    0x0801, 0x0801, 0x0801, 0x0801, 0x0801, 0x0801, 0x0801, 0x0801, 0x0801, 0x0801, 0x0801, 0x0801, 0x0801, 0x0801, 0x0801, 0x0801,
    0x0801, 0x0801, 0x0801, 0x0801, 0x0801, 0x0801, 0x0801, 0x0801, 0x0801, 0x0801, 0x0801, 0x0801, 0x0801, 0x0801, 0x0801, 0x0801,
    0x0801, 0x0801, 0x0801, 0x0801, 0x0801, 0x0801, 0x0801, 0x0801, 0x0801, 0x0801, 0x0801, 0x0801, 0x0801, 0x0801, 0x0801, 0x0801,
    0x0801, 0x0801, 0x0801, 0x0801, 0x0801, 0x0801, 0x0801, 0x0801, 0x0801, 0x0801, 0x0801, 0x0801, 0x0801, 0x0801, 0x0801, 0x0801,
    0x0801, 0x0801, 0x0801, 0x0801, 0x0801, 0x0801, 0x1002, 0x0801, 0x4805, 0xC80C, 0xC00B, 0xC00C, 0xC00C, 0xC00B, 0xB80B, 0xB80B,
    0xB80B, 0xB80B, 0xB80B, 0xB80B, 0xB80B, 0xB80B, 0xB80B, 0xB80B, 0xB80B, 0xB80B, 0xB80B, 0xB80B, 0xB80B, 0xB80B, 0xB80B, 0xB80B,
    0xB80B, 0xB80B, 0xB80B, 0xB80B, 0xB80B, 0xB80B, 0xB80B, 0xB80B, 0xB80B, 0xB80B, 0xB80B, 0xB80B, 0xB80B, 0xB80B, 0xB80B, 0xB80B,
    0xB80B, 0xB80B, 0xB80B, 0xB80B, 0xB80B, 0xB80B, 0xB80B, 0xB80B, 0xC00B, 0xB80B, 0xC00C, 0xC00C, 0xC00C, 0xC00C, 0xC00C, 0xC00C,
    0xC00C, 0xC00C, 0xC00C, 0xC00C, 0xB80B, 0xB00B, 0xB80B, 0xB80C, 0xC00C, 0xC00B, 0xB80B, 0xB80B, 0xB80B, 0xB80B, 0xB80B, 0xB80B,
    0xB80B, 0xB80B, 0xB80B, 0xB80B, 0xB80B, 0xB80B, 0xB80B, 0xB80B, 0xB80B, 0xB80B, 0xB80B, 0xB80B, 0xB80B, 0xB80B, 0xB80B, 0xB80B,
    0xB80B, 0xB80B, 0xB80B, 0xB80B, 0xB80B, 0xB80B, 0xB80B, 0xB80B, 0xB80B, 0xB80B, 0xB80B, 0xB80B, 0xB80B, 0xB80B, 0xB80B, 0xB80B,
    0xB80B, 0xB80C, 0xB80B, 0xB80B, 0xC00C, 0x9009, 0x1001, 0x1002, 0x1002, 0x0801, 0x0801, 0x0801, 0x0801, 0x0801, 0x0801, 0x0801,
    0x0801, 0x0801, 0x0801, 0x0801, 0x0801, 0x0801, 0x0801, 0x0801, 0x0801, 0x0801, 0x0801, 0x0801, 0x0801, 0x0801, 0x0801, 0x0801,
    0x0801, 0x0801, 0x0801, 0x0801, 0x0801, 0x0801, 0x0801, 0x0801, 0x0801, 0x0801, 0x0801, 0x0801, 0x0801, 0x0801, 0x0801, 0x0801,
    0x0801, 0x0801, 0x0801, 0x0801, 0x0801, 0x0801, 0x0801, 0x0801, 0x0801, 0x0801, 0x0801, 0x0801, 0x0801, 0x0801, 0x0801, 0x0801,
    0x0801, 0x0801, 0x0801, 0x0801, 0x0801, 0x0801, 0x0801, 0x0801, 0x0801, 0x0801, 0x0801, 0x0801, 0x0801, 0x0801, 0x0801, 0x0801,
    0x0801, 0x0801, 0x0801, 0x0801, 0x0801, 0x0801, 0x0801, 0x0801, 0x0801, 0x0801, 0x0801, 0x0801, 0x0801, 0x0801, 0x0801, 0x0801,
    0x0801, 0x0801, 0x0801, 0x0801, 0x0801, 0x0801, 0x0801, 0x0801, 0x0801, 0x0801, 0x0801, 0x0801, 0x0801, 0x0801, 0x0801, 0x0801,
    0x2005, 0x2005, 0x2005, 0x2005, 0x2005, 0x2005, 0x2005, 0x2005, 0x2005, 0x2005, 0x2005, 0x2005, 0x1804, 0x1805, 0x380A, 0x4810,
    0x3028, 0xC813, 0x880D, 0x2004, 0x2004, 0x2004, 0x2004, 0x2004, 0x2004, 0x2004, 0x2004, 0x2004, 0x2004, 0x2004, 0x2004, 0x2004,
    0x2005, 0x2005, 0x2005, 0x2005, 0x2005, 0x2005, 0x2005, 0x2005, 0x2005, 0x2004, 0x2004, 0x2004, 0x2004, 0x2005, 0x2005, 0x2005,
    0x2004, 0x2004, 0x2004, 0x2004, 0x2004, 0x2005, 0x2004, 0x2004, 0x2004, 0x2004, 0x2004, 0x2004, 0x2004, 0x2004, 0x2004, 0x2004,
    0x2004, 0x2004, 0x2004, 0x2005, 0x2005, 0x2005, 0x2005, 0x2005, 0x2005, 0x2005, 0x2005, 0x2005, 0x2004, 0x2004, 0x2004, 0x2004,
    0x2004, 0x2004, 0x2004, 0x2004, 0x2004, 0x2004, 0x2004, 0x2004, 0x2004, 0x2004, 0x2004, 0x2004, 0x2004, 0x2004, 0x2004, 0x2004,
    0x2004, 0x2004, 0x2004, 0x2004, 0x2003, 0x2805, 0x3005, 0x2805, 0x3006, 0x5009, 0x580A, 0x600A, 0x580A, 0x5009, 0x5009, 0x5009,
    0x5009, 0x5009, 0x5009, 0x580A, 0x580A, 0x5809, 0x5809, 0x5009, 0x5009, 0x5009, 0x5009, 0x5009, 0x5009, 0x5009, 0x5009, 0x5009,
    0x5009, 0x5009, 0x5009, 0x5009, 0x5009, 0x5009, 0x5009, 0x5009, 0x500A, 0x580A, 0x580A, 0x580A, 0x580A, 0x580A, 0x580A, 0x500A,
    0x500A, 0x580A, 0x580A, 0x580A, 0x600B, 0x600B, 0x680B, 0x680B, 0x4808, 0x3807, 0x3807, 0x4008, 0x4008, 0x3807, 0x3007, 0x3807,
    0x4007, 0x4007, 0x4007, 0x4007, 0x5008, 0x680B, 0x700C, 0x700C, 0x580A, 0x5009, 0x5009, 0x580A, 0x580A, 0x580A, 0x580A, 0x580A,
    0x580A, 0x580A, 0x580A, 0x580A, 0x580A, 0x500A, 0x5009, 0x5009, 0x5009, 0x5009, 0x5009, 0x5009, 0x5009, 0x5009, 0x5009, 0x5009,
    0x580A, 0x580A, 0x580A, 0x5809, 0x5809, 0x5009, 0x5009, 0x5009, 0x5009, 0x500A, 0x5009, 0x500A, 0x580A, 0x580A, 0x580A, 0x580A,
    0x580A, 0x580A, 0x580A, 0x580A, 0x5009, 0x4808, 0x2804, 0x3005, 0x2805, 0x2004, 0x2004, 0x2004, 0x2004, 0x2004, 0x2004, 0x2004,
    0x2004, 0x2004, 0x2004, 0x2004, 0x2004, 0x2004, 0x2004, 0x2004, 0x2004, 0x2004, 0x2004, 0x2004, 0x2004, 0x2004, 0x2004, 0x2004,
    0x2004, 0x2004, 0x2004, 0x2004, 0x2004, 0x2004, 0x2004, 0x2004, 0x2004, 0x2004, 0x2004, 0x2004, 0x2004, 0x2005, 0x2004, 0x2004,
    0x2004, 0x2004, 0x2004, 0x2004, 0x2004, 0x2004, 0x2005, 0x2004, 0x2005, 0x2005, 0x2004, 0x2004, 0x2004, 0x2004, 0x2004, 0x2005,
    0x2005, 0x2005, 0x2005, 0x2005, 0x2004, 0x2004, 0x2004, 0x2004, 0x2004, 0x2004, 0x2004, 0x2004, 0x2004, 0x2004, 0x2004, 0x2004,
    0x2004, 0x2004, 0x2004, 0x2004, 0x2004, 0x2005, 0x2005, 0x2005, 0x2005, 0x2004, 0x2005, 0x2005, 0x2005, 0x2005, 0x2004, 0x2004,
    0x2005, 0x2004, 0x2004, 0x2004, 0x2004, 0x2004, 0x2004, 0x2005, 0x2004, 0x2004, 0x2004, 0x2004, 0x2004, 0x2005, 0x2004, 0x2004,
    0x0000, 0x0000, 0x0000, 0x0000, 0x0000, 0x0000, 0x0000, 0x0000, 0x0000, 0x0000, 0x0000, 0x0000, 0x0001, 0x3009, 0x3009, 0x0802,
    0x0000, 0x900E, 0xD816, 0xA811, 0x1002, 0x0000, 0x0800, 0x0000, 0x0000, 0x0000, 0x0000, 0x0000, 0x0000, 0x0000, 0x0000, 0x0000,
    0x0000, 0x0000, 0x0000, 0x0000, 0x0000, 0x0000, 0x0000, 0x0000, 0x0000, 0x0000, 0x0000, 0x0000, 0x0000, 0x0000, 0x0000, 0x0000,
    0x0000, 0x0000, 0x0000, 0x0000, 0x0000, 0x0000, 0x0000, 0x0000, 0x0000, 0x0000, 0x0000, 0x0000, 0x0000, 0x0000, 0x0000, 0x0000,
    0x0000, 0x0000, 0x0000, 0x0000, 0x0000, 0x0000, 0x0000, 0x0000, 0x0000, 0x0000, 0x0000, 0x0000, 0x0000, 0x0000, 0x0000, 0x0000,
    0x0000, 0x0000, 0x0000, 0x0000, 0x0000, 0x0000, 0x0000, 0x0000, 0x0000, 0x0000, 0x0000, 0x0000, 0x0000, 0x0000, 0x0000, 0x0000,
    0x0000, 0x0000, 0x0000, 0x0000, 0x0801, 0x1803, 0x2003, 0x9809, 0xC00B, 0xB00B, 0xB80B, 0xC00B, 0xB80B, 0xB80B, 0xB80B, 0xB80B,
    0xB80B, 0xB80B, 0xB80B, 0xB80B, 0xB80B, 0xB80B, 0xB80B, 0xB80B, 0xB80B, 0xB80B, 0xB80B, 0xB80B, 0xB80B, 0xB80B, 0xB80B, 0xB80B,
    0xB80B, 0xB80B, 0xB80B, 0xB80B, 0xB80B, 0xB80B, 0xB80B, 0xB80B, 0xB80B, 0xB80B, 0xB80B, 0xB80B, 0xB80B, 0xB80B, 0xB80B, 0xB80B,
    0xB80B, 0xB80C, 0xC80D, 0xD00E, 0x7808, 0x5805, 0x5806, 0x5005, 0x3907, 0x48E7, 0x48C8, 0x50A8, 0x5868, 0x6048, 0x6069, 0x5869,
    0x4869, 0x40C9, 0x3129, 0x218A, 0x2908, 0x6006, 0x6806, 0x6806, 0xA00A, 0xC00D, 0xC00C, 0xB80C, 0xB00B, 0xB00B, 0xB80B, 0xB80B,
    0xB80B, 0xB80B, 0xB80B, 0xB80B, 0xB80B, 0xB80B, 0xB80B, 0xB80B, 0xB80B, 0xB80B, 0xB80B, 0xB80B, 0xB80B, 0xB80B, 0xB80B, 0xB80B,
    0xB80B, 0xB80B, 0xB80B, 0xB80B, 0xB80B, 0xB80B, 0xB80B, 0xB80B, 0xB80B, 0xB80B, 0xB80B, 0xB80B, 0xB80B, 0xB80B, 0xB80B, 0xB80B,
    0xB80B, 0xB80B, 0xC00B, 0xB80B, 0xB00B, 0xB00B, 0xB80C, 0x4805, 0x1802, 0x1802, 0x0801, 0x0000, 0x0000, 0x0000, 0x0000, 0x0000,
    0x0000, 0x0000, 0x0000, 0x0000, 0x0000, 0x0000, 0x0000, 0x0000, 0x0000, 0x0000, 0x0000, 0x0000, 0x0000, 0x0000, 0x0000, 0x0000,
    0x0000, 0x0000, 0x0000, 0x0000, 0x0000, 0x0000, 0x0000, 0x0000, 0x0000, 0x0000, 0x0000, 0x0000, 0x0000, 0x0000, 0x0000, 0x0000,
    0x0000, 0x0000, 0x0000, 0x0000, 0x0000, 0x0000, 0x0000, 0x0000, 0x0000, 0x0000, 0x0000, 0x0000, 0x0000, 0x0000, 0x0000, 0x0000,
    0x0000, 0x0000, 0x0000, 0x0000, 0x0000, 0x0000, 0x0000, 0x0000, 0x0000, 0x0000, 0x0000, 0x0000, 0x0000, 0x0000, 0x0000, 0x0000,
    0x0000, 0x0000, 0x0000, 0x0000, 0x0000, 0x0000, 0x0000, 0x0000, 0x0000, 0x0000, 0x0000, 0x0000, 0x0000, 0x0000, 0x0000, 0x0000,
    0x0000, 0x0000, 0x0000, 0x0000, 0x0000, 0x0000, 0x0000, 0x0000, 0x0000, 0x0000, 0x0000, 0x0000, 0x0000, 0x0000, 0x0000, 0x0000,
    0x0000, 0x0000, 0x0000, 0x0000, 0x0000, 0x0000, 0x0000, 0x0000, 0x0000, 0x0000, 0x0000, 0x0802, 0x300C, 0x2007, 0x0000, 0x0000,
    0x0000, 0x780C, 0xA013, 0xB814, 0xB811, 0x2803, 0x0000, 0x0000, 0x0000, 0x0000, 0x0000, 0x0000, 0x0000, 0x0000, 0x0000, 0x0000,
    0x0000, 0x0000, 0x0000, 0x0000, 0x0000, 0x0000, 0x0000, 0x0000, 0x0000, 0x0000, 0x0000, 0x0000, 0x0000, 0x0000, 0x0000, 0x0000,
    0x0000, 0x0000, 0x0000, 0x0000, 0x0000, 0x0000, 0x0000, 0x0000, 0x0000, 0x0000, 0x0000, 0x0000, 0x0000, 0x0000, 0x0000, 0x0000,
    0x0000, 0x0000, 0x0000, 0x0000, 0x0000, 0x0000, 0x0000, 0x0000, 0x0000, 0x0000, 0x0000, 0x0000, 0x0000, 0x0000, 0x0000, 0x0000,
    0x0000, 0x0000, 0x0000, 0x0000, 0x0000, 0x0000, 0x0000, 0x0000, 0x0000, 0x0000, 0x0000, 0x0000, 0x0000, 0x0000, 0x0000, 0x0000,
    0x0000, 0x0000, 0x0000, 0x0800, 0x1002, 0x1802, 0x3803, 0xD00B, 0xE00C, 0xD80B, 0xD80B, 0xD80B, 0xD80B, 0xE00B, 0xD80B, 0xD80C,
    0xD80C, 0xD80B, 0xD80B, 0xD80B, 0xD80B, 0xD80C, 0xD80C, 0xD80C, 0xD80C, 0xD80C, 0xD80C, 0xD80B, 0xD80B, 0xD80B, 0xD80B, 0xD80B,
    0xD80B, 0xD80B, 0xD80B, 0xD80B, 0xD80B, 0xD80B, 0xD80B, 0xD80B, 0xD80B, 0xD80B, 0xD80B, 0xD80C, 0xD80B, 0xD80B, 0xE00C, 0xF00E,
    0xD80C, 0xA809, 0x5004, 0x5024, 0x4947, 0x79AC, 0x7889, 0x78AA, 0xD9D4, 0xE915, 0xD0F4, 0xD093, 0xC051, 0x904F, 0x9850, 0x802F,
    0x602E, 0x588D, 0x58CE, 0x4950, 0x39D2, 0x31EE, 0x29AC, 0x11AB, 0x2884, 0x4845, 0x8006, 0xC009, 0xD80C, 0xE82C, 0xD80B, 0xD80B,
    0xD82C, 0xD80C, 0xD80C, 0xD80C, 0xD80C, 0xD80C, 0xD80C, 0xD80B, 0xE00B, 0xD80B, 0xD80B, 0xD80B, 0xD80B, 0xE00B, 0xE00C, 0xE00C,
    0xD80C, 0xD80C, 0xD80C, 0xD80C, 0xD80C, 0xD80C, 0xD80C, 0xD82C, 0xD82C, 0xE00C, 0xE00C, 0xE00C, 0xD80C, 0xD80C, 0xD80C, 0xE00C,
    0xE00C, 0xD80C, 0xD80C, 0xD80C, 0xD80C, 0xD80C, 0xE80D, 0x9008, 0x1002, 0x1802, 0x0801, 0x0000, 0x0000, 0x0000, 0x0000, 0x0000,
    0x0000, 0x0000, 0x0000, 0x0000, 0x0000, 0x0000, 0x0000, 0x0000, 0x0000, 0x0000, 0x0000, 0x0000, 0x0000, 0x0000, 0x0000, 0x0000,
    0x0000, 0x0000, 0x0000, 0x0000, 0x0000, 0x0000, 0x0000, 0x0000, 0x0000, 0x0000, 0x0000, 0x0000, 0x0000, 0x0000, 0x0000, 0x0000,
    0x0000, 0x0000, 0x0000, 0x0000, 0x0000, 0x0000, 0x0000, 0x0000, 0x0000, 0x0000, 0x0000, 0x0000, 0x0000, 0x0000, 0x0000, 0x0000,
    0x0000, 0x0000, 0x0000, 0x0000, 0x0000, 0x0000, 0x0000, 0x0000, 0x0000, 0x0000, 0x0000, 0x0000, 0x0000, 0x0000, 0x0000, 0x0000,
    0x0000, 0x0000, 0x0000, 0x0000, 0x0000, 0x0000, 0x0000, 0x0000, 0x0000, 0x0000, 0x0000, 0x0000, 0x0000, 0x0000, 0x0000, 0x0000,
    0x0000, 0x0000, 0x0000, 0x0000, 0x0000, 0x0000, 0x0000, 0x0000, 0x0000, 0x0000, 0x0000, 0x0000, 0x0000, 0x0000, 0x0000, 0x0000,
    0x0000, 0x0000, 0x0000, 0x0000, 0x0000, 0x0000, 0x0000, 0x0000, 0x0000, 0x0000, 0x300A, 0x380C, 0x0001, 0x0000, 0x0000, 0x0000,
    0x0000, 0x4006, 0x9012, 0x7032, 0xD015, 0xE834, 0x5827, 0x0000, 0x0000, 0x0000, 0x0000, 0x0000, 0x0000, 0x0000, 0x0000, 0x0000,
    0x0000, 0x0000, 0x0000, 0x0000, 0x0000, 0x0000, 0x0000, 0x0000, 0x0000, 0x0000, 0x0000, 0x0000, 0x0000, 0x0000, 0x0000, 0x0000,
    0x0000, 0x0000, 0x0000, 0x0000, 0x0000, 0x0000, 0x0000, 0x0000, 0x0000, 0x0000, 0x0000, 0x0000, 0x0000, 0x0000, 0x0000, 0x0000,
    0x0000, 0x0000, 0x0000, 0x0000, 0x0000, 0x0000, 0x0000, 0x0000, 0x0000, 0x0000, 0x0000, 0x0000, 0x0000, 0x0000, 0x0000, 0x0000,
    0x0000, 0x0000, 0x0000, 0x0000, 0x0000, 0x0000, 0x0000, 0x0000, 0x0000, 0x0000, 0x0000, 0x0000, 0x0000, 0x0000, 0x0000, 0x0000,
    0x0000, 0x0000, 0x0000, 0x0801, 0x2003, 0x2003, 0xB02A, 0xE00C, 0xD00B, 0xD80B, 0xD80B, 0xD00B, 0xD00B, 0xD80B, 0xD80B, 0xD80B,
    0xD80B, 0xD80B, 0xD80B, 0xD00B, 0xD00B, 0xD00B, 0xD00B, 0xD00B, 0xD00B, 0xD00B, 0xD80B, 0xD80B, 0xD80B, 0xD00B, 0xD00B, 0xD00B,
    0xD00B, 0xD00B, 0xD00B, 0xD80B, 0xD80B, 0xD80B, 0xD80B, 0xD80B, 0xD80B, 0xD00B, 0xD00B, 0xD00B, 0xE00C, 0xF00D, 0xB009, 0x6805,
    0x4003, 0x50C7, 0x9A30, 0xA151, 0xB132, 0xA8CF, 0xA82F, 0x980E, 0x880B, 0xC00F, 0x980D, 0xB00E, 0xA80E, 0xA00D, 0xA80E, 0x700B,
    0x4809, 0x4809, 0x3808, 0x1805, 0x2006, 0x3069, 0x2868, 0x290C, 0x29CE, 0x1AF1, 0x026A, 0x01C7, 0x4803, 0x9005, 0xE00C, 0xE82D,
    0xD02B, 0xD02B, 0xD00B, 0xD80B, 0xD80B, 0xD80B, 0xD80B, 0xD00B, 0xD80B, 0xD80B, 0xD80B, 0xD80B, 0xD80B, 0xD80B, 0xD80B, 0xD80B,
    0xD80B, 0xD80B, 0xD80B, 0xD80B, 0xD80B, 0xD80B, 0xD80B, 0xD80B, 0xD80B, 0xD80B, 0xD80B, 0xD80B, 0xD80B, 0xD80B, 0xD80B, 0xD80B,
    0xD80B, 0xD00B, 0xD00B, 0xD80B, 0xD80B, 0xD80B, 0xD80C, 0xE00C, 0x5005, 0x1002, 0x1001, 0x0000, 0x0000, 0x0000, 0x0000, 0x0000,
    0x0000, 0x0000, 0x0000, 0x0000, 0x0000, 0x0000, 0x0000, 0x0000, 0x0000, 0x0000, 0x0000, 0x0000, 0x0000, 0x0000, 0x0000, 0x0000,
    0x0000, 0x0000, 0x0000, 0x0000, 0x0000, 0x0000, 0x0000, 0x0000, 0x0000, 0x0000, 0x0000, 0x0000, 0x0000, 0x0000, 0x0000, 0x0000,
    0x0000, 0x0000, 0x0000, 0x0000, 0x0000, 0x0000, 0x0000, 0x0000, 0x0000, 0x0000, 0x0000, 0x0000, 0x0000, 0x0000, 0x0000, 0x0000,
    0x0000, 0x0000, 0x0000, 0x0000, 0x0000, 0x0000, 0x0000, 0x0000, 0x0000, 0x0000, 0x0000, 0x0000, 0x0000, 0x0000, 0x0000, 0x0000,
    0x0000, 0x0000, 0x0000, 0x0000, 0x0000, 0x0000, 0x0000, 0x0000, 0x0000, 0x0000, 0x0000, 0x0000, 0x0000, 0x0000, 0x0000, 0x0000,
    0x0000, 0x0000, 0x0000, 0x0000, 0x0000, 0x0000, 0x0000, 0x0000, 0x0000, 0x0000, 0x0000, 0x0000, 0x0000, 0x0000, 0x0000, 0x0000,
    0x0000, 0x0000, 0x0000, 0x0000, 0x0000, 0x0000, 0x0000, 0x0000, 0x0000, 0x300A, 0x400F, 0x0802, 0x0000, 0x0000, 0x0000, 0x0000,
    0x0000, 0x1002, 0x9810, 0x6813, 0x9013, 0xA811, 0xE014, 0x4806, 0x2803, 0x1802, 0x0000, 0x0000, 0x0000, 0x0000, 0x0000, 0x0000,
    0x0000, 0x0000, 0x0000, 0x0000, 0x0000, 0x0000, 0x0000, 0x0000, 0x0000, 0x0000, 0x0000, 0x0000, 0x0000, 0x0000, 0x0000, 0x0000,
    0x0000, 0x0000, 0x0000, 0x0000, 0x0000, 0x0000, 0x0000, 0x0000, 0x0000, 0x0000, 0x0000, 0x0000, 0x0000, 0x0000, 0x0000, 0x0000,
    0x0000, 0x0000, 0x0000, 0x0000, 0x0000, 0x0000, 0x0000, 0x0000, 0x0000, 0x0000, 0x0000, 0x0000, 0x0000, 0x0000, 0x0000, 0x0000,
    0x0000, 0x0000, 0x0000, 0x0000, 0x0000, 0x0000, 0x0000, 0x0000, 0x0000, 0x0000, 0x0000, 0x0000, 0x0000, 0x0000, 0x0000, 0x0000,
    0x0000, 0x0000, 0x0800, 0x1802, 0x1002, 0x4824, 0xE00C, 0xD80B, 0xD80B, 0xD80B, 0xD80B, 0xD80B, 0xD80B, 0xD80B, 0xD80B, 0xD80B,
    0xD80B, 0xD80B, 0xD80B, 0xD80B, 0xD80B, 0xD80B, 0xD80B, 0xD80B, 0xD80B, 0xD80B, 0xD80B, 0xD80B, 0xD80B, 0xD80B, 0xD80B, 0xD80B,
    0xD80B, 0xD80B, 0xD80B, 0xD80B, 0xD80B, 0xD80B, 0xD80B, 0xD80B, 0xD80B, 0xD80B, 0xD80C, 0xF00D, 0xC00A, 0x5804, 0x4025, 0x782C,
    0xA850, 0xB0D3, 0x8870, 0x5008, 0x4807, 0x6809, 0xA80E, 0xB80F, 0xC830, 0xD010, 0xD811, 0xE811, 0xB810, 0x780D, 0x680B, 0x600B,
    0x500C, 0x500E, 0x480D, 0x280A, 0x2808, 0x1005, 0x0803, 0x0802, 0x1004, 0x1825, 0x1168, 0x0B50, 0x0410, 0x03AD, 0x38A6, 0x8806,
    0xD00B, 0xE02C, 0xD82B, 0xD80B, 0xD80B, 0xD80B, 0xD80B, 0xD80B, 0xD80B, 0xD80B, 0xD80B, 0xD80B, 0xD80B, 0xD80B, 0xD80B, 0xD80B,
    0xD80B, 0xD80B, 0xD80B, 0xD80B, 0xD80B, 0xD80B, 0xD80B, 0xD80B, 0xD80B, 0xD80B, 0xD80B, 0xD80B, 0xD80B, 0xD80B, 0xD80B, 0xD80B,
    0xD80B, 0xD80B, 0xD80B, 0xD80B, 0xD80B, 0xD80C, 0xD80B, 0xE80C, 0x9008, 0x0801, 0x0801, 0x0800, 0x0000, 0x0000, 0x0000, 0x0000,
    0x0000, 0x0000, 0x0000, 0x0000, 0x0000, 0x0000, 0x0000, 0x0000, 0x0000, 0x0000, 0x0000, 0x0000, 0x0000, 0x0000, 0x0000, 0x0000,
    0x0000, 0x0000, 0x0000, 0x0000, 0x0000, 0x0000, 0x0000, 0x0000, 0x0000, 0x0000, 0x0000, 0x0000, 0x0000, 0x0000, 0x0000, 0x0000,
    0x0000, 0x0000, 0x0000, 0x0000, 0x0000, 0x0000, 0x0000, 0x0000, 0x0000, 0x0000, 0x0000, 0x0000, 0x0000, 0x0000, 0x0000, 0x0000,
    0x0000, 0x0000, 0x0000, 0x0000, 0x0000, 0x0000, 0x0000, 0x0000, 0x0000, 0x0000, 0x0000, 0x0000, 0x0000, 0x0000, 0x0000, 0x0000,
    0x0000, 0x0000, 0x0000, 0x0000, 0x0000, 0x0000, 0x0000, 0x0000, 0x0000, 0x0000, 0x0000, 0x0000, 0x0000, 0x0000, 0x0000, 0x0000,
    0x0000, 0x0000, 0x0000, 0x0000, 0x0000, 0x0000, 0x0000, 0x0000, 0x0000, 0x0000, 0x0000, 0x0000, 0x0000, 0x0000, 0x0000, 0x0000,
    0x0000, 0x0000, 0x0000, 0x0000, 0x0000, 0x0000, 0x0000, 0x0801, 0x380C, 0x300B, 0x0000, 0x0000, 0x0000, 0x0000, 0x0000, 0x0000,
    0x0000, 0x0000, 0x2804, 0x5811, 0x7815, 0x6830, 0x9811, 0x7810, 0xB813, 0xD013, 0x5008, 0x0000, 0x0000, 0x0000, 0x0000, 0x0000,
    0x0000, 0x0000, 0x0000, 0x0000, 0x0000, 0x0000, 0x0000, 0x0000, 0x0000, 0x0000, 0x0000, 0x0000, 0x0000, 0x0000, 0x0000, 0x0000,
    0x0000, 0x0000, 0x0000, 0x0000, 0x0000, 0x0000, 0x0000, 0x0000, 0x0000, 0x0000, 0x0000, 0x0000, 0x0000, 0x0000, 0x0000, 0x0000,
    0x0000, 0x0000, 0x0000, 0x0000, 0x0000, 0x0000, 0x0000, 0x0000, 0x0000, 0x0000, 0x0000, 0x0000, 0x0000, 0x0000, 0x0000, 0x0000,
    0x0000, 0x0000, 0x0000, 0x0000, 0x0000, 0x0000, 0x0000, 0x0000, 0x0000, 0x0000, 0x0000, 0x0000, 0x0000, 0x0000, 0x0000, 0x0000,
    0x0000, 0x0000, 0x0801, 0x2002, 0x0801, 0x9829, 0xE00C, 0xD00B, 0xD80B, 0xD80B, 0xD00B, 0xD00B, 0xD80B, 0xD80B, 0xD80B, 0xD80B,
    0xD80B, 0xD80B, 0xD00B, 0xD80B, 0xD80B, 0xD00B, 0xD00B, 0xD80B, 0xD80B, 0xD80B, 0xD80B, 0xD80B, 0xD80B, 0xD80B, 0xD80B, 0xD80B,
    0xD80B, 0xD00B, 0xD00B, 0xD00B, 0xD00B, 0xD00B, 0xD00B, 0xD00B, 0xD80B, 0xF00D, 0xD80B, 0x6005, 0x3003, 0x802C, 0xC833, 0x902F,
    0x3026, 0x1004, 0x300A, 0x680D, 0x900F, 0x900E, 0x980F, 0xA810, 0xD010, 0xD010, 0xC810, 0xD010, 0xB810, 0x980F, 0x880D, 0x780D,
    0x700D, 0x580D, 0x480C, 0x2008, 0x2006, 0x1806, 0x1806, 0x1806, 0x1005, 0x0803, 0x0802, 0x0801, 0x0948, 0x0B4E, 0x0430, 0x036C,
    0x28A4, 0x9006, 0xE00C, 0xD82C, 0xD00B, 0xD00B, 0xD80B, 0xD80B, 0xD00B, 0xD00B, 0xD80B, 0xD80B, 0xD80B, 0xD80B, 0xD80B, 0xD80B,
    0xD80B, 0xD80B, 0xD80B, 0xD80B, 0xD80B, 0xD80B, 0xD80B, 0xD80B, 0xD80B, 0xD80B, 0xD80B, 0xD80B, 0xD80B, 0xD80B, 0xD80B, 0xD80B,
    0xD80B, 0xD80B, 0xD80B, 0xD80B, 0xD80B, 0xD80B, 0xD80C, 0xD00B, 0xC82B, 0x4004, 0x1001, 0x1801, 0x0000, 0x0000, 0x0000, 0x0000,
    0x0000, 0x0000, 0x0000, 0x0000, 0x0000, 0x0000, 0x0000, 0x0000, 0x0000, 0x0000, 0x0000, 0x0000, 0x0000, 0x0000, 0x0000, 0x0000,
    0x0000, 0x0000, 0x0000, 0x0000, 0x0000, 0x0000, 0x0000, 0x0000, 0x0000, 0x0000, 0x0000, 0x0000, 0x0000, 0x0000, 0x0000, 0x0000,
    0x0000, 0x0000, 0x0000, 0x0000, 0x0000, 0x0000, 0x0000, 0x0000, 0x0000, 0x0000, 0x0000, 0x0000, 0x0000, 0x0000, 0x0000, 0x0000,
    0x0000, 0x0000, 0x0000, 0x0000, 0x0000, 0x0000, 0x0000, 0x0000, 0x0000, 0x0000, 0x0000, 0x0000, 0x0000, 0x0000, 0x0000, 0x0000,
    0x0000, 0x0000, 0x0000, 0x0000, 0x0000, 0x0000, 0x0000, 0x0000, 0x0000, 0x0000, 0x0000, 0x0000, 0x0000, 0x0000, 0x0000, 0x0000,
    0x0000, 0x0000, 0x0000, 0x0000, 0x0000, 0x0000, 0x0000, 0x0000, 0x0000, 0x0000, 0x0000, 0x0000, 0x0000, 0x0000, 0x0000, 0x0000,
    0x0801, 0x0001, 0x0001, 0x0801, 0x0000, 0x0001, 0x380A, 0x2807, 0x300A, 0x0000, 0x0000, 0x0000, 0x0000, 0x0000, 0x0000, 0x0000,
    0x0000, 0x5008, 0x1002, 0x0803, 0x400C, 0x8013, 0x6030, 0x380A, 0x380E, 0x9810, 0xE814, 0x5828, 0x0000, 0x0801, 0x0001, 0x0001,
    0x0001, 0x0001, 0x0001, 0x0801, 0x0001, 0x0801, 0x0801, 0x0001, 0x0001, 0x0001, 0x0001, 0x0001, 0x0801, 0x0001, 0x0001, 0x0001,
    0x0800, 0x0001, 0x0001, 0x0000, 0x0000, 0x0000, 0x0001, 0x0001, 0x0801, 0x0001, 0x0001, 0x0001, 0x0801, 0x0801, 0x0801, 0x0001,
    0x0801, 0x0801, 0x0001, 0x0001, 0x0001, 0x0001, 0x0001, 0x0801, 0x0801, 0x0801, 0x0801, 0x0801, 0x0801, 0x0001, 0x0001, 0x0001,
    0x0001, 0x0001, 0x0801, 0x0801, 0x0801, 0x0801, 0x0801, 0x0801, 0x0801, 0x0801, 0x0801, 0x0801, 0x0801, 0x0801, 0x0801, 0x0801,
    0x0801, 0x1001, 0x1802, 0x1803, 0x5806, 0xE00C, 0xD80B, 0xD80B, 0xE00B, 0xE00B, 0xE00B, 0xE00B, 0xE00B, 0xE00B, 0xE00B, 0xE00B,
    0xE00B, 0xE00B, 0xE00B, 0xE00B, 0xE00B, 0xE00B, 0xE00B, 0xE00B, 0xE00B, 0xE00B, 0xE00B, 0xE00B, 0xE00B, 0xE00B, 0xE00B, 0xE00B,
    0xD80B, 0xD80B, 0xD80B, 0xD80B, 0xD80B, 0xD80B, 0xD80B, 0xE00C, 0xE80D, 0x8006, 0x3023, 0x782B, 0xC811, 0x700A, 0x2004, 0x0804,
    0x280A, 0x500D, 0x400B, 0x580C, 0x880E, 0x880E, 0x980E, 0xB80F, 0xD810, 0xD010, 0xC80F, 0xB80E, 0x980D, 0x600D, 0x700F, 0x600E,
    0x400B, 0x400B, 0x300A, 0x2008, 0x2007, 0x2008, 0x1806, 0x1805, 0x1005, 0x1005, 0x1006, 0x1826, 0x1004, 0x0000, 0x0082, 0x028A,
    0x0594, 0x030B, 0x4003, 0xB809, 0xF02D, 0xE00B, 0xD80B, 0xD80B, 0xE00B, 0xE00B, 0xE00B, 0xE00B, 0xE00B, 0xE00B, 0xE00B, 0xE00B,
    0xE00B, 0xE00B, 0xE00B, 0xE00B, 0xE00B, 0xE00B, 0xE00B, 0xE00B, 0xE00B, 0xE00B, 0xE00B, 0xE00B, 0xE00B, 0xE00B, 0xE00B, 0xE00B,
    0xE00B, 0xE00B, 0xE00B, 0xE00B, 0xE00B, 0xE00B, 0xD80C, 0xD80B, 0xE00C, 0xA80A, 0x2003, 0x2003, 0x1802, 0x0801, 0x0801, 0x0000,
    0x0801, 0x0801, 0x0801, 0x0801, 0x0801, 0x0801, 0x0801, 0x0801, 0x0801, 0x0801, 0x0801, 0x0801, 0x0801, 0x0001, 0x0801, 0x0001,
    0x0001, 0x0001, 0x0001, 0x0001, 0x0801, 0x0001, 0x0001, 0x0801, 0x0001, 0x0001, 0x0801, 0x0001, 0x0001, 0x0001, 0x0001, 0x0001,
    0x0001, 0x0001, 0x0001, 0x0001, 0x0001, 0x0001, 0x0001, 0x0000, 0x0001, 0x0801, 0x0801, 0x0001, 0x0001, 0x0001, 0x0001, 0x0001,
    0x0001, 0x0001, 0x0001, 0x0001, 0x0801, 0x0801, 0x0001, 0x0801, 0x0801, 0x0801, 0x0801, 0x0801, 0x0801, 0x0801, 0x0801, 0x0001,
    0x0001, 0x0801, 0x0801, 0x0001, 0x0001, 0x0001, 0x0001, 0x0001, 0x0001, 0x0001, 0x0001, 0x0001, 0x0001, 0x0801, 0x0801, 0x0001,
    0x0001, 0x0001, 0x0001, 0x0001, 0x0001, 0x0001, 0x0801, 0x0001, 0x0801, 0x0801, 0x0001, 0x0001, 0x0801, 0x0801, 0x0801, 0x0801,
    0x2004, 0x2005, 0x1804, 0x1003, 0x2807, 0x480E, 0x500F, 0x0000, 0x0000, 0x0000, 0x0000, 0x0000, 0x0001, 0x0803, 0x0000, 0x0000,
    0x0000, 0x680A, 0xB013, 0x3025, 0x0000, 0x500F, 0x5011, 0x2008, 0x2008, 0x9814, 0xC012, 0xE013, 0x5828, 0x1003, 0x2005, 0x1804,
    0x1803, 0x1803, 0x1803, 0x1804, 0x1804, 0x1804, 0x1804, 0x1804, 0x1804, 0x1804, 0x1804, 0x1803, 0x1803, 0x1804, 0x1804, 0x1804,
    0x1803, 0x1804, 0x1804, 0x1803, 0x1803, 0x1803, 0x1803, 0x1803, 0x1803, 0x1804, 0x1804, 0x1804, 0x1804, 0x1804, 0x1803, 0x1803,
    0x1803, 0x1803, 0x1803, 0x1803, 0x1803, 0x1803, 0x1803, 0x1804, 0x1804, 0x1804, 0x1804, 0x1804, 0x1804, 0x1803, 0x1803, 0x1803,
    0x1804, 0x1804, 0x1804, 0x1804, 0x1804, 0x1803, 0x1803, 0x1803, 0x1803, 0x1803, 0x1803, 0x1803, 0x1804, 0x2004, 0x1803, 0x1803,
    0x2004, 0x3806, 0x4806, 0x3806, 0x7008, 0xC00D, 0xB00B, 0xB00B, 0xB00B, 0xB00B, 0xB80C, 0xB80C, 0xB80C, 0xB80C, 0xB00B, 0xB00B,
    0xB00C, 0xB00C, 0xB00C, 0xB00B, 0xB00B, 0xB00C, 0xB80C, 0xB00C, 0xB00C, 0xB80C, 0xB80C, 0xB80C, 0xB80C, 0xB80C, 0xB00C, 0xB00C,
    0xB80C, 0xB80C, 0xB00C, 0xB80C, 0xB80C, 0xB00C, 0xB00C, 0xA80B, 0x4803, 0x5827, 0xB850, 0x882C, 0x2002, 0x0001, 0x1807, 0x2008,
    0x2809, 0x480C, 0x400B, 0x680D, 0x800E, 0x800F, 0x9810, 0xA80F, 0xE811, 0xE811, 0xD811, 0xC810, 0xA00E, 0x880D, 0x880E, 0x880F,
    0x700C, 0x480B, 0x380A, 0x2808, 0x2007, 0x1806, 0x1806, 0x1806, 0x1005, 0x1005, 0x1005, 0x1005, 0x1004, 0x0084, 0x0064, 0x0000,
    0x0082, 0x03CF, 0x0512, 0x1186, 0x8005, 0xB82C, 0xA80B, 0xA80B, 0xB00B, 0xB00B, 0xB00C, 0xB00B, 0xB00B, 0xB00B, 0xB00C, 0xB00C,
    0xB80C, 0xB80C, 0xB80C, 0xB80C, 0xB80C, 0xB00C, 0xB00C, 0xB80C, 0xB80C, 0xB00C, 0xB00C, 0xB80C, 0xB80C, 0xB80C, 0xB00C, 0xB00C,
    0xB80C, 0xB00B, 0xB00C, 0xB00C, 0xB00B, 0xB00B, 0xA80B, 0xA80B, 0xB80C, 0xA00B, 0x4806, 0x4807, 0x4006, 0x2804, 0x1803, 0x1803,
    0x1803, 0x1803, 0x1803, 0x1803, 0x1803, 0x1803, 0x1803, 0x1803, 0x1803, 0x1803, 0x1803, 0x1803, 0x1803, 0x1803, 0x1803, 0x1803,
    0x1803, 0x1803, 0x1803, 0x1803, 0x1803, 0x1803, 0x1803, 0x1804, 0x1804, 0x1804, 0x1804, 0x1804, 0x1804, 0x1804, 0x1803, 0x1803,
    0x1803, 0x1803, 0x1803, 0x1803, 0x1803, 0x1803, 0x1803, 0x1803, 0x1804, 0x2005, 0x1004, 0x1003, 0x1804, 0x1803, 0x1803, 0x1803,
    0x1803, 0x1803, 0x1803, 0x1804, 0x1804, 0x1804, 0x1804, 0x1804, 0x1804, 0x1804, 0x1804, 0x1804, 0x1804, 0x1804, 0x1804, 0x1804,
    0x1804, 0x1804, 0x1804, 0x1804, 0x1804, 0x1803, 0x1803, 0x1803, 0x1803, 0x1803, 0x1803, 0x1804, 0x1804, 0x1002, 0x1003, 0x1804,
    0x1804, 0x1803, 0x1803, 0x1803, 0x1803, 0x1803, 0x1804, 0x1804, 0x1804, 0x1804, 0x1804, 0x1804, 0x1804, 0x1804, 0x1804, 0x1804,
    0x0001, 0x0000, 0x1002, 0x400D, 0x480F, 0x1004, 0x0000, 0x0000, 0x0000, 0x0000, 0x0000, 0x0000, 0x1806, 0x0803, 0x0000, 0x0000,
    0x0000, 0x0801, 0xA011, 0xC015, 0x682D, 0x1805, 0x480F, 0x4810, 0x0802, 0x502D, 0x9012, 0xA811, 0xD833, 0x3824, 0x0001, 0x0001,
    0x0000, 0x0000, 0x0000, 0x0000, 0x0000, 0x0000, 0x0000, 0x0000, 0x0000, 0x0000, 0x0000, 0x0000, 0x0000, 0x0801, 0x0000, 0x0000,
    0x0001, 0x0000, 0x0800, 0x0000, 0x0000, 0x0000, 0x0000, 0x0000, 0x0000, 0x0000, 0x0000, 0x0000, 0x0000, 0x0000, 0x0000, 0x0000,
    0x0000, 0x0000, 0x0000, 0x0000, 0x0000, 0x0000, 0x0000, 0x0000, 0x0000, 0x0000, 0x0000, 0x0000, 0x0000, 0x0000, 0x0000, 0x0000,
    0x0000, 0x0000, 0x0000, 0x0000, 0x0000, 0x0000, 0x0000, 0x0000, 0x0000, 0x0000, 0x0000, 0x0000, 0x0000, 0x0000, 0x0000, 0x0000,
    0x0000, 0x0801, 0x1802, 0x1802, 0x3806, 0x600C, 0x600C, 0x600C, 0x600C, 0x600C, 0x680C, 0x680C, 0x680C, 0x680C, 0x680C, 0x680C,
    0x680C, 0x680C, 0x600C, 0x600C, 0x680C, 0x680C, 0x680C, 0x680C, 0x680C, 0x680C, 0x680C, 0x680C, 0x680C, 0x680C, 0x680C, 0x680C,
    0x680C, 0x680C, 0x680C, 0x700D, 0x700D, 0x880E, 0x600B, 0x1022, 0x884C, 0xB06F, 0x2003, 0x0000, 0x0002, 0x1806, 0x1806, 0x2009,
    0x300B, 0x400D, 0x380C, 0x500D, 0x600D, 0x800E, 0xA00E, 0xB00E, 0x980B, 0x7008, 0x7809, 0x6808, 0x5008, 0x5809, 0x5008, 0x4006,
    0x2805, 0x2005, 0x1804, 0x1805, 0x3009, 0x1806, 0x1806, 0x1806, 0x1006, 0x1005, 0x1005, 0x1005, 0x1005, 0x0064, 0x0064, 0x0083,
    0x0000, 0x0000, 0x0228, 0x05D5, 0x032B, 0x2002, 0x680C, 0x680D, 0x580B, 0x600B, 0x680C, 0x680C, 0x680C, 0x600C, 0x600C, 0x600C,
    0x680C, 0x680C, 0x680C, 0x680C, 0x680C, 0x680C, 0x680C, 0x680C, 0x680C, 0x680C, 0x680C, 0x680C, 0x680C, 0x600C, 0x600C, 0x680C,
    0x680C, 0x680C, 0x680C, 0x680C, 0x600C, 0x600B, 0x600B, 0x680C, 0x700C, 0x600B, 0x2804, 0x2003, 0x1002, 0x0000, 0x0000, 0x0000,
    0x0000, 0x0000, 0x0000, 0x0000, 0x0000, 0x0000, 0x0000, 0x0000, 0x0000, 0x0000, 0x0000, 0x0000, 0x0000, 0x0000, 0x0000, 0x0000,
    0x0000, 0x0000, 0x0000, 0x0000, 0x0000, 0x0000, 0x0000, 0x0000, 0x0000, 0x0000, 0x0000, 0x0000, 0x0000, 0x0000, 0x0000, 0x0000,
    0x0000, 0x0000, 0x0000, 0x0000, 0x0000, 0x0000, 0x0000, 0x0000, 0x0000, 0x0000, 0x580A, 0x4009, 0x0000, 0x0000, 0x0000, 0x0000,
    0x0000, 0x0000, 0x0000, 0x0000, 0x0000, 0x0000, 0x0000, 0x0000, 0x0000, 0x0000, 0x0000, 0x0000, 0x0000, 0x0000, 0x0000, 0x0000,
    0x0000, 0x0000, 0x0000, 0x0000, 0x0000, 0x0000, 0x0000, 0x0000, 0x0000, 0x0000, 0x0001, 0x0000, 0x0000, 0x4829, 0x2808, 0x0000,
    0x0000, 0x0000, 0x0000, 0x0000, 0x0000, 0x0000, 0x0000, 0x0000, 0x0000, 0x0000, 0x0000, 0x0000, 0x0000, 0x0000, 0x0000, 0x0000,
    0x0000, 0x1003, 0x480E, 0x2006, 0x0001, 0x0000, 0x0000, 0x0000, 0x0000, 0x0000, 0x0000, 0x0804, 0x0803, 0x0000, 0x0000, 0x0000,
    0x0000, 0x0000, 0x4027, 0xC015, 0xA817, 0x9032, 0x3006, 0x380F, 0x2008, 0x0801, 0x600E, 0x600E, 0xD015, 0xB810, 0x0000, 0x0000,
    0x0000, 0x0000, 0x0000, 0x0000, 0x0000, 0x0000, 0x0000, 0x0000, 0x0000, 0x0000, 0x0000, 0x0000, 0x0000, 0x0000, 0x0801, 0x2809,
    0x880B, 0x4004, 0x0000, 0x0000, 0x0000, 0x0000, 0x0000, 0x0000, 0x0000, 0x0000, 0x0000, 0x0000, 0x0000, 0x0000, 0x0000, 0x0000,
    0x0000, 0x0000, 0x0000, 0x0000, 0x0000, 0x0000, 0x0000, 0x0000, 0x0000, 0x0000, 0x0000, 0x0000, 0x0000, 0x0000, 0x0000, 0x0000,
    0x0000, 0x0000, 0x0000, 0x0000, 0x0000, 0x0000, 0x0000, 0x0000, 0x0000, 0x0000, 0x0000, 0x0000, 0x0000, 0x0000, 0x0000, 0x0000,
    0x0801, 0x1002, 0x1002, 0x7006, 0xC80A, 0xB80A, 0xC00A, 0xC80B, 0xC80B, 0xC80A, 0xC82B, 0xC82B, 0xC82B, 0xC82B, 0xC80B, 0xC80A,
    0xC00A, 0xC00A, 0xC00B, 0xC80B, 0xC80B, 0xC00B, 0xC00B, 0xC80B, 0xC80B, 0xC80B, 0xC80B, 0xC80B, 0xC82B, 0xC02B, 0xC82B, 0xC82B,
    0xC02B, 0xC00B, 0xC00B, 0xC00B, 0xE02D, 0x8028, 0x3043, 0xD091, 0x782B, 0x0000, 0x0000, 0x0802, 0x0803, 0x1003, 0x1806, 0x2007,
    0x2808, 0x380B, 0x380C, 0x600B, 0x5807, 0x6007, 0x7809, 0x900B, 0xB00D, 0xA80D, 0xB80F, 0xC010, 0xC811, 0xA810, 0x800E, 0x700D,
    0x500B, 0x500C, 0x480B, 0x2808, 0x1806, 0x1806, 0x1005, 0x1004, 0x0804, 0x1005, 0x1005, 0x1005, 0x1005, 0x0065, 0x0064, 0x0022,
    0x0062, 0x0020, 0x0000, 0x0061, 0x0471, 0x0532, 0x2863, 0xA808, 0xC82B, 0xC00A, 0xC80B, 0xC80B, 0xC80B, 0xC80B, 0xC80B, 0xC80B,
    0xC80B, 0xC80B, 0xC80B, 0xC80B, 0xC80B, 0xC80B, 0xC82B, 0xC82B, 0xC82B, 0xC82B, 0xC82B, 0xC82B, 0xC82B, 0xC82B, 0xC82B, 0xC80B,
    0xC82B, 0xC82B, 0xC80B, 0xC00B, 0xC00B, 0xC00B, 0xC00B, 0xC82B, 0xC02B, 0xC82C, 0xB02A, 0x2803, 0x1002, 0x0801, 0x0000, 0x0000,
    0x0000, 0x0000, 0x0000, 0x0000, 0x0000, 0x0000, 0x0000, 0x0000, 0x0000, 0x0000, 0x0000, 0x0000, 0x0000, 0x0000, 0x0000, 0x0000,
    0x0000, 0x0000, 0x0000, 0x0000, 0x0000, 0x0000, 0x0000, 0x0000, 0x0000, 0x0000, 0x0000, 0x0000, 0x0000, 0x0000, 0x0000, 0x0000,
    0x0000, 0x0000, 0x0000, 0x0000, 0x0000, 0x0000, 0x0000, 0x0000, 0x0801, 0x900B, 0xB810, 0x3009, 0x300B, 0x0802, 0x0000, 0x0000,
    0x0000, 0x0000, 0x0000, 0x0000, 0x0000, 0x0000, 0x0000, 0x0000, 0x0000, 0x0000, 0x0000, 0x0000, 0x0000, 0x0000, 0x0000, 0x0000,
    0x0000, 0x0000, 0x0000, 0x0000, 0x0000, 0x0000, 0x0000, 0x0000, 0x0000, 0x0000, 0x0000, 0x1001, 0x9830, 0x9011, 0x1806, 0x300B,
    0x1004, 0x0000, 0x0000, 0x0000, 0x0000, 0x0000, 0x0000, 0x0000, 0x0000, 0x0000, 0x0000, 0x0000, 0x0000, 0x0000, 0x0000, 0x0000,
    0x382C, 0x380D, 0x1805, 0x0000, 0x0000, 0x0000, 0x0000, 0x0000, 0x0000, 0x0000, 0x1806, 0x300D, 0x0000, 0x0000, 0x0000, 0x0000,
    0x0000, 0x0000, 0x0000, 0x9830, 0x6810, 0x6812, 0xA814, 0x680F, 0x1806, 0x0000, 0x1805, 0x480F, 0x4810, 0xB814, 0x802A, 0x0000,
    0x0800, 0x0000, 0x0000, 0x0000, 0x0000, 0x0000, 0x0000, 0x0000, 0x0000, 0x0000, 0x0801, 0x0000, 0x0000, 0x2806, 0x582F, 0x2808,
    0x900A, 0xE812, 0x4025, 0x0000, 0x0000, 0x0000, 0x0000, 0x0000, 0x0000, 0x0000, 0x0000, 0x0000, 0x0000, 0x0000, 0x0000, 0x0000,
    0x0000, 0x0000, 0x0000, 0x0000, 0x0000, 0x0000, 0x0000, 0x0000, 0x0000, 0x0000, 0x0000, 0x0000, 0x0000, 0x0000, 0x0000, 0x0000,
    0x0000, 0x0000, 0x0000, 0x0000, 0x0000, 0x0000, 0x0000, 0x0000, 0x0000, 0x0000, 0x0000, 0x0000, 0x0000, 0x0000, 0x0000, 0x0000,
    0x1002, 0x2003, 0x1002, 0xA008, 0xF82B, 0xD82A, 0xE02A, 0xE02A, 0xE02A, 0xE02A, 0xE02A, 0xE02A, 0xE02A, 0xE02A, 0xE02A, 0xE02A,
    0xE02A, 0xE00A, 0xE00A, 0xE02A, 0xE02A, 0xE02A, 0xE02A, 0xE02A, 0xE02A, 0xE02A, 0xE02A, 0xE02A, 0xE02A, 0xE02A, 0xE02A, 0xE02A,
    0xE02A, 0xE02A, 0xD80A, 0xF02C, 0x9006, 0x4866, 0xD0B3, 0x6028, 0x0000, 0x0000, 0x0000, 0x0801, 0x0803, 0x1004, 0x1807, 0x300A,
    0x300A, 0x3008, 0x4809, 0x600A, 0x880E, 0xA810, 0xC011, 0xB80F, 0xD010, 0xD810, 0xE011, 0xB811, 0xB010, 0x900F, 0x780E, 0x680C,
    0x400A, 0x380A, 0x2809, 0x2007, 0x2006, 0x1806, 0x1006, 0x1005, 0x1005, 0x1005, 0x0803, 0x0802, 0x0803, 0x0086, 0x0084, 0x0042,
    0x0063, 0x0000, 0x0000, 0x0000, 0x0020, 0x03CE, 0x0553, 0x28C3, 0xD008, 0xF02B, 0xE00A, 0xE00A, 0xE00A, 0xE00A, 0xE00A, 0xE02A,
    0xE02A, 0xE02A, 0xE02A, 0xE02A, 0xE02A, 0xE02A, 0xE02A, 0xE02B, 0xE02B, 0xE02B, 0xE02B, 0xE02B, 0xE02B, 0xE02B, 0xE02A, 0xE02A,
    0xE02A, 0xE02A, 0xE02A, 0xE02A, 0xE02A, 0xE02A, 0xE02B, 0xE02B, 0xE02B, 0xE02B, 0xE82B, 0x3804, 0x1802, 0x1802, 0x0801, 0x0000,
    0x0000, 0x0000, 0x0000, 0x0000, 0x0000, 0x0000, 0x0000, 0x0000, 0x0000, 0x0000, 0x0000, 0x0000, 0x0000, 0x0000, 0x0000, 0x0000,
    0x0000, 0x0000, 0x0000, 0x0000, 0x0000, 0x0000, 0x0000, 0x0000, 0x0000, 0x0000, 0x0000, 0x0000, 0x0000, 0x0000, 0x0000, 0x0000,
    0x0000, 0x0000, 0x0000, 0x0000, 0x0000, 0x0801, 0x0000, 0x1002, 0xA82E, 0xF015, 0x6008, 0x0000, 0x2808, 0x480D, 0x1003, 0x0000,
    0x0000, 0x0000, 0x0000, 0x0000, 0x0000, 0x0000, 0x0000, 0x0000, 0x0000, 0x0000, 0x0000, 0x0000, 0x0000, 0x0000, 0x0000, 0x0000,
    0x0000, 0x0000, 0x0000, 0x0000, 0x0000, 0x0000, 0x0000, 0x0000, 0x0000, 0x0000, 0x2824, 0xC013, 0xE81A, 0x4007, 0x0000, 0x0802,
    0x300B, 0x300B, 0x0802, 0x0000, 0x0000, 0x0000, 0x0000, 0x0000, 0x0000, 0x0000, 0x0000, 0x0000, 0x0000, 0x0000, 0x0000, 0x3006,
    0x2009, 0x0001, 0x0000, 0x0000, 0x0000, 0x0000, 0x0000, 0x0000, 0x0000, 0x1807, 0x300C, 0x1004, 0x0000, 0x0000, 0x0000, 0x0000,
    0x0000, 0x0000, 0x0000, 0x2003, 0x9813, 0x380F, 0x6012, 0x9014, 0x700C, 0x0801, 0x0000, 0x2007, 0x380D, 0x5010, 0xA811, 0x3006,
    0x1004, 0x2005, 0x2005, 0x2004, 0x1804, 0x1804, 0x1804, 0x1804, 0x2004, 0x1803, 0x1803, 0x3007, 0x6811, 0x480C, 0x1002, 0x0000,
    0x3805, 0xD811, 0xD830, 0x6028, 0x1804, 0x2805, 0x2005, 0x2004, 0x1804, 0x1804, 0x1804, 0x1804, 0x1804, 0x2004, 0x2004, 0x1804,
    0x2004, 0x1804, 0x2004, 0x1804, 0x1804, 0x2004, 0x2004, 0x2004, 0x2004, 0x2004, 0x2004, 0x2004, 0x2004, 0x2004, 0x2004, 0x2004,
    0x1804, 0x1804, 0x1803, 0x1803, 0x1803, 0x1803, 0x1804, 0x1804, 0x1804, 0x1804, 0x2004, 0x2004, 0x2004, 0x1804, 0x1803, 0x2004,
    0x3005, 0x3806, 0x4805, 0xC029, 0xE02A, 0xE02A, 0xE02A, 0xE02A, 0xE02A, 0xE02A, 0xE02A, 0xE02A, 0xE02A, 0xE02A, 0xE02A, 0xE02A,
    0xE02A, 0xE02A, 0xE02A, 0xE02A, 0xE02A, 0xE02A, 0xE02A, 0xD82A, 0xE02A, 0xE02A, 0xE02A, 0xE02A, 0xD82A, 0xE02A, 0xE02A, 0xE02A,
    0xD82A, 0xD82A, 0xE82C, 0x8026, 0x4866, 0xD8B5, 0x3805, 0x0000, 0x0000, 0x0000, 0x0000, 0x0000, 0x0803, 0x1807, 0x2008, 0x1004,
    0x1805, 0x3008, 0x580E, 0x6810, 0x780F, 0xA00F, 0xB00F, 0xC00F, 0xC80F, 0xD00F, 0xD010, 0xD010, 0xC010, 0x800C, 0x700D, 0x680E,
    0x500C, 0x480B, 0x380A, 0x300A, 0x2808, 0x1805, 0x1005, 0x1005, 0x1005, 0x1005, 0x1005, 0x1004, 0x0803, 0x0043, 0x0084, 0x0085,
    0x0021, 0x0000, 0x0000, 0x0000, 0x0000, 0x0000, 0x0208, 0x0636, 0x2925, 0xC808, 0xE02A, 0xD80A, 0xD82A, 0xD82A, 0xD82A, 0xE02A,
    0xE02A, 0xE02A, 0xE02A, 0xE02A, 0xE02A, 0xE02A, 0xD82A, 0xD82A, 0xE02A, 0xE02A, 0xE02A, 0xE02A, 0xE02A, 0xE02A, 0xE02A, 0xE02A,
    0xE02A, 0xD82A, 0xD82A, 0xD82A, 0xD82A, 0xD82A, 0xE02A, 0xE02A, 0xE02A, 0xE02A, 0xE02A, 0x6006, 0x3005, 0x3005, 0x2003, 0x1803,
    0x1804, 0x2004, 0x2004, 0x1804, 0x1804, 0x2004, 0x1804, 0x1804, 0x1804, 0x1804, 0x1804, 0x1804, 0x1804, 0x1804, 0x1804, 0x1804,
    0x1804, 0x1804, 0x1804, 0x1804, 0x1804, 0x1804, 0x1804, 0x1804, 0x1804, 0x1804, 0x1804, 0x1804, 0x1804, 0x1804, 0x1804, 0x1803,
    0x1803, 0x1804, 0x1804, 0x1804, 0x2004, 0x1804, 0x4027, 0xC012, 0xC012, 0xC011, 0x2803, 0x0000, 0x0000, 0x0801, 0x380C, 0x400D,
    0x1002, 0x1803, 0x1804, 0x1804, 0x1804, 0x1804, 0x1804, 0x1804, 0x1804, 0x1804, 0x1804, 0x1804, 0x1804, 0x1804, 0x1804, 0x1804,
    0x1804, 0x1804, 0x1804, 0x1804, 0x1804, 0x1804, 0x1804, 0x2004, 0x1002, 0x4007, 0xB814, 0xB815, 0xA013, 0x1001, 0x0000, 0x0000,
    0x0000, 0x2007, 0x300B, 0x380C, 0x1805, 0x1804, 0x1804, 0x1804, 0x1804, 0x1803, 0x1803, 0x1804, 0x1004, 0x1804, 0x600D, 0x9015,
    0x0000, 0x0000, 0x0000, 0x0000, 0x0000, 0x0001, 0x0000, 0x0000, 0x1807, 0x1809, 0x1807, 0x0000, 0x0000, 0x0000, 0x0000, 0x0000,
    0x0000, 0x0000, 0x0000, 0x0000, 0x400A, 0x5813, 0x4810, 0x502F, 0x9012, 0x2803, 0x0000, 0x0801, 0x700F, 0x8011, 0x9812, 0xA00F,
    0x902E, 0x3006, 0x1803, 0x2004, 0x1804, 0x1804, 0x1804, 0x1804, 0x1804, 0x2005, 0x480C, 0x600F, 0x2006, 0x0000, 0x0000, 0x0000,
    0x1802, 0xB80F, 0xA80F, 0xE812, 0x6808, 0x1804, 0x2805, 0x2005, 0x2004, 0x2004, 0x2004, 0x2004, 0x2004, 0x2004, 0x2004, 0x2004,
    0x2004, 0x2004, 0x2004, 0x2004, 0x2004, 0x2004, 0x2004, 0x2004, 0x2004, 0x2004, 0x2004, 0x2004, 0x2004, 0x2004, 0x2004, 0x2004,
    0x2004, 0x2004, 0x2004, 0x2004, 0x2004, 0x2004, 0x2004, 0x2004, 0x2004, 0x2004, 0x2004, 0x2004, 0x2004, 0x2004, 0x2004, 0x2804,
    0x3005, 0x2804, 0x6825, 0xE869, 0xE069, 0xE049, 0xE049, 0xE069, 0xE049, 0xE049, 0xE049, 0xE049, 0xE049, 0xE049, 0xE049, 0xE049,
    0xE049, 0xE049, 0xE049, 0xE049, 0xE049, 0xE049, 0xE049, 0xE049, 0xE049, 0xE049, 0xE04A, 0xE04A, 0xE04A, 0xE04A, 0xE04A, 0xE04A,
    0xD849, 0xF04B, 0x8826, 0x4025, 0xD874, 0x3005, 0x0000, 0x0000, 0x0000, 0x0000, 0x0000, 0x0803, 0x1004, 0x0803, 0x0803, 0x2807,
    0x380A, 0x400B, 0x600D, 0x800F, 0x8810, 0x980F, 0x900E, 0x880D, 0xB00E, 0xC00F, 0xB00E, 0xA00E, 0x980E, 0x880D, 0x800D, 0x680D,
    0x580D, 0x3809, 0x2807, 0x1806, 0x2007, 0x1807, 0x1806, 0x1006, 0x1005, 0x1005, 0x1005, 0x1005, 0x1006, 0x0065, 0x0063, 0x0063,
    0x0084, 0x0000, 0x0000, 0x0000, 0x0000, 0x0082, 0x0001, 0x0B4C, 0x0655, 0x28C4, 0xD008, 0xE02A, 0xD829, 0xE02A, 0xE02A, 0xE02A,
    0xE04A, 0xE04A, 0xE04A, 0xE04A, 0xE04A, 0xE04A, 0xE04A, 0xE04A, 0xE04A, 0xE04A, 0xE04A, 0xE04A, 0xE04A, 0xE04A, 0xE04A, 0xE04A,
    0xE04A, 0xE04A, 0xE04A, 0xE04A, 0xE04A, 0xE04A, 0xE04A, 0xE04A, 0xE04A, 0xD84A, 0xE86A, 0x9848, 0x2804, 0x3004, 0x2804, 0x2004,
    0x2004, 0x2004, 0x2004, 0x2004, 0x2004, 0x2004, 0x2004, 0x2004, 0x2004, 0x2004, 0x2004, 0x2004, 0x2004, 0x2004, 0x2004, 0x2004,
    0x2004, 0x2004, 0x2004, 0x2004, 0x2004, 0x2004, 0x2004, 0x2004, 0x2004, 0x2004, 0x2004, 0x2004, 0x2004, 0x2004, 0x2004, 0x2004,
    0x1804, 0x2004, 0x2004, 0x2005, 0x1003, 0x5828, 0xE814, 0xC813, 0xA010, 0x900E, 0x0000, 0x0000, 0x0000, 0x0000, 0x0000, 0x3009,
    0x400D, 0x2005, 0x2004, 0x1804, 0x1804, 0x1804, 0x2004, 0x2004, 0x2004, 0x2004, 0x2004, 0x2004, 0x1804, 0x1804, 0x2004, 0x2004,
    0x2004, 0x2004, 0x2004, 0x1804, 0x1804, 0x2004, 0x2004, 0x0802, 0x5009, 0xC016, 0x9013, 0x9814, 0x4809, 0x0000, 0x0000, 0x0000,
    0x0000, 0x0000, 0x0801, 0x5011, 0x5010, 0x2006, 0x1804, 0x1804, 0x1805, 0x2005, 0x1805, 0x0802, 0x2806, 0x7010, 0x7012, 0x380E,
    0x0000, 0x0000, 0x0000, 0x0000, 0x1807, 0x0001, 0x0000, 0x0000, 0x1806, 0x1006, 0x0002, 0x0000, 0x0000, 0x0000, 0x0000, 0x0000,
    0x0000, 0x0000, 0x0000, 0x0000, 0x0000, 0x1805, 0x400F, 0x4810, 0x5811, 0x8811, 0x1802, 0x0020, 0x1824, 0x500C, 0x9010, 0xC812,
    0xA010, 0xC831, 0x5026, 0x0000, 0x0001, 0x0000, 0x0000, 0x0802, 0x380B, 0x6012, 0x480D, 0x0001, 0x0000, 0x0000, 0x0000, 0x0000,
    0x0000, 0xA00D, 0xB811, 0xA810, 0xF011, 0x7008, 0x0801, 0x1001, 0x0801, 0x0801, 0x0801, 0x0801, 0x0801, 0x0801, 0x0801, 0x0801,
    0x0801, 0x0801, 0x0801, 0x0801, 0x0801, 0x0801, 0x0801, 0x0801, 0x0801, 0x0801, 0x0801, 0x0801, 0x0801, 0x0801, 0x0801, 0x0801,
    0x0801, 0x0801, 0x0801, 0x0801, 0x0801, 0x0801, 0x0801, 0x0801, 0x0801, 0x0801, 0x0801, 0x0801, 0x0801, 0x0801, 0x1002, 0x1802,
    0x1802, 0x1002, 0xB846, 0xF088, 0xE068, 0xE888, 0xE868, 0xE868, 0xE888, 0xE868, 0xE868, 0xE868, 0xE869, 0xE869, 0xE869, 0xE869,
    0xE869, 0xE869, 0xE869, 0xE869, 0xE869, 0xE869, 0xE869, 0xE869, 0xE869, 0xE869, 0xE069, 0xE869, 0xE869, 0xE869, 0xE869, 0xE869,
    0xF84A, 0xA827, 0x2042, 0xE074, 0x4808, 0x0000, 0x0801, 0x0000, 0x0000, 0x0000, 0x0000, 0x0803, 0x0802, 0x1806, 0x2007, 0x2809,
    0x380B, 0x400B, 0x480B, 0x580D, 0x700E, 0x980F, 0xA80F, 0xB810, 0xD810, 0xC810, 0xA80F, 0x900E, 0x780C, 0x800E, 0x780E, 0x580C,
    0x500B, 0x400A, 0x3008, 0x2007, 0x2808, 0x2808, 0x1807, 0x1006, 0x1005, 0x1005, 0x1005, 0x1005, 0x1005, 0x0065, 0x00C7, 0x0083,
    0x0062, 0x0000, 0x0000, 0x0000, 0x0000, 0x0021, 0x0083, 0x0064, 0x0C70, 0x05F4, 0x4043, 0xE829, 0xE049, 0xE049, 0xE849, 0xE849,
    0xE849, 0xE869, 0xE849, 0xE849, 0xE849, 0xE849, 0xE849, 0xE849, 0xE869, 0xE869, 0xE869, 0xE869, 0xE869, 0xE869, 0xE869, 0xE869,
    0xE869, 0xE869, 0xE869, 0xE869, 0xE869, 0xE869, 0xE869, 0xE889, 0xE069, 0xE069, 0xE069, 0xD069, 0x2803, 0x1803, 0x1803, 0x1002,
    0x0801, 0x0801, 0x0801, 0x0801, 0x0801, 0x0801, 0x0801, 0x0801, 0x0801, 0x0801, 0x0801, 0x0801, 0x0801, 0x0801, 0x0801, 0x0801,
    0x0801, 0x0801, 0x0801, 0x0801, 0x0801, 0x0801, 0x0801, 0x0801, 0x0801, 0x0801, 0x0801, 0x0801, 0x0801, 0x0801, 0x0801, 0x0801,
    0x0801, 0x0000, 0x0801, 0x0000, 0x6829, 0xF013, 0xC012, 0x802F, 0xD815, 0x3806, 0x0000, 0x0000, 0x0000, 0x0000, 0x0000, 0x0000,
    0x400D, 0x380A, 0x0802, 0x0000, 0x0000, 0x0801, 0x0801, 0x0801, 0x0801, 0x0001, 0x0801, 0x0801, 0x0801, 0x0801, 0x0801, 0x0801,
    0x0801, 0x0801, 0x0801, 0x0001, 0x0801, 0x0801, 0x0801, 0x682A, 0xC015, 0x6812, 0x8813, 0x8010, 0x0000, 0x0000, 0x0000, 0x0000,
    0x0000, 0x0000, 0x0000, 0x0802, 0x1003, 0x2808, 0x5010, 0x2007, 0x0801, 0x0000, 0x0801, 0x4809, 0x6012, 0x5011, 0x2008, 0x280B,
    0x0000, 0x0000, 0x0000, 0x1806, 0x1003, 0x0000, 0x0000, 0x0000, 0x1004, 0x0802, 0x0000, 0x0000, 0x0000, 0x0000, 0x0000, 0x0802,
    0x0000, 0x0000, 0x0000, 0x0000, 0x0000, 0x0000, 0x2809, 0x4810, 0x3810, 0x9816, 0x682B, 0x0000, 0x0000, 0x0001, 0x300B, 0x700E,
    0x380B, 0x8810, 0xE034, 0x7809, 0x0000, 0x0802, 0x3009, 0x480F, 0x2007, 0x1807, 0x0001, 0x0000, 0x0000, 0x0000, 0x0000, 0x0000,
    0x0000, 0x3005, 0xD811, 0x9810, 0xA010, 0xE812, 0x2803, 0x0000, 0x0000, 0x0000, 0x0000, 0x0000, 0x0000, 0x0000, 0x0000, 0x0000,
    0x0000, 0x0000, 0x0000, 0x0000, 0x0000, 0x0000, 0x0000, 0x0000, 0x0000, 0x0000, 0x0000, 0x0000, 0x0000, 0x0000, 0x0000, 0x0000,
    0x0000, 0x0000, 0x0000, 0x0000, 0x0000, 0x0000, 0x0000, 0x0000, 0x0000, 0x0000, 0x0000, 0x0000, 0x0000, 0x0000, 0x0000, 0x1802,
    0x2003, 0x2003, 0x782A, 0x982C, 0x902B, 0x902C, 0x982C, 0x902C, 0x902C, 0x902C, 0x982C, 0x982C, 0x982C, 0x982C, 0x982C, 0x982C,
    0x902C, 0x902C, 0x902C, 0x902C, 0x902C, 0x902C, 0x982C, 0x982C, 0x982C, 0x982C, 0x902C, 0x982C, 0x982C, 0xA02C, 0xA02C, 0xA02D,
    0x982B, 0x3063, 0xC0B3, 0x684C, 0x0003, 0x1004, 0x0000, 0x0000, 0x0000, 0x0000, 0x0000, 0x0803, 0x1806, 0x2008, 0x2008, 0x2808,
    0x2809, 0x480C, 0x700E, 0x700C, 0x880D, 0x900D, 0x980E, 0xB810, 0xE831, 0xD030, 0xC830, 0xC830, 0xA80F, 0x980F, 0x880E, 0x682C,
    0x482B, 0x502D, 0x502D, 0x382B, 0x2809, 0x2007, 0x1806, 0x1005, 0x1005, 0x1005, 0x1004, 0x1004, 0x1005, 0x0886, 0x00C7, 0x0084,
    0x0063, 0x0021, 0x0000, 0x0000, 0x0000, 0x0041, 0x0062, 0x0148, 0x0169, 0x0554, 0x042F, 0x5023, 0x982C, 0x900C, 0x982D, 0x982D,
    0x902C, 0x902C, 0x902C, 0x902C, 0x902C, 0x902C, 0x900C, 0x900C, 0x902C, 0x902C, 0x902C, 0x902C, 0x902C, 0x902C, 0x902C, 0x902C,
    0x902C, 0x902C, 0x902C, 0x902C, 0x982C, 0x982C, 0x902C, 0x882C, 0x882C, 0x882B, 0x902C, 0x882C, 0x3005, 0x2804, 0x1803, 0x0000,
    0x0000, 0x0000, 0x0000, 0x0000, 0x0000, 0x0000, 0x0000, 0x0000, 0x0000, 0x0000, 0x0000, 0x0000, 0x0000, 0x0000, 0x0000, 0x0000,
    0x0000, 0x0000, 0x0000, 0x0000, 0x0000, 0x0000, 0x0000, 0x0000, 0x0000, 0x0000, 0x0000, 0x0000, 0x0000, 0x0000, 0x0000, 0x0000,
    0x0000, 0x0801, 0x0000, 0x5806, 0xE013, 0xC813, 0x602E, 0xD015, 0x6009, 0x0000, 0x0000, 0x0000, 0x0000, 0x0000, 0x0000, 0x0000,
    0x0000, 0x2008, 0x3009, 0x380C, 0x0801, 0x0000, 0x0000, 0x0000, 0x0000, 0x0000, 0x0000, 0x0000, 0x0000, 0x0000, 0x0000, 0x0000,
    0x0000, 0x0000, 0x0000, 0x0000, 0x0000, 0x0000, 0x5808, 0xD016, 0x6011, 0x4011, 0x8013, 0x1003, 0x0000, 0x0000, 0x0000, 0x0000,
    0x0001, 0x0000, 0x0000, 0x0000, 0x0000, 0x0000, 0x1806, 0x300B, 0x280A, 0x3008, 0x680F, 0x8015, 0x4011, 0x300D, 0x1005, 0x4010,
    0x0000, 0x0000, 0x0803, 0x0001, 0x0000, 0x0000, 0x0000, 0x0001, 0x0803, 0x0000, 0x0000, 0x0000, 0x0000, 0x0000, 0x0000, 0x1805,
    0x0803, 0x0000, 0x0000, 0x0801, 0x0801, 0x0000, 0x0001, 0x284A, 0x380D, 0x4810, 0x8812, 0x2003, 0x0000, 0x0000, 0x0803, 0x580F,
    0x380D, 0x380D, 0x8811, 0xB814, 0x882E, 0x2808, 0x2808, 0x0001, 0x0000, 0x0000, 0x0000, 0x0000, 0x0000, 0x0802, 0x0000, 0x0000,
    0x0000, 0x0000, 0x8029, 0xC012, 0x580E, 0x780F, 0x900C, 0x7009, 0x6808, 0x0801, 0x1002, 0x1803, 0x1803, 0x1003, 0x1002, 0x1002,
    0x1002, 0x1002, 0x1002, 0x1002, 0x1002, 0x1002, 0x1002, 0x1002, 0x1002, 0x1002, 0x1002, 0x1002, 0x1002, 0x1002, 0x1002, 0x1002,
    0x1002, 0x1002, 0x1002, 0x1002, 0x1002, 0x1002, 0x1002, 0x1002, 0x1002, 0x1002, 0x1002, 0x1002, 0x1002, 0x1002, 0x1803, 0x2804,
    0x3806, 0x4806, 0x882B, 0x882C, 0x882C, 0x880C, 0x880C, 0x802C, 0x882C, 0x882C, 0x882C, 0x882C, 0x882C, 0x882C, 0x882C, 0x882C,
    0x882C, 0x882C, 0x800C, 0x882C, 0x882C, 0x882C, 0x882C, 0x882C, 0x882C, 0x882C, 0x902C, 0x902C, 0x882C, 0x880C, 0x800C, 0x980D,
    0x2003, 0x90CF, 0xB052, 0x1806, 0x2006, 0x0803, 0x0803, 0x0000, 0x0000, 0x0000, 0x0000, 0x0001, 0x0802, 0x1807, 0x2008, 0x380B,
    0x380B, 0x400A, 0x500B, 0x500C, 0x700D, 0x980E, 0xC010, 0xA80D, 0x5005, 0x5004, 0x5005, 0x5805, 0x2002, 0x0800, 0x0000, 0x0000,
    0x0000, 0x0001, 0x0803, 0x0803, 0x1004, 0x1807, 0x1005, 0x1005, 0x1826, 0x1805, 0x1005, 0x1004, 0x0804, 0x0065, 0x00C7, 0x0063,
    0x0000, 0x0020, 0x0000, 0x0000, 0x0000, 0x0021, 0x0063, 0x00E6, 0x01EB, 0x01AB, 0x05D6, 0x0289, 0x5807, 0x902D, 0x802C, 0x882C,
    0x882D, 0x882D, 0x882C, 0x882C, 0x882C, 0x882C, 0x882C, 0x880C, 0x882C, 0x882C, 0x882C, 0x882C, 0x882C, 0x800C, 0x800C, 0x880C,
    0x882C, 0x882C, 0x882C, 0x882C, 0x882C, 0x882C, 0x882C, 0x802C, 0x800C, 0x800B, 0x880C, 0x902D, 0x5026, 0x3005, 0x2803, 0x1803,
    0x1002, 0x1002, 0x1002, 0x1002, 0x1002, 0x1002, 0x1002, 0x1002, 0x1002, 0x1002, 0x1002, 0x1002, 0x1002, 0x1002, 0x1002, 0x1002,
    0x1002, 0x1002, 0x1002, 0x1002, 0x1002, 0x1002, 0x1002, 0x1003, 0x1002, 0x1002, 0x1002, 0x1002, 0x1803, 0x1803, 0x1002, 0x1802,
    0x900C, 0xC02F, 0x880E, 0xA811, 0x982D, 0x680E, 0x9013, 0x780C, 0x0000, 0x0020, 0x0000, 0x0000, 0x0000, 0x0000, 0x0000, 0x0000,
    0x0000, 0x0000, 0x0000, 0x480E, 0x400D, 0x2006, 0x0801, 0x0801, 0x0802, 0x1002, 0x1002, 0x1002, 0x1003, 0x1003, 0x1002, 0x1002,
    0x1002, 0x1803, 0x1803, 0x1002, 0x1002, 0x602A, 0xA815, 0x7012, 0x6012, 0x380F, 0x0804, 0x0000, 0x0000, 0x0000, 0x0000, 0x0000,
    0x0803, 0x0802, 0x0000, 0x0000, 0x0000, 0x0000, 0x0000, 0x0000, 0x0802, 0x480E, 0x480F, 0x280B, 0x300C, 0x0802, 0x2009, 0x280C,
    0x0000, 0x0000, 0x0000, 0x0000, 0x0000, 0x0000, 0x0000, 0x0000, 0x0000, 0x0000, 0x0000, 0x0000, 0x0000, 0x0000, 0x0000, 0x0802,
    0x1806, 0x0000, 0x0000, 0x1001, 0x4808, 0x2004, 0x0000, 0x0021, 0x1004, 0x300C, 0x480E, 0x4009, 0x0000, 0x0000, 0x0000, 0x680D,
    0x6813, 0x280C, 0x380D, 0x3810, 0x400E, 0x0000, 0x0000, 0x0000, 0x0000, 0x0000, 0x0000, 0x0000, 0x1005, 0x0803, 0x0000, 0x0020,
    0x3805, 0x1002, 0x0000, 0x700B, 0x680E, 0x400A, 0x880E, 0x880C, 0xE012, 0x980D, 0x2805, 0x3006, 0x2805, 0x2805, 0x2005, 0x2004,
    0x2004, 0x2005, 0x2805, 0x2805, 0x2005, 0x2005, 0x2005, 0x2004, 0x2005, 0x2805, 0x2805, 0x2805, 0x2805, 0x2805, 0x2005, 0x2004,
    0x2004, 0x2005, 0x2005, 0x2805, 0x2805, 0x2805, 0x2805, 0x2005, 0x2004, 0x2004, 0x2005, 0x2005, 0x2004, 0x2004, 0x2804, 0x3806,
    0x4007, 0xB068, 0xF8E8, 0xE8C7, 0xE8C7, 0xE8C7, 0xE8C7, 0xE8E7, 0xE8E7, 0xE8E7, 0xE8E7, 0xE8E7, 0xE8E7, 0xE8E7, 0xE8E7, 0xE8E7,
    0xE8E7, 0xE8E7, 0xE8C7, 0xE8C7, 0xE8C7, 0xE8C7, 0xE8C7, 0xE8C7, 0xE8C7, 0xE8C7, 0xE8C7, 0xE8E7, 0xE8E7, 0xE0A7, 0xF0A8, 0x7824,
    0x59EB, 0xB952, 0x4809, 0x2807, 0x1004, 0x1004, 0x0802, 0x0000, 0x0000, 0x0000, 0x0000, 0x0802, 0x1004, 0x1005, 0x1005, 0x300A,
    0x400C, 0x580E, 0x580D, 0x500C, 0x2803, 0x2803, 0x2002, 0x4927, 0xAB71, 0xAB51, 0xAAF1, 0xB2F1, 0xBAD2, 0xB251, 0xB251, 0xB271,
    0xB2B1, 0xA2B0, 0xA270, 0xA2B2, 0x6B12, 0x1864, 0x1001, 0x0000, 0x0001, 0x0804, 0x1005, 0x1807, 0x1827, 0x0085, 0x0063, 0x0063,
    0x0062, 0x0020, 0x0000, 0x0000, 0x0000, 0x0062, 0x00C4, 0x00C5, 0x0148, 0x026D, 0x0451, 0x0594, 0x2926, 0xE0A7, 0xE108, 0xE8C7,
    0xE8C7, 0xE8E7, 0xE8C7, 0xE8C8, 0xE8C8, 0xE8C8, 0xE8C7, 0xE8C8, 0xE8C8, 0xE8C8, 0xE8C8, 0xE8C8, 0xE8C8, 0xE8C8, 0xE8A8, 0xE8C8,
    0xE8C8, 0xE8C8, 0xE8C7, 0xE8C7, 0xE8C7, 0xE8C7, 0xE8C7, 0xE8C8, 0xE8A7, 0xE8A7, 0xE8A7, 0xF0E8, 0xD0A8, 0x4807, 0x3806, 0x2805,
    0x2004, 0x2004, 0x2005, 0x2005, 0x2005, 0x2005, 0x2004, 0x2004, 0x2004, 0x2004, 0x2005, 0x2005, 0x2004, 0x2004, 0x2005, 0x2005,
    0x2005, 0x2005, 0x2005, 0x2005, 0x2005, 0x2005, 0x2005, 0x2005, 0x2005, 0x2005, 0x2004, 0x2005, 0x2805, 0x2806, 0x2805, 0xA80E,
    0xE013, 0x9010, 0x500E, 0x600C, 0xA00F, 0x480F, 0x500D, 0x0801, 0x5807, 0x1001, 0x0000, 0x0000, 0x0000, 0x0802, 0x0803, 0x0000,
    0x0000, 0x0000, 0x0000, 0x0000, 0x0801, 0x2007, 0x600F, 0x3809, 0x2005, 0x1804, 0x2806, 0x2806, 0x2005, 0x2005, 0x2005, 0x2005,
    0x2005, 0x2005, 0x2005, 0x1003, 0x5809, 0xB816, 0x5012, 0x6813, 0x380C, 0x500A, 0x3003, 0x0000, 0x0000, 0x0000, 0x0000, 0x0000,
    0x0000, 0x1005, 0x0001, 0x0000, 0x0000, 0x0000, 0x0000, 0x0000, 0x0803, 0x280C, 0x280C, 0x280C, 0x1004, 0x1004, 0x400E, 0x1004,
    0x0000, 0x0000, 0x0000, 0x0000, 0x0000, 0x0000, 0x0000, 0x0000, 0x0000, 0x0000, 0x0000, 0x0000, 0x0000, 0x0000, 0x0000, 0x0000,
    0x1005, 0x0001, 0x0000, 0x0000, 0x0801, 0xA814, 0x682D, 0x0800, 0x0000, 0x1805, 0x280B, 0x400D, 0x1803, 0x0000, 0x0000, 0x0801,
    0x1806, 0x280A, 0x300B, 0x380E, 0x380E, 0x1004, 0x0000, 0x0000, 0x0000, 0x0000, 0x0000, 0x1003, 0x1004, 0x0000, 0x0000, 0x0000,
    0x4806, 0xC811, 0x4005, 0x0000, 0x780D, 0x500B, 0x2806, 0x700E, 0xC011, 0xF813, 0x7009, 0x1804, 0x2004, 0x2004, 0x2805, 0x2005,
    0x2005, 0x2005, 0x2005, 0x2004, 0x2005, 0x2005, 0x2805, 0x2805, 0x2805, 0x2005, 0x2805, 0x2805, 0x2005, 0x2805, 0x2805, 0x2805,
    0x2005, 0x2005, 0x2805, 0x2805, 0x2805, 0x2805, 0x2805, 0x2005, 0x2004, 0x2004, 0x2004, 0x2005, 0x2805, 0x2805, 0x3006, 0x4006,
    0x3006, 0xA866, 0xF0E6, 0xE906, 0xE906, 0xE906, 0xE906, 0xE906, 0xE906, 0xE906, 0xE906, 0xE926, 0xE906, 0xE906, 0xE906, 0xE906,
    0xE906, 0xE907, 0xE907, 0xE907, 0xE907, 0xE907, 0xE907, 0xE906, 0xE906, 0xE906, 0xE906, 0xE906, 0xE907, 0xF107, 0xD8E6, 0x2822,
    0xD215, 0xB0B0, 0x580C, 0x3029, 0x1004, 0x0001, 0x0000, 0x0000, 0x0000, 0x0000, 0x0000, 0x0001, 0x1003, 0x1005, 0x3009, 0x300B,
    0x2008, 0x3005, 0x3003, 0x48E6, 0xBBB3, 0xD4D7, 0xCCF6, 0xB3B5, 0xD4FA, 0xCD5A, 0x9B14, 0x8A52, 0x8251, 0x7210, 0x7230, 0x7A31,
    0x7A52, 0x7A52, 0x8252, 0x82B3, 0x7B95, 0x9BD6, 0xBC77, 0x8B55, 0x5313, 0x2105, 0x0842, 0x0003, 0x0803, 0x00A6, 0x00A5, 0x0042,
    0x0000, 0x0041, 0x0000, 0x0000, 0x0000, 0x0000, 0x0021, 0x0084, 0x0127, 0x024C, 0x0576, 0x0698, 0x04B1, 0x8823, 0xF928, 0xE0E7,
    0xE8E7, 0xE907, 0xE8E7, 0xE8E7, 0xE8E7, 0xE907, 0xE907, 0xE907, 0xE907, 0xE907, 0xE907, 0xE8E7, 0xE8E7, 0xE907, 0xE907, 0xE8E7,
    0xE8E7, 0xE8E7, 0xE8E7, 0xE8E7, 0xE8E7, 0xE8E7, 0xE8E7, 0xE907, 0xE907, 0xE8E7, 0xE8E7, 0xF0E7, 0xC8C7, 0x3806, 0x4006, 0x3005,
    0x2805, 0x2005, 0x2004, 0x2004, 0x2004, 0x2004, 0x2005, 0x2005, 0x2005, 0x2005, 0x2005, 0x2004, 0x2004, 0x2004, 0x2005, 0x2805,
    0x2805, 0x2805, 0x2805, 0x2005, 0x2005, 0x2005, 0x2005, 0x2005, 0x2805, 0x2805, 0x2005, 0x2005, 0x2004, 0x1003, 0x902C, 0xF813,
    0xA011, 0x6010, 0x2807, 0x800D, 0x580F, 0x380B, 0x4805, 0xB00F, 0x780C, 0x0000, 0x0000, 0x0000, 0x0000, 0x0000, 0x1003, 0x0802,
    0x0000, 0x0000, 0x0000, 0x0000, 0x0000, 0x0000, 0x3009, 0x400D, 0x500E, 0x480D, 0x2806, 0x1803, 0x1804, 0x1804, 0x2005, 0x2005,
    0x1003, 0x4828, 0x800D, 0x700C, 0x9013, 0x4810, 0x280B, 0x400C, 0x9013, 0xA813, 0x1001, 0x0000, 0x0000, 0x0000, 0x0000, 0x0000,
    0x0000, 0x0001, 0x0803, 0x0000, 0x0000, 0x0000, 0x0000, 0x0001, 0x280B, 0x300C, 0x2009, 0x0802, 0x0000, 0x280B, 0x1805, 0x0000,
    0x0000, 0x0000, 0x0000, 0x0000, 0x0000, 0x0001, 0x0000, 0x0000, 0x0000, 0x0000, 0x0000, 0x0000, 0x0000, 0x0000, 0x0000, 0x0000,
    0x0000, 0x0803, 0x0000, 0x0000, 0x0000, 0x500A, 0xA817, 0x8811, 0x3806, 0x0000, 0x1806, 0x380E, 0x300B, 0x0000, 0x0000, 0x0000,
    0x0000, 0x0802, 0x280A, 0x1807, 0x300D, 0x300C, 0x0001, 0x0000, 0x0000, 0x0000, 0x0802, 0x1005, 0x0000, 0x0000, 0x0000, 0x0000,
    0x0000, 0xA80F, 0xD012, 0x800A, 0x1003, 0x7010, 0x2006, 0x3809, 0x8010, 0xB030, 0xD830, 0x3004, 0x1002, 0x1803, 0x1803, 0x1803,
    0x1803, 0x1002, 0x1002, 0x1002, 0x1803, 0x1803, 0x1803, 0x1803, 0x1803, 0x1803, 0x1803, 0x1803, 0x1803, 0x1003, 0x1803, 0x1803,
    0x1803, 0x1803, 0x1803, 0x1803, 0x1002, 0x1002, 0x1002, 0x1002, 0x1002, 0x1002, 0x1002, 0x1803, 0x1803, 0x2004, 0x2804, 0x3005,
    0x4025, 0xC8C6, 0xF0E6, 0xE926, 0xE926, 0xE926, 0xE926, 0xE926, 0xE926, 0xE926, 0xE926, 0xE926, 0xE926, 0xE926, 0xE926, 0xE926,
    0xE926, 0xE926, 0xE926, 0xE926, 0xE926, 0xE926, 0xE926, 0xE926, 0xE926, 0xE926, 0xE926, 0xE926, 0xE106, 0xF927, 0x7062, 0x792C,
    0xF8B5, 0xB00F, 0x480E, 0x2007, 0x0001, 0x0802, 0x0000, 0x0000, 0x0000, 0x0000, 0x0000, 0x0803, 0x2027, 0x1005, 0x0001, 0x2003,
    0x60C7, 0xC352, 0xE49A, 0xBBB6, 0x9B14, 0x69AF, 0x696F, 0x480B, 0x480A, 0x480A, 0x580B, 0x580B, 0x580B, 0x580B, 0x580C, 0x580C,
    0x600D, 0x580D, 0x500D, 0x400B, 0x3009, 0x2869, 0x30EA, 0x51CF, 0x7B13, 0x9375, 0x8CD9, 0x7370, 0x1126, 0x0001, 0x0000, 0x0063,
    0x0084, 0x0042, 0x0000, 0x0000, 0x0000, 0x0000, 0x0083, 0x0041, 0x0167, 0x02AE, 0x05D8, 0x0659, 0x05D7, 0x1965, 0xD884, 0xE906,
    0xE906, 0xE906, 0xE906, 0xE906, 0xE906, 0xE926, 0xE906, 0xE906, 0xE906, 0xE906, 0xE906, 0xE906, 0xE906, 0xE906, 0xE907, 0xE907,
    0xE907, 0xE907, 0xE907, 0xE906, 0xE907, 0xE907, 0xE907, 0xE907, 0xE907, 0xE906, 0xE906, 0xE906, 0xD8E6, 0x4824, 0x2804, 0x3005,
    0x2004, 0x1803, 0x1803, 0x1002, 0x1803, 0x1803, 0x1803, 0x1803, 0x1803, 0x1803, 0x1803, 0x1803, 0x1803, 0x1803, 0x1803, 0x1803,
    0x1803, 0x1803, 0x1803, 0x1803, 0x1803, 0x1803, 0x1003, 0x1003, 0x1803, 0x1803, 0x2004, 0x2004, 0x0802, 0x5007, 0xE012, 0xB031,
    0xB094, 0x400B, 0x4008, 0x7011, 0x1006, 0x6828, 0xE033, 0xD814, 0x1802, 0x0000, 0x0000, 0x0000, 0x0000, 0x0000, 0x0000, 0x0001,
    0x0001, 0x0000, 0x0000, 0x0000, 0x0000, 0x0000, 0x0801, 0x2007, 0x0802, 0x500E, 0x500F, 0x3009, 0x1804, 0x0801, 0x0802, 0x0802,
    0x702C, 0xC035, 0x8814, 0x6815, 0x4812, 0x2008, 0x400E, 0x6012, 0x7815, 0x2005, 0x0000, 0x0000, 0x0000, 0x0000, 0x0000, 0x0000,
    0x0000, 0x0000, 0x0001, 0x0000, 0x0000, 0x0000, 0x0001, 0x280A, 0x2009, 0x1005, 0x0803, 0x0000, 0x0802, 0x1004, 0x0000, 0x0000,
    0x0000, 0x0000, 0x0000, 0x0000, 0x0803, 0x1005, 0x0000, 0x0000, 0x0000, 0x0000, 0x0000, 0x0000, 0x0000, 0x0000, 0x0000, 0x0000,
    0x0000, 0x0001, 0x0000, 0x0000, 0x0000, 0x0020, 0x5810, 0x400E, 0x6810, 0x580D, 0x0000, 0x1808, 0x380F, 0x0803, 0x0000, 0x0000,
    0x0000, 0x0000, 0x1003, 0x1003, 0x280B, 0x300D, 0x1807, 0x0000, 0x0000, 0x0000, 0x0001, 0x0000, 0x0000, 0x0000, 0x0000, 0x0000,
    0x0000, 0x4006, 0x900F, 0xB011, 0xA810, 0x400A, 0x400B, 0x0802, 0x400C, 0x400C, 0xA812, 0x900C, 0x0000, 0x0000, 0x0000, 0x0000,
    0x0000, 0x0000, 0x0000, 0x0000, 0x0000, 0x0000, 0x0000, 0x0000, 0x0000, 0x0000, 0x0000, 0x0000, 0x0000, 0x0000, 0x0000, 0x0000,
    0x0000, 0x0000, 0x0000, 0x0000, 0x0000, 0x0000, 0x0000, 0x0000, 0x0000, 0x0000, 0x0000, 0x0000, 0x0000, 0x0801, 0x1802, 0x1003,
    0x7085, 0xF966, 0xE926, 0xE926, 0xE926, 0xE946, 0xE946, 0xE946, 0xE946, 0xE946, 0xE946, 0xE946, 0xE946, 0xE946, 0xE946, 0xE946,
    0xE946, 0xE946, 0xE946, 0xE946, 0xE946, 0xE946, 0xE946, 0xE946, 0xE946, 0xE946, 0xE946, 0xE926, 0xF126, 0xC0A4, 0x3863, 0xD954,
    0xD010, 0xA00F, 0x400C, 0x1003, 0x1806, 0x0802, 0x0000, 0x0000, 0x0000, 0x0000, 0x0802, 0x0804, 0x0000, 0x2803, 0x820C, 0xC2F3,
    0xBB76, 0x7A50, 0x590D, 0x480C, 0x500B, 0x700D, 0x880F, 0x800E, 0x4808, 0x5028, 0x6009, 0x5808, 0x5807, 0x5808, 0x5808, 0x5008,
    0x5028, 0x602A, 0x5809, 0x404A, 0x308B, 0x5850, 0x602F, 0x480D, 0x300C, 0x280B, 0x40EE, 0x7A52, 0x7C98, 0x53B2, 0x426B, 0x0000,
    0x0000, 0x0083, 0x0020, 0x0000, 0x0000, 0x0000, 0x0020, 0x0127, 0x00C5, 0x020A, 0x05F8, 0x069A, 0x04F4, 0x0410, 0x5841, 0xF146,
    0xE946, 0xE926, 0xE926, 0xE926, 0xE946, 0xE926, 0xE926, 0xE926, 0xE926, 0xE926, 0xE926, 0xE926, 0xE926, 0xE926, 0xE926, 0xE926,
    0xE926, 0xE926, 0xE926, 0xE926, 0xE926, 0xE926, 0xE926, 0xE926, 0xE926, 0xE926, 0xE926, 0xE126, 0xF947, 0x6864, 0x1002, 0x1802,
    0x0801, 0x0000, 0x0000, 0x0000, 0x0000, 0x0000, 0x0000, 0x0000, 0x0000, 0x0000, 0x0000, 0x0000, 0x0000, 0x0000, 0x0000, 0x0000,
    0x0000, 0x0000, 0x0000, 0x0000, 0x0000, 0x0000, 0x0000, 0x0000, 0x0000, 0x0000, 0x0000, 0x0000, 0x1822, 0xD030, 0xB011, 0x580F,
    0x582E, 0x0802, 0x402E, 0x302D, 0x900E, 0xA012, 0xB814, 0x6029, 0x0000, 0x0000, 0x0000, 0x0000, 0x0000, 0x0000, 0x0000, 0x0000,
    0x0000, 0x0802, 0x0001, 0x0000, 0x0000, 0x0000, 0x0000, 0x0000, 0x0000, 0x0000, 0x1004, 0x2007, 0x380D, 0x2008, 0x1803, 0x802E,
    0xB818, 0x6013, 0x3810, 0x4812, 0x2008, 0x1807, 0x380D, 0x5810, 0x1805, 0x0000, 0x0000, 0x0000, 0x0000, 0x0000, 0x0000, 0x0000,
    0x0000, 0x0000, 0x0000, 0x0000, 0x0000, 0x0000, 0x1806, 0x280A, 0x0000, 0x0802, 0x0000, 0x0000, 0x0000, 0x0000, 0x0000, 0x0000,
    0x0000, 0x0000, 0x0000, 0x1806, 0x1807, 0x0000, 0x0000, 0x0000, 0x0000, 0x0000, 0x0000, 0x0000, 0x0000, 0x0000, 0x0000, 0x0000,
    0x0000, 0x0000, 0x0000, 0x0000, 0x0000, 0x0000, 0x3807, 0x5010, 0x200A, 0x5011, 0x580F, 0x2006, 0x1806, 0x280A, 0x0802, 0x0000,
    0x0000, 0x0000, 0x1806, 0x0000, 0x0801, 0x2007, 0x280A, 0x0000, 0x0000, 0x0000, 0x0000, 0x0000, 0x0000, 0x0000, 0x0000, 0x0000,
    0x0000, 0x0000, 0x880D, 0x680F, 0x8811, 0xA813, 0x502B, 0x0001, 0x1003, 0x580F, 0x500F, 0x880E, 0x5026, 0x0003, 0x0803, 0x1003,
    0x2004, 0x2004, 0x2805, 0x2805, 0x2805, 0x2004, 0x2004, 0x2005, 0x2005, 0x2005, 0x3807, 0x6809, 0x2804, 0x1804, 0x2805, 0x2005,
    0x2805, 0x2805, 0x2005, 0x2004, 0x2004, 0x2004, 0x2004, 0x2004, 0x2005, 0x2805, 0x2805, 0x2805, 0x2004, 0x2804, 0x3005, 0x3807,
    0x8086, 0xF9A5, 0xF145, 0xF145, 0xF145, 0xF165, 0xF165, 0xF165, 0xF165, 0xF165, 0xF165, 0xF165, 0xF165, 0xF165, 0xF165, 0xF145,
    0xF145, 0xF165, 0xF165, 0xF165, 0xF165, 0xF165, 0xF165, 0xF165, 0xF145, 0xF145, 0xF165, 0xE965, 0xF966, 0x6882, 0x80AC, 0xC851,
    0xB80E, 0x780C, 0x0803, 0x1807, 0x1005, 0x0001, 0x0000, 0x0000, 0x0000, 0x0020, 0x0000, 0x1802, 0x924C, 0xC415, 0xAB36, 0x514D,
    0x3009, 0x4008, 0x780D, 0x900D, 0x700A, 0x4806, 0x3004, 0x2803, 0x0000, 0x0000, 0x0000, 0x0000, 0x0000, 0x0000, 0x0000, 0x0000,
    0x0000, 0x0000, 0x0000, 0x0000, 0x0000, 0x2026, 0x3807, 0x306A, 0x38EF, 0x68D3, 0x390E, 0x300C, 0x300A, 0x51D0, 0x8417, 0x7475,
    0x3A6B, 0x0000, 0x0000, 0x0000, 0x0000, 0x0000, 0x0041, 0x0127, 0x01A9, 0x0167, 0x04B3, 0x06BA, 0x03B0, 0x0493, 0x0965, 0xD943,
    0xF1A6, 0xF165, 0xF165, 0xF165, 0xF145, 0xF145, 0xF145, 0xF145, 0xF145, 0xF145, 0xF145, 0xF145, 0xF146, 0xF126, 0xF146, 0xF146,
    0xF146, 0xF146, 0xF146, 0xF146, 0xF146, 0xF146, 0xF146, 0xF146, 0xF125, 0xE925, 0xE925, 0xE926, 0xF986, 0x8086, 0x3006, 0x3805,
    0x2004, 0x2004, 0x2004, 0x2004, 0x2004, 0x2004, 0x2004, 0x2004, 0x2004, 0x2004, 0x2004, 0x2004, 0x2805, 0x2005, 0x2004, 0x2004,
    0x2004, 0x2004, 0x2004, 0x2004, 0x2004, 0x2005, 0x2005, 0x2004, 0x2004, 0x1803, 0x1803, 0x1003, 0xA82D, 0xC812, 0x7810, 0x580F,
    0x1804, 0x0000, 0x2828, 0xA011, 0xA815, 0x6011, 0x900F, 0x0000, 0x0000, 0x0000, 0x0000, 0x0000, 0x0000, 0x0000, 0x0000, 0x0000,
    0x0000, 0x0001, 0x0000, 0x0000, 0x0000, 0x0000, 0x0000, 0x0000, 0x0000, 0x0000, 0x0000, 0x0000, 0x0803, 0x1005, 0x500B, 0x8013,
    0x300D, 0x300B, 0x2008, 0x1807, 0x0803, 0x380E, 0x580E, 0x2805, 0x0000, 0x0000, 0x0000, 0x0000, 0x0000, 0x0000, 0x0000, 0x0000,
    0x0000, 0x0000, 0x0000, 0x0000, 0x0000, 0x0803, 0x1006, 0x0802, 0x0000, 0x0000, 0x0000, 0x0000, 0x0000, 0x0000, 0x0000, 0x0000,
    0x0000, 0x0000, 0x1807, 0x280D, 0x1004, 0x0000, 0x0000, 0x0000, 0x0000, 0x0000, 0x0000, 0x0000, 0x0000, 0x0000, 0x0000, 0x0000,
    0x0000, 0x0000, 0x0000, 0x0000, 0x0000, 0x0000, 0x0801, 0x480D, 0x380F, 0x300E, 0x4010, 0x6032, 0x382A, 0x1004, 0x1807, 0x0000,
    0x0000, 0x0000, 0x0001, 0x0801, 0x1002, 0x0000, 0x1805, 0x1807, 0x0000, 0x0000, 0x0000, 0x0000, 0x0000, 0x0000, 0x0000, 0x0000,
    0x0000, 0x0000, 0x2002, 0x700E, 0x380D, 0x600E, 0xA013, 0x680B, 0x0800, 0x1003, 0x480D, 0x8010, 0xA80F, 0x5808, 0x7009, 0x4006,
    0x1804, 0x2806, 0x2805, 0x2805, 0x2805, 0x2004, 0x2004, 0x1803, 0x3807, 0x700C, 0x4007, 0xA00C, 0xC00E, 0x3806, 0x2805, 0x2805,
    0x2805, 0x2805, 0x2805, 0x2805, 0x2805, 0x2805, 0x2805, 0x2805, 0x2805, 0x2805, 0x2805, 0x2005, 0x2805, 0x2805, 0x3005, 0x3806,
    0x4826, 0x986B, 0x986B, 0x986C, 0x986C, 0x986C, 0x986C, 0x986C, 0x986C, 0x986C, 0x986C, 0x986C, 0x986C, 0x986C, 0x986C, 0x986C,
    0x986C, 0x986C, 0x986C, 0x986C, 0x986C, 0x986C, 0x986C, 0x986C, 0x986C, 0x986C, 0x986B, 0xA06C, 0xA06B, 0x3022, 0xB830, 0xB810,
    0xD812, 0x5008, 0x2008, 0x2809, 0x1005, 0x0001, 0x0000, 0x0000, 0x0000, 0x0000, 0x59C9, 0xC456, 0x9B74, 0x412E, 0x2809, 0x400A,
    0x600B, 0x5008, 0x2804, 0x1001, 0x0020, 0x0000, 0x0000, 0x0000, 0x0000, 0x0000, 0x0000, 0x0000, 0x0000, 0x0000, 0x0000, 0x0000,
    0x0000, 0x0000, 0x0000, 0x0000, 0x0000, 0x0000, 0x0000, 0x0020, 0x0800, 0x2025, 0x10A6, 0x48CC, 0x392F, 0x388D, 0x202B, 0x416E,
    0x9499, 0x6C94, 0x1966, 0x0000, 0x0000, 0x0000, 0x0020, 0x00A4, 0x0189, 0x024C, 0x01A8, 0x0595, 0x04B3, 0x02EF, 0x036D, 0x6026,
    0xA88E, 0x986C, 0x986C, 0x986C, 0x986C, 0x986C, 0x986C, 0x986C, 0x986C, 0x986C, 0x986C, 0x986C, 0x986C, 0x986C, 0x986C, 0x986C,
    0x986C, 0x906C, 0x906C, 0x986C, 0x986C, 0x906C, 0x906C, 0x906C, 0x986C, 0x986C, 0x906C, 0x906C, 0x986C, 0x5026, 0x2804, 0x2805,
    0x2805, 0x2805, 0x2805, 0x2805, 0x2805, 0x2805, 0x2805, 0x2805, 0x2805, 0x2805, 0x2805, 0x2805, 0x2805, 0x2805, 0x2805, 0x2805,
    0x2805, 0x2004, 0x2805, 0x2005, 0x2004, 0x2005, 0x2805, 0x2805, 0x2805, 0x2805, 0x1804, 0x5827, 0xC810, 0x8031, 0x680F, 0x1806,
    0x0000, 0x4007, 0xA811, 0x7812, 0x3010, 0x7812, 0x4005, 0x0000, 0x0000, 0x0000, 0x0001, 0x2006, 0x0000, 0x0000, 0x0000, 0x0000,
    0x0000, 0x0000, 0x0000, 0x0000, 0x0000, 0x0000, 0x0000, 0x0000, 0x0000, 0x0000, 0x0000, 0x0000, 0x0000, 0x1003, 0x300D, 0x1809,
    0x300B, 0x280A, 0x2009, 0x0802, 0x1807, 0x2007, 0x1803, 0x0000, 0x0000, 0x0000, 0x0000, 0x0000, 0x0000, 0x0000, 0x0000, 0x0000,
    0x0000, 0x0000, 0x0000, 0x0000, 0x0802, 0x0803, 0x0000, 0x0000, 0x0000, 0x0000, 0x0000, 0x1005, 0x0001, 0x0000, 0x0000, 0x0000,
    0x0000, 0x0803, 0x200A, 0x1004, 0x0000, 0x0000, 0x0000, 0x0000, 0x0000, 0x0000, 0x0000, 0x0000, 0x0000, 0x0000, 0x0000, 0x0000,
    0x0000, 0x0000, 0x0000, 0x0000, 0x0000, 0x0000, 0x0000, 0x0803, 0x380C, 0x280A, 0x380F, 0x300C, 0x380E, 0x300C, 0x3009, 0x0802,
    0x0000, 0x0000, 0x0000, 0x0000, 0x1806, 0x2007, 0x0000, 0x1005, 0x0802, 0x0000, 0x0000, 0x0000, 0x0000, 0x0000, 0x0000, 0x0000,
    0x0000, 0x0000, 0x0000, 0x1002, 0x380C, 0x380D, 0x400E, 0x9013, 0x702B, 0x0000, 0x1003, 0x3009, 0x7810, 0x982F, 0xC810, 0xE030,
    0x700A, 0x2005, 0x2805, 0x2805, 0x2004, 0x2805, 0x3807, 0x680C, 0x580B, 0x1002, 0x0000, 0x7008, 0xF011, 0xC80E, 0x4006, 0x2004,
    0x2804, 0x2004, 0x2805, 0x2805, 0x2805, 0x2805, 0x2805, 0x2805, 0x2805, 0x2005, 0x2004, 0x2804, 0x2805, 0x3005, 0x3005, 0x3005,
    0x3807, 0x700F, 0x780F, 0x780F, 0x700F, 0x700F, 0x700E, 0x700E, 0x700E, 0x700F, 0x700F, 0x700F, 0x700F, 0x700F, 0x700F, 0x700F,
    0x700E, 0x700F, 0x700F, 0x700F, 0x700F, 0x700E, 0x700E, 0x700E, 0x700E, 0x780E, 0x780F, 0x8810, 0x4008, 0x5007, 0xA00E, 0xA80E,
    0xA00D, 0x480A, 0x3009, 0x1005, 0x1005, 0x0803, 0x0020, 0x0000, 0x2082, 0xA453, 0xA415, 0x38EA, 0x2807, 0x580B, 0x680B, 0x5008,
    0x0801, 0x0000, 0x0000, 0x0000, 0x0000, 0x0000, 0x0000, 0x0000, 0x0000, 0x0000, 0x0000, 0x0000, 0x0000, 0x0000, 0x0000, 0x0000,
    0x0000, 0x0000, 0x0000, 0x0000, 0x0000, 0x0000, 0x0000, 0x0000, 0x0000, 0x0000, 0x0000, 0x0000, 0x0864, 0x392B, 0x4930, 0x30ED,
    0x204A, 0x4A90, 0x74F7, 0x436D, 0x0000, 0x0000, 0x00A3, 0x00E6, 0x0168, 0x024D, 0x03D0, 0x0431, 0x0556, 0x01EC, 0x03F1, 0x18A6,
    0x700E, 0x700E, 0x700E, 0x700E, 0x700E, 0x700F, 0x700F, 0x700F, 0x700F, 0x700F, 0x700F, 0x700F, 0x700F, 0x700F, 0x700F, 0x700F,
    0x700F, 0x700E, 0x700E, 0x700E, 0x700E, 0x680E, 0x680E, 0x680E, 0x700E, 0x700F, 0x700F, 0x680E, 0x680E, 0x4007, 0x2804, 0x3005,
    0x2805, 0x2805, 0x2004, 0x2004, 0x2805, 0x2805, 0x2805, 0x2805, 0x2805, 0x2805, 0x2805, 0x2004, 0x2005, 0x2805, 0x2805, 0x2805,
    0x2805, 0x3005, 0x2004, 0x2805, 0x2805, 0x2805, 0x2805, 0x2805, 0x2805, 0x2805, 0x4006, 0xD010, 0x700E, 0x300A, 0x1003, 0x0000,
    0x5009, 0xB014, 0x7011, 0x380E, 0x480F, 0x1806, 0x0000, 0x0000, 0x0000, 0x0000, 0x0000, 0x0000, 0x0000, 0x0000, 0x0000, 0x0000,
    0x0000, 0x0000, 0x0000, 0x0000, 0x0000, 0x0000, 0x0000, 0x0000, 0x0000, 0x0000, 0x0000, 0x0000, 0x0802, 0x380F, 0x280A, 0x280A,
    0x1807, 0x280B, 0x1806, 0x0000, 0x0803, 0x0000, 0x0000, 0x0000, 0x0000, 0x0000, 0x0000, 0x0802, 0x0000, 0x0000, 0x0000, 0x0000,
    0x0000, 0x0000, 0x0000, 0x0000, 0x0001, 0x0000, 0x0000, 0x0000, 0x0000, 0x0000, 0x0803, 0x1004, 0x0000, 0x0000, 0x0000, 0x0000,
    0x0001, 0x1806, 0x1004, 0x0000, 0x0000, 0x0000, 0x0000, 0x0000, 0x0000, 0x0000, 0x0000, 0x0000, 0x0000, 0x0000, 0x0000, 0x0000,
    0x0000, 0x0000, 0x0000, 0x0000, 0x0000, 0x0000, 0x0000, 0x0000, 0x2008, 0x1005, 0x1807, 0x380E, 0x380D, 0x380F, 0x5011, 0x5810,
    0x0802, 0x0000, 0x0000, 0x0000, 0x0000, 0x1003, 0x1003, 0x2008, 0x2007, 0x0000, 0x0000, 0x0000, 0x0000, 0x0000, 0x0000, 0x0000,
    0x0000, 0x0000, 0x0000, 0x0000, 0x0001, 0x380C, 0x400F, 0x400E, 0xA013, 0x2804, 0x0000, 0x2006, 0x7011, 0x400A, 0x3809, 0x980F,
    0xE031, 0x8009, 0x1803, 0x2003, 0x3807, 0x600D, 0x680D, 0x3006, 0x0000, 0x0000, 0x0000, 0x4024, 0xC80F, 0xC80E, 0xC80F, 0x3805,
    0x2805, 0x3005, 0x3005, 0x3005, 0x3005, 0x3005, 0x2805, 0x2805, 0x2805, 0x2805, 0x3005, 0x3005, 0x3005, 0x3805, 0x3805, 0x3805,
    0xB145, 0xE1E7, 0xD9A6, 0xD986, 0xD166, 0xD166, 0xD986, 0xD166, 0xD166, 0xD166, 0xD986, 0xD986, 0xD986, 0xD986, 0xD986, 0xD986,
    0xD986, 0xD986, 0xD986, 0xD986, 0xD986, 0xD986, 0xD986, 0xD986, 0xD986, 0xD966, 0xD986, 0xE186, 0x5863, 0x780B, 0x700C, 0xA80E,
    0x982C, 0x700C, 0x2008, 0x1805, 0x0803, 0x0001, 0x0000, 0x49C8, 0xBC96, 0x7250, 0x2006, 0x4008, 0x680B, 0x4005, 0x1001, 0x0000,
    0x0000, 0x0000, 0x0000, 0x0000, 0x0000, 0x0000, 0x0000, 0x0000, 0x0000, 0x0000, 0x0000, 0x0000, 0x0000, 0x0000, 0x0000, 0x0000,
    0x0000, 0x0000, 0x0000, 0x0000, 0x0000, 0x0000, 0x0000, 0x0000, 0x0000, 0x0000, 0x0000, 0x0000, 0x0000, 0x0000, 0x1064, 0x390D,
    0x492F, 0x18AA, 0x18AA, 0x5BB4, 0x44B2, 0x0944, 0x0000, 0x01A9, 0x0168, 0x01AA, 0x04B3, 0x0617, 0x04D4, 0x020C, 0x034F, 0x0924,
    0xB0C3, 0xD966, 0xD986, 0xD986, 0xD986, 0xD986, 0xD986, 0xD966, 0xD966, 0xD986, 0xD966, 0xD986, 0xD966, 0xD986, 0xD986, 0xD986,
    0xD986, 0xD986, 0xD186, 0xD186, 0xD186, 0xD186, 0xD186, 0xD186, 0xD186, 0xD166, 0xD166, 0xD166, 0xD966, 0xC965, 0x5827, 0x4006,
    0x3805, 0x2804, 0x2805, 0x2805, 0x2805, 0x2805, 0x2805, 0x2805, 0x2805, 0x2805, 0x2805, 0x2805, 0x2805, 0x2805, 0x2005, 0x3005,
    0xA82D, 0x880C, 0x700D, 0x3807, 0x2004, 0x2805, 0x2805, 0x2804, 0x1803, 0x2024, 0xB00E, 0x880F, 0x400C, 0x580D, 0x4828, 0x1802,
    0x9813, 0x6811, 0x400E, 0x480F, 0x2007, 0x0000, 0x0000, 0x0000, 0x0000, 0x0000, 0x0000, 0x0000, 0x1004, 0x0000, 0x0000, 0x0000,
    0x0000, 0x0000, 0x0000, 0x0000, 0x0000, 0x0000, 0x0000, 0x0000, 0x0000, 0x0000, 0x0000, 0x0000, 0x300C, 0x3810, 0x280A, 0x1807,
    0x0802, 0x300C, 0x0001, 0x0000, 0x0000, 0x0000, 0x0000, 0x0000, 0x0000, 0x0000, 0x1004, 0x1004, 0x0000, 0x0000, 0x0000, 0x0000,
    0x0000, 0x0000, 0x0000, 0x0000, 0x0000, 0x0000, 0x0000, 0x0000, 0x0000, 0x0001, 0x0801, 0x0000, 0x0000, 0x0000, 0x0000, 0x0000,
    0x0001, 0x0001, 0x0000, 0x0000, 0x0000, 0x0000, 0x0000, 0x0000, 0x0000, 0x0000, 0x0000, 0x0000, 0x0000, 0x0000, 0x0000, 0x0000,
    0x0000, 0x0000, 0x0000, 0x0000, 0x0000, 0x0000, 0x0000, 0x0000, 0x0001, 0x1806, 0x0000, 0x1004, 0x300C, 0x380D, 0x300C, 0x380D,
    0x5810, 0x1003, 0x0000, 0x0000, 0x0000, 0x0000, 0x0000, 0x0802, 0x1005, 0x0803, 0x0000, 0x0000, 0x0000, 0x0000, 0x0000, 0x0000,
    0x0000, 0x0000, 0x0000, 0x0000, 0x0000, 0x0803, 0x300B, 0x300A, 0x480F, 0x600D, 0x0801, 0x0000, 0x480B, 0x2006, 0x0000, 0x380B,
    0x800F, 0xC810, 0x880A, 0x4809, 0x480B, 0x2806, 0x0000, 0x0000, 0x0000, 0x0000, 0x0020, 0x0821, 0x980C, 0x880B, 0xB80E, 0x8009,
    0x1003, 0x2805, 0x2805, 0x2005, 0x1804, 0x1804, 0x1804, 0x1803, 0x1804, 0x2004, 0x2005, 0x2005, 0x2004, 0x2003, 0x2004, 0x2804,
    0xD1E4, 0xFA63, 0xF223, 0xF223, 0xF223, 0xF223, 0xF223, 0xF203, 0xF203, 0xF223, 0xF223, 0xF223, 0xF223, 0xF223, 0xF223, 0xF223,
    0xF223, 0xF223, 0xF223, 0xF223, 0xF223, 0xF223, 0xF223, 0xF223, 0xF203, 0xF203, 0xFA23, 0xE223, 0x3822, 0x800D, 0x9810, 0xC030,
    0xD011, 0x780E, 0x2809, 0x1003, 0x0803, 0x0000, 0x6B4D, 0x9BF6, 0x40EB, 0x2806, 0x602C, 0x4808, 0x1802, 0x0000, 0x0000, 0x0000,
    0x0000, 0x0000, 0x0000, 0x0000, 0x0000, 0x0000, 0x0801, 0x1804, 0x2806, 0x3808, 0x0000, 0x0000, 0x0000, 0x0000, 0x0000, 0x0000,
    0x0000, 0x0000, 0x0000, 0x800B, 0x5008, 0x2005, 0x0801, 0x0000, 0x0000, 0x0000, 0x0000, 0x0000, 0x0000, 0x0000, 0x0000, 0x0000,
    0x1844, 0x298D, 0x296D, 0x1849, 0x3A90, 0x25F8, 0x0208, 0x0021, 0x0147, 0x01A9, 0x02CD, 0x0679, 0x04B3, 0x02AD, 0x022B, 0x024B,
    0x9101, 0xFA43, 0xF223, 0xF223, 0xF243, 0xF223, 0xF223, 0xF223, 0xF223, 0xF223, 0xF203, 0xF203, 0xF223, 0xF223, 0xF223, 0xF223,
    0xF223, 0xF223, 0xF223, 0xF223, 0xF223, 0xF223, 0xF223, 0xF223, 0xF223, 0xF223, 0xF203, 0xF1E3, 0xFA03, 0xEA04, 0x3824, 0x2004,
    0x2004, 0x2004, 0x2805, 0x2005, 0x2004, 0x1804, 0x1804, 0x1804, 0x2005, 0x2005, 0x2005, 0x1804, 0x1803, 0x0802, 0x2804, 0xC02F,
    0xD810, 0x1001, 0x3807, 0x780E, 0x600C, 0x3007, 0x2005, 0x1804, 0x5827, 0xD030, 0xA010, 0x700E, 0x8811, 0x600C, 0x0801, 0x4009,
    0x6011, 0x280B, 0x380C, 0x2008, 0x0000, 0x0000, 0x0000, 0x0000, 0x0000, 0x0000, 0x0000, 0x2008, 0x0802, 0x0000, 0x0000, 0x0000,
    0x0000, 0x0000, 0x0000, 0x0000, 0x0000, 0x0000, 0x0000, 0x0000, 0x0000, 0x0000, 0x0000, 0x2009, 0x300D, 0x1808, 0x0802, 0x0000,
    0x1806, 0x1805, 0x0000, 0x0000, 0x0000, 0x0000, 0x0000, 0x0000, 0x1805, 0x280A, 0x0803, 0x0000, 0x0000, 0x0000, 0x0000, 0x0000,
    0x0000, 0x0000, 0x0000, 0x0000, 0x0000, 0x0000, 0x0000, 0x0000, 0x0000, 0x0000, 0x0000, 0x0000, 0x0000, 0x0000, 0x0000, 0x0000,
    0x0000, 0x0000, 0x0000, 0x0000, 0x0000, 0x0000, 0x0000, 0x0000, 0x0000, 0x0802, 0x0802, 0x0000, 0x0000, 0x0000, 0x0000, 0x0000,
    0x0000, 0x0000, 0x0802, 0x1005, 0x0000, 0x0000, 0x0000, 0x0000, 0x0000, 0x0000, 0x0000, 0x0000, 0x0802, 0x380D, 0x300D, 0x280A,
    0x4810, 0x500F, 0x0000, 0x0000, 0x0000, 0x0000, 0x0000, 0x0000, 0x0000, 0x0000, 0x0803, 0x0000, 0x0000, 0x0000, 0x0000, 0x0000,
    0x0000, 0x0000, 0x0000, 0x0801, 0x2003, 0x0000, 0x0801, 0x1005, 0x1807, 0x480D, 0x2808, 0x0000, 0x0000, 0x1004, 0x1804, 0x3008,
    0x480E, 0x400C, 0x600D, 0x1804, 0x0000, 0x0000, 0x0000, 0x0000, 0x0001, 0x1004, 0x0820, 0x0000, 0x2002, 0xB80F, 0x700B, 0x780A,
    0xA80C, 0x980B, 0x3006, 0x2805, 0x2004, 0x2004, 0x2004, 0x2004, 0x2005, 0x2806, 0x2805, 0x2805, 0x2004, 0x2805, 0x3006, 0x3806,
    0xC9C3, 0xFA43, 0xEA03, 0xF223, 0xF243, 0xF223, 0xF223, 0xF223, 0xF223, 0xF223, 0xF223, 0xF223, 0xF223, 0xF223, 0xF223, 0xF223,
    0xF223, 0xF223, 0xF223, 0xF223, 0xF223, 0xF223, 0xEA23, 0xF203, 0xF203, 0xF223, 0xFA43, 0xB1C2, 0x4825, 0x700E, 0x680C, 0xB82F,
    0xB80F, 0x480A, 0x2007, 0x1805, 0x0021, 0x9CB2, 0xA416, 0x2007, 0x3008, 0x582A, 0x3005, 0x0000, 0x0000, 0x0000, 0x0000, 0x0000,
    0x0000, 0x0000, 0x0000, 0x1002, 0x2005, 0x3008, 0x2006, 0x1804, 0x2005, 0x3009, 0x0000, 0x0000, 0x0000, 0x0000, 0x0000, 0x0000,
    0x0000, 0x0000, 0x0801, 0x980E, 0x3806, 0x2005, 0x3007, 0x3809, 0x1004, 0x1003, 0x0000, 0x0000, 0x0000, 0x0000, 0x0000, 0x0000,
    0x0000, 0x0000, 0x214A, 0x29AE, 0x18CA, 0x120E, 0x0E17, 0x034B, 0x0001, 0x0168, 0x036F, 0x06FA, 0x0638, 0x020C, 0x022B, 0x0391,
    0x6901, 0xF223, 0xEA03, 0xF223, 0xF223, 0xF223, 0xF223, 0xF243, 0xF223, 0xF223, 0xF223, 0xF223, 0xF223, 0xF223, 0xF223, 0xF223,
    0xF223, 0xF223, 0xF223, 0xF223, 0xF223, 0xF224, 0xF223, 0xF223, 0xEA23, 0xEA03, 0xEA03, 0xEA03, 0xF223, 0xE1E3, 0x3024, 0x2004,
    0x3005, 0x2806, 0x2806, 0x2005, 0x2004, 0x2004, 0x2004, 0x2005, 0x2005, 0x2005, 0x2005, 0x2805, 0x1803, 0x3004, 0xB82E, 0xF013,
    0x880B, 0x0000, 0x0000, 0x1002, 0x3807, 0x600E, 0x680F, 0x780D, 0xD013, 0x8811, 0x580F, 0x6810, 0x2807, 0x0000, 0x1023, 0x7014,
    0x400E, 0x2007, 0x2809, 0x0000, 0x0000, 0x0801, 0x0000, 0x0000, 0x0000, 0x0001, 0x300A, 0x2007, 0x0000, 0x0000, 0x0000, 0x0000,
    0x0000, 0x0000, 0x0000, 0x0000, 0x0000, 0x0000, 0x0000, 0x0000, 0x0000, 0x0000, 0x1004, 0x1806, 0x0001, 0x0000, 0x0000, 0x0000,
    0x1807, 0x1804, 0x0000, 0x0000, 0x0000, 0x0000, 0x0802, 0x1806, 0x300C, 0x1805, 0x0000, 0x0000, 0x0000, 0x0000, 0x0000, 0x0000,
    0x0000, 0x0000, 0x0000, 0x0000, 0x0000, 0x0000, 0x0000, 0x0000, 0x0000, 0x0000, 0x0000, 0x0000, 0x0000, 0x0000, 0x0000, 0x0000,
    0x0000, 0x0000, 0x0000, 0x0000, 0x0000, 0x0000, 0x0000, 0x0000, 0x0000, 0x0001, 0x1806, 0x0802, 0x0000, 0x0000, 0x0000, 0x0000,
    0x0000, 0x0000, 0x0000, 0x0802, 0x2007, 0x0001, 0x0000, 0x0000, 0x0000, 0x0000, 0x0000, 0x0000, 0x0000, 0x1005, 0x300D, 0x300D,
    0x280C, 0x4810, 0x300A, 0x0000, 0x0000, 0x0000, 0x0000, 0x0000, 0x0000, 0x0000, 0x0000, 0x0000, 0x0000, 0x0000, 0x0000, 0x0000,
    0x0001, 0x0000, 0x0000, 0x0000, 0x580A, 0x580C, 0x0800, 0x0000, 0x0802, 0x2809, 0x400D, 0x2006, 0x0000, 0x0801, 0x3009, 0x3009,
    0x2808, 0x2809, 0x300C, 0x1005, 0x0000, 0x0000, 0x0000, 0x0000, 0x1805, 0x1003, 0x0020, 0x1001, 0x0800, 0x4005, 0xA810, 0x580B,
    0xA80E, 0xF812, 0x800A, 0x2805, 0x3006, 0x2805, 0x3005, 0x3006, 0x3006, 0x3806, 0x3806, 0x3006, 0x3006, 0x4007, 0x4807, 0x4007,
    0xD1A3, 0xFA42, 0xF242, 0xF263, 0xF263, 0xF242, 0xF243, 0xF243, 0xF263, 0xF263, 0xF243, 0xF243, 0xF243, 0xF243, 0xF243, 0xF243,
    0xF263, 0xF263, 0xF243, 0xF243, 0xF263, 0xF243, 0xF243, 0xF223, 0xF223, 0xEA23, 0xFA43, 0x48A0, 0x4006, 0x500C, 0x780D, 0xD810,
    0xA00F, 0x700F, 0x2809, 0x0000, 0x83F0, 0x8AF2, 0x2807, 0x4009, 0x5028, 0x1001, 0x0000, 0x0000, 0x0000, 0x0000, 0x0000, 0x0000,
    0x0000, 0x1804, 0x2806, 0x2806, 0x1804, 0x0801, 0x0000, 0x0000, 0x0000, 0x2807, 0x0000, 0x0000, 0x0000, 0x0000, 0x0000, 0x0000,
    0x1001, 0x2003, 0x1802, 0x700B, 0x0000, 0x0000, 0x0000, 0x0801, 0x1804, 0x3809, 0x2006, 0x1003, 0x0000, 0x0000, 0x0000, 0x0000,
    0x0000, 0x0000, 0x0000, 0x08C6, 0x120D, 0x096B, 0x09EC, 0x0E38, 0x03ED, 0x0084, 0x03B0, 0x06FA, 0x0699, 0x026D, 0x0188, 0x028D,
    0x08A3, 0xD1A1, 0xFA22, 0xEA22, 0xF243, 0xF243, 0xF263, 0xF263, 0xF263, 0xF243, 0xF243, 0xF243, 0xF243, 0xF243, 0xF243, 0xF243,
    0xF243, 0xF243, 0xF243, 0xF243, 0xF243, 0xF243, 0xF243, 0xF243, 0xEA23, 0xEA23, 0xEA23, 0xF243, 0xF263, 0xE203, 0x4826, 0x4007,
    0x4807, 0x3807, 0x3006, 0x3006, 0x2805, 0x2805, 0x2805, 0x2805, 0x3005, 0x3005, 0x3806, 0x3006, 0x5007, 0xD030, 0xB80F, 0xC010,
    0x5006, 0x0000, 0x0000, 0x0000, 0x0000, 0x0000, 0x1804, 0x480D, 0x4811, 0x4010, 0x400E, 0x1806, 0x0000, 0x0000, 0x582F, 0x5812,
    0x2008, 0x2808, 0x0802, 0x0000, 0x4007, 0x3806, 0x0000, 0x0000, 0x0000, 0x2008, 0x280B, 0x0000, 0x0000, 0x0000, 0x0000, 0x0000,
    0x0000, 0x0000, 0x0000, 0x0000, 0x0000, 0x0000, 0x0000, 0x0000, 0x1806, 0x0802, 0x0000, 0x0000, 0x0000, 0x0000, 0x0001, 0x300B,
    0x2007, 0x0000, 0x0000, 0x0000, 0x0000, 0x1004, 0x2008, 0x300C, 0x0803, 0x0000, 0x0000, 0x0000, 0x0000, 0x0000, 0x0000, 0x0000,
    0x0001, 0x0000, 0x0000, 0x0000, 0x0000, 0x0000, 0x0000, 0x0000, 0x0000, 0x0000, 0x0000, 0x0000, 0x0000, 0x0000, 0x0000, 0x0000,
    0x0000, 0x0000, 0x0000, 0x0000, 0x0000, 0x0000, 0x0000, 0x0000, 0x0000, 0x0000, 0x0000, 0x1806, 0x1806, 0x0000, 0x0000, 0x0000,
    0x0000, 0x0000, 0x0000, 0x0000, 0x1805, 0x2809, 0x0802, 0x0000, 0x0000, 0x0000, 0x0000, 0x0000, 0x0000, 0x0000, 0x1806, 0x280A,
    0x1807, 0x300D, 0x300C, 0x0802, 0x0000, 0x0000, 0x0000, 0x0000, 0x0000, 0x0000, 0x0000, 0x0000, 0x0000, 0x0000, 0x0000, 0x0000,
    0x0001, 0x0001, 0x0000, 0x0000, 0x0000, 0x580C, 0x7012, 0x3027, 0x0001, 0x1805, 0x2008, 0x300A, 0x0000, 0x0000, 0x1804, 0x1003,
    0x0001, 0x0000, 0x300B, 0x380E, 0x0802, 0x0000, 0x0000, 0x0803, 0x1805, 0x0020, 0x0000, 0x1802, 0x900B, 0x5007, 0x5808, 0x800D,
    0x480A, 0xC010, 0xC82E, 0x2804, 0x3005, 0x3005, 0x3005, 0x3006, 0x3006, 0x3006, 0x3006, 0x3006, 0x3806, 0x4807, 0x4806, 0x4006,
    0xD1C2, 0xFA81, 0xFA82, 0xFA82, 0xFA82, 0xFA82, 0xFA82, 0xFA82, 0xFA82, 0xFA82, 0xFA62, 0xFA62, 0xFA62, 0xFA62, 0xFA62, 0xFA82,
    0xFA82, 0xFA82, 0xFA62, 0xFA82, 0xFA82, 0xFA62, 0xFA62, 0xF262, 0xF262, 0xF242, 0xFA42, 0x50A0, 0x780D, 0x580D, 0x880D, 0xD010,
    0xC011, 0x480C, 0x0001, 0x7BD0, 0x7AD0, 0x2006, 0x402A, 0x3827, 0x0000, 0x0000, 0x0000, 0x0000, 0x0000, 0x0000, 0x0000, 0x2004,
    0x3808, 0x2005, 0x0802, 0x0000, 0x0000, 0x0000, 0x0000, 0x0000, 0x0000, 0x1805, 0x1004, 0x0000, 0x0000, 0x0000, 0x0000, 0x0000,
    0x1802, 0x2003, 0x902C, 0x800B, 0x0000, 0x0000, 0x0000, 0x0000, 0x0000, 0x0000, 0x1003, 0x2006, 0x2007, 0x1003, 0x0000, 0x0000,
    0x0000, 0x0000, 0x0000, 0x0000, 0x0062, 0x022D, 0x01ED, 0x01AB, 0x0E78, 0x02EA, 0x01E8, 0x05F7, 0x0617, 0x02CD, 0x0127, 0x026C,
    0x0945, 0xD9E0, 0xFA62, 0xF262, 0xFA62, 0xFA82, 0xFA82, 0xFA82, 0xFA62, 0xFA62, 0xFA62, 0xFA62, 0xFA62, 0xFA62, 0xFA62, 0xFA63,
    0xFA63, 0xFA63, 0xFA63, 0xFA63, 0xFA63, 0xFA63, 0xFA63, 0xF262, 0xF242, 0xF262, 0xF263, 0xF263, 0xFA62, 0xEA02, 0x5026, 0x4807,
    0x4807, 0x3006, 0x3006, 0x3006, 0x3006, 0x3006, 0x3006, 0x2805, 0x2805, 0x3006, 0x3006, 0x4807, 0xE031, 0xB80F, 0xA00E, 0x800B,
    0x0000, 0x0000, 0x0000, 0x0000, 0x0000, 0x0000, 0x0000, 0x280C, 0x3810, 0x400E, 0x1805, 0x0000, 0x0000, 0x2006, 0x5011, 0x300C,
    0x0802, 0x0001, 0x1001, 0x780E, 0x4808, 0x0000, 0x0000, 0x0000, 0x0000, 0x1808, 0x0802, 0x0000, 0x0000, 0x0000, 0x0000, 0x0000,
    0x0000, 0x0000, 0x0000, 0x0000, 0x0000, 0x0000, 0x1005, 0x300B, 0x1004, 0x0000, 0x0000, 0x0000, 0x0000, 0x0801, 0x300A, 0x1004,
    0x0000, 0x0000, 0x0000, 0x0000, 0x0001, 0x2008, 0x1005, 0x1004, 0x0000, 0x0000, 0x0000, 0x0000, 0x0000, 0x0000, 0x0000, 0x0001,
    0x1004, 0x0001, 0x0000, 0x0000, 0x0000, 0x0000, 0x0000, 0x0000, 0x0000, 0x0000, 0x0000, 0x0000, 0x0000, 0x0000, 0x0000, 0x1807,
    0x0000, 0x0000, 0x0000, 0x0000, 0x0000, 0x0000, 0x0000, 0x0000, 0x0000, 0x0000, 0x0000, 0x0000, 0x2008, 0x2008, 0x0803, 0x0000,
    0x0000, 0x0000, 0x0000, 0x0000, 0x0000, 0x2008, 0x2809, 0x0804, 0x0000, 0x0000, 0x0000, 0x0000, 0x0000, 0x0000, 0x0000, 0x280A,
    0x2007, 0x2008, 0x300C, 0x380E, 0x1805, 0x0000, 0x0000, 0x0000, 0x0000, 0x0000, 0x0000, 0x0000, 0x0000, 0x0000, 0x0000, 0x0000,
    0x0000, 0x0802, 0x0000, 0x0000, 0x0000, 0x0000, 0x500E, 0x7014, 0x6831, 0x2806, 0x1002, 0x2008, 0x2007, 0x0000, 0x0000, 0x0000,
    0x0000, 0x0802, 0x1807, 0x280C, 0x1807, 0x0000, 0x0000, 0x0000, 0x0000, 0x0000, 0x0000, 0x0000, 0x2804, 0xC811, 0xB010, 0x600A,
    0x1005, 0x580C, 0xB80F, 0x800A, 0x2004, 0x3806, 0x3006, 0x3006, 0x3006, 0x3005, 0x3005, 0x3006, 0x3806, 0x4807, 0x4807, 0x4807,
    0xB984, 0xE224, 0xDA25, 0xDA24, 0xDA04, 0xDA04, 0xDA04, 0xDA25, 0xDA04, 0xDA04, 0xDA04, 0xDA05, 0xDA05, 0xDA04, 0xDA05, 0xDA05,
    0xDA05, 0xDA05, 0xDA05, 0xDA05, 0xDA05, 0xDA05, 0xD9E4, 0xDA05, 0xE225, 0xE225, 0xE1E5, 0x4881, 0x500B, 0x682E, 0x902E, 0xE012,
    0x882E, 0x0001, 0x7BCE, 0x8B33, 0x2807, 0x502B, 0x3828, 0x0000, 0x0000, 0x0000, 0x0000, 0x0000, 0x0000, 0x0801, 0x3808, 0x3007,
    0x1002, 0x0000, 0x0000, 0x0000, 0x0000, 0x0001, 0x0802, 0x0803, 0x1004, 0x0802, 0x1806, 0x4009, 0x5009, 0x5808, 0x6809, 0x6808,
    0x7009, 0xA80D, 0x982C, 0x1003, 0x1004, 0x0802, 0x0001, 0x0000, 0x0000, 0x0000, 0x0000, 0x0000, 0x0802, 0x2007, 0x1806, 0x0001,
    0x0000, 0x0000, 0x0000, 0x0000, 0x0000, 0x0041, 0x022C, 0x01CB, 0x01AA, 0x05D6, 0x0207, 0x034D, 0x0698, 0x02EE, 0x01A9, 0x022C,
    0x0946, 0xB1A2, 0xEA25, 0xDA04, 0xD9E4, 0xDA05, 0xDA05, 0xDA05, 0xDA05, 0xDA05, 0xDA05, 0xDA05, 0xDA05, 0xD9E5, 0xDA05, 0xDA05,
    0xDA05, 0xD9E5, 0xDA05, 0xDA05, 0xDA05, 0xDA05, 0xDA05, 0xDA05, 0xD9E4, 0xDA05, 0xE226, 0xDA25, 0xD9E4, 0xD1C4, 0x5827, 0x4007,
    0x3806, 0x3006, 0x3006, 0x3006, 0x3006, 0x3006, 0x3006, 0x3005, 0x2005, 0x2004, 0x3005, 0xD02F, 0xA030, 0x780F, 0xA80F, 0x0000,
    0x0000, 0x0000, 0x0803, 0x0002, 0x0000, 0x0000, 0x2007, 0x4011, 0x280A, 0x400E, 0x1003, 0x0000, 0x0802, 0x300C, 0x280C, 0x1004,
    0x0801, 0x3809, 0x9016, 0x7010, 0x0000, 0x0000, 0x0000, 0x0000, 0x1004, 0x1004, 0x0000, 0x0000, 0x0000, 0x0000, 0x0000, 0x0000,
    0x0000, 0x0000, 0x0000, 0x0000, 0x0802, 0x2809, 0x4011, 0x1806, 0x0000, 0x0000, 0x0000, 0x0000, 0x0001, 0x2007, 0x1004, 0x0000,
    0x0000, 0x0000, 0x0000, 0x0000, 0x2007, 0x0803, 0x0001, 0x0000, 0x0000, 0x0000, 0x0000, 0x0000, 0x0000, 0x0000, 0x0802, 0x1807,
    0x0001, 0x0000, 0x0000, 0x0000, 0x0000, 0x0000, 0x0000, 0x0000, 0x0000, 0x0000, 0x0000, 0x0000, 0x0000, 0x0000, 0x2008, 0x300D,
    0x0000, 0x0000, 0x0000, 0x0000, 0x0000, 0x0000, 0x0000, 0x0000, 0x0000, 0x0000, 0x0000, 0x0000, 0x0001, 0x2008, 0x1808, 0x1006,
    0x0001, 0x0000, 0x0000, 0x0000, 0x0000, 0x0000, 0x0001, 0x2008, 0x0802, 0x0000, 0x0000, 0x0000, 0x0000, 0x0000, 0x0000, 0x1805,
    0x300D, 0x1003, 0x1807, 0x280B, 0x380D, 0x1004, 0x0000, 0x0000, 0x0000, 0x0000, 0x0000, 0x0000, 0x0000, 0x0000, 0x0000, 0x0000,
    0x0000, 0x0001, 0x0001, 0x0000, 0x0000, 0x0000, 0x0000, 0x500F, 0x480F, 0x6011, 0x680F, 0x2806, 0x1005, 0x0001, 0x0020, 0x0000,
    0x0000, 0x1004, 0x2007, 0x0001, 0x280A, 0x0803, 0x0000, 0x0000, 0x0000, 0x0000, 0x0000, 0x0000, 0x0000, 0x4806, 0x900E, 0xA010,
    0x4008, 0x1804, 0x580A, 0xB80E, 0x7009, 0x2805, 0x3806, 0x2805, 0x2005, 0x2004, 0x2005, 0x2805, 0x2806, 0x3006, 0x3806, 0x3006,
    0x500B, 0x8810, 0x780E, 0x780F, 0x780F, 0x780F, 0x800F, 0x800F, 0x780F, 0x800F, 0x800F, 0x780F, 0x7810, 0x8010, 0x8010, 0x8010,
    0x8010, 0x8010, 0x780F, 0x800F, 0x800F, 0x800F, 0x8010, 0x8010, 0x8810, 0x9011, 0x680D, 0x2004, 0x400A, 0x2809, 0x880E, 0xE051,
    0x3004, 0x4A89, 0xB4F7, 0x2808, 0x502C, 0x4828, 0x0000, 0x0000, 0x0000, 0x0000, 0x0000, 0x0000, 0x3806, 0x4008, 0x1003, 0x0000,
    0x0000, 0x0000, 0x0000, 0x0802, 0x0803, 0x1004, 0x1004, 0x1004, 0x1004, 0x1004, 0x0803, 0x1002, 0x3806, 0x800B, 0x980C, 0x980C,
    0x800A, 0x1802, 0x0803, 0x1004, 0x1004, 0x1004, 0x1004, 0x1004, 0x0802, 0x0001, 0x0000, 0x0000, 0x0000, 0x0000, 0x1003, 0x2007,
    0x0803, 0x0000, 0x0000, 0x0000, 0x0000, 0x0000, 0x0021, 0x022C, 0x01AA, 0x028C, 0x0679, 0x0228, 0x05D6, 0x0370, 0x01CA, 0x0127,
    0x01C8, 0x3006, 0x8810, 0x780F, 0x800F, 0x8010, 0x8010, 0x780F, 0x780F, 0x780F, 0x7810, 0x7810, 0x7810, 0x7810, 0x7810, 0x7810,
    0x7810, 0x7810, 0x7810, 0x7810, 0x7810, 0x7810, 0x7810, 0x7810, 0x7810, 0x7810, 0x8010, 0x7810, 0x700F, 0x680E, 0x3807, 0x3006,
    0x2005, 0x2005, 0x2805, 0x2805, 0x2805, 0x2805, 0x2004, 0x1003, 0x3005, 0x2804, 0x980C, 0xC831, 0x580E, 0x8030, 0x2024, 0x1001,
    0x1001, 0x0020, 0x0000, 0x0001, 0x0000, 0x0001, 0x300B, 0x1808, 0x0000, 0x0001, 0x0000, 0x0000, 0x280A, 0x280C, 0x1005, 0x2006,
    0x5810, 0x6014, 0x5011, 0x0802, 0x0000, 0x0000, 0x0000, 0x0802, 0x1805, 0x0000, 0x0000, 0x0000, 0x0000, 0x0000, 0x0000, 0x0000,
    0x0000, 0x0000, 0x0000, 0x0802, 0x300D, 0x300D, 0x1807, 0x0000, 0x0000, 0x0000, 0x0000, 0x0000, 0x0804, 0x0802, 0x0000, 0x0000,
    0x0000, 0x0000, 0x0000, 0x0804, 0x1003, 0x0000, 0x0000, 0x0000, 0x0000, 0x0000, 0x0000, 0x0000, 0x0000, 0x1004, 0x1807, 0x0000,
    0x0000, 0x0000, 0x0000, 0x0000, 0x0000, 0x0000, 0x0000, 0x0000, 0x0000, 0x0000, 0x0000, 0x0000, 0x0001, 0x2009, 0x300C, 0x280B,
    0x0000, 0x0000, 0x0000, 0x0000, 0x0000, 0x0000, 0x0000, 0x0000, 0x0000, 0x0000, 0x0000, 0x0000, 0x0000, 0x1006, 0x1807, 0x300C,
    0x1005, 0x0000, 0x0000, 0x0000, 0x0000, 0x0000, 0x0000, 0x0001, 0x1004, 0x0802, 0x0000, 0x0000, 0x0000, 0x0000, 0x0000, 0x0000,
    0x1004, 0x1807, 0x0802, 0x0803, 0x2008, 0x280A, 0x0802, 0x0000, 0x0000, 0x0000, 0x0000, 0x0000, 0x0000, 0x0000, 0x0000, 0x0000,
    0x0000, 0x0000, 0x0000, 0x0000, 0x0000, 0x0000, 0x0000, 0x2006, 0x4810, 0x300C, 0x380C, 0x5810, 0x480D, 0x3009, 0x0801, 0x0000,
    0x0000, 0x0000, 0x0802, 0x0000, 0x0802, 0x2809, 0x0802, 0x0000, 0x0000, 0x0000, 0x0000, 0x0000, 0x0000, 0x0000, 0x1803, 0x4009,
    0x700E, 0x2005, 0x4009, 0xA00E, 0x880C, 0x780C, 0xD010, 0x9809, 0x2804, 0x3005, 0x3006, 0x3806, 0x3806, 0x4006, 0x3806, 0x4006,
    0x9906, 0xC148, 0xB927, 0xB128, 0xB948, 0xB949, 0xB948, 0xB948, 0xB948, 0xB948, 0xB948, 0xB948, 0xB948, 0xB948, 0xB948, 0xB948,
    0xB948, 0xB948, 0xB948, 0xB948, 0xB948, 0xB948, 0xB948, 0xB949, 0xB948, 0xC128, 0x88E6, 0x2004, 0x400A, 0x3009, 0x802E, 0xB84D,
    0x2965, 0xA4B5, 0x3889, 0x3809, 0x4028, 0x0000, 0x0000, 0x0000, 0x0000, 0x0000, 0x0000, 0x6008, 0x680A, 0x0800, 0x0000, 0x0000,
    0x0000, 0x0802, 0x0803, 0x1004, 0x1004, 0x1004, 0x1004, 0x1004, 0x1004, 0x1004, 0x1004, 0x0802, 0x0002, 0x0000, 0x0000, 0x0000,
    0x0002, 0x0803, 0x1004, 0x1004, 0x1004, 0x1004, 0x1004, 0x1004, 0x1004, 0x1004, 0x0803, 0x0802, 0x0000, 0x0000, 0x0000, 0x0001,
    0x1806, 0x0804, 0x0000, 0x0000, 0x0000, 0x0000, 0x0000, 0x0062, 0x022C, 0x01A9, 0x0391, 0x0D35, 0x01A6, 0x03B0, 0x01CA, 0x0105,
    0x01A8, 0x4863, 0xC128, 0xB948, 0xC169, 0xC149, 0xB948, 0xB928, 0xB928, 0xB948, 0xB948, 0xB148, 0xB948, 0xB948, 0xB949, 0xB948,
    0xB928, 0xB148, 0xB948, 0xB949, 0xB948, 0xB949, 0xB949, 0xB928, 0xB949, 0xB949, 0xB128, 0xB108, 0xB149, 0xA948, 0x5027, 0x4007,
    0x3806, 0x3006, 0x3006, 0x3006, 0x3006, 0x2805, 0x4006, 0xA80C, 0xB00E, 0x780B, 0xA00F, 0x600D, 0x500E, 0x2826, 0x5006, 0x700A,
    0x0800, 0x0000, 0x0000, 0x0000, 0x0000, 0x1807, 0x1004, 0x0000, 0x0801, 0x0000, 0x0000, 0x1807, 0x380F, 0x1005, 0x1808, 0x300B,
    0x400F, 0x380E, 0x0803, 0x0000, 0x0000, 0x0000, 0x0000, 0x0000, 0x0000, 0x0000, 0x0000, 0x0000, 0x0000, 0x0000, 0x0000, 0x0000,
    0x0000, 0x0000, 0x0001, 0x280B, 0x280A, 0x1807, 0x0000, 0x0000, 0x0000, 0x0000, 0x0000, 0x0000, 0x0000, 0x0000, 0x0000, 0x0000,
    0x0000, 0x0000, 0x0000, 0x0000, 0x0000, 0x0000, 0x0000, 0x0000, 0x0000, 0x0000, 0x0000, 0x0000, 0x0802, 0x1806, 0x0001, 0x0000,
    0x0000, 0x0000, 0x0000, 0x0000, 0x0000, 0x0000, 0x0000, 0x0000, 0x0000, 0x0000, 0x0000, 0x0000, 0x1004, 0x1807, 0x1005, 0x0802,
    0x0000, 0x0000, 0x0000, 0x0000, 0x0000, 0x0000, 0x0000, 0x0000, 0x0000, 0x0000, 0x0000, 0x0000, 0x0000, 0x0803, 0x300C, 0x1807,
    0x1806, 0x0000, 0x0000, 0x0000, 0x0000, 0x0000, 0x0000, 0x0000, 0x0000, 0x0802, 0x0000, 0x0000, 0x0000, 0x0000, 0x0000, 0x0000,
    0x0000, 0x0000, 0x1004, 0x0802, 0x0802, 0x2009, 0x0803, 0x1004, 0x300A, 0x1005, 0x0000, 0x0000, 0x0000, 0x0000, 0x0000, 0x0000,
    0x0000, 0x0000, 0x0000, 0x0000, 0x0000, 0x0000, 0x0000, 0x0000, 0x380B, 0x300D, 0x280A, 0x2009, 0x400E, 0x5010, 0x480C, 0x1804,
    0x0000, 0x0000, 0x0000, 0x0000, 0x0000, 0x0802, 0x1806, 0x0001, 0x0000, 0x0000, 0x0000, 0x0000, 0x0000, 0x0000, 0x0000, 0x0000,
    0x1004, 0x500A, 0x2808, 0x780E, 0x680A, 0x4808, 0x880F, 0xE00F, 0x8008, 0x2805, 0x4006, 0x4006, 0x4006, 0x5007, 0x5007, 0x4807,
    0xDA61, 0xFB20, 0xFAE1, 0xFB00, 0xFB41, 0xFB41, 0xFB41, 0xFB41, 0xFB21, 0xFB21, 0xFB21, 0xFB21, 0xFB21, 0xFB20, 0xFB20, 0xFB20,
    0xFB20, 0xFB20, 0xFB20, 0xFB20, 0xFB21, 0xFB00, 0xFB21, 0xFB20, 0xFAE0, 0xFB00, 0xC240, 0x2006, 0x480B, 0x380A, 0xC033, 0x4004,
    0x9513, 0x61ED, 0x2006, 0x4028, 0x0800, 0x0000, 0x0000, 0x0000, 0x0000, 0x0000, 0x702A, 0x5808, 0x0000, 0x0000, 0x0000, 0x0802,
    0x1004, 0x1004, 0x1004, 0x1004, 0x1004, 0x1004, 0x1004, 0x1004, 0x1004, 0x1004, 0x1004, 0x1004, 0x1004, 0x1004, 0x1004, 0x1004,
    0x1004, 0x1004, 0x1004, 0x1004, 0x1004, 0x1004, 0x1004, 0x1004, 0x1004, 0x1004, 0x1004, 0x1004, 0x0804, 0x0001, 0x0000, 0x0000,
    0x0000, 0x1005, 0x1005, 0x0000, 0x0000, 0x0000, 0x0000, 0x0000, 0x0083, 0x022C, 0x0106, 0x04F5, 0x03CE, 0x0187, 0x024C, 0x0106,
    0x020A, 0x6100, 0xFB40, 0xFB21, 0xFB21, 0xFB20, 0xFB00, 0xFB00, 0xFB00, 0xFB20, 0xFB00, 0xFB00, 0xFB21, 0xFB21, 0xFB00, 0xFB00,
    0xFB00, 0xFB00, 0xFB20, 0xFB21, 0xFB21, 0xFB21, 0xFB20, 0xFB20, 0xFB21, 0xFB21, 0xFB00, 0xFAE0, 0xFB20, 0xFB40, 0x5846, 0x4808,
    0x4807, 0x3806, 0x3806, 0x3806, 0x3006, 0x3006, 0xB80D, 0xC811, 0x700E, 0x4009, 0x3008, 0x2808, 0x3006, 0x900B, 0xC011, 0x0801,
    0x0000, 0x0000, 0x0000, 0x0000, 0x0802, 0x1807, 0x0001, 0x3008, 0x2807, 0x0000, 0x0802, 0x280B, 0x0804, 0x1805, 0x4010, 0x2009,
    0x1003, 0x1005, 0x0000, 0x0000, 0x0000, 0x0000, 0x0000, 0x0000, 0x0000, 0x0000, 0x0000, 0x0000, 0x0000, 0x0000, 0x0000, 0x0000,
    0x0000, 0x0001, 0x2009, 0x1808, 0x1006, 0x0803, 0x0000, 0x1005, 0x0801, 0x0000, 0x0000, 0x0000, 0x0000, 0x0000, 0x0000, 0x0000,
    0x0000, 0x0000, 0x0000, 0x0000, 0x0000, 0x1005, 0x1806, 0x0000, 0x0000, 0x0000, 0x0000, 0x0802, 0x1006, 0x0000, 0x0000, 0x0000,
    0x0000, 0x0000, 0x0000, 0x0000, 0x0000, 0x0000, 0x0000, 0x0000, 0x0000, 0x0000, 0x0000, 0x1004, 0x2009, 0x1006, 0x0001, 0x0000,
    0x0000, 0x0000, 0x0000, 0x0000, 0x0000, 0x0000, 0x0000, 0x0000, 0x0000, 0x0000, 0x0000, 0x0000, 0x0000, 0x0000, 0x1005, 0x1004,
    0x1807, 0x1005, 0x0000, 0x0000, 0x0000, 0x0000, 0x0000, 0x0000, 0x0000, 0x0000, 0x0000, 0x0000, 0x0000, 0x0000, 0x0001, 0x1004,
    0x0802, 0x0000, 0x0000, 0x1004, 0x0803, 0x0803, 0x1807, 0x0000, 0x1003, 0x380C, 0x300B, 0x1806, 0x0802, 0x0000, 0x0000, 0x0000,
    0x0000, 0x0000, 0x0000, 0x0000, 0x0000, 0x0000, 0x0000, 0x0000, 0x0000, 0x0802, 0x2007, 0x280A, 0x1806, 0x2009, 0x400C, 0x5830,
    0x1004, 0x0000, 0x0000, 0x0000, 0x0000, 0x0000, 0x0001, 0x0802, 0x0000, 0x0000, 0x0000, 0x1805, 0x0801, 0x0000, 0x0000, 0x2803,
    0x0800, 0x0002, 0x2006, 0x3009, 0x502A, 0x0801, 0x600B, 0x800D, 0xC80D, 0x780A, 0x3806, 0x4006, 0x3806, 0x4006, 0x4806, 0x6808,
    0xC127, 0xE204, 0xFAE0, 0xF302, 0xF322, 0xF322, 0xF321, 0xF301, 0xF301, 0xF301, 0xF301, 0xF301, 0xF301, 0xF301, 0xF301, 0xF301,
    0xF301, 0xF301, 0xF301, 0xF301, 0xF2E1, 0xF2E1, 0xF2E1, 0xF2E1, 0xF2E1, 0xFB22, 0xC260, 0x2005, 0x400C, 0x480C, 0x580A, 0x5269,
    0x93F2, 0x1805, 0x4029, 0x1803, 0x0000, 0x0000, 0x0000, 0x0000, 0x0000, 0x6029, 0x5827, 0x0000, 0x0000, 0x0000, 0x0803, 0x1825,
    0x1805, 0x1004, 0x1004, 0x1004, 0x1004, 0x1004, 0x1004, 0x1004, 0x1004, 0x1004, 0x1004, 0x1004, 0x1004, 0x1004, 0x1004, 0x1004,
    0x1004, 0x1004, 0x1004, 0x1004, 0x1004, 0x1004, 0x1004, 0x1004, 0x1004, 0x1004, 0x1004, 0x1004, 0x1025, 0x1004, 0x0802, 0x0000,
    0x0000, 0x0000, 0x1005, 0x1024, 0x0000, 0x0000, 0x0000, 0x0000, 0x0000, 0x0147, 0x020B, 0x01EA, 0x0618, 0x09A6, 0x020B, 0x0167,
    0x0188, 0x5900, 0xFAE1, 0xF2C1, 0xF2E1, 0xF2E1, 0xF2E1, 0xF301, 0xF301, 0xF301, 0xF301, 0xF2E1, 0xF2E1, 0xF2E1, 0xF2E1, 0xF2E1,
    0xF2E1, 0xF2E1, 0xF301, 0xF301, 0xF2E1, 0xF2E1, 0xF2E1, 0xF302, 0xF302, 0xF302, 0xF302, 0xF301, 0xF2E1, 0xC9C5, 0x6028, 0x4006,
    0x3806, 0x3806, 0x3807, 0x3006, 0x2805, 0xA82B, 0xC80E, 0x8832, 0x500B, 0x1806, 0x1005, 0x580A, 0x800D, 0xC013, 0x3805, 0x0000,
    0x0000, 0x0000, 0x0000, 0x0001, 0x1005, 0x0021, 0x0000, 0x0000, 0x0000, 0x0000, 0x1004, 0x1004, 0x2808, 0x5814, 0x400F, 0x0001,
    0x0000, 0x0000, 0x0000, 0x0000, 0x0000, 0x0803, 0x0000, 0x0000, 0x0000, 0x0000, 0x0000, 0x0000, 0x0000, 0x0802, 0x1004, 0x0802,
    0x0000, 0x1806, 0x1005, 0x1004, 0x2009, 0x0000, 0x0000, 0x0000, 0x0000, 0x0000, 0x0000, 0x0000, 0x0000, 0x0000, 0x0000, 0x0000,
    0x0000, 0x0000, 0x0000, 0x1005, 0x300D, 0x1807, 0x0000, 0x0000, 0x0000, 0x0000, 0x0001, 0x1004, 0x0001, 0x0000, 0x0000, 0x0000,
    0x0000, 0x0000, 0x0000, 0x0000, 0x0000, 0x0000, 0x0000, 0x0000, 0x0000, 0x0000, 0x0802, 0x2008, 0x0804, 0x0000, 0x0000, 0x0000,
    0x0000, 0x0000, 0x0000, 0x0000, 0x0000, 0x0000, 0x0000, 0x0000, 0x0000, 0x0000, 0x0000, 0x0000, 0x0000, 0x0000, 0x0000, 0x0000,
    0x0803, 0x1806, 0x0002, 0x0000, 0x0000, 0x0000, 0x0000, 0x0000, 0x0000, 0x0000, 0x0000, 0x0000, 0x0000, 0x0000, 0x0000, 0x0802,
    0x1805, 0x1805, 0x0000, 0x0000, 0x0001, 0x0001, 0x0802, 0x0000, 0x0000, 0x0000, 0x280A, 0x4811, 0x380E, 0x1805, 0x0000, 0x0000,
    0x0000, 0x0000, 0x0000, 0x0000, 0x0000, 0x0000, 0x0000, 0x0000, 0x0000, 0x0000, 0x0001, 0x280A, 0x280B, 0x0802, 0x1005, 0x280B,
    0x380C, 0x0801, 0x0001, 0x0000, 0x0000, 0x0000, 0x0000, 0x0000, 0x0000, 0x0000, 0x0000, 0x0801, 0x2006, 0x0000, 0x0000, 0x2002,
    0x880B, 0x5007, 0x2805, 0x0000, 0x2807, 0x1003, 0x1803, 0x400A, 0x700B, 0xC82F, 0x7809, 0x2804, 0x4006, 0x7009, 0x900B, 0x7809,
    0x4808, 0xC00E, 0xEA26, 0xFB61, 0xFB42, 0xF321, 0xF321, 0xF321, 0xF321, 0xF321, 0xF321, 0xF321, 0xF321, 0xF321, 0xF321, 0xF321,
    0xF321, 0xF321, 0xF301, 0xF301, 0xF2E1, 0xF2E1, 0xF301, 0xF301, 0xF302, 0xFB62, 0xCA81, 0x0802, 0x2008, 0x3009, 0x20C4, 0xC577,
    0x3889, 0x400A, 0x3827, 0x0000, 0x0000, 0x0000, 0x0000, 0x0000, 0x5007, 0x680A, 0x0000, 0x0000, 0x0801, 0x0803, 0x0001, 0x0001,
    0x0002, 0x1004, 0x1004, 0x1004, 0x1004, 0x1004, 0x1004, 0x1004, 0x1004, 0x1004, 0x1004, 0x1004, 0x1004, 0x1004, 0x1004, 0x1004,
    0x1004, 0x1004, 0x1004, 0x1004, 0x1004, 0x1004, 0x1004, 0x1004, 0x1004, 0x1004, 0x1004, 0x0003, 0x0000, 0x0001, 0x0803, 0x1003,
    0x0000, 0x0000, 0x0000, 0x1026, 0x0822, 0x0000, 0x0000, 0x0000, 0x0000, 0x0000, 0x01EA, 0x01CA, 0x0412, 0x0513, 0x00E5, 0x020A,
    0x0084, 0x5901, 0xFAE0, 0xF2C1, 0xF2E1, 0xF301, 0xF301, 0xF301, 0xF301, 0xF301, 0xF301, 0xF301, 0xF301, 0xF301, 0xF301, 0xF301,
    0xF301, 0xF301, 0xF301, 0xF301, 0xF2E1, 0xF2E1, 0xF301, 0xF301, 0xF322, 0xF302, 0xFB41, 0xEAE3, 0xE0EC, 0x6009, 0x3806, 0x780A,
    0x700B, 0x4007, 0x3005, 0x3806, 0xB82D, 0xC030, 0x8012, 0x7830, 0x0801, 0x2804, 0x780E, 0x7810, 0x7010, 0x6029, 0x0000, 0x0020,
    0x0000, 0x0000, 0x0000, 0x0001, 0x0000, 0x0000, 0x0000, 0x0000, 0x0000, 0x0803, 0x280A, 0x380E, 0x4010, 0x380F, 0x0802, 0x0000,
    0x0000, 0x0000, 0x0000, 0x0000, 0x2007, 0x1004, 0x0000, 0x0000, 0x0000, 0x0000, 0x0000, 0x0000, 0x1806, 0x280A, 0x0802, 0x0000,
    0x0803, 0x1808, 0x1807, 0x1006, 0x0000, 0x0000, 0x0000, 0x0000, 0x0000, 0x0000, 0x0000, 0x0000, 0x0000, 0x0000, 0x0000, 0x0000,
    0x0000, 0x1004, 0x280B, 0x3810, 0x1808, 0x0000, 0x0000, 0x0000, 0x0000, 0x0000, 0x0000, 0x0000, 0x0000, 0x0000, 0x0000, 0x0000,
    0x0000, 0x0000, 0x0000, 0x0000, 0x0000, 0x0000, 0x0000, 0x0000, 0x0000, 0x0001, 0x1806, 0x0001, 0x0000, 0x0000, 0x0000, 0x0000,
    0x0000, 0x0000, 0x0000, 0x0000, 0x0802, 0x0000, 0x0000, 0x0000, 0x0000, 0x0000, 0x0000, 0x0000, 0x0000, 0x0000, 0x0000, 0x0000,
    0x0000, 0x0000, 0x0001, 0x0000, 0x0000, 0x0000, 0x0000, 0x0000, 0x0000, 0x0000, 0x0000, 0x0000, 0x0000, 0x0000, 0x0000, 0x0000,
    0x0000, 0x1005, 0x1004, 0x0000, 0x0000, 0x0000, 0x0000, 0x0000, 0x0000, 0x0000, 0x0001, 0x280B, 0x300B, 0x380E, 0x1807, 0x0000,
    0x0000, 0x0000, 0x0000, 0x0000, 0x0000, 0x0000, 0x0000, 0x0000, 0x0000, 0x0000, 0x0000, 0x0001, 0x2007, 0x1806, 0x0000, 0x1004,
    0x280A, 0x2007, 0x0801, 0x2007, 0x2006, 0x0000, 0x0000, 0x0000, 0x0000, 0x0000, 0x0000, 0x0000, 0x0001, 0x0802, 0x0801, 0x0000,
    0x2803, 0xB811, 0x880D, 0x5808, 0x1001, 0x0801, 0x0000, 0x3809, 0x500C, 0x580B, 0xA82D, 0x7009, 0x700A, 0x6809, 0x3806, 0x0804,
    0x1804, 0xB00C, 0xC80F, 0xE1E8, 0xFB60, 0xFB40, 0xFB60, 0xFB60, 0xFB60, 0xFB80, 0xFB80, 0xFB80, 0xFB80, 0xFB80, 0xFB80, 0xFB60,
    0xFB60, 0xFB60, 0xFB60, 0xFB60, 0xFB60, 0xFB60, 0xFB60, 0xFB61, 0xFB61, 0xFB60, 0xCA80, 0x0001, 0x2829, 0x1804, 0x7B8E, 0x92B2,
    0x3008, 0x502A, 0x0800, 0x0000, 0x0000, 0x0000, 0x0000, 0x2803, 0x800A, 0x0800, 0x0000, 0x0801, 0x1004, 0x0001, 0x3825, 0xAC53,
    0x896E, 0x1803, 0x0823, 0x1004, 0x1004, 0x1004, 0x1004, 0x1004, 0x1004, 0x1004, 0x1004, 0x1004, 0x1004, 0x1004, 0x1004, 0x1004,
    0x1004, 0x1004, 0x1004, 0x1004, 0x1004, 0x1004, 0x1004, 0x1004, 0x1004, 0x1004, 0x0001, 0x4968, 0xA453, 0x604B, 0x1004, 0x0802,
    0x1004, 0x0000, 0x0000, 0x0000, 0x1026, 0x0001, 0x0000, 0x0000, 0x0000, 0x0000, 0x0082, 0x020B, 0x0188, 0x0555, 0x0228, 0x0106,
    0x0169, 0x6120, 0xFBA0, 0xFB60, 0xFB60, 0xFB60, 0xFB60, 0xFB60, 0xFB60, 0xFB40, 0xFB40, 0xFB40, 0xFB60, 0xFB40, 0xFB60, 0xFB60,
    0xFB60, 0xFB40, 0xFB40, 0xFB40, 0xFB40, 0xFB40, 0xFB40, 0xFB40, 0xFB20, 0xFB20, 0xEA84, 0xC86E, 0xC810, 0x4005, 0x0002, 0x2806,
    0x5809, 0x600A, 0x5009, 0x900C, 0x900E, 0x400C, 0x480C, 0x0801, 0x2805, 0x8012, 0x6010, 0x500F, 0x3808, 0x0000, 0x0000, 0x0802,
    0x0000, 0x0000, 0x0000, 0x0000, 0x0000, 0x0000, 0x0000, 0x0000, 0x1827, 0x4010, 0x3810, 0x280B, 0x300C, 0x0803, 0x0000, 0x0000,
    0x0000, 0x0000, 0x0000, 0x1805, 0x1003, 0x0000, 0x0000, 0x0000, 0x0000, 0x0000, 0x0000, 0x1806, 0x280C, 0x0802, 0x0000, 0x0801,
    0x2008, 0x0802, 0x0001, 0x0000, 0x0000, 0x0000, 0x0000, 0x0000, 0x0000, 0x0000, 0x0000, 0x0000, 0x0000, 0x0000, 0x0000, 0x0000,
    0x2809, 0x380F, 0x280B, 0x2009, 0x0000, 0x0000, 0x0000, 0x0000, 0x0000, 0x0000, 0x0000, 0x0000, 0x0000, 0x0000, 0x0000, 0x0000,
    0x0000, 0x0000, 0x0000, 0x0000, 0x0000, 0x0000, 0x0000, 0x0000, 0x0000, 0x0001, 0x0000, 0x0000, 0x0000, 0x0000, 0x0000, 0x0000,
    0x0000, 0x0000, 0x0000, 0x0000, 0x0803, 0x1004, 0x0000, 0x0000, 0x0000, 0x0000, 0x0000, 0x0000, 0x0000, 0x0000, 0x0000, 0x0000,
    0x0000, 0x0000, 0x0000, 0x0000, 0x0001, 0x0000, 0x0000, 0x0000, 0x0000, 0x0000, 0x0000, 0x0000, 0x0000, 0x0000, 0x0000, 0x0000,
    0x0000, 0x0000, 0x0803, 0x0802, 0x0000, 0x0000, 0x0000, 0x0000, 0x0000, 0x0000, 0x0000, 0x0803, 0x2009, 0x1807, 0x300C, 0x2008,
    0x0001, 0x0000, 0x0000, 0x0000, 0x0000, 0x0000, 0x0000, 0x0000, 0x0000, 0x0000, 0x0000, 0x0000, 0x0000, 0x1005, 0x1004, 0x0000,
    0x0803, 0x280A, 0x0801, 0x0801, 0x2006, 0x400C, 0x3008, 0x1804, 0x0000, 0x0000, 0x0000, 0x0000, 0x0000, 0x0000, 0x1805, 0x0802,
    0x0000, 0x5809, 0x680D, 0x500D, 0x800E, 0x600A, 0x0801, 0x0000, 0x3007, 0x480B, 0x480B, 0x3806, 0x0001, 0x0001, 0x0002, 0x1003,
    0x0804, 0x782A, 0xB00D, 0xA00E, 0xD129, 0xDA04, 0xD9E6, 0xD9E7, 0xD9E6, 0xD9E6, 0xD9E6, 0xDA06, 0xDA06, 0xD9E6, 0xD9E6, 0xD9E6,
    0xD9E6, 0xD9E6, 0xD9E6, 0xD9E6, 0xD9E6, 0xD9E6, 0xD1E6, 0xD1C5, 0xD1C5, 0xE1C6, 0xB164, 0x0802, 0x280A, 0x20C4, 0xBD36, 0x4049,
    0x500A, 0x3005, 0x0000, 0x0000, 0x0000, 0x0000, 0x0800, 0x882B, 0x2002, 0x0000, 0x0001, 0x1004, 0x1003, 0x580A, 0xC134, 0xE65B,
    0xB9F3, 0x900F, 0x3828, 0x0802, 0x1004, 0x1004, 0x1004, 0x1004, 0x1004, 0x1004, 0x1004, 0x1004, 0x1004, 0x1004, 0x1004, 0x1004,
    0x1004, 0x1004, 0x1004, 0x1004, 0x1004, 0x1004, 0x1004, 0x1004, 0x1005, 0x1023, 0x704B, 0xDAB6, 0xDDFA, 0xA8B3, 0x58B2, 0x3049,
    0x0802, 0x0803, 0x0000, 0x0000, 0x0823, 0x0845, 0x0000, 0x0000, 0x0000, 0x0000, 0x0000, 0x01E9, 0x0189, 0x030E, 0x0470, 0x0083,
    0x01CA, 0x5081, 0xE228, 0xDA07, 0xD9E6, 0xD1C6, 0xD1C6, 0xD1C6, 0xD1C6, 0xD1E6, 0xD1E6, 0xD1E6, 0xD1C6, 0xD1C6, 0xD1C6, 0xD1C6,
    0xD1E6, 0xD1E6, 0xD1E6, 0xD1C6, 0xD1C6, 0xD1C6, 0xD1C6, 0xD1A6, 0xD1C4, 0xD966, 0xB02D, 0xA00E, 0x900B, 0x0803, 0x1004, 0x0001,
    0x0000, 0x0000, 0x1002, 0x480A, 0x300A, 0x502B, 0x4028, 0x1823, 0x380C, 0x300B, 0x400B, 0x400B, 0x0000, 0x0000, 0x0000, 0x1004,
    0x0000, 0x0000, 0x0000, 0x0000, 0x0000, 0x0000, 0x0801, 0x2007, 0x4010, 0x380F, 0x2009, 0x280A, 0x2008, 0x0000, 0x0000, 0x0000,
    0x0000, 0x0000, 0x0000, 0x0000, 0x0000, 0x0000, 0x0000, 0x0000, 0x0000, 0x0000, 0x1806, 0x1004, 0x0000, 0x0000, 0x0000, 0x0803,
    0x0001, 0x0000, 0x0000, 0x0000, 0x0000, 0x0000, 0x0000, 0x0000, 0x0000, 0x0000, 0x0000, 0x0000, 0x0000, 0x0000, 0x1004, 0x280A,
    0x300C, 0x280A, 0x2008, 0x0803, 0x0000, 0x0000, 0x0000, 0x0001, 0x0000, 0x0000, 0x0000, 0x0000, 0x0000, 0x0000, 0x0000, 0x0000,
    0x0000, 0x0000, 0x0000, 0x0000, 0x0000, 0x0000, 0x0803, 0x0802, 0x0000, 0x0000, 0x0000, 0x0000, 0x0000, 0x0000, 0x0000, 0x0000,
    0x0000, 0x0000, 0x0000, 0x0000, 0x0000, 0x0803, 0x1806, 0x0000, 0x0000, 0x0000, 0x0000, 0x0000, 0x0000, 0x0000, 0x0000, 0x0000,
    0x0000, 0x0000, 0x0000, 0x0000, 0x1004, 0x1005, 0x0803, 0x0000, 0x0000, 0x0000, 0x0000, 0x0000, 0x0000, 0x0000, 0x0000, 0x0000,
    0x0000, 0x0000, 0x0000, 0x0803, 0x0801, 0x0000, 0x0000, 0x0000, 0x0000, 0x0000, 0x0000, 0x0000, 0x1005, 0x200A, 0x1806, 0x200A,
    0x280B, 0x0000, 0x0000, 0x0000, 0x0000, 0x0000, 0x0000, 0x0000, 0x0000, 0x0000, 0x0000, 0x0000, 0x0000, 0x0000, 0x0001, 0x0803,
    0x0000, 0x0803, 0x1004, 0x0000, 0x0000, 0x2006, 0x400E, 0x480E, 0x2006, 0x1805, 0x0000, 0x0000, 0x0000, 0x0000, 0x0000, 0x0001,
    0x0000, 0x1001, 0x700C, 0x380C, 0x380B, 0x580E, 0x480C, 0x0801, 0x0000, 0x1003, 0x2007, 0x2809, 0x0803, 0x0000, 0x0001, 0x0802,
    0x0803, 0x2004, 0xA82D, 0x780C, 0x980F, 0x980F, 0xB0CB, 0xC94A, 0xC12A, 0xC12A, 0xC129, 0xC129, 0xC948, 0xC149, 0xC149, 0xC129,
    0xC148, 0xC148, 0xC149, 0xC169, 0xC969, 0xC168, 0xC148, 0xB948, 0xC148, 0xD149, 0xA107, 0x1004, 0x1006, 0x4A48, 0x8331, 0x2806,
    0x5029, 0x0801, 0x0000, 0x0000, 0x0000, 0x0000, 0x5807, 0x5007, 0x0000, 0x0000, 0x0803, 0x0001, 0x2806, 0x784E, 0x3085, 0x0000,
    0x0000, 0x4849, 0x8850, 0x1003, 0x0804, 0x1004, 0x1004, 0x1004, 0x1004, 0x1004, 0x1004, 0x1004, 0x1004, 0x1004, 0x1004, 0x1004,
    0x1004, 0x1004, 0x1004, 0x1004, 0x1004, 0x1004, 0x1004, 0x1005, 0x0802, 0x3827, 0xA893, 0x51CA, 0x0000, 0x0000, 0x18A5, 0x60F3,
    0x2827, 0x0001, 0x0803, 0x0000, 0x0000, 0x0866, 0x0044, 0x0000, 0x0000, 0x0000, 0x0000, 0x00A3, 0x026D, 0x0148, 0x0D54, 0x0186,
    0x0126, 0x4063, 0xC90A, 0xC109, 0xC148, 0xC148, 0xC148, 0xC148, 0xC168, 0xC168, 0xC169, 0xC149, 0xC149, 0xC148, 0xC148, 0xC148,
    0xC148, 0xB929, 0xC149, 0xC16A, 0xC14A, 0xB92B, 0xB929, 0xB908, 0x880E, 0x980F, 0x680C, 0xA00E, 0x4006, 0x0003, 0x0802, 0x0801,
    0x0001, 0x0000, 0x1806, 0x300B, 0x3008, 0x600E, 0x3008, 0x1806, 0x2008, 0x2007, 0x2827, 0x0000, 0x0000, 0x0000, 0x0000, 0x0000,
    0x0000, 0x0000, 0x0000, 0x0000, 0x1003, 0x480E, 0x380C, 0x280A, 0x2009, 0x300C, 0x280A, 0x300C, 0x0001, 0x0000, 0x0000, 0x1003,
    0x0000, 0x0000, 0x0000, 0x0000, 0x0000, 0x0000, 0x0000, 0x0000, 0x0000, 0x0804, 0x0802, 0x0000, 0x0000, 0x0000, 0x0000, 0x0000,
    0x0000, 0x0000, 0x0000, 0x0000, 0x0000, 0x0000, 0x0000, 0x0000, 0x0000, 0x0000, 0x0000, 0x0000, 0x0000, 0x1807, 0x280C, 0x200A,
    0x1808, 0x2009, 0x0803, 0x0000, 0x0001, 0x0000, 0x0000, 0x0000, 0x0000, 0x0000, 0x0000, 0x0000, 0x0000, 0x0000, 0x0000, 0x0000,
    0x0000, 0x0000, 0x0000, 0x0000, 0x0803, 0x1807, 0x1004, 0x0000, 0x0000, 0x0000, 0x0000, 0x0000, 0x0000, 0x0000, 0x0000, 0x0000,
    0x0000, 0x0000, 0x0000, 0x0000, 0x0000, 0x0000, 0x0802, 0x0803, 0x0000, 0x0803, 0x0803, 0x0000, 0x0000, 0x0000, 0x0000, 0x0000,
    0x0000, 0x0000, 0x0000, 0x0000, 0x0000, 0x0803, 0x280A, 0x1807, 0x0802, 0x0000, 0x0000, 0x0000, 0x0000, 0x0000, 0x0000, 0x0000,
    0x0000, 0x0000, 0x0000, 0x0000, 0x0000, 0x0000, 0x0000, 0x0000, 0x0000, 0x0000, 0x0000, 0x0000, 0x0000, 0x1005, 0x2009, 0x1806,
    0x280B, 0x1807, 0x0000, 0x0001, 0x0000, 0x0000, 0x0000, 0x0000, 0x0000, 0x0000, 0x0000, 0x0000, 0x0000, 0x0000, 0x0000, 0x0000,
    0x0000, 0x0000, 0x0001, 0x0000, 0x0000, 0x0000, 0x1807, 0x2809, 0x300A, 0x400E, 0x2809, 0x0000, 0x0000, 0x0000, 0x0000, 0x0000,
    0x0000, 0x0000, 0x0800, 0x2807, 0x300B, 0x380B, 0x500F, 0x382A, 0x1003, 0x2808, 0x1005, 0x1005, 0x300A, 0x0802, 0x0801, 0x1003,
    0x1004, 0x0001, 0x4005, 0x800C, 0x600B, 0x880D, 0xC90A, 0xF284, 0xFBC1, 0xFBA0, 0xFB60, 0xFB60, 0xFB60, 0xFB80, 0xFB80, 0xFB80,
    0xFB80, 0xFB60, 0xFB80, 0xFB80, 0xFB80, 0xFB80, 0xFB60, 0xFB60, 0xFB80, 0xFBC1, 0xCAE0, 0x1003, 0x0001, 0x9BB1, 0x48CA, 0x4809,
    0x3806, 0x0000, 0x0000, 0x0000, 0x0000, 0x1002, 0x800B, 0x0800, 0x0000, 0x0803, 0x1004, 0x0801, 0x580B, 0x1002, 0x0000, 0x0000,
    0x0000, 0x0000, 0x584A, 0x702E, 0x0002, 0x1005, 0x1004, 0x1004, 0x1004, 0x1004, 0x1004, 0x1004, 0x1004, 0x1004, 0x1004, 0x1004,
    0x1004, 0x1004, 0x1004, 0x1004, 0x1004, 0x1004, 0x1004, 0x1005, 0x0002, 0x802F, 0x4047, 0x0000, 0x0000, 0x0000, 0x0000, 0x1085,
    0x4131, 0x0001, 0x1005, 0x0802, 0x0000, 0x0021, 0x08A6, 0x0000, 0x0000, 0x0000, 0x0000, 0x0000, 0x022B, 0x0169, 0x03F0, 0x030B,
    0x0023, 0x5981, 0xFBA0, 0xFB40, 0xFB60, 0xFB60, 0xFB60, 0xFB80, 0xFB80, 0xFB80, 0xFB60, 0xFB60, 0xFB60, 0xFB60, 0xFB60, 0xFB60,
    0xFB60, 0xFB40, 0xFB81, 0xFBA1, 0xFBC2, 0xFBC1, 0xE1C6, 0xC167, 0x986B, 0x500A, 0x600B, 0x5007, 0x0803, 0x1805, 0x0803, 0x0803,
    0x0000, 0x1805, 0x4810, 0x300B, 0x300B, 0x2008, 0x0000, 0x0803, 0x0803, 0x1003, 0x0000, 0x0000, 0x0000, 0x0000, 0x0000, 0x0000,
    0x0000, 0x0000, 0x0000, 0x2007, 0x300C, 0x300D, 0x200A, 0x0803, 0x2008, 0x1005, 0x1004, 0x0802, 0x0000, 0x0000, 0x1003, 0x1003,
    0x0000, 0x0000, 0x0000, 0x0000, 0x0000, 0x0000, 0x0000, 0x0000, 0x0000, 0x0001, 0x0000, 0x0000, 0x0000, 0x0000, 0x0000, 0x0000,
    0x0000, 0x0000, 0x0000, 0x0000, 0x0000, 0x0000, 0x0000, 0x0000, 0x0000, 0x0000, 0x0000, 0x0802, 0x1006, 0x200A, 0x2008, 0x0803,
    0x1005, 0x1006, 0x0000, 0x1004, 0x1805, 0x0000, 0x0000, 0x0000, 0x0000, 0x0000, 0x0000, 0x0000, 0x0000, 0x0000, 0x0000, 0x0000,
    0x0000, 0x0000, 0x0802, 0x1807, 0x1808, 0x1004, 0x0000, 0x0000, 0x0000, 0x0000, 0x0000, 0x0000, 0x0000, 0x0000, 0x0000, 0x0000,
    0x0000, 0x0000, 0x0000, 0x0000, 0x0000, 0x0000, 0x0000, 0x0001, 0x0802, 0x0000, 0x0803, 0x1806, 0x1807, 0x0001, 0x0000, 0x0000,
    0x0000, 0x0000, 0x0000, 0x0000, 0x0000, 0x0000, 0x0802, 0x2009, 0x280A, 0x1806, 0x0803, 0x0001, 0x0000, 0x0000, 0x0000, 0x0000,
    0x0000, 0x0000, 0x0000, 0x0000, 0x0000, 0x0000, 0x0000, 0x0000, 0x0802, 0x0001, 0x0000, 0x0000, 0x0000, 0x0001, 0x0802, 0x1004,
    0x1004, 0x1808, 0x0000, 0x0804, 0x280B, 0x0001, 0x0000, 0x0000, 0x0000, 0x0000, 0x0000, 0x0000, 0x0000, 0x0000, 0x0000, 0x0000,
    0x0000, 0x0000, 0x0000, 0x0000, 0x0000, 0x0000, 0x0801, 0x2008, 0x1807, 0x1805, 0x280A, 0x2007, 0x0801, 0x0802, 0x0000, 0x0000,
    0x0000, 0x0000, 0x0000, 0x0000, 0x1003, 0x2007, 0x1806, 0x300A, 0x0803, 0x2807, 0x380B, 0x1806, 0x1805, 0x2006, 0x0801, 0x0802,
    0x1004, 0x2004, 0x700A, 0x5809, 0x4008, 0x580A, 0x580C, 0x980E, 0xD0EC, 0xF2C3, 0xFB40, 0xF321, 0xF341, 0xF341, 0xF341, 0xF341,
    0xF341, 0xF341, 0xF341, 0xF341, 0xF341, 0xF341, 0xF341, 0xF341, 0xF341, 0xFB41, 0xC2A0, 0x0000, 0x3146, 0xB293, 0x3048, 0x580B,
    0x1802, 0x0020, 0x0000, 0x0000, 0x0000, 0x700A, 0x5007, 0x0000, 0x0801, 0x1005, 0x1004, 0x1803, 0x4009, 0x0000, 0x0000, 0x0000,
    0x0000, 0x0000, 0x1003, 0x700E, 0x0802, 0x1004, 0x1004, 0x1004, 0x1004, 0x1004, 0x1004, 0x1004, 0x1004, 0x1004, 0x1004, 0x1004,
    0x1004, 0x1004, 0x1004, 0x1004, 0x1004, 0x1004, 0x1004, 0x1004, 0x0803, 0x700E, 0x1001, 0x0000, 0x0000, 0x0000, 0x0000, 0x0000,
    0x308C, 0x1024, 0x1004, 0x1005, 0x0001, 0x0000, 0x00C5, 0x00A4, 0x0000, 0x0000, 0x0000, 0x0000, 0x0105, 0x01CA, 0x028C, 0x04B2,
    0x00A5, 0x5961, 0xFBA2, 0xF321, 0xF321, 0xF321, 0xF341, 0xF341, 0xF341, 0xF341, 0xF321, 0xF321, 0xF321, 0xF321, 0xF342, 0xF341,
    0xF341, 0xF321, 0xF322, 0xFB61, 0xEAE3, 0xC90C, 0x900E, 0x500D, 0x600B, 0x3007, 0x4006, 0x5007, 0x2805, 0x1005, 0x0803, 0x0802,
    0x0803, 0x300C, 0x300D, 0x2008, 0x280A, 0x0001, 0x0000, 0x0000, 0x0000, 0x0000, 0x0000, 0x0000, 0x0000, 0x0000, 0x0000, 0x0000,
    0x0001, 0x0802, 0x2009, 0x300D, 0x0803, 0x0001, 0x1005, 0x1808, 0x1004, 0x1806, 0x1806, 0x0000, 0x0000, 0x0000, 0x0000, 0x0000,
    0x0000, 0x0000, 0x0000, 0x0000, 0x0000, 0x0000, 0x0000, 0x0000, 0x0000, 0x0000, 0x0000, 0x1806, 0x0802, 0x0000, 0x0000, 0x0000,
    0x0000, 0x0000, 0x0000, 0x0000, 0x0000, 0x0000, 0x0000, 0x1004, 0x1807, 0x1807, 0x1005, 0x0001, 0x1004, 0x1807, 0x0000, 0x0000,
    0x2008, 0x0802, 0x0000, 0x0001, 0x0000, 0x0000, 0x0000, 0x0000, 0x0000, 0x0000, 0x0000, 0x0000, 0x0000, 0x0000, 0x0000, 0x0001,
    0x0000, 0x0804, 0x1006, 0x1006, 0x0002, 0x0000, 0x0000, 0x0000, 0x0000, 0x0000, 0x0000, 0x0000, 0x0000, 0x0000, 0x0000, 0x0000,
    0x0000, 0x0000, 0x0000, 0x0000, 0x0000, 0x0000, 0x0000, 0x0000, 0x0001, 0x0001, 0x0000, 0x0802, 0x280A, 0x2809, 0x1005, 0x0000,
    0x0000, 0x0000, 0x0000, 0x0000, 0x0000, 0x0000, 0x0000, 0x0803, 0x2009, 0x1006, 0x2009, 0x2009, 0x2809, 0x0803, 0x0000, 0x0000,
    0x0000, 0x0000, 0x0000, 0x0000, 0x0000, 0x0000, 0x0000, 0x0000, 0x0000, 0x0803, 0x0000, 0x0000, 0x0000, 0x1006, 0x1006, 0x0000,
    0x0803, 0x0803, 0x1805, 0x0000, 0x2009, 0x2008, 0x0000, 0x0000, 0x0000, 0x0000, 0x0000, 0x0000, 0x0000, 0x0000, 0x0000, 0x0000,
    0x0000, 0x0000, 0x0000, 0x0000, 0x0000, 0x0000, 0x0000, 0x0802, 0x1004, 0x1005, 0x1005, 0x1806, 0x2007, 0x400D, 0x1003, 0x0000,
    0x0000, 0x0000, 0x0000, 0x0000, 0x0000, 0x0000, 0x1805, 0x1806, 0x1807, 0x0000, 0x2007, 0x400C, 0x2808, 0x1805, 0x0801, 0x0000,
    0x0802, 0x0803, 0x3006, 0x980E, 0x900E, 0x500A, 0x2808, 0x500B, 0x880E, 0xB86C, 0xF2E2, 0xFB80, 0xF341, 0xFB60, 0xFB80, 0xFBA0,
    0xFBA0, 0xFB60, 0xFB60, 0xFB60, 0xFB60, 0xFB80, 0xFB80, 0xFB60, 0xF340, 0xFB80, 0xD300, 0x0000, 0x4A29, 0x8AF1, 0x2808, 0x502A,
    0x0000, 0x0000, 0x0000, 0x0000, 0x0801, 0x800B, 0x0000, 0x0000, 0x0803, 0x1004, 0x1004, 0x1004, 0x3008, 0x0000, 0x0000, 0x0000,
    0x0000, 0x0000, 0x1003, 0x480A, 0x0802, 0x1004, 0x1004, 0x1004, 0x1004, 0x1004, 0x1004, 0x1004, 0x1004, 0x1004, 0x1004, 0x1004,
    0x1004, 0x1004, 0x1004, 0x1004, 0x1004, 0x1004, 0x1004, 0x1004, 0x0802, 0x300A, 0x1002, 0x0000, 0x0000, 0x0000, 0x0000, 0x0000,
    0x402D, 0x1004, 0x1004, 0x1004, 0x0803, 0x0000, 0x0062, 0x0168, 0x0000, 0x0000, 0x0000, 0x0000, 0x0041, 0x02AD, 0x0189, 0x0555,
    0x00E4, 0x5900, 0xFBC1, 0xFB40, 0xFB60, 0xFB60, 0xFB60, 0xFB60, 0xFB60, 0xFB60, 0xFB60, 0xFB60, 0xFB40, 0xFB60, 0xFB80, 0xFB80,
    0xFB81, 0xF361, 0xFB60, 0xF2E1, 0xB8AC, 0x800F, 0x580B, 0x3008, 0x400A, 0x680B, 0xA02F, 0x4007, 0x0802, 0x0802, 0x0001, 0x0001,
    0x2809, 0x2009, 0x1806, 0x0802, 0x0804, 0x0801, 0x0000, 0x0000, 0x0000, 0x0000, 0x0000, 0x0000, 0x0000, 0x0000, 0x0801, 0x0803,
    0x0802, 0x1004, 0x280A, 0x1806, 0x0000, 0x0000, 0x1004, 0x1806, 0x280B, 0x380E, 0x1004, 0x0000, 0x0000, 0x0000, 0x0000, 0x0000,
    0x0000, 0x0000, 0x0000, 0x0000, 0x0000, 0x0000, 0x0000, 0x0000, 0x0000, 0x1005, 0x1807, 0x0802, 0x0000, 0x0000, 0x0000, 0x0000,
    0x0000, 0x0000, 0x0000, 0x0000, 0x0000, 0x0000, 0x1806, 0x280B, 0x1807, 0x1004, 0x0000, 0x0000, 0x1004, 0x0000, 0x0001, 0x1006,
    0x0802, 0x0000, 0x0000, 0x0000, 0x0000, 0x0000, 0x0000, 0x0000, 0x0000, 0x0000, 0x0000, 0x0000, 0x0001, 0x0802, 0x0803, 0x0001,
    0x0000, 0x0002, 0x0803, 0x1004, 0x1805, 0x0000, 0x0000, 0x0000, 0x0000, 0x0000, 0x0000, 0x0000, 0x0000, 0x0000, 0x0000, 0x0000,
    0x0000, 0x0000, 0x0000, 0x0000, 0x0000, 0x0000, 0x0000, 0x0000, 0x0000, 0x0000, 0x0000, 0x0000, 0x1005, 0x1806, 0x1807, 0x0802,
    0x0000, 0x0000, 0x0000, 0x0000, 0x0000, 0x0000, 0x0000, 0x0000, 0x1006, 0x1005, 0x0803, 0x2009, 0x300C, 0x280A, 0x0001, 0x0000,
    0x0000, 0x0000, 0x0000, 0x0000, 0x0000, 0x0000, 0x0000, 0x0000, 0x0000, 0x0000, 0x0001, 0x0000, 0x0000, 0x0000, 0x1005, 0x1807,
    0x1004, 0x0000, 0x0802, 0x1004, 0x1005, 0x2009, 0x0001, 0x0801, 0x0803, 0x0001, 0x0000, 0x0000, 0x0000, 0x0000, 0x0000, 0x0000,
    0x0000, 0x0000, 0x0000, 0x0000, 0x0001, 0x0000, 0x0000, 0x0000, 0x0000, 0x0802, 0x0803, 0x0000, 0x0801, 0x2808, 0x300A, 0x1003,
    0x0000, 0x0000, 0x0000, 0x0000, 0x0000, 0x0000, 0x0000, 0x1003, 0x1806, 0x1805, 0x0000, 0x1805, 0x300A, 0x3009, 0x2808, 0x0802,
    0x0000, 0x1003, 0x1004, 0x2005, 0x902E, 0x900F, 0x580C, 0x2807, 0x500B, 0x680D, 0xA06D, 0xEAC4, 0xFB80, 0xFB01, 0xE2C2, 0xC1E8,
    0xE245, 0xFB41, 0xF302, 0xF322, 0xF322, 0xF301, 0xF301, 0xF301, 0xF302, 0xFB02, 0xCAA1, 0x0020, 0x932F, 0x690D, 0x500C, 0x2804,
    0x0000, 0x0000, 0x0000, 0x0000, 0x6008, 0x4807, 0x0000, 0x0802, 0x1004, 0x1004, 0x1005, 0x0803, 0x2006, 0x1804, 0x0000, 0x0000,
    0x0000, 0x0000, 0x680D, 0x2005, 0x0803, 0x1004, 0x1004, 0x1004, 0x1004, 0x1004, 0x1004, 0x1004, 0x1004, 0x1004, 0x1004, 0x1004,
    0x1004, 0x1004, 0x1004, 0x1004, 0x1004, 0x1004, 0x1004, 0x1004, 0x0803, 0x1804, 0x3009, 0x0000, 0x0000, 0x0000, 0x0000, 0x2809,
    0x382C, 0x0802, 0x1004, 0x1003, 0x1004, 0x0801, 0x0000, 0x01A9, 0x00C4, 0x0000, 0x0000, 0x0000, 0x0020, 0x024B, 0x026D, 0x0433,
    0x02CB, 0x4880, 0xFB02, 0xF302, 0xF322, 0xF302, 0xF302, 0xF2E1, 0xF301, 0xF302, 0xF322, 0xF342, 0xFB21, 0xCA06, 0x8967, 0xD2A2,
    0xF302, 0xFB22, 0xEAA4, 0xB88F, 0x700F, 0x480B, 0x2005, 0x3808, 0x880F, 0xA012, 0x480B, 0x0002, 0x0803, 0x0801, 0x0000, 0x1807,
    0x1006, 0x0000, 0x0001, 0x1805, 0x400B, 0x1003, 0x0000, 0x0000, 0x0000, 0x0000, 0x0000, 0x0801, 0x1005, 0x280A, 0x2008, 0x0001,
    0x0803, 0x1807, 0x0804, 0x0000, 0x0000, 0x0802, 0x2008, 0x2008, 0x1806, 0x0000, 0x0000, 0x0000, 0x0000, 0x0000, 0x0000, 0x0000,
    0x0000, 0x0000, 0x0000, 0x0000, 0x0001, 0x0000, 0x0020, 0x1005, 0x200A, 0x2008, 0x0803, 0x0000, 0x0000, 0x0000, 0x0000, 0x0000,
    0x0000, 0x0000, 0x0000, 0x0000, 0x0000, 0x1807, 0x2009, 0x2009, 0x1808, 0x0000, 0x0000, 0x0000, 0x0001, 0x0804, 0x0803, 0x0000,
    0x0000, 0x0000, 0x0000, 0x0000, 0x0000, 0x0000, 0x0000, 0x0000, 0x0000, 0x0000, 0x0001, 0x1004, 0x2008, 0x1004, 0x0000, 0x0000,
    0x0000, 0x0803, 0x0803, 0x0000, 0x0803, 0x0000, 0x0000, 0x0000, 0x0000, 0x0000, 0x0000, 0x0000, 0x0000, 0x0000, 0x0000, 0x0000,
    0x0000, 0x0000, 0x0000, 0x0000, 0x0000, 0x0000, 0x0000, 0x0000, 0x0000, 0x0000, 0x0000, 0x0000, 0x0000, 0x0001, 0x0000, 0x0802,
    0x0802, 0x0000, 0x0000, 0x0000, 0x0000, 0x0000, 0x0000, 0x0000, 0x0803, 0x1807, 0x0804, 0x0803, 0x1807, 0x1006, 0x1808, 0x0802,
    0x0000, 0x0000, 0x0000, 0x0000, 0x0000, 0x0000, 0x0000, 0x0000, 0x0000, 0x0000, 0x0000, 0x0000, 0x0000, 0x0000, 0x0000, 0x0803,
    0x2009, 0x2008, 0x1004, 0x0000, 0x0000, 0x1004, 0x1005, 0x0000, 0x1005, 0x2809, 0x1004, 0x0000, 0x0000, 0x0000, 0x0000, 0x0000,
    0x0000, 0x0000, 0x0000, 0x0000, 0x0000, 0x0000, 0x0000, 0x0000, 0x0001, 0x1004, 0x1807, 0x1805, 0x0000, 0x0000, 0x1005, 0x2008,
    0x1805, 0x0802, 0x0000, 0x0000, 0x0000, 0x2006, 0x2006, 0x0000, 0x0000, 0x1005, 0x1004, 0x0000, 0x0802, 0x1004, 0x1805, 0x2808,
    0x0000, 0x0801, 0x1004, 0x0803, 0x1824, 0x2807, 0x680F, 0x3008, 0x1806, 0x580C, 0x580D, 0x904E, 0x88C9, 0x6869, 0x500C, 0x480D,
    0xA80E, 0xC08C, 0xD9E9, 0xE208, 0xD9C8, 0xE1C7, 0xD9E7, 0xDA07, 0xDA07, 0xE1C8, 0xB184, 0x0000, 0xA3D2, 0x508D, 0x700E, 0x1802,
    0x0000, 0x0000, 0x0000, 0x0000, 0x780A, 0x3004, 0x0000, 0x1004, 0x1004, 0x1004, 0x1004, 0x1004, 0x0802, 0x2006, 0x2007, 0x2005,
    0x3005, 0x680A, 0x3807, 0x0803, 0x1004, 0x1004, 0x1004, 0x1004, 0x1004, 0x1004, 0x1004, 0x1004, 0x1004, 0x1004, 0x1004, 0x1004,
    0x1004, 0x1004, 0x1004, 0x1004, 0x1004, 0x1004, 0x1004, 0x1004, 0x1004, 0x0802, 0x1805, 0x2808, 0x1805, 0x2806, 0x384A, 0x284A,
    0x0802, 0x1004, 0x1004, 0x1004, 0x1004, 0x0803, 0x0000, 0x01C8, 0x0187, 0x0000, 0x0000, 0x0000, 0x0000, 0x0249, 0x02AE, 0x0391,
    0x034D, 0x3800, 0xE187, 0xD9A6, 0xD9E6, 0xD9E7, 0xD9C7, 0xD1A7, 0xD187, 0xD188, 0xD9E7, 0xC12B, 0xB850, 0x880F, 0x180A, 0x3028,
    0x4848, 0x6869, 0x882F, 0x7010, 0x500E, 0x1806, 0x3008, 0x580E, 0x500D, 0x2808, 0x0804, 0x1004, 0x0803, 0x0001, 0x1005, 0x0804,
    0x0001, 0x2007, 0x300A, 0x380B, 0x1002, 0x0000, 0x0000, 0x0000, 0x0000, 0x0000, 0x1806, 0x280A, 0x4010, 0x1005, 0x0000, 0x0803,
    0x1807, 0x0803, 0x0020, 0x0000, 0x1005, 0x1806, 0x1807, 0x0802, 0x0000, 0x0000, 0x0000, 0x0000, 0x0000, 0x0000, 0x0000, 0x0000,
    0x0000, 0x0802, 0x2008, 0x2008, 0x0803, 0x0000, 0x0802, 0x1807, 0x1808, 0x0001, 0x0000, 0x0000, 0x0000, 0x0000, 0x0000, 0x0000,
    0x0000, 0x0000, 0x0000, 0x0001, 0x1005, 0x1005, 0x1004, 0x1005, 0x0001, 0x0000, 0x0000, 0x1004, 0x1006, 0x0803, 0x0000, 0x0000,
    0x0000, 0x0000, 0x0000, 0x0000, 0x0000, 0x0000, 0x0000, 0x0000, 0x0000, 0x0802, 0x2008, 0x200A, 0x0802, 0x0000, 0x0000, 0x0001,
    0x0001, 0x0000, 0x0000, 0x0000, 0x0000, 0x0000, 0x0000, 0x0000, 0x0000, 0x0000, 0x0000, 0x0000, 0x0000, 0x0000, 0x0000, 0x0000,
    0x0000, 0x0000, 0x0000, 0x0000, 0x0000, 0x0000, 0x0000, 0x0000, 0x0000, 0x0000, 0x0000, 0x0000, 0x0000, 0x0000, 0x0000, 0x0000,
    0x0001, 0x0000, 0x0000, 0x0000, 0x0000, 0x0000, 0x0000, 0x0000, 0x0001, 0x1005, 0x1004, 0x0001, 0x0001, 0x0804, 0x1808, 0x2009,
    0x1807, 0x0000, 0x0000, 0x0000, 0x0000, 0x0000, 0x0000, 0x0000, 0x0000, 0x0000, 0x0000, 0x0000, 0x0000, 0x0000, 0x0000, 0x0000,
    0x0802, 0x1004, 0x1806, 0x1004, 0x0000, 0x0000, 0x1004, 0x0001, 0x0000, 0x1005, 0x2008, 0x1004, 0x0000, 0x0000, 0x0000, 0x0000,
    0x0000, 0x0000, 0x0000, 0x0000, 0x0000, 0x0000, 0x0000, 0x0000, 0x0000, 0x0000, 0x0001, 0x1004, 0x1806, 0x0802, 0x0000, 0x0000,
    0x0001, 0x0803, 0x0001, 0x0000, 0x0000, 0x1003, 0x3009, 0x400D, 0x300A, 0x0803, 0x0802, 0x0000, 0x0000, 0x1004, 0x1004, 0x1805,
    0x1805, 0x0001, 0x0001, 0x1003, 0x0803, 0x1003, 0x1805, 0x400B, 0x3008, 0x1005, 0x3809, 0x480B, 0x500C, 0x3809, 0x2808, 0x2808,
    0x700B, 0xB00F, 0xC94A, 0xFB42, 0xFBA0, 0xFB80, 0xFB80, 0xFB81, 0xFB80, 0xFB80, 0xC280, 0x18E3, 0xB2D3, 0x484C, 0x680E, 0x1802,
    0x0000, 0x0000, 0x0000, 0x0000, 0x800A, 0x3804, 0x0001, 0x1004, 0x1004, 0x1004, 0x1004, 0x1004, 0x1004, 0x0802, 0x2006, 0x480A,
    0x600B, 0x2804, 0x0001, 0x1004, 0x1004, 0x1004, 0x1004, 0x1004, 0x1004, 0x1004, 0x1004, 0x1004, 0x1004, 0x1004, 0x1004, 0x1004,
    0x1004, 0x1004, 0x1004, 0x1004, 0x1004, 0x1004, 0x1004, 0x1004, 0x1004, 0x1004, 0x0802, 0x0803, 0x3009, 0x580D, 0x384A, 0x0001,
    0x0803, 0x1004, 0x1004, 0x1004, 0x1004, 0x1004, 0x0000, 0x01A7, 0x0209, 0x0000, 0x0000, 0x0000, 0x0000, 0x0208, 0x028D, 0x02CE,
    0x036E, 0x40C0, 0xFB60, 0xF340, 0xFB60, 0xFB80, 0xFB81, 0xFBA1, 0xFB80, 0xFB40, 0xD9E6, 0xA04E, 0xA010, 0x582B, 0x2808, 0x2007,
    0x1006, 0x400B, 0x500D, 0x380A, 0x1807, 0x2807, 0x400B, 0x2808, 0x1805, 0x0001, 0x0803, 0x0803, 0x0001, 0x0000, 0x0803, 0x2007,
    0x3009, 0x380D, 0x380C, 0x0803, 0x0000, 0x0000, 0x0000, 0x0000, 0x2808, 0x480F, 0x400F, 0x1004, 0x0803, 0x0000, 0x0000, 0x0803,
    0x0000, 0x0000, 0x0000, 0x1004, 0x1005, 0x0001, 0x0000, 0x0000, 0x0000, 0x0000, 0x0000, 0x0000, 0x0000, 0x0000, 0x0000, 0x0000,
    0x1807, 0x2009, 0x2009, 0x0801, 0x0000, 0x0000, 0x0803, 0x0803, 0x0000, 0x0000, 0x0000, 0x0000, 0x0000, 0x0000, 0x0000, 0x0000,
    0x0000, 0x0000, 0x0803, 0x280A, 0x200A, 0x1005, 0x1004, 0x0001, 0x0000, 0x0001, 0x0802, 0x0803, 0x0000, 0x0000, 0x0000, 0x0000,
    0x0000, 0x0000, 0x0000, 0x0000, 0x0000, 0x0000, 0x0000, 0x0000, 0x0803, 0x2008, 0x1005, 0x0803, 0x0000, 0x0000, 0x0000, 0x0000,
    0x0000, 0x0000, 0x0000, 0x0000, 0x0000, 0x0000, 0x0000, 0x0000, 0x0000, 0x0000, 0x0000, 0x0000, 0x0000, 0x0000, 0x0000, 0x0000,
    0x0000, 0x0000, 0x0000, 0x0000, 0x0000, 0x0000, 0x0000, 0x0000, 0x0000, 0x0000, 0x0000, 0x0000, 0x0000, 0x0000, 0x0000, 0x0000,
    0x0000, 0x0000, 0x0000, 0x0000, 0x0000, 0x0000, 0x0000, 0x0000, 0x0000, 0x0000, 0x0000, 0x0802, 0x0000, 0x0000, 0x0803, 0x1807,
    0x2009, 0x1806, 0x0802, 0x0000, 0x0000, 0x0000, 0x0000, 0x0000, 0x0000, 0x0000, 0x0000, 0x0000, 0x0000, 0x0000, 0x0000, 0x0000,
    0x0000, 0x0000, 0x0000, 0x0802, 0x0802, 0x0001, 0x0000, 0x0000, 0x0000, 0x0000, 0x1006, 0x1005, 0x1004, 0x0803, 0x0000, 0x0000,
    0x0000, 0x0000, 0x0000, 0x0000, 0x0000, 0x0000, 0x0000, 0x0000, 0x0000, 0x0000, 0x0000, 0x0000, 0x0001, 0x0802, 0x0801, 0x0000,
    0x0000, 0x0000, 0x0803, 0x0002, 0x0000, 0x0000, 0x0800, 0x3009, 0x300B, 0x300B, 0x2007, 0x0802, 0x0000, 0x0000, 0x0802, 0x1004,
    0x2008, 0x2008, 0x1004, 0x0001, 0x0001, 0x0803, 0x1003, 0x2006, 0x400B, 0x300A, 0x1004, 0x2807, 0x480A, 0x680D, 0x480B, 0x2809,
    0x2809, 0x680C, 0x680D, 0x984D, 0xE207, 0xF303, 0xFB81, 0xFB80, 0xF341, 0xFB81, 0xBA20, 0x4A29, 0xA272, 0x380A, 0x3809, 0x0000,
    0x0000, 0x0000, 0x0000, 0x2803, 0x7009, 0x1001, 0x0803, 0x1004, 0x1004, 0x1004, 0x1004, 0x1004, 0x1004, 0x1005, 0x0803, 0x0002,
    0x0002, 0x0803, 0x1004, 0x1004, 0x1004, 0x1004, 0x1004, 0x1004, 0x1004, 0x1004, 0x1004, 0x1004, 0x1004, 0x1004, 0x1004, 0x1004,
    0x1004, 0x1004, 0x1004, 0x1004, 0x1004, 0x1004, 0x1004, 0x1004, 0x1004, 0x1004, 0x1004, 0x1004, 0x0802, 0x0002, 0x0803, 0x1004,
    0x1004, 0x1004, 0x1004, 0x1004, 0x1004, 0x1004, 0x0802, 0x0062, 0x02CC, 0x0082, 0x0000, 0x0000, 0x0000, 0x0041, 0x022B, 0x01AA,
    0x0412, 0x4162, 0xFB81, 0xF341, 0xF321, 0xFB80, 0xFBC0, 0xEB23, 0xF2C4, 0xB8EC, 0x700F, 0x700C, 0x600B, 0x2007, 0x2007, 0x3009,
    0x580E, 0x600E, 0x3009, 0x1004, 0x2807, 0x400B, 0x2008, 0x1005, 0x0803, 0x0001, 0x0000, 0x0000, 0x1003, 0x2809, 0x280A, 0x380D,
    0x300A, 0x0803, 0x1004, 0x0000, 0x0000, 0x0000, 0x0802, 0x1806, 0x300B, 0x300A, 0x300B, 0x0001, 0x0000, 0x0000, 0x0000, 0x0000,
    0x0000, 0x0000, 0x0000, 0x0000, 0x0000, 0x0000, 0x0000, 0x0000, 0x0000, 0x0000, 0x0000, 0x0000, 0x0000, 0x0000, 0x0803, 0x1806,
    0x1806, 0x0001, 0x0001, 0x0000, 0x0000, 0x0000, 0x0000, 0x0000, 0x0000, 0x0000, 0x0000, 0x0000, 0x0000, 0x0000, 0x0000, 0x0000,
    0x0000, 0x0803, 0x1807, 0x1806, 0x1003, 0x0001, 0x0000, 0x0000, 0x0000, 0x0000, 0x0000, 0x0000, 0x0000, 0x0000, 0x0000, 0x0000,
    0x0000, 0x0000, 0x0000, 0x0000, 0x0000, 0x0000, 0x0001, 0x1004, 0x0803, 0x0802, 0x0000, 0x0000, 0x0000, 0x0000, 0x0000, 0x0000,
    0x0000, 0x0000, 0x0000, 0x0000, 0x0000, 0x0000, 0x0000, 0x0000, 0x0000, 0x0000, 0x0000, 0x0000, 0x0000, 0x0000, 0x0000, 0x0000,
    0x0000, 0x0000, 0x0000, 0x0000, 0x0000, 0x0000, 0x0000, 0x0000, 0x0000, 0x0000, 0x0000, 0x0000, 0x0000, 0x0000, 0x0000, 0x0000,
    0x0000, 0x0000, 0x0000, 0x0000, 0x0000, 0x0000, 0x0000, 0x0000, 0x0000, 0x0000, 0x0000, 0x0000, 0x0000, 0x0000, 0x0000, 0x0000,
    0x0001, 0x1005, 0x1806, 0x1806, 0x0802, 0x0000, 0x0000, 0x0000, 0x0000, 0x0000, 0x0000, 0x0000, 0x0000, 0x0000, 0x0000, 0x0000,
    0x0000, 0x0000, 0x0000, 0x0000, 0x0000, 0x0001, 0x0000, 0x0000, 0x0000, 0x0000, 0x0001, 0x0802, 0x0802, 0x1805, 0x1004, 0x0001,
    0x0000, 0x0000, 0x0000, 0x0000, 0x0000, 0x0000, 0x0000, 0x0000, 0x0000, 0x0000, 0x0000, 0x0000, 0x0000, 0x0000, 0x0000, 0x0000,
    0x0000, 0x0000, 0x0000, 0x0802, 0x0803, 0x0000, 0x0000, 0x0000, 0x0803, 0x2008, 0x300A, 0x300A, 0x2007, 0x0801, 0x0000, 0x0000,
    0x0001, 0x1805, 0x2007, 0x2007, 0x0803, 0x0001, 0x1003, 0x1005, 0x1805, 0x2808, 0x3009, 0x1004, 0x1004, 0x400A, 0x680E, 0x580C,
    0x2807, 0x3009, 0x702D, 0x600C, 0x880E, 0x982E, 0xB129, 0xEB02, 0xFB60, 0xFBE1, 0xBA80, 0x4A29, 0x82B1, 0x3008, 0x2806, 0x0000,
    0x0000, 0x0000, 0x0000, 0x4806, 0x6809, 0x0000, 0x1004, 0x1004, 0x1004, 0x1004, 0x1004, 0x1004, 0x1004, 0x1004, 0x1004, 0x1004,
    0x1004, 0x1004, 0x1004, 0x1004, 0x1004, 0x1004, 0x1004, 0x1004, 0x1004, 0x1004, 0x1004, 0x1004, 0x1004, 0x1004, 0x1004, 0x1004,
    0x1004, 0x1004, 0x1004, 0x1004, 0x1004, 0x1004, 0x1004, 0x1004, 0x1004, 0x1004, 0x1004, 0x1004, 0x1004, 0x1004, 0x1004, 0x1004,
    0x1004, 0x1004, 0x1004, 0x1004, 0x1004, 0x1004, 0x0803, 0x0000, 0x030D, 0x00E3, 0x0000, 0x0000, 0x0000, 0x0000, 0x024C, 0x01CA,
    0x03B1, 0x4162, 0xFBA1, 0xFB80, 0xFBA0, 0xEAC2, 0xD225, 0x906D, 0x780E, 0x600E, 0x580C, 0x780D, 0x2806, 0x1005, 0x380A, 0x580F,
    0x480D, 0x2008, 0x2007, 0x380A, 0x2007, 0x1004, 0x1005, 0x1005, 0x0802, 0x0000, 0x0803, 0x1806, 0x300B, 0x280B, 0x280A, 0x2009,
    0x0803, 0x0000, 0x0000, 0x0000, 0x0801, 0x1005, 0x2009, 0x2009, 0x1005, 0x0001, 0x0000, 0x0000, 0x0000, 0x0000, 0x0000, 0x0000,
    0x0000, 0x0000, 0x0000, 0x0000, 0x0000, 0x0000, 0x0000, 0x0000, 0x0000, 0x0000, 0x0000, 0x0000, 0x0803, 0x2008, 0x1807, 0x0803,
    0x0001, 0x0000, 0x0000, 0x0000, 0x0000, 0x0000, 0x0000, 0x0000, 0x0000, 0x0000, 0x0000, 0x0000, 0x0000, 0x0000, 0x0000, 0x1004,
    0x1807, 0x1005, 0x0001, 0x0000, 0x0000, 0x0000, 0x0000, 0x0000, 0x0000, 0x0000, 0x0000, 0x0000, 0x0000, 0x0000, 0x0000, 0x0000,
    0x0000, 0x0000, 0x0000, 0x0000, 0x0000, 0x0001, 0x0803, 0x0001, 0x0000, 0x0000, 0x0000, 0x0000, 0x0000, 0x0000, 0x0000, 0x0000,
    0x0000, 0x0000, 0x0000, 0x0000, 0x0000, 0x0000, 0x0000, 0x0000, 0x0000, 0x0000, 0x0000, 0x0000, 0x0000, 0x0000, 0x0000, 0x0000,
    0x0000, 0x0000, 0x0000, 0x0000, 0x0000, 0x0000, 0x0000, 0x0000, 0x0000, 0x0000, 0x0000, 0x0000, 0x0000, 0x0000, 0x0000, 0x0000,
    0x0000, 0x0000, 0x0000, 0x0000, 0x0000, 0x0000, 0x0000, 0x0000, 0x0000, 0x0000, 0x0000, 0x0000, 0x0000, 0x0000, 0x0000, 0x0000,
    0x0000, 0x0000, 0x0000, 0x0000, 0x0802, 0x0802, 0x0000, 0x0000, 0x0000, 0x0000, 0x0000, 0x0000, 0x0000, 0x0000, 0x0000, 0x0000,
    0x0000, 0x0000, 0x0000, 0x0000, 0x0000, 0x0000, 0x0000, 0x0000, 0x0000, 0x0000, 0x0000, 0x0000, 0x0000, 0x0000, 0x0001, 0x0802,
    0x0000, 0x0000, 0x0000, 0x0000, 0x0000, 0x0000, 0x0000, 0x0000, 0x0000, 0x0000, 0x0000, 0x0000, 0x0000, 0x0000, 0x0000, 0x0000,
    0x0000, 0x0000, 0x0000, 0x0000, 0x0000, 0x0000, 0x0000, 0x0000, 0x0000, 0x0000, 0x0802, 0x2006, 0x300A, 0x300A, 0x2808, 0x0803,
    0x0000, 0x0000, 0x0000, 0x1003, 0x1806, 0x1004, 0x0802, 0x0803, 0x1004, 0x1004, 0x1807, 0x2808, 0x1806, 0x1806, 0x2006, 0x400A,
    0x500C, 0x400A, 0x4009, 0x600D, 0x500C, 0x500A, 0x700D, 0x882D, 0xB94A, 0xEAC6, 0xBA80, 0x4229, 0x8291, 0x3008, 0x2806, 0x0000,
    0x0000, 0x0000, 0x0000, 0x4806, 0x7009, 0x0000, 0x1004, 0x1004, 0x1004, 0x1004, 0x1004, 0x1004, 0x1004, 0x1004, 0x1004, 0x1003,
    0x1004, 0x1004, 0x1004, 0x1004, 0x1004, 0x1004, 0x1004, 0x1004, 0x1004, 0x1004, 0x1004, 0x1004, 0x1004, 0x1004, 0x1004, 0x1004,
    0x1004, 0x1004, 0x1004, 0x1004, 0x1004, 0x1004, 0x1004, 0x1004, 0x1004, 0x1004, 0x1004, 0x1004, 0x1004, 0x1004, 0x1004, 0x1004,
    0x1004, 0x1004, 0x1004, 0x1004, 0x1004, 0x1004, 0x1004, 0x0000, 0x030D, 0x00C3, 0x0000, 0x0000, 0x0000, 0x0000, 0x026C, 0x020C,
    0x03F1, 0x3961, 0xFB60, 0xE2A4, 0xC1AA, 0xA04D, 0x680F, 0x500B, 0x400A, 0x500D, 0x500A, 0x2807, 0x2807, 0x400B, 0x480C, 0x2007,
    0x1806, 0x2809, 0x2809, 0x1806, 0x0803, 0x0802, 0x0802, 0x0803, 0x1004, 0x2007, 0x2809, 0x2008, 0x2008, 0x2007, 0x1004, 0x0000,
    0x0000, 0x0000, 0x0000, 0x0803, 0x1004, 0x1004, 0x0803, 0x0001, 0x0000, 0x0000, 0x0000, 0x0000, 0x0000, 0x0000, 0x0000, 0x0000,
    0x0000, 0x0000, 0x0000, 0x0000, 0x0000, 0x0000, 0x0000, 0x0000, 0x0000, 0x0000, 0x0000, 0x0802, 0x0803, 0x0001, 0x0000, 0x0000,
    0x0000, 0x0000, 0x0000, 0x0000, 0x0000, 0x0000, 0x0000, 0x0000, 0x0000, 0x0000, 0x0000, 0x0000, 0x0000, 0x0000, 0x0000, 0x0801,
    0x0001, 0x0000, 0x0000, 0x0000, 0x0000, 0x0000, 0x0000, 0x0000, 0x0000, 0x0000, 0x0000, 0x0000, 0x0000, 0x0000, 0x0000, 0x0000,
    0x0000, 0x0000, 0x0000, 0x0000, 0x0000, 0x0000, 0x0000, 0x0000, 0x0000, 0x0000, 0x0000, 0x0000, 0x0000, 0x0000, 0x0000, 0x0000,
    0x0000, 0x0000, 0x0000, 0x0000, 0x0000, 0x0000, 0x0000, 0x0000, 0x0000, 0x0000, 0x0000, 0x0000, 0x0000, 0x0000, 0x0000, 0x0000,
    0x0803, 0x0803, 0x0803, 0x0803, 0x0803, 0x0803, 0x0803, 0x0803, 0x0803, 0x0802, 0x0802, 0x0802, 0x0803, 0x0803, 0x0802, 0x0802,
    0x0802, 0x0802, 0x0802, 0x0802, 0x0802, 0x0802, 0x0802, 0x0802, 0x0802, 0x0802, 0x0802, 0x0802, 0x0803, 0x0802, 0x0802, 0x0802,
    0x0802, 0x0802, 0x0802, 0x0803, 0x0802, 0x0802, 0x0802, 0x0802, 0x0802, 0x0802, 0x0803, 0x0803, 0x0802, 0x0802, 0x0802, 0x0803,
    0x0803, 0x0803, 0x0803, 0x0802, 0x0802, 0x0802, 0x0803, 0x0803, 0x0803, 0x0803, 0x0802, 0x0802, 0x0802, 0x0803, 0x0802, 0x0802,
    0x0803, 0x0803, 0x0803, 0x0803, 0x0803, 0x0803, 0x0803, 0x0802, 0x0802, 0x0802, 0x0803, 0x0803, 0x0803, 0x0803, 0x0803, 0x0803,
    0x0803, 0x0803, 0x0803, 0x0803, 0x0803, 0x0803, 0x0803, 0x0802, 0x0803, 0x0803, 0x0803, 0x1004, 0x2007, 0x300B, 0x300A, 0x300A,
    0x2007, 0x1806, 0x1005, 0x1805, 0x1806, 0x2007, 0x2007, 0x1004, 0x2006, 0x2807, 0x2008, 0x2809, 0x2808, 0x2007, 0x2007, 0x2008,
    0x380A, 0x480C, 0x3809, 0x2808, 0x400A, 0x400B, 0x480B, 0x600C, 0x700F, 0x800F, 0x6047, 0x4A08, 0x8A51, 0x3009, 0x2806, 0x0000,
    0x0000, 0x0000, 0x0000, 0x4806, 0x7009, 0x0001, 0x1004, 0x1004, 0x1004, 0x1004, 0x1004, 0x1004, 0x1004, 0x0822, 0x0001, 0x0001,
    0x0802, 0x1004, 0x1004, 0x1004, 0x1004, 0x1004, 0x1004, 0x1004, 0x1004, 0x1004, 0x1004, 0x1004, 0x1004, 0x1004, 0x1004, 0x1004,
    0x1004, 0x1004, 0x1004, 0x1004, 0x1004, 0x1004, 0x1004, 0x1004, 0x1004, 0x1004, 0x1004, 0x1004, 0x0022, 0x0001, 0x0001, 0x0802,
    0x1004, 0x1004, 0x1004, 0x1004, 0x1004, 0x1004, 0x1004, 0x0000, 0x034D, 0x00E3, 0x0000, 0x0000, 0x0000, 0x0000, 0x02AD, 0x022D,
    0x0411, 0x18A3, 0x7869, 0x700D, 0x700F, 0x600E, 0x380B, 0x380B, 0x400D, 0x2809, 0x1807, 0x300A, 0x500F, 0x400D, 0x2009, 0x2008,
    0x2008, 0x2008, 0x1807, 0x2007, 0x2007, 0x1806, 0x1806, 0x1807, 0x280A, 0x300C, 0x2009, 0x1808, 0x1004, 0x1004, 0x1004, 0x1005,
    0x1004, 0x1004, 0x1005, 0x1806, 0x1005, 0x0803, 0x0802, 0x0803, 0x0803, 0x0803, 0x0803, 0x0803, 0x0803, 0x0803, 0x0803, 0x0803,
    0x1003, 0x0803, 0x0803, 0x0803, 0x0803, 0x0803, 0x0803, 0x0803, 0x0803, 0x0803, 0x0803, 0x0803, 0x0803, 0x0803, 0x0803, 0x0803,
    0x0803, 0x0803, 0x0803, 0x0803, 0x0803, 0x0803, 0x0803, 0x0803, 0x0803, 0x0803, 0x0803, 0x0803, 0x0803, 0x0803, 0x0802, 0x0002,
    0x0802, 0x0803, 0x0803, 0x0803, 0x0803, 0x0802, 0x0803, 0x0803, 0x0803, 0x0803, 0x0803, 0x0803, 0x0803, 0x0803, 0x0803, 0x0803,
    0x0803, 0x0802, 0x0803, 0x0803, 0x0802, 0x0802, 0x0802, 0x0802, 0x0802, 0x0802, 0x0802, 0x0802, 0x0802, 0x0802, 0x0802, 0x0802,
    0x0802, 0x0802, 0x0803, 0x0803, 0x0802, 0x0802, 0x0802, 0x0802, 0x0802, 0x0802, 0x0803, 0x0802, 0x0802, 0x0802, 0x0802, 0x0803,
    0x6810, 0x680F, 0x600E, 0x600E, 0x600E, 0x580E, 0x600E, 0x600E, 0x600E, 0x600E, 0x580D, 0x580D, 0x580D, 0x580E, 0x600E, 0x600E,
    0x600E, 0x600E, 0x600E, 0x600E, 0x600E, 0x600E, 0x600E, 0x600E, 0x600E, 0x600E, 0x600E, 0x600E, 0x600E, 0x600E, 0x600E, 0x600E,
    0x600E, 0x600E, 0x680E, 0x680E, 0x600E, 0x600E, 0x680E, 0x680E, 0x680E, 0x680E, 0x680E, 0x600E, 0x600E, 0x600E, 0x680E, 0x680F,
    0x680F, 0x680F, 0x680F, 0x680E, 0x680E, 0x680E, 0x680E, 0x680F, 0x680F, 0x680E, 0x680E, 0x680E, 0x680E, 0x680E, 0x680E, 0x680D,
    0x600E, 0x680E, 0x680E, 0x680E, 0x680E, 0x680E, 0x680E, 0x680E, 0x680D, 0x680E, 0x680E, 0x700E, 0x700E, 0x700E, 0x700E, 0x700E,
    0x700E, 0x780F, 0x780F, 0x780F, 0x700E, 0x700D, 0x700D, 0x700D, 0x700E, 0x800E, 0x800F, 0x800E, 0x780E, 0x800E, 0x780D, 0x700D,
    0x800E, 0x880E, 0x880E, 0x880F, 0x880D, 0x800C, 0x880D, 0x880E, 0x880D, 0x880D, 0x900E, 0x980F, 0x900E, 0x900C, 0x880C, 0x980D,
    0xA00E, 0x980E, 0x900D, 0x900C, 0x900C, 0x980E, 0xA00E, 0xA00E, 0x982D, 0x982D, 0x5809, 0x4887, 0x8891, 0x380B, 0x2806, 0x0000,
    0x0000, 0x0000, 0x0000, 0x4806, 0x7009, 0x0001, 0x1005, 0x1004, 0x1004, 0x1004, 0x1004, 0x0803, 0x1003, 0x4809, 0xCDB8, 0xCBF6,
    0x3808, 0x0843, 0x0803, 0x1004, 0x1004, 0x1004, 0x1004, 0x1004, 0x1004, 0x1004, 0x1004, 0x1004, 0x1004, 0x1004, 0x1004, 0x1004,
    0x1004, 0x1004, 0x1004, 0x1004, 0x1004, 0x1004, 0x1004, 0x1004, 0x1004, 0x1004, 0x0803, 0x1804, 0x89CF, 0xD678, 0x81B3, 0x20EC,
    0x0021, 0x1004, 0x1004, 0x1004, 0x1004, 0x1004, 0x1004, 0x0801, 0x036E, 0x00E4, 0x0000, 0x0000, 0x0000, 0x0000, 0x02AE, 0x022D,
    0x0411, 0x1884, 0x800C, 0x800C, 0x882C, 0x880C, 0x900E, 0x980E, 0x900D, 0x800D, 0x880D, 0x880D, 0x880D, 0x900E, 0x980F, 0x900E,
    0x880D, 0x880D, 0x900E, 0x980F, 0x9810, 0x900F, 0x880E, 0x800E, 0x802E, 0x880E, 0x880F, 0x800E, 0x780E, 0x700E, 0x780F, 0x8010,
    0x8010, 0x780F, 0x8010, 0x8010, 0x7810, 0x780F, 0x700F, 0x700E, 0x680E, 0x680E, 0x680D, 0x680E, 0x700F, 0x700F, 0x700F, 0x680F,
    0x700F, 0x700F, 0x700F, 0x680F, 0x680E, 0x680F, 0x680F, 0x680F, 0x680F, 0x680F, 0x680F, 0x680F, 0x680F, 0x680F, 0x680E, 0x680E,
    0x680F, 0x680F, 0x680F, 0x600E, 0x680F, 0x680F, 0x680F, 0x600E, 0x600E, 0x600E, 0x600E, 0x680F, 0x680F, 0x680F, 0x600E, 0x600E,
    0x600E, 0x600E, 0x680F, 0x680F, 0x680F, 0x600E, 0x600E, 0x600E, 0x600E, 0x600E, 0x600E, 0x600E, 0x600E, 0x600E, 0x600E, 0x600E,
    0x600E, 0x600E, 0x600F, 0x600E, 0x600E, 0x580D, 0x580D, 0x580D, 0x600E, 0x600E, 0x600E, 0x580E, 0x580E, 0x580E, 0x580E, 0x580E,
    0x580E, 0x580E, 0x580E, 0x580E, 0x580E, 0x580E, 0x580E, 0x580E, 0x580E, 0x580E, 0x580E, 0x580E, 0x580E, 0x580E, 0x580E, 0x580E,
    0x580C, 0x580B, 0x500C, 0x500C, 0x500C, 0x500B, 0x500B, 0x500C, 0x580C, 0x500C, 0x500B, 0x500B, 0x500B, 0x500B, 0x500B, 0x500B,
    0x500C, 0x500C, 0x500C, 0x500B, 0x500B, 0x500B, 0x500B, 0x500B, 0x500B, 0x500B, 0x500B, 0x500B, 0x480B, 0x500B, 0x500B, 0x500B,
    0x580C, 0x580B, 0x500A, 0x500A, 0x500B, 0x500B, 0x580B, 0x580B, 0x580B, 0x500B, 0x500B, 0x580B, 0x580C, 0x580C, 0x580C, 0x580B,
    0x580B, 0x580B, 0x580B, 0x580C, 0x580B, 0x580B, 0x580B, 0x580B, 0x580B, 0x580B, 0x580B, 0x580B, 0x600C, 0x600C, 0x600B, 0x600B,
    0x600B, 0x580B, 0x580B, 0x600B, 0x580B, 0x580B, 0x580B, 0x600C, 0x600C, 0x600C, 0x600C, 0x680C, 0x600B, 0x600C, 0x680C, 0x680C,
    0x680C, 0x700C, 0x700D, 0x700C, 0x680C, 0x680C, 0x680C, 0x700C, 0x700C, 0x700C, 0x780C, 0x780C, 0x800D, 0x880E, 0x880D, 0x880D,
    0x900E, 0x980E, 0x980E, 0xA00D, 0x900D, 0x980D, 0xA00E, 0xA80E, 0xA80E, 0xA00D, 0xA00C, 0xA00D, 0xB80E, 0xB82F, 0xC02E, 0xB82D,
    0xB00E, 0xC00E, 0xC00E, 0xB80E, 0xB80E, 0xD00E, 0xD80E, 0xC80E, 0xD82E, 0xE82F, 0xA00B, 0x5027, 0x9031, 0x380B, 0x2806, 0x0000,
    0x0000, 0x0000, 0x0000, 0x4806, 0x7009, 0x0001, 0x1005, 0x1004, 0x1004, 0x1004, 0x0804, 0x1003, 0x784D, 0xA031, 0xB516, 0xA352,
    0x7093, 0x406E, 0x0802, 0x1003, 0x1004, 0x1004, 0x1004, 0x1004, 0x1004, 0x1004, 0x1004, 0x1004, 0x1004, 0x1004, 0x1004, 0x1004,
    0x1004, 0x1004, 0x1004, 0x1004, 0x1004, 0x1004, 0x1004, 0x1004, 0x1004, 0x1003, 0x1022, 0x784D, 0xE299, 0xC658, 0x8191, 0x7957,
    0x5950, 0x0001, 0x1003, 0x1004, 0x1004, 0x1004, 0x1004, 0x0801, 0x03AF, 0x0104, 0x0000, 0x0000, 0x0000, 0x0000, 0x02AD, 0x022D,
    0x0431, 0x30A5, 0xE80E, 0xD00D, 0xC80D, 0xD02E, 0xD82E, 0xD82F, 0xC80E, 0xC00E, 0xC02E, 0xC02E, 0xB80E, 0xB00E, 0xB00E, 0xB00F,
    0xB00F, 0xA82F, 0xA02E, 0x980D, 0x980E, 0x980D, 0x980E, 0x902E, 0x882D, 0x900D, 0x980E, 0x980E, 0x880E, 0x800E, 0x900F, 0x800E,
    0x780E, 0x780D, 0x780D, 0x780D, 0x700D, 0x700E, 0x700E, 0x700D, 0x680C, 0x680C, 0x680C, 0x600C, 0x600C, 0x680C, 0x680D, 0x680D,
    0x600C, 0x600C, 0x600C, 0x600C, 0x580B, 0x580B, 0x580B, 0x600C, 0x600C, 0x580B, 0x580B, 0x580B, 0x580C, 0x580C, 0x580C, 0x580C,
    0x580C, 0x580C, 0x580B, 0x580B, 0x580C, 0x580C, 0x580C, 0x580B, 0x580B, 0x500B, 0x580B, 0x500B, 0x500B, 0x500B, 0x500B, 0x500B,
    0x500B, 0x500B, 0x500B, 0x500B, 0x500B, 0x500B, 0x500C, 0x500B, 0x500B, 0x500B, 0x500B, 0x500B, 0x500B, 0x500B, 0x500B, 0x500B,
    0x500B, 0x500B, 0x500B, 0x500B, 0x500B, 0x500B, 0x500B, 0x500B, 0x500B, 0x500B, 0x500B, 0x500C, 0x500C, 0x500C, 0x500C, 0x500C,
    0x500C, 0x500C, 0x500C, 0x500C, 0x500B, 0x500C, 0x500C, 0x500B, 0x480B, 0x480B, 0x480B, 0x500C, 0x500C, 0x500C, 0x500C, 0x500B,
    0x380B, 0x380B, 0x400B, 0x400B, 0x400B, 0x400B, 0x380A, 0x380A, 0x380A, 0x380B, 0x400B, 0x400B, 0x400B, 0x400B, 0x400B, 0x400B,
    0x400B, 0x400B, 0x380B, 0x380B, 0x380B, 0x380A, 0x380B, 0x400B, 0x400B, 0x400C, 0x400B, 0x380A, 0x400B, 0x380A, 0x380A, 0x400B,
    0x400B, 0x400B, 0x400B, 0x380B, 0x380B, 0x400B, 0x400B, 0x400B, 0x400B, 0x400B, 0x400B, 0x400C, 0x480C, 0x480C, 0x400C, 0x400B,
    0x400B, 0x400B, 0x480C, 0x480C, 0x480C, 0x480C, 0x400B, 0x400B, 0x480B, 0x480C, 0x480B, 0x480B, 0x480B, 0x480C, 0x480C, 0x500C,
    0x500C, 0x480C, 0x480C, 0x480C, 0x480C, 0x480B, 0x480B, 0x480C, 0x500C, 0x480B, 0x480B, 0x480C, 0x500C, 0x500C, 0x500C, 0x580C,
    0x580C, 0x500C, 0x500B, 0x500C, 0x580C, 0x580D, 0x580C, 0x580C, 0x580C, 0x500B, 0x500B, 0x580B, 0x680D, 0x700D, 0x680D, 0x680C,
    0x780E, 0x780E, 0x700D, 0x780D, 0x780C, 0x880D, 0x880E, 0x880E, 0x800E, 0x800D, 0x800D, 0x900D, 0xA00F, 0xA810, 0xA00F, 0x900E,
    0x900E, 0x900E, 0x980E, 0xB00F, 0xA00E, 0x980D, 0xA00D, 0xA00D, 0xB02E, 0xD02F, 0x900B, 0x5028, 0x802F, 0x300A, 0x2806, 0x0000,
    0x0000, 0x0000, 0x0000, 0x4807, 0x6809, 0x0001, 0x1004, 0x1004, 0x1004, 0x1004, 0x0802, 0x3807, 0x784D, 0x2823, 0x0000, 0x0000,
    0x2064, 0x71B3, 0x304C, 0x0802, 0x1004, 0x1004, 0x1004, 0x1004, 0x1004, 0x1004, 0x1004, 0x1004, 0x1004, 0x1004, 0x1004, 0x1004,
    0x1004, 0x1004, 0x1004, 0x1004, 0x1004, 0x1004, 0x1004, 0x1004, 0x1005, 0x0803, 0x580C, 0x706C, 0x4A09, 0x0000, 0x0000, 0x1863,
    0x7171, 0x38ED, 0x0002, 0x1004, 0x1004, 0x1004, 0x1005, 0x0800, 0x03EF, 0x0104, 0x0000, 0x0000, 0x0000, 0x0000, 0x02AD, 0x01CB,
    0x03EF, 0x28A5, 0xC00F, 0xA00E, 0x980E, 0xA00E, 0xA00E, 0xA00E, 0x980E, 0xB00F, 0xB80F, 0x980F, 0x900E, 0x880E, 0x900E, 0x980F,
    0x9810, 0x980F, 0x900E, 0x800E, 0x800D, 0x780D, 0x800E, 0x780D, 0x700D, 0x700D, 0x780E, 0x800E, 0x700E, 0x680D, 0x680D, 0x680E,
    0x600D, 0x580C, 0x600D, 0x580D, 0x580C, 0x580D, 0x500C, 0x500C, 0x500C, 0x580D, 0x580D, 0x500C, 0x500C, 0x500C, 0x500D, 0x500D,
    0x480C, 0x400B, 0x400B, 0x480C, 0x500C, 0x480C, 0x480D, 0x480C, 0x380A, 0x380A, 0x400B, 0x480C, 0x480C, 0x400C, 0x400B, 0x400B,
    0x400C, 0x480C, 0x400B, 0x400B, 0x400B, 0x400B, 0x400B, 0x400B, 0x480C, 0x480C, 0x400B, 0x400B, 0x380A, 0x400B, 0x400B, 0x480B,
    0x480B, 0x400B, 0x400B, 0x400B, 0x400B, 0x400B, 0x400B, 0x400B, 0x400B, 0x400B, 0x400B, 0x400B, 0x380B, 0x380A, 0x400B, 0x400B,
    0x400B, 0x400B, 0x380B, 0x380A, 0x380A, 0x380A, 0x380A, 0x380B, 0x380B, 0x380B, 0x380B, 0x380B, 0x380B, 0x380B, 0x380B, 0x380B,
    0x380B, 0x380A, 0x380A, 0x380A, 0x380A, 0x380A, 0x380B, 0x380B, 0x380A, 0x380A, 0x380A, 0x380B, 0x400A, 0x380A, 0x380A, 0x380A,
    0x2807, 0x2807, 0x2007, 0x2007, 0x2807, 0x2807, 0x2807, 0x1002, 0x0000, 0x0801, 0x0801, 0x0801, 0x0801, 0x0801, 0x0801, 0x0801,
    0x0801, 0x0801, 0x0801, 0x0801, 0x0801, 0x0001, 0x0801, 0x0801, 0x0001, 0x0801, 0x0801, 0x0801, 0x0802, 0x0801, 0x0801, 0x0801,
    0x0801, 0x0802, 0x0802, 0x0801, 0x0801, 0x0802, 0x0802, 0x0801, 0x0802, 0x0801, 0x0802, 0x0802, 0x0801, 0x0801, 0x0801, 0x0801,
    0x0801, 0x0801, 0x0801, 0x0801, 0x0801, 0x0802, 0x0801, 0x0801, 0x0802, 0x0802, 0x0801, 0x0801, 0x0801, 0x0801, 0x0802, 0x0802,
    0x0801, 0x0801, 0x0801, 0x0801, 0x0801, 0x0801, 0x0801, 0x0801, 0x0801, 0x0801, 0x0801, 0x1003, 0x1002, 0x1002, 0x0802, 0x0802,
    0x0802, 0x0802, 0x0801, 0x0801, 0x0802, 0x1002, 0x0802, 0x0802, 0x0802, 0x2806, 0x3007, 0x3007, 0x4009, 0x480B, 0x480A, 0x480A,
    0x500B, 0x500C, 0x500B, 0x480A, 0x4009, 0x480B, 0x600D, 0x700C, 0x780D, 0x700D, 0x780E, 0x800E, 0x680E, 0x700E, 0x680E, 0x600D,
    0x680C, 0x800E, 0x880E, 0xA00E, 0x800E, 0x780E, 0x780E, 0x800E, 0x800F, 0x900F, 0x700B, 0x4006, 0x800E, 0x280A, 0x3809, 0x0000,
    0x0000, 0x0000, 0x0000, 0x2804, 0x780A, 0x1003, 0x1004, 0x1004, 0x1004, 0x0803, 0x1804, 0x680E, 0x1002, 0x0000, 0x0000, 0x0000,
    0x0000, 0x1906, 0x40D1, 0x0803, 0x1004, 0x1004, 0x1004, 0x1004, 0x1004, 0x1004, 0x1004, 0x1004, 0x1004, 0x1004, 0x1004, 0x1004,
    0x1004, 0x1004, 0x1004, 0x1004, 0x1004, 0x1004, 0x1004, 0x1004, 0x1024, 0x1004, 0x6010, 0x4047, 0x0000, 0x0000, 0x0000, 0x0000,
    0x0841, 0x4111, 0x1045, 0x1003, 0x1004, 0x1004, 0x1003, 0x08C4, 0x038E, 0x0082, 0x0000, 0x0000, 0x0000, 0x0062, 0x024C, 0x01CB,
    0x0410, 0x2085, 0xA80F, 0x880D, 0x700C, 0x680D, 0x700E, 0x700E, 0x700E, 0x780E, 0x880E, 0x880D, 0x700D, 0x600C, 0x500B, 0x500B,
    0x580C, 0x580D, 0x580C, 0x500B, 0x480B, 0x580D, 0x580D, 0x780E, 0x500B, 0x4009, 0x480A, 0x500C, 0x480B, 0x400A, 0x500C, 0x500C,
    0x400A, 0x3008, 0x3008, 0x3008, 0x1003, 0x0801, 0x0802, 0x0801, 0x0801, 0x0802, 0x0802, 0x0802, 0x0802, 0x0802, 0x0801, 0x0801,
    0x0801, 0x0000, 0x0801, 0x0802, 0x0801, 0x0801, 0x0802, 0x0802, 0x0801, 0x0801, 0x0801, 0x1002, 0x0802, 0x0801, 0x0801, 0x0801,
    0x0802, 0x0802, 0x0801, 0x0801, 0x0801, 0x0001, 0x0801, 0x0802, 0x0802, 0x0802, 0x0801, 0x0801, 0x0001, 0x0801, 0x0801, 0x0801,
    0x0801, 0x0801, 0x0801, 0x0801, 0x0801, 0x0801, 0x0801, 0x0801, 0x0801, 0x0801, 0x0801, 0x0801, 0x0801, 0x0801, 0x0802, 0x0801,
    0x0801, 0x0801, 0x0801, 0x0001, 0x0801, 0x0801, 0x0802, 0x0801, 0x0801, 0x0801, 0x0801, 0x0801, 0x0801, 0x0801, 0x0802, 0x0801,
    0x0802, 0x0802, 0x0801, 0x0801, 0x0801, 0x0801, 0x0000, 0x0000, 0x1805, 0x2007, 0x2007, 0x2007, 0x2006, 0x2006, 0x2006, 0x2006,
    0x2808, 0x2808, 0x2807, 0x2006, 0x2007, 0x2007, 0x2808, 0x0802, 0x1806, 0x2007, 0x2006, 0x2007, 0x2807, 0x2808, 0x2807, 0x2007,
    0x2007, 0x2007, 0x2007, 0x2007, 0x2808, 0x2809, 0x2808, 0x2808, 0x2807, 0x2007, 0x2007, 0x2807, 0x2007, 0x2007, 0x2807, 0x2007,
    0x2007, 0x2006, 0x2007, 0x2807, 0x2007, 0x2007, 0x2808, 0x2808, 0x2808, 0x2808, 0x2807, 0x2007, 0x2007, 0x2027, 0x2007, 0x2807,
    0x2807, 0x2807, 0x2007, 0x2006, 0x2807, 0x2807, 0x2807, 0x2807, 0x2807, 0x2808, 0x3008, 0x2808, 0x2808, 0x2807, 0x3008, 0x3008,
    0x3009, 0x2808, 0x2808, 0x3009, 0x3009, 0x3009, 0x3009, 0x380A, 0x380A, 0x3809, 0x380A, 0x3809, 0x3008, 0x3008, 0x3809, 0x3008,
    0x3008, 0x3808, 0x3809, 0x400A, 0x3809, 0x3008, 0x2807, 0x380A, 0x2007, 0x1804, 0x3808, 0x3808, 0x4009, 0x4009, 0x3808, 0x3807,
    0x3808, 0x3808, 0x3808, 0x3808, 0x600C, 0x680E, 0x680D, 0x600B, 0x500A, 0x500B, 0x500B, 0x400A, 0x3808, 0x3008, 0x4009, 0x680C,
    0x800D, 0x600B, 0x500A, 0x4809, 0x500A, 0x580C, 0x580C, 0x500B, 0x680C, 0x900D, 0x780B, 0x0801, 0x880C, 0x400B, 0x680E, 0x2002,
    0x0000, 0x0000, 0x0000, 0x0000, 0x880C, 0x3806, 0x0003, 0x1004, 0x1004, 0x0803, 0x1003, 0x3808, 0x0000, 0x0000, 0x0000, 0x0000,
    0x0000, 0x0000, 0x282C, 0x0002, 0x0803, 0x1004, 0x1004, 0x1004, 0x1004, 0x1004, 0x1004, 0x1004, 0x1004, 0x1004, 0x1004, 0x1004,
    0x1004, 0x1004, 0x1004, 0x1004, 0x1004, 0x1004, 0x1004, 0x1004, 0x0002, 0x0803, 0x300C, 0x0000, 0x0020, 0x0000, 0x0000, 0x0000,
    0x0000, 0x208A, 0x1866, 0x0803, 0x1004, 0x1004, 0x0801, 0x026A, 0x02AA, 0x0000, 0x0020, 0x0000, 0x0000, 0x01E8, 0x024B, 0x02CE,
    0x034D, 0x3004, 0x780D, 0x780C, 0x800D, 0x780D, 0x580B, 0x400A, 0x500B, 0x500C, 0x400A, 0x400A, 0x500B, 0x880E, 0x700E, 0x680D,
    0x500B, 0x480A, 0x500C, 0x580C, 0x480B, 0x480B, 0x580C, 0x680E, 0x580C, 0x580D, 0x580C, 0x400A, 0x3008, 0x3007, 0x3008, 0x3808,
    0x3808, 0x3007, 0x3009, 0x2807, 0x1002, 0x380A, 0x3009, 0x3009, 0x3008, 0x3008, 0x3008, 0x3009, 0x3009, 0x3008, 0x2807, 0x2807,
    0x2807, 0x2808, 0x3008, 0x3009, 0x2808, 0x3008, 0x3009, 0x3009, 0x2808, 0x2808, 0x2808, 0x2808, 0x2807, 0x2807, 0x2807, 0x3008,
    0x3008, 0x3008, 0x3028, 0x3008, 0x2808, 0x2807, 0x2808, 0x2808, 0x2808, 0x2807, 0x2808, 0x2808, 0x3009, 0x3008, 0x3008, 0x3008,
    0x2807, 0x3008, 0x3009, 0x3009, 0x3029, 0x3008, 0x3008, 0x3008, 0x3008, 0x2827, 0x2807, 0x2807, 0x2807, 0x2808, 0x2808, 0x2808,
    0x2807, 0x2807, 0x2808, 0x3008, 0x2808, 0x2807, 0x2807, 0x2807, 0x2807, 0x2807, 0x2807, 0x2807, 0x2807, 0x2807, 0x2808, 0x2808,
    0x2827, 0x2807, 0x2807, 0x2007, 0x2007, 0x2006, 0x2808, 0x0802, 0x1805, 0x2807, 0x2007, 0x2007, 0x2006, 0x2007, 0x2007, 0x2007,
    0x1806, 0x2006, 0x1806, 0x1806, 0x1004, 0x1805, 0x0802, 0x1004, 0x2008, 0x0802, 0x0802, 0x0802, 0x0802, 0x0802, 0x0801, 0x0802,
    0x0802, 0x0001, 0x0001, 0x0001, 0x0802, 0x0001, 0x0001, 0x0001, 0x0001, 0x0801, 0x0802, 0x0802, 0x0802, 0x0803, 0x0802, 0x0801,
    0x0001, 0x0001, 0x0801, 0x0802, 0x0802, 0x0801, 0x0802, 0x0802, 0x0801, 0x0001, 0x0001, 0x0001, 0x0000, 0x0001, 0x0001, 0x0001,
    0x0801, 0x0001, 0x0001, 0x0001, 0x0801, 0x0802, 0x0802, 0x0802, 0x0801, 0x0001, 0x0001, 0x0001, 0x0801, 0x0001, 0x0801, 0x0802,
    0x0802, 0x0802, 0x0802, 0x0802, 0x0802, 0x0802, 0x0802, 0x0802, 0x0802, 0x0802, 0x0802, 0x0802, 0x0801, 0x0801, 0x0001, 0x0802,
    0x1004, 0x1804, 0x1805, 0x2005, 0x1004, 0x1004, 0x1004, 0x1805, 0x400D, 0x0802, 0x1003, 0x1804, 0x1805, 0x1003, 0x0802, 0x1003,
    0x2806, 0x3809, 0x3809, 0x3009, 0x380A, 0x380A, 0x2808, 0x1806, 0x2007, 0x2808, 0x2008, 0x2007, 0x3808, 0x4009, 0x500B, 0x580C,
    0x400A, 0x3009, 0x3809, 0x380A, 0x3809, 0x380A, 0x600C, 0x800D, 0x880D, 0x680D, 0x680F, 0x3007, 0x780B, 0x400B, 0x680D, 0x2003,
    0x0000, 0x0000, 0x0000, 0x0000, 0x880B, 0x3004, 0x0003, 0x1004, 0x1004, 0x0803, 0x0802, 0x2006, 0x0000, 0x0000, 0x0000, 0x0000,
    0x0000, 0x0801, 0x280A, 0x4148, 0x38A8, 0x0803, 0x1004, 0x1004, 0x1004, 0x1004, 0x1004, 0x1004, 0x1004, 0x1004, 0x1004, 0x1004,
    0x1004, 0x1004, 0x1004, 0x1004, 0x1004, 0x1004, 0x1004, 0x0803, 0x518B, 0x1844, 0x280B, 0x0801, 0x0000, 0x0000, 0x0000, 0x0000,
    0x0000, 0x386C, 0x2066, 0x0802, 0x1004, 0x1005, 0x1002, 0x026A, 0x02CB, 0x0000, 0x0020, 0x0020, 0x0000, 0x02CA, 0x02CD, 0x02AE,
    0x030B, 0x4808, 0x680E, 0x600D, 0x580D, 0x700E, 0x780E, 0x4809, 0x3008, 0x2807, 0x2807, 0x2808, 0x2807, 0x3008, 0x400A, 0x500C,
    0x580C, 0x480A, 0x2007, 0x1005, 0x1004, 0x1805, 0x1806, 0x1806, 0x2007, 0x3009, 0x380A, 0x380A, 0x380A, 0x2005, 0x1805, 0x1805,
    0x1804, 0x1805, 0x2007, 0x0001, 0x300A, 0x380A, 0x1004, 0x1805, 0x1005, 0x1004, 0x1003, 0x1003, 0x1003, 0x1003, 0x1003, 0x1003,
    0x0803, 0x0802, 0x0802, 0x1003, 0x1003, 0x1003, 0x1004, 0x1004, 0x0802, 0x0802, 0x0001, 0x0801, 0x0801, 0x0802, 0x0802, 0x0802,
    0x0802, 0x0802, 0x0801, 0x0001, 0x0001, 0x0001, 0x0802, 0x0802, 0x0001, 0x0001, 0x0001, 0x0001, 0x0802, 0x0801, 0x0001, 0x0801,
    0x0801, 0x0801, 0x0801, 0x0802, 0x0802, 0x0802, 0x0802, 0x0001, 0x0801, 0x0802, 0x0802, 0x0802, 0x1003, 0x0802, 0x0801, 0x0001,
    0x0000, 0x0000, 0x0001, 0x0001, 0x0001, 0x0802, 0x0802, 0x0803, 0x0802, 0x0802, 0x0802, 0x0001, 0x0801, 0x0801, 0x0801, 0x0802,
    0x0802, 0x0802, 0x0802, 0x0802, 0x0803, 0x0802, 0x1805, 0x2008, 0x0000, 0x1004, 0x1004, 0x1004, 0x1805, 0x1805, 0x1805, 0x1005,
    0x1004, 0x1004, 0x1004, 0x1004, 0x1003, 0x1003, 0x0001, 0x0803, 0x0802, 0x0000, 0x0000, 0x0001, 0x0000, 0x0000, 0x0000, 0x0000,
    0x0000, 0x0802, 0x0802, 0x0000, 0x0000, 0x0001, 0x0000, 0x0000, 0x0801, 0x0800, 0x0000, 0x0802, 0x0000, 0x0000, 0x0000, 0x0001,
    0x0000, 0x0000, 0x0001, 0x0000, 0x0800, 0x0801, 0x0000, 0x0000, 0x0001, 0x0000, 0x0000, 0x0000, 0x0001, 0x0000, 0x0801, 0x0802,
    0x0802, 0x0802, 0x1003, 0x0802, 0x0801, 0x0801, 0x0801, 0x0001, 0x0000, 0x0801, 0x0802, 0x1003, 0x1003, 0x0802, 0x0802, 0x0802,
    0x0802, 0x0801, 0x0801, 0x0001, 0x0001, 0x0000, 0x0801, 0x0802, 0x0001, 0x0001, 0x0001, 0x0801, 0x1804, 0x1004, 0x0802, 0x0802,
    0x0802, 0x0001, 0x0001, 0x0801, 0x0802, 0x1004, 0x1004, 0x0001, 0x2807, 0x0802, 0x0801, 0x1003, 0x2005, 0x3008, 0x400A, 0x580D,
    0x480B, 0x3808, 0x2806, 0x2006, 0x2006, 0x2006, 0x2006, 0x2005, 0x2005, 0x3007, 0x500A, 0x580A, 0x3808, 0x3808, 0x3008, 0x2808,
    0x3008, 0x3008, 0x3808, 0x3809, 0x3808, 0x500A, 0x680B, 0x480A, 0x3809, 0x3809, 0x400A, 0x1004, 0x780B, 0x400B, 0x680D, 0x2803,
    0x0000, 0x0000, 0x0000, 0x0000, 0x5007, 0x5809, 0x0803, 0x1004, 0x1004, 0x1004, 0x0802, 0x1805, 0x1004, 0x0000, 0x0000, 0x0000,
    0x0000, 0x282A, 0x0804, 0xCCB6, 0xA0F3, 0x0003, 0x1004, 0x1004, 0x1004, 0x1004, 0x1004, 0x1004, 0x1004, 0x0803, 0x0002, 0x0803,
    0x1004, 0x1004, 0x1004, 0x1004, 0x1004, 0x1004, 0x1024, 0x1805, 0xE39C, 0x81CE, 0x0803, 0x2029, 0x0000, 0x0000, 0x0000, 0x0000,
    0x1826, 0x5850, 0x0822, 0x1004, 0x1004, 0x1004, 0x1003, 0x02EC, 0x01A6, 0x0000, 0x0000, 0x0000, 0x0000, 0x0289, 0x02AC, 0x028D,
    0x02EB, 0x2804, 0x480A, 0x400A, 0x400A, 0x380A, 0x3009, 0x3808, 0x700C, 0x4809, 0x2005, 0x2806, 0x3808, 0x3008, 0x3008, 0x2808,
    0x3009, 0x3808, 0x480A, 0x680D, 0x3809, 0x2006, 0x1804, 0x1805, 0x2006, 0x2006, 0x2006, 0x2006, 0x2006, 0x2006, 0x400C, 0x500E,
    0x2807, 0x1004, 0x1005, 0x0801, 0x2006, 0x0001, 0x0001, 0x0001, 0x0001, 0x0802, 0x0801, 0x0801, 0x0000, 0x0000, 0x0802, 0x0802,
    0x0802, 0x0801, 0x0000, 0x0000, 0x0000, 0x0001, 0x0000, 0x0000, 0x0801, 0x0001, 0x0822, 0x0801, 0x0000, 0x0000, 0x0000, 0x0000,
    0x0001, 0x0000, 0x0001, 0x0001, 0x0001, 0x0801, 0x0802, 0x0802, 0x0802, 0x0803, 0x1003, 0x0802, 0x0802, 0x0001, 0x0000, 0x0000,
    0x0000, 0x0000, 0x0001, 0x0000, 0x0000, 0x0001, 0x0001, 0x0001, 0x0801, 0x0000, 0x0000, 0x0000, 0x0001, 0x0802, 0x1003, 0x1003,
    0x0001, 0x0001, 0x0001, 0x0001, 0x0000, 0x0000, 0x0001, 0x0802, 0x0802, 0x1003, 0x1003, 0x0802, 0x0802, 0x0801, 0x0801, 0x0001,
    0x0001, 0x0001, 0x0001, 0x0000, 0x0001, 0x0001, 0x0001, 0x1004, 0x0000, 0x0802, 0x0802, 0x0803, 0x0803, 0x1003, 0x1003, 0x1003,
    0x1003, 0x0802, 0x0802, 0x1004, 0x1804, 0x1004, 0x0801, 0x0803, 0x0803, 0x0000, 0x0001, 0x0801, 0x00E6, 0x0947, 0x0000, 0x08C4,
    0x11A9, 0x1064, 0x0801, 0x0928, 0x0884, 0x0000, 0x08E6, 0x0968, 0x0022, 0x0947, 0x0947, 0x0801, 0x08A5, 0x0927, 0x08C5, 0x0000,
    0x1148, 0x08A5, 0x0801, 0x1129, 0x10E8, 0x0844, 0x092A, 0x0885, 0x0802, 0x0928, 0x0822, 0x10A5, 0x0823, 0x10A5, 0x1023, 0x0801,
    0x1003, 0x1003, 0x0802, 0x0801, 0x0802, 0x0802, 0x1003, 0x1004, 0x1003, 0x1003, 0x1003, 0x0802, 0x0802, 0x0802, 0x0802, 0x1003,
    0x1003, 0x1002, 0x1003, 0x1805, 0x2005, 0x1804, 0x1805, 0x2005, 0x1805, 0x1804, 0x1804, 0x1003, 0x1003, 0x0802, 0x0802, 0x1003,
    0x1003, 0x1804, 0x1805, 0x1805, 0x1003, 0x1003, 0x1004, 0x1003, 0x2808, 0x0801, 0x1003, 0x2006, 0x480C, 0x380A, 0x3008, 0x3008,
    0x3009, 0x3008, 0x3008, 0x3809, 0x480B, 0x400A, 0x3008, 0x3809, 0x580E, 0x7010, 0x600D, 0x480B, 0x4009, 0x4009, 0x480B, 0x480B,
    0x500B, 0x480B, 0x480B, 0x600D, 0x9810, 0x780E, 0x500B, 0x480A, 0x480A, 0x4809, 0x500A, 0x3007, 0x5007, 0x600D, 0x300A, 0x6009,
    0x0000, 0x0000, 0x0000, 0x0000, 0x0000, 0x880D, 0x0802, 0x1004, 0x1004, 0x1004, 0x1004, 0x0001, 0x2006, 0x1805, 0x1003, 0x1003,
    0x300B, 0x1807, 0x7A2D, 0xD5B9, 0x68CF, 0x1047, 0x0803, 0x1004, 0x1004, 0x1004, 0x1004, 0x1004, 0x0001, 0x2144, 0x39A7, 0x2024,
    0x0001, 0x1004, 0x1004, 0x1004, 0x1004, 0x1004, 0x0822, 0x2008, 0x9314, 0xAC19, 0x1827, 0x0825, 0x2008, 0x1004, 0x1004, 0x2807,
    0x484E, 0x1824, 0x0803, 0x1004, 0x1004, 0x1003, 0x0105, 0x03EF, 0x0000, 0x0000, 0x0000, 0x0000, 0x0041, 0x034E, 0x01C9, 0x0390,
    0x0925, 0x4008, 0x500B, 0x580C, 0x580C, 0x580D, 0x580D, 0x480B, 0x480B, 0x600D, 0x8011, 0x600E, 0x500B, 0x500C, 0x500C, 0x480C,
    0x400B, 0x3008, 0x3008, 0x480B, 0x580E, 0x7011, 0x480D, 0x2807, 0x1805, 0x2808, 0x380A, 0x3009, 0x2007, 0x2007, 0x2807, 0x2807,
    0x2808, 0x400D, 0x3009, 0x0801, 0x2809, 0x1003, 0x0001, 0x0802, 0x1004, 0x0802, 0x1805, 0x2007, 0x380B, 0x2809, 0x1806, 0x2006,
    0x1003, 0x0802, 0x1004, 0x300A, 0x0801, 0x0802, 0x402C, 0x2006, 0x1805, 0x380C, 0x2808, 0x2808, 0x380B, 0x2809, 0x1805, 0x1003,
    0x1003, 0x2006, 0x0802, 0x0802, 0x0802, 0x1003, 0x1003, 0x1003, 0x1003, 0x1003, 0x1004, 0x1004, 0x1004, 0x1003, 0x1004, 0x1805,
    0x1004, 0x1804, 0x1805, 0x1804, 0x1804, 0x1804, 0x1004, 0x1004, 0x1004, 0x1004, 0x1004, 0x1004, 0x1804, 0x1004, 0x1003, 0x0802,
    0x1004, 0x1804, 0x1804, 0x1004, 0x1004, 0x1003, 0x0802, 0x0802, 0x0801, 0x0802, 0x0802, 0x1003, 0x0802, 0x1003, 0x1003, 0x1003,
    0x1003, 0x1003, 0x1003, 0x1003, 0x1003, 0x0802, 0x1003, 0x1005, 0x0001, 0x1805, 0x1804, 0x1804, 0x1004, 0x1003, 0x1003, 0x1003,
    0x1805, 0x1806, 0x1806, 0x1806, 0x1805, 0x1805, 0x0802, 0x1004, 0x1004, 0x0001, 0x0001, 0x0021, 0x02CE, 0x09A8, 0x020B, 0x0AED,
    0x022B, 0x024B, 0x0167, 0x09E9, 0x0A0A, 0x0186, 0x026B, 0x0167, 0x0187, 0x02CE, 0x01C9, 0x09C9, 0x026D, 0x01A9, 0x00E5, 0x0A0A,
    0x01EA, 0x01A7, 0x09A8, 0x0A6C, 0x01A9, 0x00C4, 0x02B0, 0x0126, 0x01C9, 0x01A9, 0x01A8, 0x130F, 0x01C9, 0x09EA, 0x00C4, 0x0127,
    0x0041, 0x0000, 0x0000, 0x0000, 0x0000, 0x0000, 0x0000, 0x0000, 0x0000, 0x0000, 0x0000, 0x0000, 0x0000, 0x0000, 0x0000, 0x0000,
    0x0001, 0x0001, 0x0001, 0x0801, 0x0001, 0x0000, 0x0000, 0x0000, 0x0000, 0x0000, 0x0001, 0x0801, 0x0803, 0x1004, 0x1003, 0x0803,
    0x0802, 0x0000, 0x0000, 0x0001, 0x0001, 0x0801, 0x0802, 0x0802, 0x300A, 0x0802, 0x1805, 0x1805, 0x1003, 0x0802, 0x0803, 0x1005,
    0x1805, 0x1004, 0x1003, 0x0803, 0x1004, 0x2807, 0x480C, 0x480C, 0x380A, 0x1806, 0x1806, 0x2006, 0x2006, 0x1805, 0x1806, 0x1806,
    0x1003, 0x3008, 0x7810, 0x700F, 0x3809, 0x400A, 0x480B, 0x480A, 0x4009, 0x480A, 0x580C, 0x3808, 0x2003, 0x800D, 0x2008, 0x600A,
    0x0000, 0x0000, 0x0000, 0x0000, 0x0000, 0x6009, 0x4007, 0x0803, 0x1004, 0x1004, 0x1004, 0x0803, 0x0802, 0x0803, 0x2005, 0x2807,
    0x1003, 0x2824, 0x9892, 0x1024, 0x0001, 0x28C9, 0x0803, 0x1004, 0x1004, 0x1004, 0x1004, 0x0822, 0x600C, 0xDBF9, 0xFFFF, 0xA8D6,
    0x38AC, 0x0823, 0x1004, 0x1004, 0x1004, 0x1004, 0x0802, 0x308A, 0x0000, 0x2028, 0x4891, 0x0825, 0x0802, 0x2007, 0x2008, 0x2808,
    0x1024, 0x0802, 0x1004, 0x0803, 0x0804, 0x0802, 0x024A, 0x02AA, 0x0000, 0x0000, 0x0000, 0x0000, 0x00E4, 0x03F1, 0x020B, 0x03AF,
    0x2866, 0x9010, 0x3808, 0x2006, 0x3007, 0x2806, 0x2807, 0x2807, 0x1806, 0x1806, 0x2807, 0x600D, 0x7810, 0x3008, 0x0804, 0x1004,
    0x1805, 0x1004, 0x1004, 0x1004, 0x1006, 0x2006, 0x3809, 0x3809, 0x380B, 0x2808, 0x1003, 0x0802, 0x0802, 0x1003, 0x1004, 0x1004,
    0x0802, 0x1003, 0x1805, 0x0001, 0x2809, 0x1805, 0x0001, 0x1004, 0x402E, 0x1002, 0x5030, 0x400E, 0x400D, 0x2007, 0x300A, 0x380B,
    0x0000, 0x1004, 0x480F, 0x380C, 0x2809, 0x300A, 0x402E, 0x304B, 0x1023, 0x5833, 0x2007, 0x1805, 0x5831, 0x2828, 0x2808, 0x380B,
    0x1826, 0x482F, 0x0001, 0x0803, 0x0000, 0x0000, 0x0000, 0x0000, 0x0000, 0x0000, 0x0000, 0x0000, 0x0000, 0x0000, 0x0001, 0x0802,
    0x0802, 0x0802, 0x0801, 0x0001, 0x0000, 0x0000, 0x0000, 0x0000, 0x0000, 0x0000, 0x0001, 0x0801, 0x0802, 0x0802, 0x0802, 0x0802,
    0x0801, 0x0001, 0x0000, 0x0000, 0x0001, 0x0802, 0x0803, 0x0802, 0x0001, 0x0000, 0x0000, 0x0000, 0x0000, 0x0000, 0x0000, 0x0000,
    0x0000, 0x0000, 0x0000, 0x0001, 0x0001, 0x0001, 0x0802, 0x1005, 0x0000, 0x0803, 0x1003, 0x1003, 0x1003, 0x1004, 0x1004, 0x1004,
    0x0001, 0x0001, 0x0000, 0x0000, 0x0000, 0x0000, 0x0000, 0x1004, 0x0803, 0x0000, 0x0000, 0x0020, 0x032F, 0x0A4C, 0x0189, 0x02EC,
    0x02CE, 0x0167, 0x09EA, 0x0082, 0x09E9, 0x0A6B, 0x0186, 0x0125, 0x09A8, 0x030F, 0x0A2B, 0x0105, 0x0A8E, 0x124D, 0x0042, 0x0146,
    0x122B, 0x08C5, 0x00A3, 0x09EA, 0x0148, 0x0000, 0x09C9, 0x00A3, 0x028D, 0x0021, 0x022C, 0x0A4C, 0x128D, 0x12AF, 0x00A4, 0x0083,
    0x0020, 0x0000, 0x0000, 0x0000, 0x0000, 0x0000, 0x0000, 0x0000, 0x0000, 0x0000, 0x0000, 0x0001, 0x0802, 0x0802, 0x0802, 0x0802,
    0x0001, 0x0000, 0x0000, 0x0000, 0x0000, 0x0000, 0x0000, 0x0000, 0x0000, 0x0000, 0x0801, 0x0801, 0x0801, 0x0000, 0x0000, 0x0000,
    0x0000, 0x0000, 0x0000, 0x0000, 0x0000, 0x0000, 0x0801, 0x0801, 0x2809, 0x0802, 0x0000, 0x0000, 0x0000, 0x0000, 0x0000, 0x0001,
    0x0001, 0x0001, 0x0000, 0x1805, 0x480B, 0x380A, 0x2005, 0x0802, 0x0802, 0x0802, 0x0802, 0x0803, 0x1804, 0x1805, 0x0803, 0x0802,
    0x4008, 0x500A, 0x2805, 0x1004, 0x1805, 0x1806, 0x1806, 0x1005, 0x1004, 0x2007, 0x1806, 0x4008, 0x2803, 0x880D, 0x2808, 0x680D,
    0x3805, 0x0000, 0x0000, 0x0000, 0x0000, 0x3004, 0x780B, 0x0003, 0x1004, 0x1004, 0x1004, 0x1004, 0x0804, 0x1804, 0x5008, 0x6809,
    0x1803, 0x1826, 0x1805, 0x0000, 0x0803, 0x0823, 0x0802, 0x1004, 0x1004, 0x1004, 0x1023, 0x504B, 0xA8F5, 0x79AD, 0x52AA, 0x58AB,
    0x62B7, 0x48B2, 0x1004, 0x1005, 0x1004, 0x1004, 0x0803, 0x0823, 0x0000, 0x0000, 0x1025, 0x186A, 0x0802, 0x6008, 0x4006, 0x0001,
    0x0803, 0x1004, 0x1003, 0x1004, 0x1004, 0x0844, 0x03D0, 0x00A2, 0x0000, 0x0000, 0x0000, 0x0000, 0x028A, 0x02ED, 0x02AE, 0x034C,
    0x0000, 0x3808, 0x780E, 0x3807, 0x0002, 0x0803, 0x1003, 0x1004, 0x1003, 0x1004, 0x1004, 0x1003, 0x2805, 0x500B, 0x500B, 0x1003,
    0x0001, 0x0802, 0x0802, 0x0802, 0x0803, 0x0803, 0x0000, 0x0000, 0x1004, 0x2006, 0x400B, 0x3809, 0x0001, 0x0000, 0x0001, 0x0001,
    0x0000, 0x0000, 0x0000, 0x0000, 0x2006, 0x0801, 0x0000, 0x1003, 0x402D, 0x1003, 0x382B, 0x380C, 0x5071, 0x1024, 0x2808, 0x380C,
    0x0000, 0x1805, 0x400E, 0x0001, 0x402F, 0x480F, 0x0802, 0x0000, 0x0000, 0x382C, 0x0802, 0x0000, 0x380C, 0x0803, 0x0000, 0x382A,
    0x482F, 0x1003, 0x0000, 0x0801, 0x0001, 0x0801, 0x0802, 0x0001, 0x0000, 0x0000, 0x0000, 0x0000, 0x0000, 0x0000, 0x0000, 0x0000,
    0x0000, 0x0000, 0x0001, 0x0801, 0x0001, 0x0801, 0x0001, 0x0000, 0x0000, 0x0000, 0x0000, 0x0000, 0x0000, 0x0000, 0x0000, 0x0001,
    0x0802, 0x0802, 0x0802, 0x0000, 0x0000, 0x0000, 0x0000, 0x0000, 0x0001, 0x0802, 0x0802, 0x0801, 0x0000, 0x0001, 0x0802, 0x0802,
    0x0802, 0x0802, 0x0000, 0x0000, 0x0000, 0x0000, 0x0000, 0x1005, 0x0000, 0x0000, 0x0000, 0x0000, 0x0000, 0x0000, 0x0000, 0x0000,
    0x1806, 0x2006, 0x2006, 0x2006, 0x1805, 0x2006, 0x0802, 0x0803, 0x1004, 0x0001, 0x0801, 0x0042, 0x0AF0, 0x08A5, 0x0000, 0x02CD,
    0x01E9, 0x01A9, 0x09CA, 0x0947, 0x120C, 0x0A0A, 0x01A7, 0x09EA, 0x0ACE, 0x024C, 0x0A0A, 0x0105, 0x128E, 0x0106, 0x0042, 0x08C5,
    0x0106, 0x1AAF, 0x1126, 0x00E5, 0x0A2E, 0x00C5, 0x0A0C, 0x00C4, 0x0A4D, 0x0906, 0x0A0C, 0x120C, 0x0927, 0x13B5, 0x00A4, 0x10E8,
    0x0022, 0x0001, 0x0801, 0x0801, 0x0802, 0x0801, 0x0801, 0x0802, 0x0803, 0x0802, 0x0802, 0x0802, 0x1003, 0x0802, 0x0802, 0x0802,
    0x0802, 0x0802, 0x0802, 0x0802, 0x0802, 0x0802, 0x0802, 0x1003, 0x1003, 0x1003, 0x1003, 0x1003, 0x1003, 0x1003, 0x1002, 0x1002,
    0x0802, 0x1002, 0x1003, 0x1004, 0x1003, 0x1003, 0x1805, 0x1003, 0x300A, 0x1003, 0x2006, 0x2807, 0x3008, 0x3009, 0x3809, 0x3008,
    0x400B, 0x5810, 0x480C, 0x580E, 0x500D, 0x400A, 0x480C, 0x500D, 0x480B, 0x400A, 0x400B, 0x500C, 0x500D, 0x500C, 0x6810, 0x600D,
    0x680E, 0x500B, 0x500B, 0x600D, 0x700E, 0x780F, 0x780F, 0x700E, 0x780E, 0x780E, 0xA012, 0x980F, 0x3005, 0x5007, 0x580B, 0x480B,
    0x5008, 0x0000, 0x0000, 0x0000, 0x0000, 0x0000, 0x6809, 0x3807, 0x0803, 0x1004, 0x1004, 0x1004, 0x1004, 0x1005, 0x1004, 0x1004,
    0x0802, 0x0801, 0x0000, 0x0001, 0x1805, 0x0001, 0x0803, 0x1004, 0x1005, 0x0803, 0x2025, 0x9833, 0x2024, 0x2984, 0x0000, 0x0000,
    0x09A7, 0x6B98, 0x2826, 0x0803, 0x1004, 0x1003, 0x1004, 0x0001, 0x0803, 0x0001, 0x0000, 0x0001, 0x0803, 0x1004, 0x1005, 0x1005,
    0x1004, 0x1004, 0x1004, 0x1024, 0x1002, 0x028C, 0x02EB, 0x0000, 0x0000, 0x0000, 0x0000, 0x0000, 0x03AF, 0x01AA, 0x03D1, 0x0268,
    0x5009, 0x782F, 0x8810, 0x9812, 0x700E, 0x480A, 0x580C, 0x600D, 0x680E, 0x680E, 0x680E, 0x600D, 0x500B, 0x480A, 0x680E, 0x580D,
    0x6010, 0x480C, 0x400A, 0x480C, 0x480C, 0x400C, 0x400B, 0x380A, 0x3809, 0x3809, 0x480D, 0x6011, 0x480D, 0x480F, 0x380B, 0x2007,
    0x2808, 0x3009, 0x3009, 0x0801, 0x2007, 0x0802, 0x0802, 0x0001, 0x402C, 0x6855, 0x1004, 0x380D, 0x2809, 0x0803, 0x302A, 0x482F,
    0x1003, 0x1806, 0x400F, 0x2007, 0x4810, 0x480F, 0x2008, 0x2808, 0x0803, 0x5030, 0x1806, 0x0802, 0x5010, 0x2007, 0x0001, 0x2006,
    0x400D, 0x0001, 0x0802, 0x0802, 0x0802, 0x0802, 0x1003, 0x1003, 0x0802, 0x1003, 0x1003, 0x0802, 0x0802, 0x0802, 0x1003, 0x1002,
    0x0802, 0x0802, 0x0802, 0x0802, 0x0802, 0x1003, 0x1003, 0x0803, 0x1003, 0x1004, 0x1003, 0x0802, 0x0801, 0x0801, 0x0802, 0x0802,
    0x0802, 0x0802, 0x0802, 0x1003, 0x1004, 0x0803, 0x0802, 0x0802, 0x0802, 0x0802, 0x1002, 0x1003, 0x0803, 0x0802, 0x0802, 0x0802,
    0x0803, 0x1003, 0x1003, 0x1003, 0x1004, 0x1003, 0x1004, 0x1805, 0x0802, 0x2006, 0x2007, 0x2808, 0x2006, 0x1806, 0x2006, 0x2006,
    0x0000, 0x0000, 0x0000, 0x0001, 0x1004, 0x0803, 0x0000, 0x1004, 0x1004, 0x0000, 0x0000, 0x0021, 0x0989, 0x0000, 0x0000, 0x01A8,
    0x0041, 0x0188, 0x0083, 0x022C, 0x0149, 0x0021, 0x0167, 0x01A8, 0x00C4, 0x0146, 0x0062, 0x0188, 0x01A9, 0x01CA, 0x0907, 0x00A4,
    0x0A2D, 0x0947, 0x0883, 0x0A0C, 0x0168, 0x0082, 0x024D, 0x0106, 0x00A4, 0x122D, 0x08A4, 0x0988, 0x0082, 0x0967, 0x0062, 0x0063,
    0x0000, 0x0000, 0x0000, 0x0000, 0x0000, 0x0000, 0x0000, 0x0000, 0x0001, 0x0000, 0x0000, 0x0000, 0x0000, 0x0000, 0x0000, 0x0000,
    0x0000, 0x0000, 0x0000, 0x0000, 0x0001, 0x0001, 0x0801, 0x0801, 0x0000, 0x0000, 0x0000, 0x0000, 0x0000, 0x0000, 0x0000, 0x0000,
    0x0000, 0x0801, 0x0802, 0x0802, 0x0000, 0x0000, 0x0000, 0x0000, 0x2006, 0x0001, 0x0000, 0x0000, 0x0001, 0x0001, 0x1003, 0x3009,
    0x400C, 0x2808, 0x0802, 0x0001, 0x0802, 0x1003, 0x1004, 0x1003, 0x0802, 0x0802, 0x0803, 0x0803, 0x2807, 0x580F, 0x500D, 0x1803,
    0x0802, 0x1003, 0x1004, 0x1004, 0x1804, 0x2006, 0x2807, 0x2808, 0x2007, 0x780E, 0x780D, 0x1805, 0x1005, 0x3805, 0x780C, 0x1807,
    0x680C, 0x1001, 0x0000, 0x0000, 0x0000, 0x0000, 0x2002, 0x880D, 0x0803, 0x1004, 0x1004, 0x1004, 0x1004, 0x1004, 0x1004, 0x0804,
    0x0803, 0x0000, 0x0000, 0x0803, 0x0803, 0x0803, 0x1004, 0x1004, 0x1004, 0x0001, 0x400A, 0x3807, 0x0000, 0x0841, 0x0020, 0x0000,
    0x0000, 0x19AB, 0x29CF, 0x0000, 0x1004, 0x1004, 0x1004, 0x1004, 0x1003, 0x0802, 0x0001, 0x0802, 0x1004, 0x0803, 0x1004, 0x1004,
    0x1004, 0x1004, 0x1004, 0x1003, 0x0885, 0x03D0, 0x0041, 0x0000, 0x0000, 0x0000, 0x0000, 0x01A6, 0x03D1, 0x0149, 0x0491, 0x0883,
    0x3008, 0x3009, 0x2807, 0x2006, 0x700E, 0x580B, 0x0803, 0x1805, 0x2006, 0x1805, 0x1805, 0x1003, 0x0802, 0x0802, 0x0001, 0x0001,
    0x380A, 0x6010, 0x380B, 0x0803, 0x0802, 0x0802, 0x0802, 0x0802, 0x0802, 0x0802, 0x0802, 0x0001, 0x0001, 0x2006, 0x2809, 0x300A,
    0x2006, 0x0021, 0x0020, 0x0000, 0x1806, 0x0001, 0x0000, 0x0000, 0x1003, 0x382D, 0x0000, 0x2809, 0x402D, 0x302A, 0x1826, 0x484F,
    0x402F, 0x1825, 0x2809, 0x5031, 0x1024, 0x1003, 0x480F, 0x300A, 0x1024, 0x5031, 0x2808, 0x0000, 0x2809, 0x1004, 0x0001, 0x1004,
    0x2007, 0x0000, 0x0000, 0x0000, 0x0000, 0x0000, 0x0000, 0x0000, 0x0000, 0x0000, 0x0001, 0x0001, 0x0802, 0x0001, 0x0000, 0x0000,
    0x0000, 0x0000, 0x0000, 0x0000, 0x0000, 0x0000, 0x0000, 0x0000, 0x0000, 0x0801, 0x0802, 0x0802, 0x0801, 0x0001, 0x0000, 0x0000,
    0x0000, 0x0000, 0x0000, 0x0000, 0x0000, 0x0000, 0x0001, 0x0000, 0x0000, 0x0000, 0x0000, 0x0000, 0x0001, 0x0000, 0x0000, 0x0000,
    0x0000, 0x0000, 0x0000, 0x0000, 0x0001, 0x0001, 0x0802, 0x1805, 0x0000, 0x0000, 0x0001, 0x0802, 0x0802, 0x0802, 0x0001, 0x0000,
    0x0802, 0x0803, 0x0803, 0x1004, 0x0802, 0x0000, 0x0000, 0x1004, 0x1003, 0x0000, 0x0000, 0x0000, 0x0000, 0x0000, 0x0000, 0x0000,
    0x0000, 0x0000, 0x0000, 0x0000, 0x0000, 0x0000, 0x0000, 0x0000, 0x0000, 0x0000, 0x0000, 0x0000, 0x0000, 0x0000, 0x0000, 0x0000,
    0x0000, 0x0000, 0x0000, 0x0000, 0x0000, 0x0000, 0x0000, 0x0000, 0x0000, 0x0000, 0x0000, 0x0000, 0x0000, 0x0000, 0x0000, 0x0000,
    0x0000, 0x0000, 0x0000, 0x0000, 0x0000, 0x0000, 0x0000, 0x0000, 0x0000, 0x0000, 0x0000, 0x0000, 0x0000, 0x0000, 0x0000, 0x0000,
    0x0000, 0x0000, 0x0000, 0x0000, 0x0000, 0x0000, 0x0000, 0x0000, 0x0000, 0x0000, 0x0000, 0x0000, 0x0000, 0x0000, 0x0000, 0x0001,
    0x0000, 0x0000, 0x0000, 0x0000, 0x0000, 0x0000, 0x0000, 0x0000, 0x1806, 0x0001, 0x0000, 0x0000, 0x0802, 0x2007, 0x2809, 0x2006,
    0x0001, 0x0000, 0x0000, 0x0001, 0x0001, 0x0002, 0x0001, 0x0802, 0x0803, 0x0002, 0x0802, 0x380A, 0x480C, 0x1805, 0x0000, 0x0803,
    0x0803, 0x0802, 0x0802, 0x0802, 0x0803, 0x0803, 0x0803, 0x1805, 0x700E, 0x580A, 0x0001, 0x1805, 0x2808, 0x0802, 0x800B, 0x380A,
    0x500C, 0x4827, 0x0000, 0x0000, 0x0000, 0x0000, 0x0000, 0x6008, 0x680A, 0x0003, 0x1004, 0x1004, 0x1004, 0x1004, 0x1004, 0x1004,
    0x1004, 0x0803, 0x0001, 0x0001, 0x1004, 0x1004, 0x1004, 0x1004, 0x1004, 0x0001, 0x3009, 0x2005, 0x0000, 0x0000, 0x0000, 0x0000,
    0x0000, 0x1087, 0x4150, 0x0000, 0x1005, 0x1004, 0x1004, 0x1004, 0x0803, 0x0802, 0x0804, 0x1004, 0x1004, 0x1004, 0x1004, 0x1004,
    0x1004, 0x1004, 0x1004, 0x0801, 0x03D0, 0x0165, 0x0000, 0x0000, 0x0000, 0x0000, 0x0000, 0x03CF, 0x022C, 0x028C, 0x02A9, 0x0801,
    0x2007, 0x1806, 0x1805, 0x1004, 0x0804, 0x500B, 0x680D, 0x1004, 0x1003, 0x1003, 0x0802, 0x0002, 0x0001, 0x0001, 0x0002, 0x0002,
    0x0000, 0x1004, 0x480D, 0x500E, 0x1004, 0x0000, 0x0001, 0x0001, 0x0001, 0x0000, 0x0000, 0x0000, 0x0000, 0x0000, 0x0000, 0x1805,
    0x300A, 0x3009, 0x1805, 0x0000, 0x1806, 0x0001, 0x0000, 0x0000, 0x0000, 0x0000, 0x0000, 0x0000, 0x0000, 0x0000, 0x0000, 0x0000,
    0x0000, 0x0020, 0x0020, 0x0000, 0x0000, 0x0000, 0x0000, 0x0000, 0x0000, 0x0000, 0x0000, 0x0000, 0x0000, 0x0000, 0x0000, 0x0001,
    0x0001, 0x0001, 0x0000, 0x0000, 0x0000, 0x0000, 0x0000, 0x0000, 0x0000, 0x0000, 0x0000, 0x0000, 0x0000, 0x0001, 0x0001, 0x0001,
    0x0001, 0x0000, 0x0000, 0x0000, 0x0000, 0x0000, 0x0000, 0x0000, 0x0000, 0x0000, 0x0000, 0x0000, 0x0000, 0x0001, 0x0801, 0x0802,
    0x0001, 0x0000, 0x0000, 0x0000, 0x0000, 0x0000, 0x0000, 0x0001, 0x0000, 0x0001, 0x0000, 0x0000, 0x0000, 0x0000, 0x0001, 0x0000,
    0x0000, 0x0000, 0x0000, 0x0000, 0x0000, 0x0000, 0x0000, 0x1005, 0x0000, 0x0000, 0x0000, 0x0000, 0x0000, 0x0000, 0x0802, 0x0802,
    0x2008, 0x2009, 0x2007, 0x1806, 0x1806, 0x1806, 0x0001, 0x0803, 0x0802, 0x0000, 0x0000, 0x0000, 0x0000, 0x0000, 0x0000, 0x0001,
    0x0001, 0x0001, 0x0001, 0x0001, 0x0001, 0x0001, 0x0001, 0x0001, 0x0000, 0x0001, 0x0001, 0x0001, 0x0001, 0x0000, 0x0000, 0x0000,
    0x0000, 0x0001, 0x0001, 0x0001, 0x0001, 0x0001, 0x0001, 0x0001, 0x0001, 0x0001, 0x0001, 0x0001, 0x0000, 0x0001, 0x0001, 0x0001,
    0x0001, 0x0001, 0x0001, 0x0001, 0x0001, 0x0001, 0x0001, 0x0001, 0x0001, 0x0001, 0x0001, 0x0001, 0x0001, 0x0001, 0x0001, 0x0001,
    0x0802, 0x0801, 0x0001, 0x0001, 0x0001, 0x0001, 0x0801, 0x0801, 0x0802, 0x0801, 0x0801, 0x0801, 0x0001, 0x0802, 0x0802, 0x0801,
    0x0001, 0x0001, 0x0801, 0x0802, 0x0802, 0x0802, 0x0802, 0x0000, 0x2007, 0x0802, 0x2007, 0x2808, 0x380C, 0x400C, 0x2808, 0x3009,
    0x380A, 0x380A, 0x380A, 0x380B, 0x400B, 0x380B, 0x380A, 0x380A, 0x400C, 0x5810, 0x580F, 0x6811, 0x400A, 0x400A, 0x500D, 0x500E,
    0x500E, 0x580D, 0x500C, 0x500B, 0x500B, 0x480A, 0x580B, 0x8010, 0x880F, 0x580B, 0x680D, 0x700E, 0x780F, 0x4809, 0x5007, 0x700D,
    0x2008, 0x682C, 0x1001, 0x0000, 0x0000, 0x0000, 0x0000, 0x0000, 0x800A, 0x3807, 0x0803, 0x1004, 0x1004, 0x1004, 0x1004, 0x1004,
    0x1004, 0x1004, 0x1004, 0x1004, 0x1004, 0x1004, 0x1004, 0x1004, 0x1004, 0x0001, 0x1806, 0x2007, 0x0000, 0x0000, 0x0000, 0x0000,
    0x0000, 0x484C, 0x482B, 0x0002, 0x1005, 0x1004, 0x1004, 0x1004, 0x1004, 0x1004, 0x1004, 0x1004, 0x1004, 0x1004, 0x1004, 0x1004,
    0x1004, 0x1024, 0x1002, 0x0AAC, 0x02CB, 0x0000, 0x0000, 0x0000, 0x0000, 0x0000, 0x01C6, 0x03D0, 0x00E7, 0x038F, 0x00E3, 0x580A,
    0x700E, 0x700F, 0x700E, 0x680D, 0x680E, 0x600D, 0x9013, 0x8012, 0x580D, 0x500B, 0x500C, 0x480B, 0x480B, 0x500B, 0x500C, 0x500D,
    0x500D, 0x480C, 0x400A, 0x6811, 0x6811, 0x500E, 0x480D, 0x400C, 0x400C, 0x380A, 0x380A, 0x380A, 0x380A, 0x380A, 0x380A, 0x300A,
    0x2808, 0x300A, 0x400D, 0x0801, 0x2006, 0x0803, 0x0802, 0x1003, 0x0802, 0x0801, 0x0801, 0x0802, 0x0802, 0x0802, 0x0802, 0x0802,
    0x0802, 0x1003, 0x0802, 0x0802, 0x0801, 0x0001, 0x0001, 0x0801, 0x0001, 0x0801, 0x0001, 0x0001, 0x0001, 0x0001, 0x0001, 0x0001,
    0x0802, 0x0803, 0x0802, 0x0801, 0x0802, 0x0802, 0x0001, 0x0000, 0x0000, 0x0000, 0x0000, 0x0801, 0x0801, 0x0001, 0x0001, 0x0801,
    0x1003, 0x1003, 0x0802, 0x0802, 0x0801, 0x0001, 0x0001, 0x0001, 0x0801, 0x0801, 0x0801, 0x0801, 0x0801, 0x0801, 0x0801, 0x0802,
    0x0802, 0x0802, 0x1004, 0x1003, 0x0802, 0x0802, 0x0802, 0x0802, 0x0802, 0x1003, 0x0802, 0x0802, 0x0802, 0x0802, 0x0802, 0x0802,
    0x1003, 0x1003, 0x0802, 0x0802, 0x0802, 0x0803, 0x1004, 0x1805, 0x0001, 0x1805, 0x1805, 0x1805, 0x1805, 0x1005, 0x1805, 0x1805,
    0x0000, 0x0000, 0x0001, 0x0802, 0x0803, 0x0803, 0x0000, 0x0803, 0x0802, 0x0000, 0x0000, 0x0000, 0x0000, 0x0000, 0x0000, 0x0000,
    0x0000, 0x0000, 0x0000, 0x0000, 0x0000, 0x0000, 0x0000, 0x0000, 0x0000, 0x0000, 0x0000, 0x0000, 0x0000, 0x0000, 0x0000, 0x0000,
    0x0000, 0x0000, 0x0000, 0x0000, 0x0000, 0x0000, 0x0000, 0x0000, 0x0000, 0x0000, 0x0000, 0x0000, 0x0000, 0x0000, 0x0000, 0x0000,
    0x0000, 0x0000, 0x0000, 0x0000, 0x0000, 0x0000, 0x0000, 0x0000, 0x0000, 0x0000, 0x0000, 0x0000, 0x0000, 0x0000, 0x0000, 0x0000,
    0x0000, 0x0000, 0x0000, 0x0000, 0x0000, 0x0000, 0x0000, 0x0000, 0x0000, 0x0000, 0x0001, 0x0000, 0x0000, 0x0000, 0x0000, 0x0000,
    0x0000, 0x0000, 0x0000, 0x0000, 0x0000, 0x0000, 0x0000, 0x0000, 0x2007, 0x0803, 0x2809, 0x1804, 0x0000, 0x0001, 0x0802, 0x1003,
    0x1003, 0x0803, 0x1003, 0x1004, 0x1004, 0x1003, 0x0801, 0x1804, 0x500E, 0x6010, 0x1804, 0x0802, 0x1003, 0x1004, 0x1805, 0x1805,
    0x1806, 0x2006, 0x2006, 0x1805, 0x1003, 0x1804, 0x8010, 0x4009, 0x1004, 0x2006, 0x2807, 0x2807, 0x3008, 0x2006, 0x0000, 0x780C,
    0x2807, 0x480A, 0x4807, 0x0000, 0x0000, 0x0000, 0x0000, 0x0000, 0x1801, 0x880D, 0x1805, 0x0803, 0x1004, 0x1004, 0x1004, 0x1004,
    0x1004, 0x1004, 0x1004, 0x1004, 0x1004, 0x1004, 0x1004, 0x1004, 0x1004, 0x1004, 0x0802, 0x2809, 0x1003, 0x0000, 0x0000, 0x0000,
    0x2048, 0x50F3, 0x1003, 0x1004, 0x1004, 0x1004, 0x1004, 0x1004, 0x1004, 0x1004, 0x1004, 0x1004, 0x1004, 0x1004, 0x1004, 0x1004,
    0x1024, 0x1002, 0x0968, 0x03EF, 0x0020, 0x0000, 0x0000, 0x0000, 0x0000, 0x0021, 0x03F0, 0x01EB, 0x02AD, 0x034D, 0x1002, 0x2809,
    0x2807, 0x2006, 0x2006, 0x2005, 0x1805, 0x2006, 0x1004, 0x380A, 0x7012, 0x2005, 0x0802, 0x1804, 0x1804, 0x1805, 0x1805, 0x1805,
    0x1805, 0x1805, 0x1003, 0x0801, 0x0801, 0x3009, 0x6012, 0x380B, 0x0802, 0x0801, 0x0802, 0x0803, 0x1003, 0x1003, 0x1003, 0x1003,
    0x0803, 0x0001, 0x0000, 0x0000, 0x1806, 0x1003, 0x0803, 0x0801, 0x0000, 0x0000, 0x0000, 0x0000, 0x0000, 0x0000, 0x0000, 0x0000,
    0x0000, 0x0000, 0x0000, 0x0000, 0x0001, 0x0001, 0x0000, 0x0000, 0x0000, 0x0000, 0x0000, 0x0000, 0x0000, 0x0000, 0x0000, 0x0000,
    0x0000, 0x0000, 0x0000, 0x0000, 0x0801, 0x0001, 0x2804, 0x680A, 0x6009, 0x680B, 0x700C, 0x2804, 0x0000, 0x0000, 0x0000, 0x0000,
    0x0000, 0x0000, 0x0000, 0x0001, 0x0801, 0x0001, 0x0001, 0x0000, 0x0000, 0x0000, 0x0000, 0x0000, 0x0000, 0x0000, 0x0000, 0x0000,
    0x0000, 0x0000, 0x0000, 0x0001, 0x0001, 0x0001, 0x0000, 0x0000, 0x0000, 0x0000, 0x0000, 0x0000, 0x0000, 0x0000, 0x0000, 0x0000,
    0x0000, 0x0000, 0x0000, 0x0000, 0x0001, 0x0001, 0x0802, 0x1004, 0x0000, 0x0001, 0x0001, 0x0803, 0x0001, 0x0001, 0x0001, 0x0000,
    0x0000, 0x0002, 0x0001, 0x0000, 0x0000, 0x0000, 0x0000, 0x1004, 0x0803, 0x0000, 0x0000, 0x0000, 0x0000, 0x0000, 0x0000, 0x0000,
    0x0000, 0x0000, 0x0000, 0x0000, 0x0000, 0x0000, 0x0000, 0x0000, 0x0000, 0x0000, 0x0000, 0x0000, 0x0000, 0x0000, 0x0000, 0x0000,
    0x0000, 0x0000, 0x0000, 0x0000, 0x0000, 0x0000, 0x0000, 0x0000, 0x0000, 0x0000, 0x0000, 0x0000, 0x0000, 0x0000, 0x0000, 0x0000,
    0x0000, 0x0000, 0x0000, 0x0000, 0x0000, 0x0000, 0x0000, 0x0000, 0x0000, 0x0000, 0x0000, 0x0000, 0x0000, 0x0000, 0x0000, 0x0000,
    0x0000, 0x0000, 0x0000, 0x0000, 0x0000, 0x0000, 0x0000, 0x0000, 0x0000, 0x0000, 0x0000, 0x0000, 0x0000, 0x0000, 0x0000, 0x0000,
    0x0000, 0x0000, 0x0000, 0x0000, 0x0000, 0x0000, 0x0000, 0x0000, 0x2007, 0x0802, 0x0000, 0x0000, 0x0000, 0x0000, 0x0000, 0x0000,
    0x0000, 0x0000, 0x0000, 0x0000, 0x0000, 0x0000, 0x2006, 0x380B, 0x1804, 0x0000, 0x0000, 0x0000, 0x0000, 0x0000, 0x0001, 0x0001,
    0x0000, 0x0001, 0x0802, 0x0001, 0x2005, 0x680D, 0x2004, 0x0001, 0x0802, 0x0802, 0x0803, 0x0803, 0x0803, 0x1004, 0x0002, 0x4005,
    0x780D, 0x1808, 0x800F, 0x2804, 0x0000, 0x0000, 0x0000, 0x0000, 0x0000, 0x2803, 0x882E, 0x1804, 0x0803, 0x1004, 0x1004, 0x1004,
    0x1004, 0x1004, 0x1004, 0x1004, 0x1004, 0x1004, 0x1004, 0x1004, 0x1004, 0x1005, 0x1004, 0x0001, 0x1806, 0x2006, 0x3008, 0x3829,
    0x488F, 0x1025, 0x1004, 0x1004, 0x1004, 0x1004, 0x1004, 0x1004, 0x1004, 0x1004, 0x1004, 0x1004, 0x1004, 0x1004, 0x1004, 0x1025,
    0x1002, 0x0926, 0x0431, 0x0061, 0x0000, 0x0000, 0x0000, 0x0000, 0x0000, 0x02AB, 0x03D2, 0x016A, 0x0472, 0x0103, 0x1805, 0x1005,
    0x0803, 0x0803, 0x0002, 0x0002, 0x0002, 0x0002, 0x0001, 0x0000, 0x1003, 0x500D, 0x2006, 0x0001, 0x0802, 0x0001, 0x0000, 0x0000,
    0x0000, 0x0000, 0x0000, 0x0000, 0x0000, 0x0000, 0x0001, 0x2809, 0x300A, 0x0803, 0x0000, 0x0000, 0x0000, 0x0000, 0x0000, 0x0000,
    0x0000, 0x0000, 0x0000, 0x0000, 0x2006, 0x0801, 0x0801, 0x0802, 0x0001, 0x0000, 0x0000, 0x0000, 0x0000, 0x0000, 0x0000, 0x0000,
    0x0000, 0x0000, 0x0000, 0x0000, 0x0000, 0x0000, 0x0000, 0x0000, 0x0000, 0x0000, 0x0000, 0x0000, 0x0000, 0x0000, 0x0000, 0x0000,
    0x0000, 0x0000, 0x0000, 0x0000, 0x0000, 0x0000, 0x3805, 0x9810, 0x9810, 0x9010, 0x9811, 0x3806, 0x0000, 0x0000, 0x0000, 0x0000,
    0x0000, 0x0000, 0x0000, 0x0000, 0x0000, 0x0000, 0x0000, 0x0001, 0x0001, 0x0000, 0x0000, 0x0000, 0x0000, 0x0000, 0x0000, 0x0000,
    0x0000, 0x0000, 0x0000, 0x0000, 0x0000, 0x0000, 0x0001, 0x0000, 0x0000, 0x0000, 0x0000, 0x0000, 0x0000, 0x0000, 0x0000, 0x0000,
    0x0000, 0x0000, 0x0000, 0x0000, 0x0000, 0x0000, 0x0001, 0x1004, 0x0000, 0x0000, 0x0000, 0x0000, 0x0000, 0x0000, 0x0001, 0x0001,
    0x1005, 0x0803, 0x0802, 0x0802, 0x0802, 0x0802, 0x0000, 0x1003, 0x0803, 0x0000, 0x0000, 0x0000, 0x0082, 0x00C4, 0x0000, 0x0000,
    0x0000, 0x0000, 0x0020, 0x0967, 0x09A9, 0x00E5, 0x0000, 0x0000, 0x0000, 0x0000, 0x0000, 0x0000, 0x0021, 0x0186, 0x0000, 0x0000,
    0x0000, 0x0000, 0x0000, 0x0000, 0x0000, 0x0000, 0x0106, 0x09EA, 0x0988, 0x0021, 0x0000, 0x0000, 0x0000, 0x0000, 0x0000, 0x0000,
    0x01C7, 0x0020, 0x0104, 0x00C2, 0x00A2, 0x01A6, 0x024A, 0x01C7, 0x026B, 0x00C3, 0x0000, 0x0000, 0x0000, 0x0000, 0x0000, 0x0000,
    0x0020, 0x0165, 0x01A6, 0x02EB, 0x0269, 0x0041, 0x0000, 0x0000, 0x0000, 0x0000, 0x0000, 0x0000, 0x00E4, 0x0082, 0x0062, 0x00A3,
    0x0989, 0x0A0B, 0x00C5, 0x0000, 0x0000, 0x0001, 0x1004, 0x0802, 0x2008, 0x0801, 0x0802, 0x1004, 0x1004, 0x1004, 0x1004, 0x1004,
    0x1805, 0x1806, 0x1806, 0x1004, 0x1805, 0x4810, 0x480E, 0x1805, 0x1003, 0x1804, 0x1805, 0x1805, 0x1805, 0x1805, 0x2005, 0x2005,
    0x2006, 0x2006, 0x1804, 0x3808, 0x9014, 0x4009, 0x2005, 0x2806, 0x2807, 0x2807, 0x3007, 0x3007, 0x3006, 0x3807, 0x4009, 0x2804,
    0x900C, 0x480B, 0x380A, 0x800E, 0x0001, 0x0000, 0x0000, 0x0000, 0x0000, 0x0000, 0x3025, 0x902E, 0x1804, 0x0003, 0x1004, 0x1004,
    0x1004, 0x1004, 0x1004, 0x1004, 0x1004, 0x1004, 0x1004, 0x1004, 0x1004, 0x1004, 0x1005, 0x1004, 0x0001, 0x0801, 0x0001, 0x0802,
    0x0000, 0x1004, 0x1005, 0x1004, 0x1004, 0x1004, 0x1004, 0x1004, 0x1004, 0x1004, 0x1004, 0x1004, 0x1004, 0x1004, 0x1025, 0x1002,
    0x0968, 0x03F1, 0x00C2, 0x0000, 0x0000, 0x0000, 0x0000, 0x0042, 0x01A7, 0x1452, 0x01AA, 0x02EF, 0x034C, 0x2805, 0x400A, 0x3007,
    0x3008, 0x3008, 0x3007, 0x2806, 0x2807, 0x2807, 0x2807, 0x2806, 0x2005, 0x2807, 0x7814, 0x3809, 0x1004, 0x2006, 0x2006, 0x2006,
    0x1805, 0x1805, 0x2005, 0x2005, 0x2005, 0x1805, 0x1004, 0x1003, 0x3009, 0x6014, 0x400D, 0x1004, 0x1004, 0x1805, 0x1805, 0x1804,
    0x1004, 0x1003, 0x1003, 0x0001, 0x2008, 0x0802, 0x0000, 0x0000, 0x0001, 0x0802, 0x0001, 0x0000, 0x0000, 0x0000, 0x0000, 0x0000,
    0x0000, 0x0000, 0x0000, 0x0000, 0x0000, 0x0000, 0x0000, 0x0000, 0x0000, 0x0001, 0x0000, 0x0000, 0x0000, 0x0000, 0x0000, 0x0000,
    0x0000, 0x0000, 0x0000, 0x0000, 0x0000, 0x0000, 0x3004, 0x900F, 0x880F, 0x800F, 0x800E, 0x3005, 0x0000, 0x0801, 0x0000, 0x0000,
    0x0000, 0x0000, 0x0000, 0x0000, 0x0000, 0x0000, 0x0000, 0x0000, 0x0000, 0x0001, 0x0801, 0x3005, 0x3005, 0x3005, 0x3806, 0x2003,
    0x0000, 0x0000, 0x0000, 0x0000, 0x0000, 0x0000, 0x0000, 0x0000, 0x0001, 0x0801, 0x0802, 0x0001, 0x0000, 0x0000, 0x0001, 0x0001,
    0x0801, 0x0802, 0x0801, 0x0001, 0x0001, 0x0000, 0x0001, 0x1004, 0x0000, 0x0802, 0x0803, 0x0803, 0x1004, 0x1003, 0x0802, 0x0802,
    0x1005, 0x1805, 0x2007, 0x2007, 0x1805, 0x1805, 0x0801, 0x0803, 0x0802, 0x0000, 0x0000, 0x0000, 0x00A3, 0x0105, 0x0000, 0x0062,
    0x00A3, 0x0083, 0x0021, 0x0126, 0x09EA, 0x0AAE, 0x0000, 0x0000, 0x0000, 0x0000, 0x0000, 0x0000, 0x0041, 0x01C7, 0x0082, 0x0021,
    0x0061, 0x0000, 0x0000, 0x0105, 0x00E4, 0x0041, 0x00E5, 0x0188, 0x0B92, 0x00A3, 0x0000, 0x0000, 0x0000, 0x0000, 0x0000, 0x0021,
    0x038E, 0x0000, 0x034C, 0x0228, 0x0248, 0x03AD, 0x03F0, 0x0208, 0x0492, 0x00E3, 0x0186, 0x0145, 0x0082, 0x0000, 0x01E7, 0x0041,
    0x0061, 0x0227, 0x0165, 0x0248, 0x0513, 0x0124, 0x0000, 0x0000, 0x0000, 0x0000, 0x0001, 0x0000, 0x0AAD, 0x0187, 0x01A7, 0x0209,
    0x0947, 0x0A4C, 0x0A8E, 0x0801, 0x0803, 0x0801, 0x0802, 0x0802, 0x2809, 0x0801, 0x1805, 0x2808, 0x2809, 0x3009, 0x2808, 0x2808,
    0x3009, 0x3009, 0x380C, 0x6014, 0x480E, 0x380C, 0x300A, 0x380B, 0x380A, 0x380A, 0x380A, 0x380B, 0x380B, 0x380A, 0x3809, 0x4009,
    0x480B, 0x3809, 0x6810, 0x7011, 0x480A, 0x480B, 0x500C, 0x500C, 0x500B, 0x500C, 0x580D, 0x600D, 0x600C, 0x580B, 0x600C, 0x4009,
    0x2803, 0x902E, 0x1806, 0x600C, 0x682B, 0x0001, 0x0000, 0x0000, 0x0000, 0x0000, 0x0000, 0x2803, 0x980F, 0x4008, 0x0002, 0x1004,
    0x1004, 0x1004, 0x1004, 0x1004, 0x1004, 0x1004, 0x1004, 0x1004, 0x1004, 0x1004, 0x1004, 0x1805, 0x1805, 0x2005, 0x802D, 0x2806,
    0x0804, 0x1004, 0x1004, 0x1004, 0x1004, 0x1004, 0x1004, 0x1004, 0x1004, 0x1004, 0x1004, 0x1004, 0x1004, 0x1004, 0x1002, 0x0A0A,
    0x03B0, 0x00A2, 0x0000, 0x0000, 0x0000, 0x0000, 0x0021, 0x00C4, 0x0C73, 0x026B, 0x0188, 0x0B8F, 0x0061, 0x580D, 0x600E, 0x580C,
    0x600D, 0x680D, 0x580C, 0x500B, 0x500C, 0x500C, 0x500C, 0x500B, 0x480B, 0x480A, 0x4009, 0x580F, 0x7013, 0x400A, 0x400B, 0x400A,
    0x3809, 0x380A, 0x400B, 0x400B, 0x400B, 0x380A, 0x3809, 0x380A, 0x380A, 0x380B, 0x380C, 0x5011, 0x480F, 0x3009, 0x3009, 0x3009,
    0x2808, 0x2806, 0x2007, 0x0802, 0x2808, 0x0802, 0x0000, 0x0000, 0x0000, 0x0001, 0x0001, 0x0001, 0x0001, 0x0000, 0x0000, 0x0000,
    0x0000, 0x0000, 0x0000, 0x0000, 0x0000, 0x0000, 0x0000, 0x0000, 0x0000, 0x0000, 0x0000, 0x0001, 0x0001, 0x0000, 0x0000, 0x0000,
    0x0000, 0x0000, 0x0001, 0x0001, 0x0801, 0x0000, 0x3005, 0x880F, 0x780E, 0x8010, 0x9011, 0x4007, 0x0001, 0x0802, 0x0801, 0x0001,
    0x0001, 0x0001, 0x0001, 0x0001, 0x0001, 0x0001, 0x0001, 0x0001, 0x0801, 0x0000, 0x2003, 0xA00F, 0x9010, 0x880F, 0x9010, 0x5809,
    0x0000, 0x0801, 0x0801, 0x0801, 0x0801, 0x0801, 0x0801, 0x0801, 0x0801, 0x0801, 0x0802, 0x0803, 0x0803, 0x0802, 0x0801, 0x0801,
    0x0801, 0x0801, 0x0801, 0x0802, 0x0802, 0x0802, 0x0803, 0x1005, 0x0001, 0x1805, 0x1805, 0x1805, 0x1004, 0x1805, 0x1805, 0x1805,
    0x0001, 0x0001, 0x0001, 0x0000, 0x0000, 0x0000, 0x0000, 0x1004, 0x0803, 0x0000, 0x0000, 0x0000, 0x00E5, 0x09C9, 0x0000, 0x0A0A,
    0x12EF, 0x12AF, 0x0147, 0x0000, 0x0187, 0x0105, 0x0000, 0x0000, 0x0000, 0x0000, 0x0000, 0x0000, 0x0061, 0x028A, 0x032D, 0x0104,
    0x02EC, 0x0061, 0x00E4, 0x03F1, 0x034E, 0x028B, 0x0000, 0x00E4, 0x0208, 0x0000, 0x0000, 0x0000, 0x0000, 0x0000, 0x0000, 0x0000,
    0x03CF, 0x0208, 0x0248, 0x02CA, 0x030B, 0x01C6, 0x02EB, 0x00E3, 0x034C, 0x0124, 0x0534, 0x04B1, 0x034C, 0x0081, 0x03CD, 0x036C,
    0x0185, 0x0490, 0x0000, 0x0145, 0x032C, 0x0020, 0x0000, 0x0000, 0x0000, 0x0000, 0x0000, 0x0000, 0x0187, 0x026A, 0x02AA, 0x0124,
    0x0000, 0x0229, 0x08E6, 0x0801, 0x0000, 0x0000, 0x0000, 0x0000, 0x1805, 0x0801, 0x0000, 0x0000, 0x0000, 0x0000, 0x0000, 0x0000,
    0x0000, 0x1005, 0x300B, 0x2007, 0x0000, 0x0000, 0x0000, 0x0000, 0x0000, 0x0000, 0x0000, 0x0000, 0x0000, 0x0000, 0x0000, 0x0000,
    0x0000, 0x2808, 0x500F, 0x0802, 0x0000, 0x0000, 0x0000, 0x0001, 0x0001, 0x0002, 0x0002, 0x0003, 0x0003, 0x0803, 0x0803, 0x1805,
    0x0804, 0x4827, 0x680B, 0x1005, 0x806E, 0x4849, 0x0002, 0x0000, 0x0000, 0x0000, 0x0000, 0x0000, 0x2003, 0x782C, 0x702C, 0x0803,
    0x0803, 0x1004, 0x1004, 0x1004, 0x1004, 0x1004, 0x1004, 0x1004, 0x1004, 0x1004, 0x0803, 0x0802, 0x1806, 0x2808, 0x500B, 0x2808,
    0x0803, 0x0802, 0x0804, 0x1004, 0x1004, 0x1004, 0x1004, 0x1004, 0x1004, 0x1004, 0x1004, 0x1004, 0x1002, 0x0864, 0x12ED, 0x0B0D,
    0x0020, 0x0000, 0x0000, 0x0000, 0x0000, 0x0020, 0x0083, 0x138F, 0x0AEE, 0x0106, 0x034F, 0x0925, 0x3008, 0x1005, 0x1004, 0x0803,
    0x0002, 0x0002, 0x0002, 0x0001, 0x0001, 0x0001, 0x0000, 0x0000, 0x0000, 0x0000, 0x0000, 0x0001, 0x480E, 0x380C, 0x0000, 0x0000,
    0x0001, 0x0000, 0x0000, 0x0000, 0x0000, 0x0000, 0x0000, 0x0000, 0x0000, 0x0000, 0x0000, 0x0802, 0x300A, 0x2809, 0x0000, 0x0000,
    0x0000, 0x0000, 0x0000, 0x0020, 0x2007, 0x0001, 0x0000, 0x0000, 0x0000, 0x0000, 0x0000, 0x0000, 0x0000, 0x0000, 0x0000, 0x0000,
    0x0000, 0x0000, 0x0000, 0x0000, 0x0000, 0x0000, 0x0000, 0x0000, 0x0000, 0x0000, 0x0000, 0x0000, 0x0801, 0x3005, 0x3004, 0x3004,
    0x3805, 0x1802, 0x0000, 0x0000, 0x0000, 0x0000, 0x3005, 0x800E, 0x680D, 0x780F, 0x9812, 0x4006, 0x0000, 0x0000, 0x0000, 0x0000,
    0x0000, 0x0000, 0x0000, 0x0000, 0x0000, 0x0000, 0x0000, 0x0000, 0x0000, 0x0000, 0x2003, 0x800E, 0x680D, 0x680C, 0x780D, 0x5007,
    0x0000, 0x0000, 0x0000, 0x0000, 0x0000, 0x0000, 0x0000, 0x0000, 0x0000, 0x0000, 0x0000, 0x0000, 0x0000, 0x0000, 0x0000, 0x0000,
    0x0000, 0x0000, 0x0000, 0x0000, 0x0000, 0x0000, 0x0001, 0x1005, 0x0000, 0x0000, 0x0000, 0x0000, 0x0000, 0x0000, 0x0000, 0x0000,
    0x0000, 0x0000, 0x0000, 0x0000, 0x0001, 0x0001, 0x0000, 0x1004, 0x0803, 0x0000, 0x0000, 0x0000, 0x0105, 0x020B, 0x0000, 0x0A2A,
    0x122B, 0x0A2B, 0x09A9, 0x00E4, 0x026C, 0x0000, 0x0000, 0x0000, 0x0000, 0x0000, 0x0000, 0x0000, 0x0082, 0x036D, 0x01E7, 0x032D,
    0x02AB, 0x0020, 0x0146, 0x030C, 0x0249, 0x030D, 0x0062, 0x030F, 0x0061, 0x0000, 0x0000, 0x0000, 0x0000, 0x0000, 0x0000, 0x0020,
    0x03AE, 0x032D, 0x0124, 0x040E, 0x040F, 0x0041, 0x0430, 0x0165, 0x044F, 0x01A6, 0x03CE, 0x032B, 0x038C, 0x0269, 0x030B, 0x0594,
    0x0124, 0x044F, 0x0061, 0x040E, 0x0082, 0x0000, 0x0000, 0x0000, 0x0000, 0x0000, 0x0000, 0x0000, 0x0020, 0x03EF, 0x032C, 0x0000,
    0x01A6, 0x02AB, 0x0000, 0x0000, 0x0000, 0x0000, 0x0000, 0x0000, 0x1805, 0x0001, 0x0000, 0x0000, 0x0000, 0x0000, 0x0000, 0x1004,
    0x300C, 0x2809, 0x0801, 0x0000, 0x0000, 0x0001, 0x0000, 0x0001, 0x0001, 0x0001, 0x0001, 0x0001, 0x0001, 0x0801, 0x0801, 0x0000,
    0x400B, 0x500E, 0x0001, 0x0001, 0x0802, 0x0001, 0x0001, 0x0801, 0x0802, 0x0803, 0x1003, 0x1003, 0x1003, 0x1004, 0x1805, 0x2006,
    0x2007, 0x0802, 0x6009, 0x4009, 0x2808, 0x9830, 0x3807, 0x0002, 0x0000, 0x0000, 0x0000, 0x0000, 0x0000, 0x0000, 0x700B, 0x780C,
    0x3807, 0x0002, 0x0803, 0x1004, 0x1004, 0x1004, 0x1004, 0x1004, 0x1004, 0x1004, 0x3029, 0x0001, 0x0000, 0x0000, 0x0000, 0x0000,
    0x0000, 0x1805, 0x300A, 0x0804, 0x1004, 0x1004, 0x1004, 0x1004, 0x1004, 0x1004, 0x1003, 0x1003, 0x09EA, 0x0BD1, 0x01C7, 0x0000,
    0x0000, 0x0000, 0x0000, 0x0000, 0x0021, 0x00C4, 0x0B0E, 0x0BD2, 0x0147, 0x03B0, 0x024A, 0x0801, 0x8875, 0x2807, 0x1004, 0x1004,
    0x1004, 0x1003, 0x1003, 0x0803, 0x0803, 0x0802, 0x0801, 0x0001, 0x0001, 0x0001, 0x0801, 0x0001, 0x0000, 0x380B, 0x500F, 0x0803,
    0x0802, 0x0802, 0x0001, 0x0001, 0x0001, 0x0001, 0x0001, 0x0001, 0x0001, 0x0000, 0x0000, 0x0000, 0x0000, 0x1806, 0x300B, 0x2007,
    0x0000, 0x0000, 0x0000, 0x0000, 0x1806, 0x0001, 0x0000, 0x0000, 0x0000, 0x0000, 0x0000, 0x0000, 0x0000, 0x0000, 0x0000, 0x0000,
    0x0000, 0x0000, 0x0000, 0x0000, 0x0000, 0x0000, 0x0000, 0x0000, 0x0000, 0x0000, 0x0000, 0x0000, 0x1803, 0xA011, 0xA010, 0xA010,
    0xA812, 0x6009, 0x0000, 0x0000, 0x0000, 0x0000, 0x3805, 0x880F, 0x700E, 0x780F, 0x8810, 0x3005, 0x0000, 0x0000, 0x0000, 0x0000,
    0x0000, 0x0000, 0x0000, 0x0000, 0x0000, 0x0000, 0x0000, 0x0000, 0x0000, 0x0000, 0x1803, 0x800F, 0x780F, 0x780F, 0x8010, 0x5808,
    0x0000, 0x0000, 0x0000, 0x0000, 0x0000, 0x0000, 0x0000, 0x0000, 0x0000, 0x0000, 0x0000, 0x0000, 0x0000, 0x0000, 0x0000, 0x0001,
    0x0001, 0x0000, 0x0000, 0x0000, 0x0000, 0x0000, 0x0001, 0x1004, 0x0000, 0x0001, 0x0000, 0x0000, 0x0000, 0x0000, 0x0000, 0x0000,
    0x0001, 0x0001, 0x0001, 0x0001, 0x0000, 0x0000, 0x0000, 0x1004, 0x0802, 0x0000, 0x0000, 0x0000, 0x00C4, 0x09AA, 0x0000, 0x0987,
    0x0988, 0x0988, 0x0905, 0x00E4, 0x0988, 0x0000, 0x0000, 0x0000, 0x0000, 0x0000, 0x0000, 0x0000, 0x0061, 0x02AB, 0x0000, 0x028B,
    0x00C3, 0x0000, 0x00E4, 0x024A, 0x01E8, 0x0229, 0x0041, 0x024C, 0x0020, 0x0000, 0x0000, 0x0000, 0x0000, 0x0000, 0x0000, 0x0000,
    0x03CE, 0x0124, 0x0000, 0x0289, 0x0207, 0x0082, 0x04F2, 0x02CB, 0x04F2, 0x0227, 0x028A, 0x0248, 0x02CA, 0x01A6, 0x03EE, 0x03CE,
    0x0144, 0x042E, 0x0061, 0x02CA, 0x0000, 0x0000, 0x0000, 0x0000, 0x0000, 0x0000, 0x0000, 0x0000, 0x0000, 0x0228, 0x0165, 0x0000,
    0x01C8, 0x01A7, 0x0000, 0x0000, 0x0000, 0x0000, 0x0000, 0x0000, 0x1806, 0x0001, 0x0000, 0x0000, 0x0000, 0x0000, 0x2809, 0x380D,
    0x1004, 0x0000, 0x0000, 0x0000, 0x0000, 0x0000, 0x0000, 0x0000, 0x0000, 0x0000, 0x0000, 0x0000, 0x0000, 0x0000, 0x0000, 0x500E,
    0x480D, 0x0000, 0x0000, 0x0000, 0x0001, 0x0001, 0x0001, 0x0000, 0x0000, 0x0001, 0x0802, 0x0802, 0x0803, 0x1004, 0x1805, 0x1805,
    0x4009, 0x704E, 0x0800, 0x700B, 0x3008, 0x2809, 0x884F, 0x2807, 0x0002, 0x0000, 0x0000, 0x0000, 0x0000, 0x0000, 0x0000, 0x2003,
    0x800D, 0x802F, 0x3008, 0x0804, 0x0803, 0x1004, 0x1004, 0x1004, 0x1004, 0x0804, 0x6010, 0x1002, 0x0000, 0x0000, 0x0000, 0x0000,
    0x0000, 0x2848, 0x5090, 0x0803, 0x1005, 0x1004, 0x1004, 0x1003, 0x1003, 0x1004, 0x116A, 0x0B71, 0x030D, 0x0061, 0x0000, 0x0000,
    0x0000, 0x0000, 0x0000, 0x0041, 0x00C4, 0x036F, 0x1452, 0x01A9, 0x0350, 0x036E, 0x0000, 0x0002, 0x30AA, 0x6112, 0x0001, 0x1004,
    0x0803, 0x0802, 0x0801, 0x0001, 0x0001, 0x0000, 0x0000, 0x0000, 0x0000, 0x0000, 0x0000, 0x0000, 0x0000, 0x0000, 0x300A, 0x5812,
    0x1004, 0x0000, 0x0000, 0x0000, 0x0000, 0x0000, 0x0000, 0x0000, 0x0000, 0x0000, 0x0000, 0x0000, 0x0000, 0x0000, 0x0001, 0x2808,
    0x380C, 0x1004, 0x0000, 0x0000, 0x1805, 0x0001, 0x0000, 0x0000, 0x0000, 0x0000, 0x0000, 0x0000, 0x0000, 0x0000, 0x0000, 0x0000,
    0x0000, 0x0000, 0x0000, 0x0000, 0x0000, 0x0000, 0x0000, 0x0000, 0x0000, 0x0000, 0x0000, 0x0000, 0x1803, 0x780E, 0x8010, 0x8010,
    0x8810, 0x5008, 0x0000, 0x0000, 0x0000, 0x0000, 0x3806, 0x8010, 0x700F, 0x700E, 0x700E, 0x2804, 0x0000, 0x0000, 0x0000, 0x0000,
    0x0000, 0x0000, 0x0000, 0x0000, 0x0000, 0x0000, 0x0000, 0x0000, 0x0000, 0x0000, 0x1802, 0x800F, 0x780F, 0x780F, 0x8010, 0x4808,
    0x3004, 0x4807, 0x4006, 0x5007, 0x3004, 0x0000, 0x0000, 0x0000, 0x0000, 0x0000, 0x0000, 0x0000, 0x0000, 0x0000, 0x0000, 0x0000,
    0x0000, 0x0000, 0x0001, 0x0001, 0x0001, 0x0000, 0x0000, 0x0803, 0x0000, 0x0000, 0x0000, 0x0802, 0x0802, 0x0000, 0x0000, 0x0000,
    0x1806, 0x1806, 0x1806, 0x1806, 0x1805, 0x1805, 0x0001, 0x1003, 0x0802, 0x0000, 0x0000, 0x0000, 0x0000, 0x0000, 0x0000, 0x0000,
    0x0000, 0x0000, 0x0000, 0x0000, 0x0000, 0x0000, 0x0000, 0x0000, 0x0000, 0x0000, 0x0000, 0x0000, 0x0000, 0x0000, 0x0000, 0x0000,
    0x0000, 0x0000, 0x0000, 0x0000, 0x0000, 0x0000, 0x0000, 0x0000, 0x0000, 0x0000, 0x0000, 0x0000, 0x0000, 0x0000, 0x0000, 0x0000,
    0x0000, 0x0000, 0x0000, 0x0000, 0x0000, 0x0000, 0x0000, 0x0021, 0x0000, 0x0000, 0x0000, 0x0000, 0x0000, 0x0000, 0x0041, 0x0000,
    0x030C, 0x0185, 0x0000, 0x0000, 0x0000, 0x0000, 0x0000, 0x0000, 0x0000, 0x0000, 0x0000, 0x0001, 0x0802, 0x0801, 0x0802, 0x1003,
    0x1003, 0x0802, 0x0001, 0x0001, 0x0001, 0x0802, 0x1003, 0x0802, 0x1806, 0x0801, 0x1805, 0x1806, 0x2809, 0x300A, 0x400E, 0x300A,
    0x300A, 0x300B, 0x300A, 0x300A, 0x300A, 0x300A, 0x380B, 0x380B, 0x380C, 0x400B, 0x380B, 0x400B, 0x400B, 0x400C, 0x5811, 0x6813,
    0x400C, 0x480D, 0x480C, 0x400B, 0x400B, 0x400C, 0x480C, 0x480C, 0x580D, 0x500D, 0x500D, 0x580E, 0x600E, 0x680F, 0x680F, 0x600E,
    0x9813, 0x8811, 0x500B, 0x2804, 0x880E, 0x300A, 0x382B, 0x9A93, 0x416A, 0x0001, 0x0000, 0x0000, 0x0000, 0x0000, 0x0000, 0x0000,
    0x0000, 0x3806, 0x684E, 0x8070, 0x486C, 0x1003, 0x0802, 0x0802, 0x0002, 0x0002, 0x584F, 0x1002, 0x0000, 0x0000, 0x0000, 0x0000,
    0x0000, 0x10E7, 0x298E, 0x0801, 0x1004, 0x1003, 0x1803, 0x1065, 0x218B, 0x32D1, 0x02CE, 0x00C3, 0x0000, 0x0000, 0x0000, 0x0000,
    0x0000, 0x0000, 0x0021, 0x00A4, 0x0B4E, 0x0D35, 0x01A8, 0x02AD, 0x034D, 0x1023, 0x580E, 0x500D, 0x486D, 0x71F8, 0x60B3, 0x5010,
    0x5810, 0x500E, 0x500D, 0x480C, 0x480D, 0x500E, 0x480D, 0x480D, 0x480D, 0x400C, 0x400C, 0x400C, 0x400D, 0x400D, 0x380B, 0x5810,
    0x5011, 0x400D, 0x380A, 0x400C, 0x400C, 0x380C, 0x380B, 0x380B, 0x380B, 0x380B, 0x380B, 0x300A, 0x300A, 0x300A, 0x300A, 0x2809,
    0x380D, 0x380D, 0x300B, 0x0801, 0x1005, 0x0802, 0x0001, 0x0001, 0x0001, 0x0001, 0x0001, 0x0000, 0x0000, 0x0000, 0x0000, 0x0000,
    0x0000, 0x0000, 0x0001, 0x0000, 0x0000, 0x0000, 0x0000, 0x0000, 0x0000, 0x0000, 0x0000, 0x0000, 0x1803, 0x780F, 0x7810, 0x8010,
    0x8010, 0x4809, 0x0000, 0x0001, 0x0000, 0x0000, 0x3806, 0x8011, 0x680E, 0x680E, 0x700F, 0x2805, 0x0000, 0x0000, 0x0000, 0x0000,
    0x0000, 0x0000, 0x0000, 0x0000, 0x0000, 0x0000, 0x0000, 0x0001, 0x0001, 0x0000, 0x1803, 0x700E, 0x680E, 0x700E, 0x7810, 0x4008,
    0x680D, 0x9011, 0x8810, 0x9012, 0x680C, 0x0000, 0x0802, 0x0801, 0x0001, 0x0001, 0x0001, 0x0001, 0x0001, 0x0801, 0x0001, 0x0801,
    0x0802, 0x0802, 0x0802, 0x0802, 0x1004, 0x0802, 0x0802, 0x1004, 0x0001, 0x1804, 0x1004, 0x1004, 0x1806, 0x1005, 0x1004, 0x1805,
    0x0000, 0x0000, 0x0001, 0x0000, 0x0000, 0x0000, 0x0000, 0x1004, 0x0802, 0x0000, 0x0000, 0x0000, 0x0000, 0x0000, 0x0000, 0x0000,
    0x0000, 0x0000, 0x0000, 0x0000, 0x0000, 0x0000, 0x0000, 0x0000, 0x0000, 0x0000, 0x0000, 0x0000, 0x0000, 0x0000, 0x0000, 0x0000,
    0x0000, 0x0000, 0x0000, 0x0000, 0x0000, 0x0000, 0x0000, 0x0000, 0x0000, 0x0000, 0x0000, 0x0000, 0x0000, 0x0000, 0x0000, 0x0000,
    0x0000, 0x0000, 0x0000, 0x0000, 0x0000, 0x0000, 0x0000, 0x0000, 0x0000, 0x0000, 0x0000, 0x0000, 0x0000, 0x0000, 0x0000, 0x0000,
    0x0020, 0x0000, 0x0000, 0x0000, 0x0000, 0x0000, 0x0000, 0x0000, 0x0000, 0x0000, 0x0000, 0x0001, 0x0001, 0x0000, 0x0000, 0x0000,
    0x0000, 0x0000, 0x0000, 0x0000, 0x0000, 0x0000, 0x0000, 0x0000, 0x2007, 0x0001, 0x0000, 0x1004, 0x2809, 0x0803, 0x0000, 0x0801,
    0x0802, 0x0802, 0x0802, 0x0802, 0x0801, 0x0801, 0x0801, 0x0802, 0x0802, 0x0802, 0x0802, 0x0801, 0x0802, 0x5010, 0x380B, 0x0000,
    0x0802, 0x0802, 0x1003, 0x0802, 0x0802, 0x0802, 0x0802, 0x1003, 0x1003, 0x1003, 0x1003, 0x1004, 0x1804, 0x1804, 0x0802, 0x3828,
    0x784F, 0x0002, 0x2006, 0x0803, 0x3825, 0x9010, 0x380A, 0x38AA, 0x9BB4, 0x624D, 0x0002, 0x0000, 0x0000, 0x0000, 0x0000, 0x0000,
    0x0000, 0x0000, 0x0000, 0x1823, 0x386A, 0x702E, 0x782F, 0x40CC, 0x3849, 0x3007, 0x68D1, 0x1002, 0x0000, 0x0000, 0x0000, 0x0000,
    0x0000, 0x18A7, 0x39B1, 0x1866, 0x2889, 0x29AE, 0x3A31, 0x1A91, 0x01A9, 0x0062, 0x0000, 0x0000, 0x0000, 0x0000, 0x0000, 0x0000,
    0x0020, 0x0063, 0x00C5, 0x0432, 0x0C32, 0x00E6, 0x024C, 0x03B0, 0x0061, 0x1004, 0x1806, 0x1005, 0x1003, 0x1846, 0x7875, 0x1003,
    0x0803, 0x1003, 0x0802, 0x0802, 0x0803, 0x0803, 0x0802, 0x0802, 0x0802, 0x0802, 0x0802, 0x0802, 0x0802, 0x0802, 0x0802, 0x0000,
    0x1004, 0x5012, 0x2808, 0x0801, 0x1003, 0x0802, 0x0802, 0x0802, 0x0801, 0x0801, 0x0801, 0x0801, 0x0801, 0x0801, 0x0801, 0x0801,
    0x0000, 0x0001, 0x2007, 0x0802, 0x1005, 0x0001, 0x0000, 0x0000, 0x0000, 0x0000, 0x0000, 0x0000, 0x0000, 0x0000, 0x0000, 0x0000,
    0x0000, 0x0000, 0x0000, 0x4807, 0x680A, 0x6009, 0x600A, 0x5809, 0x0800, 0x0000, 0x0000, 0x0000, 0x1803, 0x780F, 0x700F, 0x700E,
    0x700F, 0x4007, 0x4807, 0x680A, 0x600A, 0x3806, 0x2804, 0x680F, 0x580D, 0x600E, 0x700F, 0x3006, 0x0000, 0x0000, 0x0000, 0x0000,
    0x0000, 0x5809, 0x600B, 0x600B, 0x600A, 0x5008, 0x0000, 0x0000, 0x0000, 0x0000, 0x1002, 0x680E, 0x600E, 0x680F, 0x7011, 0x4809,
    0x580C, 0x700F, 0x600D, 0x700F, 0x580B, 0x0000, 0x0000, 0x0000, 0x0000, 0x0000, 0x0000, 0x0000, 0x0000, 0x0000, 0x0000, 0x0000,
    0x0000, 0x0000, 0x0000, 0x0000, 0x0000, 0x0000, 0x0001, 0x1005, 0x0000, 0x0000, 0x0001, 0x0001, 0x0000, 0x0000, 0x0000, 0x0001,
    0x0000, 0x0000, 0x0000, 0x0000, 0x0000, 0x0000, 0x0000, 0x1004, 0x0803, 0x0000, 0x0000, 0x0000, 0x0000, 0x0000, 0x0000, 0x0000,
    0x0000, 0x0000, 0x0000, 0x0000, 0x0000, 0x0000, 0x0000, 0x0000, 0x0000, 0x0000, 0x0000, 0x0000, 0x0000, 0x0000, 0x0000, 0x0000,
    0x0000, 0x0000, 0x0000, 0x0000, 0x0000, 0x0000, 0x0000, 0x0000, 0x0000, 0x0000, 0x0000, 0x0000, 0x0000, 0x0000, 0x0000, 0x0000,
    0x0000, 0x0000, 0x0000, 0x0000, 0x0000, 0x0000, 0x0000, 0x0000, 0x0000, 0x0000, 0x0000, 0x0000, 0x0000, 0x0000, 0x0000, 0x0000,
    0x0000, 0x0000, 0x0000, 0x0000, 0x0000, 0x0000, 0x0000, 0x0000, 0x0000, 0x0000, 0x0000, 0x0000, 0x0000, 0x0000, 0x0000, 0x0000,
    0x0000, 0x0000, 0x0000, 0x0000, 0x0000, 0x0000, 0x0000, 0x0000, 0x2007, 0x0803, 0x1806, 0x1004, 0x0000, 0x0000, 0x0000, 0x0000,
    0x0000, 0x0000, 0x0000, 0x0000, 0x0000, 0x0000, 0x0000, 0x0000, 0x0000, 0x0000, 0x0000, 0x0802, 0x480F, 0x2807, 0x0000, 0x0000,
    0x0000, 0x0000, 0x0000, 0x0000, 0x0000, 0x0000, 0x0000, 0x0000, 0x0001, 0x0001, 0x0001, 0x0001, 0x0001, 0x0001, 0x0000, 0x80D2,
    0x2025, 0x0803, 0x1805, 0x2007, 0x0804, 0x2804, 0x780D, 0x3009, 0x2007, 0x82F2, 0x8310, 0x1045, 0x0001, 0x0000, 0x0000, 0x0000,
    0x0000, 0x0000, 0x0000, 0x0000, 0x0000, 0x0801, 0x1022, 0x210A, 0x608F, 0x8830, 0x7891, 0x0000, 0x0000, 0x0000, 0x0000, 0x0000,
    0x0000, 0x1803, 0x6111, 0x31AF, 0x4170, 0x08E5, 0x00E4, 0x0041, 0x0000, 0x0000, 0x0000, 0x0000, 0x0000, 0x0000, 0x0000, 0x0000,
    0x0064, 0x022B, 0x0D76, 0x03D0, 0x00E6, 0x026D, 0x032E, 0x0041, 0x1003, 0x1005, 0x1004, 0x0803, 0x0802, 0x0000, 0x384B, 0x5070,
    0x0000, 0x0802, 0x0001, 0x0000, 0x0000, 0x0000, 0x0000, 0x0000, 0x0000, 0x0000, 0x0000, 0x0000, 0x0000, 0x0000, 0x0000, 0x0000,
    0x0000, 0x1003, 0x5011, 0x2008, 0x0000, 0x0000, 0x0000, 0x0000, 0x0000, 0x0000, 0x0000, 0x0000, 0x0000, 0x0000, 0x0000, 0x0000,
    0x0000, 0x0000, 0x0000, 0x0000, 0x1806, 0x0802, 0x0000, 0x0000, 0x0000, 0x0000, 0x0000, 0x0000, 0x0000, 0x0000, 0x0000, 0x0000,
    0x0000, 0x0000, 0x0000, 0x600A, 0x780D, 0x800E, 0x9011, 0x9010, 0x1001, 0x0000, 0x0000, 0x0020, 0x2003, 0x780F, 0x600E, 0x600D,
    0x700F, 0x4007, 0x580A, 0x780F, 0x7810, 0x580B, 0x2804, 0x600F, 0x500D, 0x580E, 0x6810, 0x3006, 0x0000, 0x0000, 0x0000, 0x0000,
    0x0800, 0x800F, 0x7810, 0x7810, 0x8011, 0x700D, 0x0000, 0x0000, 0x0000, 0x0000, 0x1003, 0x680F, 0x680F, 0x680F, 0x7011, 0x480A,
    0x480B, 0x680E, 0x600D, 0x680E, 0x480A, 0x0800, 0x1001, 0x1001, 0x0800, 0x0000, 0x0000, 0x0000, 0x0000, 0x0000, 0x0000, 0x0000,
    0x0000, 0x0000, 0x0000, 0x0000, 0x0000, 0x0000, 0x0000, 0x1004, 0x0000, 0x0000, 0x0000, 0x0000, 0x0000, 0x0000, 0x0000, 0x0000,
    0x0000, 0x0000, 0x0000, 0x0000, 0x0000, 0x0000, 0x0000, 0x1004, 0x0802, 0x0000, 0x0000, 0x0000, 0x0000, 0x0000, 0x0000, 0x0000,
    0x0000, 0x0000, 0x0000, 0x0000, 0x0000, 0x0000, 0x0000, 0x0000, 0x0000, 0x0000, 0x0000, 0x0000, 0x0000, 0x0000, 0x0000, 0x0000,
    0x0000, 0x0000, 0x0000, 0x0000, 0x0000, 0x0000, 0x0000, 0x0000, 0x0000, 0x0000, 0x0000, 0x0000, 0x0000, 0x0000, 0x0000, 0x0000,
    0x0000, 0x0000, 0x0000, 0x0000, 0x0000, 0x0000, 0x0000, 0x0000, 0x0000, 0x0000, 0x0000, 0x0000, 0x0000, 0x0000, 0x0000, 0x0000,
    0x0000, 0x0000, 0x0000, 0x0000, 0x0000, 0x0000, 0x0000, 0x0000, 0x0000, 0x0000, 0x0000, 0x0000, 0x0000, 0x0000, 0x0000, 0x0000,
    0x0000, 0x0000, 0x0000, 0x0000, 0x0000, 0x0000, 0x0000, 0x0000, 0x2007, 0x0803, 0x0802, 0x0000, 0x0000, 0x0000, 0x0000, 0x0000,
    0x0000, 0x0000, 0x0000, 0x0000, 0x0000, 0x0000, 0x0000, 0x0000, 0x0000, 0x0000, 0x1004, 0x5812, 0x2006, 0x0000, 0x0000, 0x0000,
    0x0000, 0x0000, 0x0000, 0x0000, 0x0000, 0x0000, 0x0000, 0x0000, 0x0000, 0x0000, 0x0000, 0x0000, 0x0000, 0x0000, 0x486B, 0x60AF,
    0x0001, 0x1004, 0x1004, 0x1004, 0x1004, 0x0001, 0x0801, 0x680B, 0x400B, 0x1007, 0x7230, 0xACD6, 0x41CB, 0x0002, 0x0000, 0x0000,
    0x0000, 0x0000, 0x0000, 0x0000, 0x0000, 0x0000, 0x0000, 0x0000, 0x0000, 0x0000, 0x0000, 0x0000, 0x0000, 0x0000, 0x0000, 0x0000,
    0x0000, 0x0000, 0x0000, 0x0000, 0x0000, 0x0000, 0x0000, 0x0000, 0x0000, 0x0000, 0x0000, 0x0000, 0x0000, 0x0000, 0x0000, 0x0000,
    0x03CF, 0x0534, 0x02AC, 0x0169, 0x0331, 0x02AC, 0x0020, 0x0802, 0x0803, 0x0802, 0x0802, 0x0002, 0x0001, 0x0000, 0x0020, 0x60D4,
    0x2027, 0x0000, 0x0001, 0x0000, 0x0000, 0x0000, 0x0000, 0x0000, 0x0000, 0x0000, 0x0000, 0x0000, 0x0000, 0x0000, 0x0000, 0x0000,
    0x0000, 0x0000, 0x0801, 0x480F, 0x2809, 0x0000, 0x0000, 0x0000, 0x0000, 0x0000, 0x0000, 0x0000, 0x0000, 0x0000, 0x0000, 0x0000,
    0x0000, 0x0000, 0x0000, 0x0000, 0x1806, 0x0001, 0x0000, 0x0000, 0x0000, 0x0000, 0x0000, 0x0000, 0x0000, 0x0000, 0x0000, 0x0000,
    0x0000, 0x0000, 0x0000, 0x5009, 0x680D, 0x700E, 0x7810, 0x8010, 0x1002, 0x0000, 0x0000, 0x0000, 0x2003, 0x7010, 0x600E, 0x600D,
    0x680F, 0x3808, 0x500B, 0x680F, 0x600F, 0x500B, 0x2805, 0x6010, 0x580E, 0x580E, 0x600F, 0x2806, 0x5809, 0x680A, 0x680A, 0x780B,
    0x3805, 0x580C, 0x680F, 0x600E, 0x7010, 0x600C, 0x0000, 0x0000, 0x0000, 0x0000, 0x1002, 0x680F, 0x600F, 0x600F, 0x6010, 0x3808,
    0x480B, 0x600F, 0x600E, 0x6810, 0x400A, 0x4809, 0x700E, 0x780F, 0x4808, 0x0000, 0x0000, 0x0000, 0x0000, 0x0800, 0x0800, 0x0801,
    0x0000, 0x0000, 0x0000, 0x0000, 0x0000, 0x0000, 0x0000, 0x0804, 0x0000, 0x0000, 0x0000, 0x0000, 0x0000, 0x0000, 0x0000, 0x0000,
    0x0001, 0x0001, 0x0001, 0x0001, 0x0001, 0x0001, 0x0000, 0x1003, 0x0802, 0x0000, 0x0000, 0x0000, 0x0000, 0x2003, 0x0000, 0x0000,
    0x0000, 0x0000, 0x0000, 0x1802, 0x2003, 0x0801, 0x0000, 0x0000, 0x0000, 0x0000, 0x0000, 0x0000, 0x0000, 0x0000, 0x1001, 0x2003,
    0x1802, 0x0000, 0x0000, 0x0000, 0x0000, 0x1802, 0x2003, 0x0800, 0x0000, 0x0000, 0x0000, 0x0000, 0x0000, 0x0000, 0x0000, 0x0000,
    0x0000, 0x1001, 0x2003, 0x0000, 0x0800, 0x0000, 0x0000, 0x0000, 0x0000, 0x0000, 0x0000, 0x0000, 0x0000, 0x0000, 0x0800, 0x0801,
    0x1802, 0x2003, 0x1001, 0x0000, 0x0000, 0x0000, 0x0000, 0x0000, 0x0000, 0x0000, 0x0000, 0x0000, 0x0000, 0x1001, 0x1001, 0x0000,
    0x1802, 0x2003, 0x0801, 0x0000, 0x0000, 0x0000, 0x0000, 0x0801, 0x2007, 0x0801, 0x0801, 0x0802, 0x0801, 0x0802, 0x0802, 0x0802,
    0x0802, 0x0802, 0x0802, 0x0802, 0x0802, 0x0802, 0x1003, 0x1003, 0x0801, 0x1004, 0x5012, 0x2007, 0x0802, 0x1003, 0x0802, 0x0802,
    0x0802, 0x1002, 0x1003, 0x1003, 0x1003, 0x1003, 0x1003, 0x1003, 0x1003, 0x1003, 0x1003, 0x1804, 0x1004, 0x1804, 0x8876, 0x2826,
    0x2005, 0x1805, 0x2005, 0x2006, 0x2005, 0x2806, 0x2005, 0x2004, 0x682B, 0x6830, 0x280A, 0x38CB, 0x9C14, 0x8BF4, 0x3147, 0x0801,
    0x0000, 0x0000, 0x0000, 0x0000, 0x0000, 0x0000, 0x0000, 0x0000, 0x0000, 0x0000, 0x0000, 0x0000, 0x0000, 0x0000, 0x0000, 0x0000,
    0x0000, 0x0000, 0x0000, 0x0000, 0x0000, 0x0000, 0x0000, 0x0000, 0x0000, 0x0000, 0x0000, 0x0000, 0x0000, 0x0041, 0x028B, 0x0514,
    0x0411, 0x0147, 0x0189, 0x0351, 0x022A, 0x1802, 0x2006, 0x2006, 0x1805, 0x1805, 0x1805, 0x1804, 0x1003, 0x1804, 0x1002, 0x3089,
    0x5974, 0x0801, 0x1003, 0x1003, 0x1003, 0x1003, 0x1003, 0x1003, 0x1003, 0x1003, 0x1003, 0x1003, 0x1003, 0x1002, 0x1002, 0x1002,
    0x0802, 0x1003, 0x0802, 0x0802, 0x480F, 0x280A, 0x0001, 0x1003, 0x1003, 0x0802, 0x0802, 0x0802, 0x0802, 0x0802, 0x0802, 0x0802,
    0x0802, 0x0801, 0x0801, 0x0000, 0x1806, 0x0001, 0x0000, 0x0000, 0x0001, 0x0000, 0x0000, 0x0000, 0x0000, 0x0000, 0x0000, 0x0000,
    0x0000, 0x0000, 0x0000, 0x580B, 0x680F, 0x680E, 0x680F, 0x600D, 0x3005, 0x680C, 0x580B, 0x580B, 0x2805, 0x6010, 0x580F, 0x580E,
    0x6010, 0x3007, 0x500B, 0x600E, 0x580E, 0x480B, 0x2806, 0x6011, 0x580E, 0x500E, 0x580E, 0x2805, 0x500C, 0x600F, 0x680F, 0x7011,
    0x3807, 0x500C, 0x600F, 0x580E, 0x580E, 0x3809, 0x4808, 0x780D, 0x700D, 0x680D, 0x2806, 0x500E, 0x580E, 0x500E, 0x580F, 0x2808,
    0x480B, 0x6010, 0x580E, 0x6010, 0x400A, 0x3009, 0x480E, 0x5010, 0x3009, 0x0000, 0x0000, 0x1001, 0x680D, 0x700D, 0x680E, 0x700F,
    0x4809, 0x0000, 0x0000, 0x0001, 0x0001, 0x0000, 0x0001, 0x1004, 0x0000, 0x0001, 0x0001, 0x0001, 0x0001, 0x0001, 0x0001, 0x0000,
    0x1005, 0x1005, 0x1005, 0x1005, 0x1005, 0x1004, 0x0001, 0x0803, 0x0802, 0x0000, 0x0000, 0x0000, 0x5008, 0x800B, 0x5808, 0x0000,
    0x0000, 0x0000, 0x0000, 0x6009, 0x800C, 0x800B, 0x0000, 0x0000, 0x0000, 0x0000, 0x0000, 0x0000, 0x0000, 0x0000, 0x800C, 0x680A,
    0x5808, 0x0000, 0x0000, 0x0000, 0x0801, 0x6809, 0x880C, 0x700A, 0x0000, 0x0000, 0x0000, 0x0000, 0x0000, 0x0000, 0x0000, 0x0000,
    0x1001, 0x880D, 0x700A, 0x4806, 0x6009, 0x1001, 0x0000, 0x0000, 0x0000, 0x0000, 0x0000, 0x0001, 0x0800, 0x0000, 0x2003, 0x3004,
    0x5808, 0x780B, 0x880C, 0x0000, 0x0001, 0x0000, 0x0000, 0x0000, 0x0000, 0x0000, 0x0000, 0x0000, 0x2804, 0x700A, 0x6009, 0x1802,
    0x6809, 0x900D, 0x800C, 0x0001, 0x0802, 0x0803, 0x0802, 0x0802, 0x2007, 0x0802, 0x1805, 0x1806, 0x2007, 0x2808, 0x2808, 0x2809,
    0x2809, 0x2809, 0x2809, 0x3009, 0x3009, 0x3029, 0x380B, 0x3009, 0x480E, 0x4810, 0x300A, 0x2808, 0x300A, 0x300A, 0x3009, 0x3009,
    0x3009, 0x380A, 0x380A, 0x380A, 0x380A, 0x380B, 0x380A, 0x400B, 0x400B, 0x400A, 0x400A, 0x480C, 0x482B, 0x8034, 0x7832, 0x600D,
    0x600D, 0x580C, 0x600D, 0x680D, 0x600C, 0x600C, 0x700F, 0x682E, 0x1002, 0x4007, 0x682E, 0x400A, 0x2006, 0x492B, 0xA457, 0x93B4,
    0x49EA, 0x0000, 0x0000, 0x0000, 0x0000, 0x0000, 0x0000, 0x0000, 0x0000, 0x0000, 0x0000, 0x0000, 0x0000, 0x0000, 0x0000, 0x0000,
    0x0000, 0x0000, 0x0000, 0x0000, 0x0000, 0x0000, 0x0000, 0x0000, 0x0000, 0x0000, 0x0000, 0x0082, 0x032D, 0x0534, 0x04D4, 0x026D,
    0x0149, 0x026D, 0x02CC, 0x00E3, 0x2805, 0x580F, 0x580E, 0x500D, 0x500D, 0x580E, 0x580E, 0x580D, 0x500C, 0x500C, 0x500C, 0x482C,
    0x69F5, 0x5952, 0x380A, 0x380B, 0x380A, 0x380A, 0x380A, 0x380A, 0x380A, 0x380A, 0x380A, 0x380A, 0x380A, 0x380A, 0x380A, 0x380A,
    0x380A, 0x380A, 0x380A, 0x3009, 0x3009, 0x380C, 0x4810, 0x300B, 0x300A, 0x300A, 0x3009, 0x3009, 0x3009, 0x2809, 0x2809, 0x2809,
    0x2808, 0x2006, 0x1806, 0x0001, 0x1805, 0x0802, 0x0000, 0x0000, 0x0001, 0x0000, 0x0801, 0x4007, 0x4007, 0x3806, 0x3807, 0x0001,
    0x0000, 0x0000, 0x0020, 0x480C, 0x600F, 0x580E, 0x500D, 0x480B, 0x2006, 0x500F, 0x500D, 0x500E, 0x2806, 0x580F, 0x500F, 0x500E,
    0x580F, 0x2807, 0x400A, 0x480D, 0x480D, 0x380A, 0x2006, 0x580F, 0x480D, 0x480D, 0x500D, 0x2805, 0x480C, 0x500E, 0x500E, 0x6010,
    0x3808, 0x480B, 0x500E, 0x500D, 0x500E, 0x3809, 0x3008, 0x500E, 0x500E, 0x600F, 0x3007, 0x480E, 0x500E, 0x480E, 0x500F, 0x2808,
    0x380A, 0x500F, 0x480E, 0x500F, 0x3009, 0x2809, 0x480E, 0x480E, 0x2808, 0x0000, 0x0000, 0x1002, 0x6011, 0x5810, 0x580F, 0x5810,
    0x480A, 0x0000, 0x0801, 0x0802, 0x0802, 0x0802, 0x1003, 0x1004, 0x0001, 0x1004, 0x1004, 0x1004, 0x1004, 0x1004, 0x1004, 0x1004,
    0x0000, 0x0000, 0x0000, 0x0000, 0x0000, 0x0000, 0x0000, 0x1004, 0x0803, 0x0000, 0x0000, 0x0801, 0x800D, 0x0801, 0x1802, 0x5809,
    0x800B, 0x6809, 0x2003, 0x0000, 0x4006, 0x5808, 0x0000, 0x0000, 0x0000, 0x0000, 0x0000, 0x0000, 0x0000, 0x0801, 0x900D, 0x4806,
    0x0000, 0x700A, 0x880C, 0x700A, 0x1802, 0x0000, 0x5007, 0x4006, 0x0000, 0x0000, 0x0000, 0x0000, 0x0000, 0x0000, 0x0000, 0x0000,
    0x1002, 0x980E, 0x6009, 0x5808, 0x780A, 0x900D, 0x2804, 0x4807, 0x800C, 0x780B, 0x2003, 0x2803, 0x800B, 0x1802, 0x5008, 0x5007,
    0x0000, 0x2803, 0x6008, 0x0000, 0x0000, 0x0000, 0x0000, 0x0000, 0x0000, 0x0000, 0x0000, 0x0000, 0x5809, 0x5007, 0x2003, 0x1802,
    0x0000, 0x4827, 0x4807, 0x0000, 0x0001, 0x0001, 0x0000, 0x0000, 0x1806, 0x0001, 0x0000, 0x0000, 0x0000, 0x0000, 0x0000, 0x0000,
    0x0000, 0x0000, 0x0000, 0x0000, 0x0000, 0x0000, 0x0000, 0x2008, 0x4810, 0x0803, 0x0000, 0x0000, 0x0000, 0x0000, 0x0000, 0x0000,
    0x0000, 0x0000, 0x0000, 0x0000, 0x0000, 0x0000, 0x0000, 0x0000, 0x0000, 0x0000, 0x0000, 0x0000, 0x1825, 0x8075, 0x0001, 0x0002,
    0x0001, 0x0001, 0x0802, 0x0803, 0x0802, 0x0803, 0x1004, 0x1806, 0x2006, 0x0803, 0x1802, 0x4829, 0x582D, 0x400A, 0x2808, 0x514D,
    0x9B55, 0x9BD5, 0x624C, 0x3186, 0x0000, 0x0000, 0x0000, 0x0000, 0x0000, 0x0020, 0x0000, 0x0000, 0x0020, 0x0000, 0x0000, 0x0000,
    0x0000, 0x0000, 0x0020, 0x0020, 0x0000, 0x0000, 0x0000, 0x0000, 0x0821, 0x2945, 0x1B2D, 0x04F6, 0x0412, 0x028C, 0x0169, 0x022C,
    0x032F, 0x01E7, 0x0802, 0x1806, 0x1807, 0x1004, 0x0804, 0x0803, 0x0002, 0x0001, 0x0001, 0x0001, 0x0000, 0x0000, 0x0000, 0x0000,
    0x1884, 0x59D5, 0x0021, 0x0000, 0x0000, 0x0000, 0x0000, 0x0000, 0x0000, 0x0000, 0x0000, 0x0000, 0x0000, 0x0000, 0x0000, 0x0000,
    0x0000, 0x0000, 0x0000, 0x0000, 0x0000, 0x0000, 0x300B, 0x380C, 0x0000, 0x0000, 0x0000, 0x0000, 0x0000, 0x0000, 0x0000, 0x0000,
    0x0000, 0x0000, 0x0000, 0x0000, 0x1805, 0x0001, 0x0000, 0x0000, 0x0000, 0x0000, 0x1003, 0x6851, 0x6071, 0x6050, 0x502E, 0x2806,
    0x600E, 0x600F, 0x3807, 0x3009, 0x500E, 0x500D, 0x500E, 0x480C, 0x2807, 0x5810, 0x500E, 0x500F, 0x2806, 0x500E, 0x480E, 0x480E,
    0x500F, 0x2807, 0x380A, 0x480D, 0x480D, 0x380A, 0x2006, 0x500F, 0x400C, 0x400D, 0x480E, 0x2807, 0x500D, 0x480D, 0x480D, 0x580F,
    0x3007, 0x380A, 0x480D, 0x480D, 0x500F, 0x380A, 0x3009, 0x500E, 0x480D, 0x500F, 0x2807, 0x480D, 0x480E, 0x400D, 0x480F, 0x2808,
    0x300A, 0x480F, 0x400D, 0x480E, 0x2809, 0x2809, 0x400E, 0x400E, 0x2007, 0x480B, 0x500D, 0x2807, 0x480E, 0x480E, 0x480E, 0x580F,
    0x3809, 0x0000, 0x0000, 0x0000, 0x0000, 0x0000, 0x0001, 0x1004, 0x0000, 0x0000, 0x0000, 0x0000, 0x0000, 0x0000, 0x0000, 0x0000,
    0x0000, 0x0000, 0x0000, 0x0802, 0x1003, 0x1004, 0x0000, 0x1004, 0x0803, 0x0000, 0x0000, 0x0800, 0x780C, 0x0000, 0x0000, 0x5809,
    0x700A, 0x800C, 0x6009, 0x1803, 0x780C, 0x0000, 0x0000, 0x0000, 0x0000, 0x0000, 0x0000, 0x0000, 0x0000, 0x0800, 0x980E, 0x5008,
    0x0800, 0x700B, 0x700A, 0x880C, 0x4806, 0x2805, 0x700B, 0x0000, 0x0000, 0x0000, 0x0000, 0x0000, 0x0000, 0x0000, 0x0000, 0x0000,
    0x1002, 0x980E, 0x5808, 0x6009, 0x700A, 0x2003, 0x800B, 0x700A, 0x880C, 0x880D, 0x6009, 0x4005, 0x900C, 0x6809, 0x4006, 0x700A,
    0x0801, 0x780B, 0x0800, 0x0000, 0x0000, 0x0000, 0x0000, 0x0000, 0x0000, 0x0000, 0x0000, 0x0000, 0x5808, 0x4006, 0x880C, 0x4806,
    0x2003, 0x684A, 0x0000, 0x0001, 0x0001, 0x0000, 0x0000, 0x0000, 0x1806, 0x0001, 0x0000, 0x0000, 0x0000, 0x0000, 0x0000, 0x0000,
    0x0000, 0x0000, 0x0000, 0x0000, 0x0000, 0x0000, 0x2007, 0x480F, 0x0802, 0x0000, 0x0000, 0x0000, 0x0000, 0x0000, 0x0000, 0x0000,
    0x0000, 0x0000, 0x0000, 0x0000, 0x0000, 0x0000, 0x0000, 0x0000, 0x0000, 0x0000, 0x0001, 0x0000, 0x6071, 0x3048, 0x0000, 0x0802,
    0x0802, 0x0802, 0x0802, 0x0803, 0x1004, 0x1004, 0x1805, 0x1806, 0x2006, 0x2808, 0x2006, 0x1003, 0x2024, 0x582C, 0x600D, 0x3809,
    0x1808, 0x30EB, 0x7B34, 0x8B95, 0x832F, 0x730F, 0x31A6, 0x39E7, 0x0000, 0x0000, 0x0000, 0x0000, 0x0000, 0x0000, 0x0000, 0x0000,
    0x0000, 0x0000, 0x0000, 0x0000, 0x0000, 0x31A7, 0x49C9, 0x234E, 0x2433, 0x5495, 0x1B91, 0x018A, 0x0107, 0x020A, 0x032F, 0x01E8,
    0x00A3, 0x1003, 0x2809, 0x2809, 0x1807, 0x1806, 0x1005, 0x1004, 0x0803, 0x0802, 0x0802, 0x0002, 0x0001, 0x0000, 0x0000, 0x0001,
    0x0000, 0x38CC, 0x40CE, 0x0000, 0x0000, 0x0000, 0x0000, 0x0000, 0x0000, 0x0000, 0x0000, 0x0000, 0x0000, 0x0000, 0x0000, 0x0000,
    0x0000, 0x0000, 0x0000, 0x0000, 0x0000, 0x0000, 0x0000, 0x2809, 0x300C, 0x0000, 0x0000, 0x0000, 0x0000, 0x0000, 0x0000, 0x0000,
    0x0000, 0x0000, 0x0000, 0x0000, 0x1805, 0x0001, 0x0000, 0x0000, 0x0000, 0x0000, 0x0023, 0x3870, 0x406F, 0x384F, 0x302C, 0x1828,
    0x4852, 0x5031, 0x302A, 0x2008, 0x480E, 0x400D, 0x480E, 0x400D, 0x2008, 0x480F, 0x400E, 0x400E, 0x2006, 0x400D, 0x400D, 0x400D,
    0x480F, 0x2007, 0x300B, 0x400E, 0x400D, 0x300A, 0x1806, 0x400D, 0x380C, 0x380C, 0x400E, 0x2007, 0x400D, 0x400D, 0x380C, 0x400D,
    0x2006, 0x300A, 0x400D, 0x400C, 0x480E, 0x300A, 0x300A, 0x480F, 0x400D, 0x400E, 0x1806, 0x380D, 0x380D, 0x380C, 0x400E, 0x2008,
    0x280A, 0x400E, 0x380D, 0x400F, 0x2809, 0x2809, 0x400F, 0x400F, 0x2028, 0x380D, 0x400F, 0x1827, 0x300C, 0x380D, 0x400D, 0x480F,
    0x300A, 0x0000, 0x0000, 0x0000, 0x0000, 0x0000, 0x0000, 0x0803, 0x0000, 0x1003, 0x0802, 0x0001, 0x0000, 0x0000, 0x0000, 0x0000,
    0x0001, 0x0803, 0x1004, 0x1004, 0x0001, 0x0000, 0x0000, 0x0803, 0x0802, 0x0000, 0x0000, 0x0000, 0x5008, 0x700C, 0x5008, 0x4807,
    0x600A, 0x780C, 0x5808, 0x3806, 0x680C, 0x0000, 0x0000, 0x0000, 0x0000, 0x0000, 0x0000, 0x0000, 0x0000, 0x0801, 0x700A, 0x0000,
    0x0000, 0x680A, 0x5808, 0x780B, 0x3804, 0x4808, 0x5008, 0x0000, 0x0000, 0x0000, 0x0000, 0x0000, 0x0000, 0x0000, 0x0000, 0x0000,
    0x1001, 0x900E, 0x6009, 0x5008, 0x700B, 0x800C, 0x6009, 0x6809, 0x780B, 0x680A, 0x5808, 0x5809, 0x900D, 0x6009, 0x3806, 0x680A,
    0x1802, 0x700B, 0x0000, 0x0000, 0x0000, 0x0000, 0x0000, 0x0000, 0x0000, 0x0000, 0x0000, 0x0000, 0x2804, 0x680A, 0x800C, 0x2803,
    0x5008, 0x5809, 0x0000, 0x0000, 0x0000, 0x0000, 0x0000, 0x0000, 0x1806, 0x0001, 0x0000, 0x0000, 0x0000, 0x0000, 0x0000, 0x0000,
    0x0000, 0x0000, 0x0000, 0x0000, 0x0000, 0x2007, 0x380C, 0x0001, 0x0000, 0x0000, 0x0000, 0x0000, 0x0000, 0x0000, 0x0000, 0x0000,
    0x0000, 0x0000, 0x0000, 0x0000, 0x0000, 0x0000, 0x0000, 0x0000, 0x0000, 0x0000, 0x0000, 0x3029, 0x6893, 0x0000, 0x0001, 0x0001,
    0x0001, 0x0801, 0x0802, 0x0802, 0x1003, 0x1004, 0x1805, 0x1805, 0x2006, 0x2007, 0x2808, 0x3009, 0x1805, 0x1003, 0x2004, 0x4009,
    0x600D, 0x580E, 0x300B, 0x280A, 0x50EE, 0x7273, 0x8BF4, 0x83F5, 0x69D2, 0x72B0, 0x5B4F, 0x6B4E, 0x6B2C, 0x6B2D, 0x6B2D, 0x6B4D,
    0x6B4D, 0x636D, 0x3B8E, 0x432F, 0x2BD3, 0x5C75, 0x7C15, 0x2B91, 0x022B, 0x00C7, 0x018A, 0x026E, 0x02EF, 0x01C8, 0x0082, 0x1004,
    0x2009, 0x280A, 0x2809, 0x2008, 0x1807, 0x1806, 0x1005, 0x1004, 0x1003, 0x0802, 0x0802, 0x0001, 0x0001, 0x0000, 0x0000, 0x0000,
    0x0000, 0x0000, 0x60B5, 0x2025, 0x0000, 0x0000, 0x0000, 0x0000, 0x0000, 0x0000, 0x0000, 0x0000, 0x0000, 0x0000, 0x0000, 0x0000,
    0x0000, 0x0000, 0x0000, 0x0000, 0x0000, 0x0000, 0x0000, 0x0000, 0x1807, 0x380E, 0x0801, 0x0000, 0x0000, 0x0000, 0x0000, 0x0000,
    0x0000, 0x0000, 0x0000, 0x0000, 0x1805, 0x0001, 0x0000, 0x0000, 0x0000, 0x0000, 0x0023, 0x308F, 0x386F, 0x386F, 0x306E, 0x1848,
    0x384F, 0x402E, 0x2008, 0x2008, 0x400E, 0x380D, 0x400E, 0x380D, 0x2008, 0x400F, 0x380D, 0x380D, 0x1805, 0x380C, 0x380D, 0x380D,
    0x400E, 0x1806, 0x300A, 0x400E, 0x380D, 0x2809, 0x1805, 0x380D, 0x380C, 0x380C, 0x380D, 0x1806, 0x380D, 0x380D, 0x380C, 0x380D,
    0x1806, 0x280A, 0x380D, 0x380C, 0x400E, 0x280A, 0x280A, 0x400F, 0x380D, 0x380D, 0x1805, 0x300C, 0x380D, 0x380C, 0x380E, 0x2007,
    0x280A, 0x380E, 0x380D, 0x400E, 0x2009, 0x2009, 0x380E, 0x400F, 0x2028, 0x280A, 0x380D, 0x1825, 0x300C, 0x380E, 0x380E, 0x400F,
    0x280A, 0x0000, 0x0000, 0x0000, 0x0000, 0x0000, 0x0000, 0x0803, 0x0000, 0x0000, 0x0000, 0x0802, 0x0803, 0x0803, 0x0001, 0x0000,
    0x0802, 0x0001, 0x0000, 0x0000, 0x0000, 0x0000, 0x0000, 0x0803, 0x0802, 0x0000, 0x0000, 0x0000, 0x0000, 0x3805, 0x0000, 0x0801,
    0x1001, 0x1002, 0x1001, 0x0801, 0x1002, 0x0000, 0x0000, 0x0000, 0x0000, 0x0000, 0x0000, 0x0000, 0x0000, 0x0000, 0x1001, 0x0000,
    0x0000, 0x1001, 0x1001, 0x1802, 0x0801, 0x0801, 0x1001, 0x0000, 0x0000, 0x0000, 0x0000, 0x0000, 0x0000, 0x0000, 0x0000, 0x0000,
    0x0000, 0x2803, 0x3005, 0x0000, 0x1802, 0x3805, 0x0801, 0x1001, 0x1802, 0x1002, 0x0801, 0x0800, 0x3004, 0x2003, 0x780C, 0x3004,
    0x0000, 0x1001, 0x0000, 0x0000, 0x0000, 0x0000, 0x0000, 0x0000, 0x0000, 0x0000, 0x0000, 0x0000, 0x0000, 0x2804, 0x2003, 0x0000,
    0x1002, 0x1002, 0x0000, 0x0000, 0x0000, 0x0000, 0x0000, 0x0000, 0x1806, 0x0001, 0x0000, 0x0000, 0x0000, 0x0000, 0x0000, 0x0000,
    0x0000, 0x0000, 0x0000, 0x0000, 0x2809, 0x300B, 0x0000, 0x0000, 0x0000, 0x0000, 0x0000, 0x0000, 0x0000, 0x0000, 0x0000, 0x0000,
    0x0000, 0x0000, 0x0000, 0x0000, 0x0000, 0x0000, 0x0000, 0x0000, 0x0000, 0x0000, 0x0000, 0x5852, 0x1024, 0x0000, 0x0000, 0x0000,
    0x0000, 0x0000, 0x0000, 0x0000, 0x0001, 0x0803, 0x1003, 0x1003, 0x1003, 0x1805, 0x1806, 0x2006, 0x2007, 0x2807, 0x1805, 0x2005,
    0x2805, 0x4008, 0x500C, 0x580F, 0x400C, 0x2808, 0x2008, 0x1809, 0x40CE, 0x59CE, 0x59D0, 0x6A11, 0x7A52, 0x7252, 0x7252, 0x62B2,
    0x62B1, 0x52B0, 0x3AF0, 0x32B0, 0x2A2E, 0x090A, 0x00E9, 0x00C7, 0x01CB, 0x02EF, 0x024B, 0x0125, 0x0062, 0x1804, 0x38EE, 0x2809,
    0x2809, 0x2007, 0x2007, 0x1806, 0x1806, 0x1004, 0x0803, 0x0002, 0x0001, 0x0000, 0x0000, 0x0000, 0x0000, 0x0000, 0x0000, 0x0000,
    0x0000, 0x0000, 0x2067, 0x50B1, 0x0000, 0x0000, 0x0000, 0x0000, 0x0000, 0x0000, 0x0000, 0x0000, 0x0000, 0x0000, 0x0000, 0x0000,
    0x0000, 0x0000, 0x0000, 0x0000, 0x0000, 0x0000, 0x0000, 0x0000, 0x0000, 0x1806, 0x380E, 0x0802, 0x0000, 0x0000, 0x0000, 0x0000,
    0x0000, 0x0000, 0x0000, 0x0020, 0x1806, 0x0000, 0x0000, 0x0000, 0x0000, 0x0000, 0x0022, 0x30AE, 0x306E, 0x386F, 0x306D, 0x1048,
    0x384E, 0x380E, 0x2007, 0x2008, 0x400E, 0x380C, 0x380D, 0x380C, 0x1807, 0x380E, 0x380C, 0x300D, 0x1005, 0x380C, 0x380C, 0x380C,
    0x380D, 0x1806, 0x2809, 0x380D, 0x380C, 0x2008, 0x1005, 0x380D, 0x380C, 0x380C, 0x380D, 0x1805, 0x300C, 0x380C, 0x300C, 0x380C,
    0x1805, 0x280A, 0x380D, 0x380C, 0x380D, 0x2809, 0x2008, 0x400D, 0x380C, 0x380D, 0x1005, 0x300B, 0x380C, 0x380C, 0x400E, 0x2007,
    0x2809, 0x380D, 0x380C, 0x380D, 0x2008, 0x2008, 0x380E, 0x380E, 0x1807, 0x280A, 0x380D, 0x1805, 0x300D, 0x380E, 0x380D, 0x380E,
    0x2809, 0x0000, 0x0000, 0x0000, 0x0000, 0x0000, 0x0000, 0x0803, 0x0000, 0x0000, 0x0000, 0x0000, 0x0000, 0x0001, 0x0802, 0x0802,
    0x0803, 0x0802, 0x0802, 0x0803, 0x0803, 0x0803, 0x0000, 0x0803, 0x0802, 0x0000, 0x0000, 0x0000, 0x0000, 0x0000, 0x0000, 0x0000,
    0x0000, 0x0000, 0x0000, 0x0000, 0x0000, 0x0000, 0x0000, 0x0000, 0x0000, 0x0000, 0x0000, 0x0000, 0x0000, 0x0000, 0x0000, 0x0000,
    0x0000, 0x0000, 0x0001, 0x0001, 0x0000, 0x0000, 0x0000, 0x0000, 0x0000, 0x0000, 0x0000, 0x0000, 0x0000, 0x0000, 0x0000, 0x0000,
    0x0000, 0x0000, 0x0000, 0x0000, 0x0000, 0x0000, 0x0000, 0x0000, 0x0000, 0x0000, 0x0000, 0x0801, 0x0002, 0x1002, 0x2004, 0x0000,
    0x0000, 0x0000, 0x0000, 0x0000, 0x0000, 0x0000, 0x0001, 0x0001, 0x0001, 0x0001, 0x0001, 0x0001, 0x0801, 0x0000, 0x0000, 0x0801,
    0x0002, 0x0001, 0x0801, 0x0001, 0x0001, 0x0001, 0x0801, 0x0001, 0x2007, 0x0801, 0x0802, 0x0803, 0x1004, 0x1004, 0x1004, 0x1004,
    0x1004, 0x1004, 0x0803, 0x280A, 0x4010, 0x1004, 0x1004, 0x1004, 0x1004, 0x1004, 0x1804, 0x1805, 0x1804, 0x1004, 0x1805, 0x1805,
    0x1805, 0x1805, 0x1805, 0x1805, 0x1805, 0x1805, 0x1805, 0x1805, 0x2006, 0x1805, 0x402C, 0x6033, 0x1805, 0x2007, 0x2006, 0x2007,
    0x2007, 0x2807, 0x2807, 0x2808, 0x2809, 0x300A, 0x3009, 0x2809, 0x3009, 0x300A, 0x380B, 0x2829, 0x2829, 0x3009, 0x2008, 0x7032,
    0x500D, 0x1005, 0x1004, 0x1805, 0x3007, 0x4009, 0x484D, 0x308E, 0x400F, 0x380D, 0x380C, 0x400D, 0x380D, 0x300D, 0x280C, 0x184C,
    0x108B, 0x10AA, 0x10CA, 0x114C, 0x11CE, 0x19ED, 0x0AAE, 0x026C, 0x0105, 0x0105, 0x0824, 0x1004, 0x2008, 0x284A, 0x4193, 0x204A,
    0x288B, 0x208A, 0x2089, 0x18CA, 0x18EA, 0x18CA, 0x2849, 0x3029, 0x302A, 0x2849, 0x2849, 0x2048, 0x2027, 0x2007, 0x2007, 0x2006,
    0x2006, 0x2007, 0x2007, 0x60B5, 0x304B, 0x1004, 0x1806, 0x1806, 0x1805, 0x1805, 0x1805, 0x1805, 0x1805, 0x1805, 0x1805, 0x1805,
    0x1805, 0x1805, 0x1805, 0x1805, 0x1805, 0x1805, 0x1805, 0x1004, 0x1805, 0x1004, 0x300B, 0x4830, 0x1004, 0x1004, 0x1805, 0x1004,
    0x1004, 0x1003, 0x1003, 0x0001, 0x1806, 0x0801, 0x0000, 0x0802, 0x1003, 0x0803, 0x0824, 0x3890, 0x386F, 0x386F, 0x384E, 0x1828,
    0x382F, 0x400F, 0x280A, 0x280B, 0x4810, 0x400E, 0x400F, 0x380D, 0x1807, 0x380E, 0x380D, 0x380E, 0x1807, 0x400E, 0x400E, 0x400E,
    0x4810, 0x2808, 0x300B, 0x380E, 0x380D, 0x280A, 0x1806, 0x400E, 0x400D, 0x400E, 0x480F, 0x1806, 0x300C, 0x380D, 0x380D, 0x400F,
    0x2008, 0x300B, 0x400E, 0x380D, 0x400E, 0x280A, 0x2809, 0x400E, 0x380D, 0x400E, 0x1806, 0x380D, 0x380E, 0x400E, 0x4810, 0x2008,
    0x280A, 0x400E, 0x380D, 0x400F, 0x2009, 0x2009, 0x380E, 0x380E, 0x2007, 0x300B, 0x400E, 0x2007, 0x380E, 0x400F, 0x380E, 0x400F,
    0x280A, 0x0802, 0x1003, 0x1003, 0x0802, 0x0000, 0x0801, 0x0803, 0x0000, 0x0802, 0x0802, 0x0802, 0x0802, 0x0802, 0x0802, 0x0803,
    0x1004, 0x1004, 0x1004, 0x1004, 0x1004, 0x1004, 0x0001, 0x0803, 0x0802, 0x0000, 0x0000, 0x0000, 0x0000, 0x0000, 0x0000, 0x0000,
    0x0000, 0x0000, 0x0000, 0x0000, 0x0000, 0x0000, 0x0000, 0x0000, 0x0000, 0x0000, 0x0000, 0x0000, 0x0000, 0x0000, 0x0000, 0x0001,
    0x0000, 0x0000, 0x0000, 0x0000, 0x0000, 0x0000, 0x0000, 0x0000, 0x0000, 0x0000, 0x0000, 0x0000, 0x0000, 0x0000, 0x0000, 0x0000,
    0x0000, 0x0000, 0x0000, 0x0000, 0x0000, 0x0000, 0x0000, 0x0000, 0x0000, 0x0802, 0x0802, 0x0001, 0x0001, 0x0001, 0x0000, 0x0001,
    0x0001, 0x0001, 0x0001, 0x0001, 0x0001, 0x0001, 0x0001, 0x0001, 0x0001, 0x0001, 0x0001, 0x0801, 0x0801, 0x0802, 0x0802, 0x0001,
    0x0801, 0x0802, 0x0801, 0x0801, 0x0801, 0x0802, 0x0802, 0x0001, 0x1806, 0x0801, 0x0803, 0x1004, 0x1805, 0x1805, 0x1805, 0x1806,
    0x1806, 0x1005, 0x380D, 0x280A, 0x1805, 0x2006, 0x1806, 0x1806, 0x1806, 0x1806, 0x2006, 0x2006, 0x2006, 0x1806, 0x2007, 0x2007,
    0x2007, 0x2007, 0x2007, 0x2007, 0x2008, 0x2007, 0x2007, 0x2808, 0x2808, 0x300A, 0x6014, 0x2809, 0x3009, 0x3009, 0x3009, 0x300A,
    0x300A, 0x300A, 0x300A, 0x380B, 0x400D, 0x400D, 0x380C, 0x380C, 0x380B, 0x380B, 0x300B, 0x1806, 0x1805, 0x1806, 0x1004, 0x300B,
    0x1805, 0x1805, 0x1004, 0x1003, 0x0000, 0x0000, 0x0000, 0x0021, 0x3008, 0x2808, 0x2807, 0x3009, 0x288A, 0x210A, 0x192A, 0x194A,
    0x116A, 0x0949, 0x0948, 0x01A9, 0x01A9, 0x0041, 0x0000, 0x0000, 0x0000, 0x0802, 0x1025, 0x1045, 0x1046, 0x0825, 0x1089, 0x10A9,
    0x18A9, 0x18A8, 0x10A7, 0x190B, 0x192C, 0x210C, 0x386D, 0x402C, 0x402D, 0x404D, 0x386D, 0x304C, 0x302A, 0x300A, 0x300A, 0x2809,
    0x2809, 0x300A, 0x280A, 0x282A, 0x5032, 0x2007, 0x2808, 0x2808, 0x2808, 0x2007, 0x2007, 0x2007, 0x2007, 0x2007, 0x2007, 0x2007,
    0x2007, 0x2007, 0x2007, 0x2007, 0x2007, 0x2007, 0x2007, 0x2006, 0x2007, 0x2008, 0x2007, 0x2006, 0x380D, 0x280A, 0x1806, 0x2007,
    0x1805, 0x1005, 0x1004, 0x0001, 0x1805, 0x0801, 0x0000, 0x1804, 0x2007, 0x2007, 0x1004, 0x1826, 0x1826, 0x1826, 0x1826, 0x1005,
    0x1806, 0x1806, 0x1806, 0x1806, 0x2007, 0x2007, 0x2007, 0x1805, 0x1003, 0x1805, 0x1805, 0x1805, 0x0803, 0x1806, 0x2006, 0x2006,
    0x2007, 0x1805, 0x1805, 0x1806, 0x1806, 0x1005, 0x1003, 0x1805, 0x1806, 0x2006, 0x1806, 0x1004, 0x1005, 0x1805, 0x1806, 0x2007,
    0x1805, 0x1806, 0x1806, 0x1806, 0x1806, 0x1805, 0x1004, 0x1805, 0x1805, 0x1806, 0x1004, 0x1806, 0x1806, 0x1806, 0x1807, 0x1003,
    0x1004, 0x1806, 0x1806, 0x1806, 0x1004, 0x1003, 0x1805, 0x1005, 0x1004, 0x1805, 0x1806, 0x1805, 0x1806, 0x1805, 0x1805, 0x1806,
    0x1005, 0x1805, 0x2006, 0x2007, 0x1004, 0x0000, 0x0001, 0x0803, 0x0001, 0x1003, 0x1003, 0x1003, 0x1004, 0x1004, 0x1004, 0x1004,
    0x0000, 0x0000, 0x0000, 0x0000, 0x0000, 0x0000, 0x0000, 0x0803, 0x1004, 0x0001, 0x0001, 0x0001, 0x0001, 0x0001, 0x0001, 0x0001,
    0x0001, 0x0001, 0x0001, 0x0001, 0x0001, 0x0001, 0x0001, 0x0001, 0x0001, 0x0001, 0x0001, 0x0001, 0x0802, 0x0802, 0x0802, 0x0001,
    0x0001, 0x0001, 0x0001, 0x0001, 0x0001, 0x0001, 0x0001, 0x0001, 0x0001, 0x0001, 0x0001, 0x0001, 0x0001, 0x0001, 0x0001, 0x0001,
    0x0001, 0x0001, 0x0001, 0x0001, 0x0001, 0x0001, 0x0000, 0x0802, 0x0803, 0x0803, 0x0001, 0x0001, 0x0001, 0x0001, 0x0001, 0x0000,
    0x0000, 0x0000, 0x0000, 0x0000, 0x0000, 0x0000, 0x0000, 0x0000, 0x0000, 0x0000, 0x0001, 0x0000, 0x0001, 0x0001, 0x0001, 0x0001,
    0x0000, 0x0000, 0x0000, 0x0000, 0x0001, 0x0001, 0x0000, 0x0001, 0x2007, 0x0000, 0x0000, 0x0000, 0x0000, 0x0000, 0x0000, 0x0000,
    0x0000, 0x2809, 0x2009, 0x0000, 0x0000, 0x0000, 0x0000, 0x0000, 0x0000, 0x0000, 0x0000, 0x0000, 0x0000, 0x0000, 0x0000, 0x0000,
    0x0000, 0x0000, 0x0000, 0x0000, 0x0000, 0x0000, 0x0000, 0x0000, 0x0000, 0x382B, 0x400D, 0x0000, 0x0000, 0x0000, 0x0000, 0x0000,
    0x0000, 0x0000, 0x0000, 0x0000, 0x0001, 0x0002, 0x0001, 0x0001, 0x0000, 0x0000, 0x0000, 0x0000, 0x0000, 0x0000, 0x0802, 0x1005,
    0x0000, 0x0000, 0x0000, 0x0000, 0x0000, 0x0000, 0x0000, 0x0000, 0x0000, 0x0000, 0x0000, 0x0000, 0x0000, 0x0000, 0x0000, 0x0000,
    0x0000, 0x0000, 0x0000, 0x0000, 0x0000, 0x0000, 0x0000, 0x0000, 0x0000, 0x0000, 0x0000, 0x0000, 0x0000, 0x0000, 0x0804, 0x0824,
    0x0000, 0x0000, 0x0000, 0x0000, 0x0000, 0x0001, 0x0001, 0x0001, 0x0000, 0x0001, 0x0000, 0x0000, 0x0000, 0x0000, 0x0000, 0x0000,
    0x0000, 0x0000, 0x0000, 0x0000, 0x382D, 0x282A, 0x0000, 0x0000, 0x0000, 0x0000, 0x0000, 0x0000, 0x0000, 0x0000, 0x0000, 0x0000,
    0x0000, 0x0000, 0x0000, 0x0000, 0x0000, 0x0000, 0x0000, 0x0000, 0x0000, 0x0000, 0x0000, 0x0000, 0x0803, 0x300D, 0x0803, 0x0000,
    0x0000, 0x0000, 0x0000, 0x0000, 0x1004, 0x0802, 0x0020, 0x0020, 0x0000, 0x0000, 0x0000, 0x0000, 0x0000, 0x0000, 0x0000, 0x0000,
    0x0000, 0x0000, 0x0000, 0x0000, 0x0000, 0x0000, 0x0000, 0x0000, 0x0000, 0x0000, 0x0000, 0x0000, 0x0000, 0x0000, 0x0000, 0x0000,
    0x0000, 0x0000, 0x0000, 0x0000, 0x0000, 0x0000, 0x0000, 0x0000, 0x0000, 0x0000, 0x0000, 0x0000, 0x0000, 0x0000, 0x0000, 0x0000,
    0x0000, 0x0000, 0x0000, 0x0000, 0x0000, 0x0000, 0x0000, 0x0000, 0x0000, 0x0000, 0x0000, 0x0000, 0x0000, 0x0000, 0x0000, 0x0000,
    0x0000, 0x0000, 0x0000, 0x0000, 0x0000, 0x0000, 0x0000, 0x0000, 0x0000, 0x0000, 0x0000, 0x0000, 0x0000, 0x0000, 0x0000, 0x0000,
    0x0000, 0x0000, 0x0000, 0x0000, 0x0000, 0x0000, 0x0001, 0x0803, 0x0000, 0x0000, 0x0000, 0x0000, 0x0000, 0x0000, 0x0000, 0x0000,
    0x0000, 0x0000, 0x0000, 0x0000, 0x0000, 0x0000, 0x0000, 0x0000, 0x1004, 0x1805, 0x1005, 0x1805, 0x1805, 0x1806, 0x1806, 0x1806,
    0x1806, 0x1806, 0x1005, 0x1805, 0x1805, 0x1805, 0x1806, 0x1806, 0x1806, 0x1806, 0x1806, 0x1806, 0x1806, 0x1806, 0x1806, 0x1806,
    0x1806, 0x1806, 0x1806, 0x1805, 0x1805, 0x1805, 0x1805, 0x1805, 0x1805, 0x1805, 0x1805, 0x1805, 0x1805, 0x1005, 0x1805, 0x1805,
    0x1805, 0x1805, 0x1005, 0x1005, 0x1805, 0x1807, 0x1806, 0x1805, 0x1806, 0x1805, 0x1805, 0x1005, 0x1805, 0x1005, 0x1004, 0x1004,
    0x1004, 0x1004, 0x1004, 0x1004, 0x1004, 0x1004, 0x1004, 0x1004, 0x1004, 0x1004, 0x1004, 0x1004, 0x1005, 0x1805, 0x1805, 0x1805,
    0x1805, 0x1805, 0x1005, 0x1005, 0x1005, 0x1005, 0x1005, 0x1805, 0x0802, 0x0000, 0x0000, 0x0000, 0x0000, 0x0000, 0x0000, 0x0000,
    0x280A, 0x280A, 0x0000, 0x0000, 0x0000, 0x0000, 0x0000, 0x0000, 0x0000, 0x0000, 0x0000, 0x0000, 0x0000, 0x0000, 0x0000, 0x0000,
    0x0000, 0x0000, 0x0000, 0x0000, 0x0000, 0x0000, 0x0000, 0x0000, 0x0802, 0x5031, 0x0802, 0x0000, 0x0000, 0x0000, 0x0000, 0x0000,
    0x0000, 0x0001, 0x0001, 0x0802, 0x0802, 0x0801, 0x0000, 0x0000, 0x0000, 0x0000, 0x0000, 0x0000, 0x0000, 0x0000, 0x1004, 0x1004,
    0x0000, 0x0000, 0x0000, 0x0000, 0x0000, 0x0000, 0x0000, 0x0000, 0x0000, 0x0000, 0x0000, 0x0000, 0x0000, 0x0000, 0x0001, 0x0002,
    0x0000, 0x0000, 0x0000, 0x0000, 0x0000, 0x0000, 0x0000, 0x0000, 0x0000, 0x0000, 0x0000, 0x0000, 0x0000, 0x0000, 0x0802, 0x1026,
    0x0000, 0x0000, 0x0000, 0x0000, 0x0000, 0x0000, 0x0000, 0x0001, 0x0802, 0x0802, 0x0001, 0x0001, 0x0000, 0x0000, 0x0000, 0x0000,
    0x0000, 0x0000, 0x0000, 0x0000, 0x0802, 0x6054, 0x1003, 0x0000, 0x0000, 0x0000, 0x0000, 0x0000, 0x0000, 0x0000, 0x0000, 0x0000,
    0x0000, 0x0000, 0x0000, 0x0000, 0x0000, 0x0000, 0x0000, 0x0000, 0x0000, 0x0000, 0x0000, 0x0000, 0x0000, 0x0803, 0x300B, 0x1004,
    0x0000, 0x0000, 0x0000, 0x0000, 0x0001, 0x1004, 0x1003, 0x1003, 0x1003, 0x1003, 0x0803, 0x0803, 0x0803, 0x0803, 0x0803, 0x0803,
    0x1003, 0x1003, 0x1003, 0x0803, 0x0802, 0x0803, 0x1004, 0x1003, 0x1003, 0x1003, 0x1003, 0x0803, 0x0803, 0x0803, 0x0803, 0x0803,
    0x0803, 0x0803, 0x0803, 0x0803, 0x0803, 0x0803, 0x0803, 0x0803, 0x0803, 0x0803, 0x0803, 0x0803, 0x0803, 0x0803, 0x0803, 0x0803,
    0x0802, 0x0802, 0x0802, 0x0802, 0x0802, 0x0802, 0x0802, 0x0803, 0x0802, 0x0803, 0x0803, 0x0803, 0x0802, 0x0802, 0x0803, 0x0803,
    0x1003, 0x1003, 0x1003, 0x1003, 0x0803, 0x0803, 0x1003, 0x1003, 0x0803, 0x0803, 0x0803, 0x0803, 0x0803, 0x0803, 0x0803, 0x0803,
    0x0802, 0x0802, 0x0803, 0x0803, 0x1004, 0x1003, 0x1805, 0x0802, 0x0000, 0x0000, 0x0000, 0x0000, 0x0000, 0x0000, 0x0000, 0x0000,
    0x0000, 0x0000, 0x0000, 0x0000, 0x0000, 0x0000, 0x0000, 0x0000, 0x0000, 0x0000, 0x0000, 0x0000, 0x0000, 0x0000, 0x0000, 0x0000,
    0x0000, 0x0000, 0x0000, 0x0000, 0x0000, 0x0000, 0x0000, 0x0001, 0x0802, 0x0802, 0x0000, 0x0000, 0x0000, 0x0000, 0x0000, 0x0000,
    0x0000, 0x0000, 0x0000, 0x0000, 0x0000, 0x0000, 0x0000, 0x0000, 0x0000, 0x0000, 0x0000, 0x0000, 0x0000, 0x0000, 0x0000, 0x0000,
    0x0000, 0x0000, 0x0000, 0x0801, 0x1003, 0x0803, 0x0000, 0x0000, 0x0000, 0x0000, 0x0000, 0x0000, 0x0000, 0x0000, 0x0000, 0x0000,
    0x0000, 0x0000, 0x0000, 0x0000, 0x0000, 0x0000, 0x0000, 0x0000, 0x0000, 0x0000, 0x0001, 0x0802, 0x0000, 0x0000, 0x0000, 0x0000,
    0x0000, 0x0000, 0x0000, 0x0000, 0x0000, 0x0000, 0x0000, 0x0000, 0x0000, 0x0000, 0x0000, 0x0000, 0x0000, 0x0000, 0x0000, 0x282A,
    0x2008, 0x0000, 0x0000, 0x0000, 0x0000, 0x0000, 0x0000, 0x0000, 0x0000, 0x0000, 0x0000, 0x0000, 0x0000, 0x0000, 0x0000, 0x0000,
    0x0000, 0x0000, 0x0000, 0x0000, 0x0000, 0x0000, 0x0000, 0x0000, 0x382C, 0x2809, 0x0000, 0x0000, 0x0000, 0x0000, 0x0000, 0x0000,
    0x0000, 0x0000, 0x0000, 0x0000, 0x0000, 0x0000, 0x0000, 0x0000, 0x0000, 0x0000, 0x0000, 0x0000, 0x0000, 0x0000, 0x1005, 0x0802,
    0x0000, 0x0000, 0x0000, 0x0000, 0x0000, 0x0000, 0x0000, 0x0000, 0x0000, 0x0000, 0x0000, 0x0000, 0x0000, 0x0000, 0x0000, 0x0001,
    0x0000, 0x0000, 0x0000, 0x0000, 0x0000, 0x0000, 0x0000, 0x0000, 0x0000, 0x0000, 0x0000, 0x0000, 0x0000, 0x0000, 0x0000, 0x1868,
    0x0000, 0x0000, 0x0000, 0x0000, 0x0000, 0x0000, 0x0000, 0x0000, 0x0000, 0x0000, 0x0000, 0x0000, 0x0000, 0x0000, 0x0000, 0x0000,
    0x0000, 0x0000, 0x0000, 0x0000, 0x0000, 0x302A, 0x402D, 0x0000, 0x0000, 0x0000, 0x0000, 0x0000, 0x0000, 0x0000, 0x0000, 0x0000,
    0x0000, 0x0000, 0x0000, 0x0000, 0x0000, 0x0000, 0x0000, 0x0000, 0x0000, 0x0000, 0x0000, 0x0000, 0x0000, 0x0000, 0x0001, 0x300B,
    0x1806, 0x0000, 0x0000, 0x0000, 0x0000, 0x0000, 0x0000, 0x0000, 0x0000, 0x0000, 0x0000, 0x0000, 0x0000, 0x0000, 0x0000, 0x0000,
    0x0000, 0x0000, 0x0000, 0x0000, 0x0802, 0x0000, 0x0000, 0x0000, 0x0000, 0x0000, 0x0000, 0x0000, 0x0000, 0x0000, 0x0000, 0x0000,
    0x0000, 0x0000, 0x0000, 0x0000, 0x0000, 0x0000, 0x0000, 0x0000, 0x0000, 0x0000, 0x0000, 0x0001, 0x0001, 0x0000, 0x0000, 0x0000,
    0x0000, 0x0000, 0x0000, 0x0000, 0x0000, 0x0000, 0x0000, 0x0000, 0x0000, 0x0000, 0x0000, 0x0000, 0x0000, 0x0000, 0x0000, 0x0000,
    0x0000, 0x0000, 0x0000, 0x0002, 0x0001, 0x0000, 0x0000, 0x0000, 0x0000, 0x0000, 0x0000, 0x0000, 0x0000, 0x0000, 0x0000, 0x0000,
    0x0000, 0x0000, 0x0000, 0x0000, 0x0000, 0x0000, 0x0000, 0x0001, 0x0802, 0x0802, 0x0000, 0x0000, 0x0000, 0x0000, 0x0000, 0x0000,
    0x0000, 0x0000, 0x0000, 0x0000, 0x0000, 0x0000, 0x0000, 0x0000, 0x0000, 0x0000, 0x0000, 0x0000, 0x0000, 0x0000, 0x0000, 0x0000,
    0x0000, 0x0000, 0x0000, 0x0000, 0x0000, 0x0802, 0x0803, 0x0802, 0x0001, 0x0000, 0x0000, 0x0000, 0x0000, 0x0000, 0x0000, 0x0000,
    0x0000, 0x0000, 0x0000, 0x0000, 0x0000, 0x0000, 0x0000, 0x0000, 0x0000, 0x0000, 0x0000, 0x0000, 0x0000, 0x0000, 0x0000, 0x0000,
    0x0000, 0x0001, 0x1004, 0x1004, 0x0802, 0x0000, 0x0000, 0x0000, 0x0000, 0x0000, 0x0000, 0x0000, 0x0000, 0x0000, 0x0000, 0x0000,
    0x0000, 0x0000, 0x0000, 0x0000, 0x0000, 0x0000, 0x0000, 0x0000, 0x0000, 0x0803, 0x1004, 0x0000, 0x0000, 0x0000, 0x0000, 0x0000,
    0x0000, 0x0000, 0x0000, 0x0000, 0x0000, 0x0000, 0x0000, 0x0000, 0x0000, 0x0000, 0x0000, 0x0000, 0x0000, 0x0000, 0x280B, 0x2008,
    0x0000, 0x0000, 0x0000, 0x0000, 0x0000, 0x0000, 0x0000, 0x0000, 0x0000, 0x0000, 0x0000, 0x0000, 0x0000, 0x0000, 0x0000, 0x0000,
    0x0000, 0x0000, 0x0000, 0x0000, 0x0000, 0x0000, 0x0000, 0x1004, 0x4830, 0x0000, 0x0000, 0x0000, 0x0000, 0x0000, 0x0000, 0x0000,
    0x0000, 0x0000, 0x0001, 0x0001, 0x0802, 0x0802, 0x0802, 0x0802, 0x0802, 0x0802, 0x0001, 0x0000, 0x0000, 0x0001, 0x282B, 0x0001,
    0x0001, 0x0001, 0x0001, 0x0001, 0x0000, 0x0000, 0x0000, 0x0000, 0x0000, 0x0000, 0x0000, 0x0000, 0x0000, 0x0000, 0x0001, 0x0803,
    0x0000, 0x0000, 0x0000, 0x0000, 0x0000, 0x0000, 0x0000, 0x0000, 0x0000, 0x0001, 0x0001, 0x0001, 0x0002, 0x0802, 0x0001, 0x30CD,
    0x1886, 0x0000, 0x0001, 0x0001, 0x0001, 0x0002, 0x0002, 0x0802, 0x0001, 0x0001, 0x0001, 0x0001, 0x0000, 0x0000, 0x0000, 0x0000,
    0x0000, 0x0000, 0x0000, 0x0000, 0x0000, 0x0000, 0x484F, 0x1024, 0x0000, 0x0000, 0x0000, 0x0000, 0x0000, 0x0000, 0x0000, 0x0000,
    0x0000, 0x0000, 0x0000, 0x0000, 0x0000, 0x0000, 0x0000, 0x0000, 0x0000, 0x0000, 0x0000, 0x0000, 0x0000, 0x0000, 0x0000, 0x0802,
    0x380E, 0x1806, 0x0000, 0x0000, 0x0000, 0x0000, 0x0000, 0x0000, 0x0000, 0x0000, 0x0000, 0x0000, 0x0000, 0x0000, 0x0000, 0x0000,
    0x0000, 0x0000, 0x0000, 0x0000, 0x0001, 0x1003, 0x0802, 0x0000, 0x0000, 0x0000, 0x0000, 0x0000, 0x0000, 0x0000, 0x0000, 0x0000,
    0x0000, 0x0000, 0x0000, 0x0000, 0x0000, 0x0000, 0x0000, 0x0000, 0x0000, 0x0000, 0x0000, 0x0000, 0x0001, 0x0001, 0x0001, 0x0000,
    0x0000, 0x0000, 0x0000, 0x0000, 0x0000, 0x0000, 0x0000, 0x0000, 0x0000, 0x0000, 0x0000, 0x0000, 0x0000, 0x0000, 0x0000, 0x0000,
    0x0000, 0x0000, 0x0000, 0x0000, 0x0001, 0x0802, 0x0802, 0x0001, 0x0000, 0x0000, 0x0000, 0x0000, 0x0000, 0x0000, 0x0000, 0x0000,
    0x0000, 0x0000, 0x0000, 0x0000, 0x0000, 0x0000, 0x0000, 0x0000, 0x0000, 0x0802, 0x0803, 0x0803, 0x0801, 0x0000, 0x0000, 0x0000,
    0x0000, 0x0000, 0x0000, 0x0000, 0x0000, 0x0000, 0x0000, 0x0000, 0x0000, 0x0000, 0x0000, 0x0000, 0x0000, 0x0000, 0x0000, 0x0000,
    0x0000, 0x0000, 0x0001, 0x0802, 0x0803, 0x0001, 0x0000, 0x0000, 0x0000, 0x0000, 0x0000, 0x0000, 0x0000, 0x0000, 0x0000, 0x0000,
    0x0000, 0x0000, 0x0000, 0x0000, 0x0000, 0x0000, 0x0000, 0x0000, 0x0000, 0x0000, 0x0000, 0x0000, 0x0000, 0x0000, 0x0000, 0x0802,
    0x1004, 0x1004, 0x0802, 0x0000, 0x0000, 0x0000, 0x0000, 0x0000, 0x0000, 0x0000, 0x0000, 0x0000, 0x0000, 0x0000, 0x0000, 0x0000,
    0x0000, 0x0000, 0x0000, 0x0000, 0x0000, 0x0000, 0x0000, 0x0001, 0x1004, 0x0802, 0x0000, 0x0000, 0x0000, 0x0000, 0x0000, 0x0000,
    0x0000, 0x0000, 0x0000, 0x0000, 0x0000, 0x0000, 0x0000, 0x0000, 0x0000, 0x0000, 0x0000, 0x0000, 0x0000, 0x280A, 0x1807, 0x0000,
    0x0000, 0x0000, 0x0000, 0x0000, 0x0000, 0x0000, 0x0000, 0x0000, 0x0000, 0x0000, 0x0000, 0x0000, 0x0000, 0x0000, 0x0000, 0x0000,
    0x0000, 0x0000, 0x0000, 0x0000, 0x0000, 0x0000, 0x0000, 0x402F, 0x1806, 0x0000, 0x0000, 0x0000, 0x0000, 0x0000, 0x0000, 0x0000,
    0x0000, 0x0000, 0x0000, 0x0000, 0x0000, 0x0001, 0x0002, 0x0803, 0x0803, 0x0803, 0x0002, 0x0002, 0x0000, 0x1025, 0x4890, 0x0000,
    0x0803, 0x0803, 0x0002, 0x0002, 0x0001, 0x0000, 0x0000, 0x0000, 0x0000, 0x0000, 0x0000, 0x0000, 0x0000, 0x0000, 0x0823, 0x204A,
    0x0000, 0x0000, 0x0000, 0x0000, 0x0000, 0x0000, 0x0000, 0x0000, 0x0001, 0x0001, 0x0002, 0x0803, 0x0803, 0x0804, 0x0002, 0x28EE,
    0x28CD, 0x0000, 0x0001, 0x0001, 0x0002, 0x0002, 0x0002, 0x0001, 0x0000, 0x0000, 0x0000, 0x0000, 0x0000, 0x0000, 0x0000, 0x0000,
    0x0000, 0x0000, 0x0000, 0x0000, 0x0000, 0x0000, 0x1024, 0x406F, 0x0000, 0x0000, 0x0000, 0x0000, 0x0000, 0x0000, 0x0000, 0x0000,
    0x0000, 0x0000, 0x0000, 0x0000, 0x0000, 0x0000, 0x0000, 0x0000, 0x0000, 0x0000, 0x0000, 0x0000, 0x0000, 0x0000, 0x0000, 0x0000,
    0x0000, 0x280A, 0x1806, 0x0000, 0x0000, 0x0000, 0x0000, 0x0000, 0x0000, 0x0000, 0x0000, 0x0000, 0x0000, 0x0000, 0x0000, 0x0000,
    0x0000, 0x0000, 0x0000, 0x0000, 0x0000, 0x0000, 0x0804, 0x0803, 0x0000, 0x0000, 0x0000, 0x0000, 0x0000, 0x0000, 0x0000, 0x0000,
    0x0000, 0x0000, 0x0000, 0x0000, 0x0000, 0x0000, 0x0000, 0x0000, 0x0000, 0x0000, 0x0000, 0x0000, 0x0000, 0x0000, 0x0001, 0x0802,
    0x0001, 0x0000, 0x0000, 0x0000, 0x0000, 0x0000, 0x0000, 0x0000, 0x0000, 0x0000, 0x0000, 0x0000, 0x0000, 0x0000, 0x0000, 0x0000,
    0x0000, 0x0000, 0x0000, 0x0000, 0x0000, 0x0000, 0x0001, 0x0802, 0x0802, 0x0001, 0x0000, 0x0000, 0x0000, 0x0000, 0x0000, 0x0000,
    0x0000, 0x0000, 0x0000, 0x0000, 0x0000, 0x0000, 0x0000, 0x0000, 0x0000, 0x0000, 0x0000, 0x0001, 0x0803, 0x0803, 0x0001, 0x0000,
    0x1807, 0x1807, 0x1806, 0x1806, 0x1806, 0x1806, 0x1806, 0x1806, 0x1806, 0x1806, 0x1806, 0x1806, 0x1806, 0x1806, 0x1806, 0x1806,
    0x0802, 0x0001, 0x0803, 0x0802, 0x0001, 0x0001, 0x0001, 0x0001, 0x0001, 0x0001, 0x0001, 0x0001, 0x0001, 0x0001, 0x0001, 0x0001,
    0x0001, 0x0001, 0x0001, 0x0802, 0x0801, 0x0802, 0x0802, 0x0802, 0x0802, 0x0802, 0x0802, 0x0803, 0x0802, 0x0803, 0x0802, 0x1005,
    0x0803, 0x0000, 0x0000, 0x0001, 0x0001, 0x0000, 0x0000, 0x0000, 0x0000, 0x0001, 0x0001, 0x0801, 0x0802, 0x0802, 0x0803, 0x0803,
    0x1004, 0x1004, 0x1004, 0x1004, 0x1004, 0x1004, 0x1005, 0x2007, 0x1806, 0x1004, 0x1004, 0x1004, 0x1004, 0x1004, 0x1004, 0x1005,
    0x1005, 0x1805, 0x1806, 0x1806, 0x1806, 0x2006, 0x2007, 0x2007, 0x2007, 0x2007, 0x2007, 0x2007, 0x300B, 0x300D, 0x2007, 0x2008,
    0x2008, 0x2008, 0x2808, 0x2008, 0x2008, 0x2008, 0x2008, 0x2008, 0x2008, 0x2008, 0x2008, 0x2808, 0x2808, 0x2808, 0x2008, 0x2008,
    0x2008, 0x2808, 0x2808, 0x2808, 0x2008, 0x2007, 0x280A, 0x5833, 0x300B, 0x2809, 0x2809, 0x2809, 0x2809, 0x300A, 0x300A, 0x300A,
    0x300A, 0x300A, 0x300A, 0x380B, 0x380C, 0x400D, 0x400D, 0x380D, 0x380D, 0x380D, 0x380C, 0x380C, 0x380A, 0x60F3, 0x68D6, 0x400E,
    0x5030, 0x482F, 0x400D, 0x380D, 0x380C, 0x380C, 0x380D, 0x400D, 0x380D, 0x380C, 0x300C, 0x300B, 0x380B, 0x400C, 0x40B0, 0x5197,
    0x382D, 0x382D, 0x382D, 0x382E, 0x404E, 0x404F, 0x404F, 0x386F, 0x308E, 0x388E, 0x308E, 0x28CF, 0x38B0, 0x5031, 0x482F, 0x48F2,
    0x5196, 0x300A, 0x302C, 0x380C, 0x300C, 0x380D, 0x380D, 0x380D, 0x380C, 0x380C, 0x380C, 0x300B, 0x300A, 0x300A, 0x2809, 0x2809,
    0x2809, 0x2809, 0x2809, 0x2809, 0x2808, 0x2008, 0x2008, 0x5093, 0x384C, 0x2008, 0x2808, 0x2809, 0x2809, 0x2809, 0x2809, 0x2809,
    0x2808, 0x2808, 0x2808, 0x2809, 0x2808, 0x2808, 0x2008, 0x2008, 0x2008, 0x2008, 0x2808, 0x2008, 0x2007, 0x2007, 0x2007, 0x2007,
    0x1807, 0x2008, 0x382E, 0x2809, 0x2007, 0x2008, 0x2007, 0x2007, 0x2007, 0x2007, 0x2006, 0x1806, 0x1806, 0x1806, 0x1805, 0x1805,
    0x1805, 0x1805, 0x1004, 0x1004, 0x1004, 0x1004, 0x1004, 0x2007, 0x1806, 0x1004, 0x1004, 0x1004, 0x1004, 0x1004, 0x1004, 0x0803,
    0x0802, 0x0802, 0x0802, 0x0802, 0x0802, 0x0802, 0x0802, 0x0802, 0x0803, 0x1003, 0x1003, 0x1003, 0x1003, 0x1003, 0x0803, 0x1004,
    0x1805, 0x1003, 0x1003, 0x1003, 0x1003, 0x1004, 0x1003, 0x1003, 0x0803, 0x0802, 0x0803, 0x0802, 0x0001, 0x0001, 0x0001, 0x0001,
    0x0001, 0x0001, 0x0001, 0x0001, 0x0001, 0x0001, 0x0001, 0x0001, 0x0801, 0x0803, 0x0802, 0x0803, 0x1004, 0x1005, 0x1806, 0x1806,
    0x1806, 0x1806, 0x1806, 0x1806, 0x1806, 0x1806, 0x1806, 0x1805, 0x1805, 0x1805, 0x1805, 0x1005, 0x1005, 0x1806, 0x2809, 0x1807,
    0x0803, 0x0803, 0x0802, 0x0802, 0x0802, 0x0802, 0x0802, 0x0802, 0x0802, 0x0802, 0x0802, 0x0802, 0x0802, 0x0802, 0x0803, 0x0803,
    0x0001, 0x0000, 0x0000, 0x0000, 0x0000, 0x0000, 0x0000, 0x0000, 0x0000, 0x0000, 0x0000, 0x0000, 0x0000, 0x0000, 0x0000, 0x0000,
    0x0000, 0x0000, 0x0000, 0x0000, 0x0000, 0x0000, 0x0000, 0x0001, 0x0001, 0x0001, 0x0000, 0x0001, 0x0802, 0x1004, 0x0001, 0x0000,
    0x0000, 0x0000, 0x0000, 0x0000, 0x0000, 0x0000, 0x0000, 0x0000, 0x0000, 0x0000, 0x0000, 0x0000, 0x0000, 0x0001, 0x0001, 0x0001,
    0x0001, 0x0801, 0x0801, 0x0801, 0x0801, 0x1004, 0x1005, 0x0001, 0x0801, 0x0802, 0x0802, 0x0802, 0x0801, 0x0802, 0x0802, 0x0802,
    0x0802, 0x0802, 0x0802, 0x0802, 0x0802, 0x0802, 0x0803, 0x0803, 0x0803, 0x0803, 0x1003, 0x300D, 0x1807, 0x0802, 0x1003, 0x1003,
    0x1003, 0x1003, 0x1003, 0x1003, 0x1003, 0x1003, 0x1003, 0x1003, 0x1003, 0x1003, 0x1003, 0x1003, 0x1003, 0x1003, 0x1003, 0x1003,
    0x1003, 0x1003, 0x1003, 0x1003, 0x1003, 0x0803, 0x4830, 0x1806, 0x1004, 0x1004, 0x1004, 0x1004, 0x1004, 0x1004, 0x1004, 0x1004,
    0x1004, 0x1004, 0x1004, 0x1805, 0x1806, 0x2007, 0x2007, 0x2007, 0x2007, 0x2007, 0x2808, 0x300A, 0x2808, 0x7957, 0x488F, 0x300A,
    0x300B, 0x300B, 0x300B, 0x280A, 0x2809, 0x2008, 0x2809, 0x300A, 0x300B, 0x300B, 0x300B, 0x280A, 0x2809, 0x2808, 0x406E, 0x6958,
    0x280A, 0x280A, 0x2809, 0x2809, 0x280A, 0x302B, 0x300C, 0x302C, 0x284B, 0x304B, 0x284B, 0x206B, 0x284B, 0x302B, 0x300A, 0x286A,
    0x61F9, 0x302B, 0x280A, 0x2008, 0x2007, 0x1807, 0x1807, 0x1807, 0x1807, 0x1806, 0x1805, 0x1004, 0x1004, 0x1004, 0x1004, 0x1004,
    0x1004, 0x1004, 0x1004, 0x1004, 0x1004, 0x1003, 0x1003, 0x1826, 0x4872, 0x1004, 0x1004, 0x1004, 0x1004, 0x1004, 0x1004, 0x1004,
    0x1003, 0x1003, 0x1003, 0x1003, 0x1003, 0x1003, 0x1003, 0x1003, 0x1003, 0x1003, 0x1003, 0x1003, 0x1003, 0x0803, 0x0803, 0x0803,
    0x0803, 0x0803, 0x0802, 0x280A, 0x2009, 0x0802, 0x0803, 0x0803, 0x0803, 0x0803, 0x0802, 0x0802, 0x0802, 0x0802, 0x0802, 0x0802,
    0x0802, 0x0802, 0x0802, 0x0801, 0x0801, 0x0801, 0x0802, 0x0001, 0x0802, 0x1806, 0x0803, 0x0001, 0x0801, 0x0001, 0x0801, 0x0001,
    0x0001, 0x0001, 0x0001, 0x0001, 0x0001, 0x0001, 0x0001, 0x0001, 0x0001, 0x0001, 0x0001, 0x0801, 0x0001, 0x0001, 0x0001, 0x0001,
    0x0001, 0x0801, 0x0802, 0x0002, 0x0001, 0x0001, 0x0001, 0x0001, 0x0001, 0x0001, 0x0001, 0x0001, 0x0000, 0x0000, 0x0000, 0x0000,
    0x0000, 0x0000, 0x0000, 0x0000, 0x0000, 0x0000, 0x0000, 0x0000, 0x0000, 0x0000, 0x0000, 0x0802, 0x0802, 0x0802, 0x0802, 0x0802,
    0x0802, 0x0802, 0x0802, 0x0802, 0x0802, 0x0802, 0x0802, 0x0802, 0x0802, 0x0802, 0x0802, 0x0802, 0x0802, 0x0802, 0x0802, 0x0802,
    0x0000, 0x0000, 0x0000, 0x0000, 0x0000, 0x0000, 0x0000, 0x0000, 0x0000, 0x0000, 0x0000, 0x0000, 0x0000, 0x0001, 0x0000, 0x0000,
    0x0000, 0x0000, 0x0000, 0x0000, 0x0000, 0x0000, 0x0000, 0x0000, 0x0000, 0x0000, 0x0000, 0x0000, 0x0000, 0x0000, 0x0000, 0x0000,
    0x0000, 0x0000, 0x0000, 0x0000, 0x0000, 0x0000, 0x0000, 0x0000, 0x0000, 0x0000, 0x0001, 0x0802, 0x0802, 0x0000, 0x0000, 0x0000,
    0x0000, 0x0000, 0x0000, 0x0000, 0x0000, 0x0000, 0x0000, 0x0000, 0x0000, 0x0000, 0x0000, 0x0000, 0x0000, 0x0000, 0x0000, 0x0000,
    0x0000, 0x0000, 0x0000, 0x0000, 0x0803, 0x0802, 0x0000, 0x0000, 0x0000, 0x0000, 0x0000, 0x0000, 0x0000, 0x0000, 0x0000, 0x0000,
    0x0000, 0x0000, 0x0000, 0x0000, 0x0000, 0x0000, 0x0000, 0x0000, 0x0000, 0x0000, 0x2009, 0x1805, 0x0000, 0x0000, 0x0000, 0x0000,
    0x0000, 0x0000, 0x0000, 0x0000, 0x0000, 0x0000, 0x0000, 0x0000, 0x0000, 0x0000, 0x0000, 0x0000, 0x0000, 0x0000, 0x0000, 0x0000,
    0x0000, 0x0000, 0x0000, 0x0000, 0x0000, 0x2027, 0x384D, 0x0000, 0x0000, 0x0000, 0x0000, 0x0000, 0x0000, 0x0000, 0x0000, 0x0000,
    0x0000, 0x0000, 0x0000, 0x0000, 0x0001, 0x0002, 0x0802, 0x0802, 0x0803, 0x1004, 0x1806, 0x2007, 0x2808, 0x6936, 0x282A, 0x2007,
    0x2007, 0x2007, 0x2007, 0x2008, 0x2008, 0x2808, 0x2808, 0x2809, 0x300A, 0x300A, 0x300A, 0x300A, 0x3009, 0x2007, 0x382C, 0x6896,
    0x2809, 0x300A, 0x300A, 0x2809, 0x2809, 0x2809, 0x3009, 0x300A, 0x300A, 0x300A, 0x300A, 0x300A, 0x2809, 0x2007, 0x2007, 0x1805,
    0x5975, 0x408E, 0x1807, 0x1807, 0x1005, 0x0803, 0x0803, 0x0002, 0x0002, 0x0001, 0x0000, 0x0000, 0x0000, 0x0000, 0x0000, 0x0000,
    0x0000, 0x0000, 0x0000, 0x0000, 0x0000, 0x0000, 0x0000, 0x0000, 0x304C, 0x284A, 0x0000, 0x0000, 0x0000, 0x0000, 0x0000, 0x0000,
    0x0000, 0x0000, 0x0000, 0x0000, 0x0000, 0x0000, 0x0000, 0x0000, 0x0000, 0x0000, 0x0000, 0x0000, 0x0000, 0x0000, 0x0000, 0x0000,
    0x0000, 0x0000, 0x0000, 0x0000, 0x1807, 0x1004, 0x0000, 0x0000, 0x0000, 0x0000, 0x0000, 0x0000, 0x0000, 0x0000, 0x0000, 0x0000,
    0x0000, 0x0000, 0x0000, 0x0000, 0x0000, 0x0000, 0x0000, 0x0000, 0x0000, 0x0000, 0x1004, 0x0802, 0x0000, 0x0000, 0x0000, 0x0000,
    0x0000, 0x0000, 0x0000, 0x0000, 0x0000, 0x0000, 0x0000, 0x0000, 0x0000, 0x0000, 0x0000, 0x0000, 0x0000, 0x0000, 0x0000, 0x0000,
    0x0000, 0x0000, 0x0000, 0x0000, 0x0000, 0x0000, 0x0000, 0x0000, 0x0000, 0x0000, 0x0000, 0x0000, 0x0000, 0x0000, 0x0000, 0x0000,
    0x0000, 0x0000, 0x0000, 0x0000, 0x0000, 0x0000, 0x0000, 0x0000, 0x0000, 0x0000, 0x0000, 0x0000, 0x0000, 0x0000, 0x0000, 0x0000,
    0x0000, 0x0000, 0x0000, 0x0000, 0x0000, 0x0000, 0x0000, 0x0000, 0x0000, 0x0000, 0x0000, 0x0000, 0x0000, 0x0000, 0x0000, 0x0000,
    0x0000, 0x0000, 0x0000, 0x0000, 0x0000, 0x0000, 0x0000, 0x0000, 0x0000, 0x0000, 0x0001, 0x0001, 0x0001, 0x0000, 0x0000, 0x0000,
    0x0000, 0x0000, 0x0000, 0x0000, 0x0000, 0x0000, 0x0000, 0x0000, 0x0000, 0x0000, 0x0000, 0x0000, 0x0000, 0x0000, 0x0000, 0x0000,
    0x0000, 0x0000, 0x0000, 0x0000, 0x0000, 0x0000, 0x0000, 0x0000, 0x0000, 0x0802, 0x0803, 0x0001, 0x0000, 0x0000, 0x0000, 0x0000,
    0x0000, 0x0000, 0x0000, 0x0000, 0x0000, 0x0000, 0x0000, 0x0000, 0x0000, 0x0000, 0x0000, 0x0000, 0x0000, 0x0000, 0x0000, 0x0000,
    0x0000, 0x0000, 0x0001, 0x1004, 0x0802, 0x0000, 0x0000, 0x0000, 0x0000, 0x0000, 0x0000, 0x0000, 0x0000, 0x0000, 0x0000, 0x0000,
    0x0000, 0x0000, 0x0000, 0x0000, 0x0000, 0x0000, 0x0000, 0x0000, 0x0000, 0x2009, 0x1805, 0x0000, 0x0000, 0x0000, 0x0000, 0x0000,
    0x0000, 0x0000, 0x0000, 0x0000, 0x0000, 0x0000, 0x0000, 0x0000, 0x0000, 0x0000, 0x0000, 0x0000, 0x0000, 0x0000, 0x0000, 0x0000,
    0x0000, 0x0000, 0x0000, 0x0000, 0x0001, 0x4891, 0x1003, 0x0000, 0x0000, 0x0000, 0x0000, 0x0000, 0x0000, 0x0000, 0x0000, 0x0000,
    0x0000, 0x0000, 0x0000, 0x0001, 0x0802, 0x0802, 0x0803, 0x1004, 0x1805, 0x1806, 0x2007, 0x2007, 0x306B, 0x6177, 0x2808, 0x2809,
    0x2808, 0x2808, 0x3009, 0x380B, 0x400C, 0x480D, 0x480D, 0x400C, 0x400B, 0x400B, 0x400B, 0x400C, 0x400C, 0x380B, 0x482E, 0x7096,
    0x380B, 0x400D, 0x480D, 0x400D, 0x400C, 0x380C, 0x380C, 0x400C, 0x400C, 0x400D, 0x400D, 0x380C, 0x300B, 0x300A, 0x300A, 0x2007,
    0x4913, 0x48F2, 0x1806, 0x2009, 0x1807, 0x1005, 0x1004, 0x0803, 0x0802, 0x0001, 0x0001, 0x0000, 0x0000, 0x0000, 0x0000, 0x0000,
    0x0000, 0x0000, 0x0000, 0x0000, 0x0000, 0x0000, 0x0000, 0x0000, 0x0802, 0x4871, 0x0802, 0x0000, 0x0000, 0x0000, 0x0000, 0x0000,
    0x0000, 0x0000, 0x0000, 0x0000, 0x0000, 0x0000, 0x0000, 0x0000, 0x0000, 0x0000, 0x0000, 0x0000, 0x0000, 0x0000, 0x0000, 0x0000,
    0x0000, 0x0000, 0x0000, 0x0000, 0x0000, 0x2008, 0x1805, 0x0000, 0x0000, 0x0000, 0x0000, 0x0000, 0x0000, 0x0000, 0x0000, 0x0000,
    0x0000, 0x0000, 0x0000, 0x0000, 0x0000, 0x0000, 0x0000, 0x0000, 0x0000, 0x0000, 0x0000, 0x1004, 0x1004, 0x0000, 0x0000, 0x0000,
    0x0000, 0x0000, 0x0000, 0x0000, 0x0000, 0x0000, 0x0000, 0x0000, 0x0000, 0x0000, 0x0000, 0x0000, 0x0000, 0x0000, 0x0000, 0x0000,
    0x0000, 0x0000, 0x0000, 0x0000, 0x0000, 0x0000, 0x0000, 0x0000, 0x0000, 0x0000, 0x0000, 0x0000, 0x0000, 0x0000, 0x0000, 0x0000,
    0x0000, 0x0000, 0x0000, 0x0000, 0x0000, 0x0000, 0x0000, 0x0000, 0x0000, 0x0000, 0x0000, 0x0000, 0x0000, 0x0000, 0x0000, 0x0001,
    0x0001, 0x0001, 0x0000, 0x0000, 0x0000, 0x0000, 0x0000, 0x0000, 0x0000, 0x0000, 0x0000, 0x0000, 0x0000, 0x0000, 0x0000, 0x0000,
    0x0000, 0x0000, 0x0000, 0x0000, 0x0000, 0x0000, 0x0000, 0x0000, 0x0001, 0x0001, 0x0000, 0x0000, 0x0000, 0x0000, 0x0000, 0x0000,
    0x0000, 0x0000, 0x0000, 0x0000, 0x0000, 0x0000, 0x0000, 0x0000, 0x0000, 0x0000, 0x0000, 0x0000, 0x0000, 0x0000, 0x0000, 0x0000,
    0x0000, 0x0000, 0x0000, 0x0000, 0x0000, 0x0000, 0x0000, 0x0802, 0x0802, 0x0001, 0x0000, 0x0000, 0x0000, 0x0000, 0x0000, 0x0000,
    0x0000, 0x0000, 0x0000, 0x0000, 0x0000, 0x0000, 0x0000, 0x0000, 0x0000, 0x0000, 0x0000, 0x0000, 0x0000, 0x0000, 0x0000, 0x0000,
    0x0000, 0x0802, 0x1004, 0x0001, 0x0000, 0x0000, 0x0000, 0x0000, 0x0000, 0x0000, 0x0000, 0x0000, 0x0000, 0x0000, 0x0000, 0x0000,
    0x0000, 0x0000, 0x0000, 0x0000, 0x0000, 0x0000, 0x0000, 0x0000, 0x280A, 0x1005, 0x0000, 0x0000, 0x0000, 0x0000, 0x0000, 0x0000,
    0x0000, 0x0000, 0x0000, 0x0000, 0x0000, 0x0000, 0x0000, 0x0000, 0x0000, 0x0000, 0x0000, 0x0000, 0x0000, 0x0000, 0x0000, 0x0000,
    0x0000, 0x0000, 0x0000, 0x0000, 0x286A, 0x284B, 0x0000, 0x0000, 0x0000, 0x0000, 0x0000, 0x0000, 0x0000, 0x0000, 0x0000, 0x0000,
    0x0000, 0x0000, 0x0000, 0x0000, 0x0001, 0x0001, 0x0001, 0x1003, 0x1005, 0x1806, 0x2007, 0x1004, 0x390E, 0x4110, 0x1003, 0x2006,
    0x2006, 0x1806, 0x2006, 0x2007, 0x2808, 0x3009, 0x3009, 0x3009, 0x2808, 0x2807, 0x2808, 0x2808, 0x3009, 0x2808, 0x404D, 0x6916,
    0x2007, 0x2808, 0x3009, 0x3009, 0x2809, 0x2808, 0x2808, 0x2808, 0x2809, 0x2808, 0x2808, 0x2007, 0x2007, 0x2008, 0x2008, 0x1005,
    0x2889, 0x6174, 0x1004, 0x1807, 0x1806, 0x1005, 0x1004, 0x0802, 0x0001, 0x0001, 0x0001, 0x0000, 0x0000, 0x0000, 0x0000, 0x0000,
    0x0000, 0x0000, 0x0000, 0x0000, 0x0000, 0x0000, 0x0000, 0x0000, 0x0000, 0x2048, 0x306B, 0x0000, 0x0000, 0x0000, 0x0000, 0x0000,
    0x0000, 0x0000, 0x0000, 0x0000, 0x0000, 0x0000, 0x0000, 0x0000, 0x0000, 0x0000, 0x0000, 0x0000, 0x0000, 0x0000, 0x0000, 0x0000,
    0x0000, 0x0000, 0x0000, 0x0000, 0x0000, 0x0000, 0x2008, 0x1806, 0x0000, 0x0000, 0x0000, 0x0000, 0x0000, 0x0000, 0x0000, 0x0000,
    0x0000, 0x0000, 0x0000, 0x0000, 0x0000, 0x0000, 0x0000, 0x0000, 0x0000, 0x0000, 0x0000, 0x0000, 0x0803, 0x1004, 0x0000, 0x0000,
    0x0000, 0x0000, 0x0000, 0x0000, 0x0000, 0x0000, 0x0000, 0x0000, 0x0000, 0x0000, 0x0000, 0x0000, 0x0000, 0x0000, 0x0000, 0x0000,
    0x0000, 0x0000, 0x0000, 0x0000, 0x0000, 0x0000, 0x0000, 0x0000, 0x0000, 0x0000, 0x0000, 0x0000, 0x0000, 0x0000, 0x0000, 0x0000,
    0x0000, 0x0000, 0x0000, 0x0000, 0x0000, 0x0000, 0x0000, 0x0000, 0x0000, 0x0000, 0x0000, 0x0000, 0x0000, 0x0000, 0x0000, 0x0000,
    0x0000, 0x0001, 0x0802, 0x0001, 0x0000, 0x0000, 0x0000, 0x0000, 0x0000, 0x0000, 0x0000, 0x0000, 0x0000, 0x0000, 0x0000, 0x0000,
    0x0000, 0x0000, 0x0000, 0x0000, 0x0000, 0x0001, 0x0802, 0x0802, 0x0000, 0x0000, 0x0000, 0x0000, 0x0000, 0x0000, 0x0000, 0x0000,
    0x0000, 0x0000, 0x0000, 0x0000, 0x0000, 0x0000, 0x0000, 0x0000, 0x0000, 0x0000, 0x0000, 0x0000, 0x0000, 0x0000, 0x0000, 0x0000,
    0x0000, 0x0000, 0x0000, 0x0000, 0x0000, 0x0001, 0x0803, 0x0802, 0x0000, 0x0000, 0x0000, 0x0000, 0x0000, 0x0000, 0x0000, 0x0000,
    0x0000, 0x0000, 0x0000, 0x0000, 0x0000, 0x0000, 0x0000, 0x0000, 0x0000, 0x0000, 0x0000, 0x0000, 0x0000, 0x0000, 0x0000, 0x0000,
    0x0803, 0x0803, 0x0000, 0x0000, 0x0000, 0x0000, 0x0000, 0x0000, 0x0000, 0x0000, 0x0000, 0x0000, 0x0000, 0x0000, 0x0000, 0x0000,
    0x0000, 0x0000, 0x0000, 0x0000, 0x0000, 0x0000, 0x0000, 0x2009, 0x1005, 0x0000, 0x0000, 0x0000, 0x0000, 0x0000, 0x0000, 0x0000,
    0x0000, 0x0000, 0x0000, 0x0000, 0x0000, 0x0000, 0x0000, 0x0000, 0x0000, 0x0000, 0x0000, 0x0000, 0x0000, 0x0000, 0x0000, 0x0000,
    0x0000, 0x0000, 0x0000, 0x0802, 0x388F, 0x0002, 0x0000, 0x0000, 0x0000, 0x0000, 0x0000, 0x0000, 0x0000, 0x0000, 0x0000, 0x0000,
    0x0000, 0x0000, 0x0000, 0x0000, 0x0001, 0x0002, 0x0802, 0x0803, 0x1004, 0x1005, 0x1807, 0x1004, 0x41D4, 0x290C, 0x1804, 0x2007,
    0x2808, 0x3009, 0x380A, 0x300A, 0x300A, 0x3009, 0x3009, 0x300A, 0x300A, 0x3009, 0x3009, 0x3009, 0x3009, 0x3009, 0x504E, 0x8158,
    0x3009, 0x3009, 0x3009, 0x300A, 0x300A, 0x380B, 0x380B, 0x380B, 0x300A, 0x3009, 0x2809, 0x2809, 0x2809, 0x300A, 0x2809, 0x2007,
    0x2807, 0x6236, 0x2068, 0x1807, 0x1806, 0x1806, 0x1004, 0x0802, 0x0002, 0x0001, 0x0000, 0x0000, 0x0000, 0x0000, 0x0000, 0x0000,
    0x0000, 0x0000, 0x0000, 0x0000, 0x0000, 0x0000, 0x0000, 0x0000, 0x0000, 0x0000, 0x38CF, 0x1045, 0x0000, 0x0000, 0x0000, 0x0000,
    0x0000, 0x0000, 0x0000, 0x0000, 0x0000, 0x0000, 0x0000, 0x0000, 0x0000, 0x0000, 0x0000, 0x0000, 0x0000, 0x0000, 0x0000, 0x0000,
    0x0000, 0x0000, 0x0000, 0x0000, 0x0000, 0x0000, 0x0000, 0x2009, 0x1806, 0x0000, 0x0000, 0x0000, 0x0000, 0x0000, 0x0000, 0x0000,
    0x0000, 0x0000, 0x0000, 0x0000, 0x0000, 0x0000, 0x0000, 0x0000, 0x0000, 0x0000, 0x0000, 0x0000, 0x0000, 0x0001, 0x1004, 0x0001,
    0x0000, 0x0000, 0x0000, 0x0000, 0x0000, 0x0000, 0x0000, 0x0000, 0x0000, 0x0000, 0x0000, 0x0000, 0x0000, 0x0000, 0x0000, 0x0000,
    0x0000, 0x0000, 0x0000, 0x0000, 0x0000, 0x0000, 0x0000, 0x0000, 0x0001, 0x0001, 0x0000, 0x0000, 0x0000, 0x0000, 0x0000, 0x0000,
    0x0000, 0x0000, 0x0000, 0x0000, 0x0000, 0x0000, 0x0000, 0x0000, 0x0000, 0x0000, 0x0000, 0x0000, 0x0000, 0x0000, 0x0000, 0x0000,
    0x0000, 0x0000, 0x0000, 0x0001, 0x0802, 0x0802, 0x0000, 0x0000, 0x0000, 0x0000, 0x0000, 0x0000, 0x0000, 0x0000, 0x0000, 0x0000,
    0x0000, 0x0000, 0x0000, 0x0001, 0x0802, 0x0802, 0x0000, 0x0000, 0x0000, 0x0000, 0x0000, 0x0000, 0x0000, 0x0000, 0x0000, 0x0000,
    0x0000, 0x0000, 0x0000, 0x0000, 0x0000, 0x0000, 0x0000, 0x0000, 0x0000, 0x0000, 0x0000, 0x0000, 0x0000, 0x0000, 0x0000, 0x0000,
    0x0000, 0x0000, 0x0000, 0x0000, 0x0802, 0x0802, 0x0000, 0x0000, 0x0000, 0x0000, 0x0000, 0x0000, 0x0000, 0x0000, 0x0000, 0x0000,
    0x0000, 0x0000, 0x0000, 0x0000, 0x0000, 0x0000, 0x0000, 0x0000, 0x0000, 0x0000, 0x0000, 0x0000, 0x0000, 0x0000, 0x0000, 0x0804,
    0x0802, 0x0000, 0x0000, 0x0000, 0x0000, 0x0000, 0x0000, 0x0000, 0x0000, 0x0000, 0x0000, 0x0000, 0x0000, 0x0000, 0x0000, 0x0000,
    0x0000, 0x0000, 0x0000, 0x0000, 0x0000, 0x0001, 0x2009, 0x1004, 0x0000, 0x0000, 0x0000, 0x0000, 0x0000, 0x0000, 0x0000, 0x0000,
    0x0000, 0x0000, 0x0000, 0x0000, 0x0000, 0x0000, 0x0000, 0x0000, 0x0000, 0x0000, 0x0000, 0x0000, 0x0000, 0x0000, 0x0000, 0x0000,
    0x0000, 0x0000, 0x0000, 0x308C, 0x2069, 0x0000, 0x0000, 0x0000, 0x0000, 0x0000, 0x0000, 0x0000, 0x0000, 0x0000, 0x0000, 0x0000,
    0x0000, 0x0000, 0x0000, 0x0000, 0x0001, 0x0802, 0x0803, 0x0803, 0x1004, 0x1005, 0x1806, 0x2026, 0x5216, 0x2869, 0x2006, 0x2807,
    0x2808, 0x300A, 0x400B, 0x400B, 0x400B, 0x400B, 0x400B, 0x400B, 0x400C, 0x400C, 0x400B, 0x400B, 0x400B, 0x380A, 0x5870, 0x9178,
    0x400C, 0x400C, 0x380B, 0x400B, 0x400C, 0x400C, 0x400C, 0x400C, 0x400C, 0x380B, 0x380B, 0x380B, 0x300A, 0x2809, 0x2809, 0x2809,
    0x2808, 0x4A75, 0x310D, 0x2007, 0x1806, 0x1004, 0x0803, 0x0803, 0x0802, 0x0001, 0x0001, 0x0000, 0x0000, 0x0000, 0x0000, 0x0000,
    0x0000, 0x0000, 0x0000, 0x0000, 0x0000, 0x0000, 0x0000, 0x0000, 0x0000, 0x0000, 0x1846, 0x38CE, 0x0000, 0x0000, 0x0000, 0x0000,
    0x0000, 0x0000, 0x0000, 0x0000, 0x0000, 0x0000, 0x0000, 0x0000, 0x0000, 0x0000, 0x0000, 0x0000, 0x0000, 0x0000, 0x0000, 0x0000,
    0x0000, 0x0000, 0x0000, 0x0000, 0x0000, 0x0000, 0x0000, 0x0000, 0x2008, 0x1806, 0x0000, 0x0000, 0x0000, 0x0000, 0x0000, 0x0000,
    0x0000, 0x0000, 0x0000, 0x0000, 0x0000, 0x0000, 0x0000, 0x0000, 0x0000, 0x0000, 0x0000, 0x0000, 0x0000, 0x0000, 0x0000, 0x0803,
    0x0802, 0x0000, 0x0000, 0x0000, 0x0000, 0x0000, 0x0000, 0x0000, 0x0000, 0x0000, 0x0000, 0x0000, 0x0000, 0x0000, 0x0000, 0x0000,
    0x0000, 0x0000, 0x0000, 0x0000, 0x0000, 0x0000, 0x0000, 0x0000, 0x0000, 0x0000, 0x0001, 0x0001, 0x0000, 0x0000, 0x0000, 0x0000,
    0x0000, 0x0000, 0x0000, 0x0000, 0x0000, 0x0000, 0x0000, 0x0000, 0x0000, 0x0000, 0x0000, 0x0000, 0x0000, 0x0000, 0x0000, 0x0000,
    0x0000, 0x0000, 0x0000, 0x0000, 0x0000, 0x0001, 0x0802, 0x0803, 0x0001, 0x0000, 0x0000, 0x0000, 0x0000, 0x0000, 0x0000, 0x0000,
    0x0000, 0x0802, 0x0804, 0x0803, 0x0001, 0x0000, 0x0000, 0x0000, 0x0000, 0x0000, 0x0000, 0x0000, 0x0000, 0x0000, 0x0000, 0x0000,
    0x0000, 0x0000, 0x0000, 0x0000, 0x0000, 0x0000, 0x0000, 0x0000, 0x0000, 0x0000, 0x0000, 0x0000, 0x0000, 0x0000, 0x0000, 0x0000,
    0x0000, 0x0000, 0x0802, 0x0803, 0x0001, 0x0000, 0x0000, 0x0000, 0x0000, 0x0000, 0x0000, 0x0000, 0x0000, 0x0000, 0x0000, 0x0000,
    0x0000, 0x0000, 0x0000, 0x0000, 0x0000, 0x0000, 0x0000, 0x0000, 0x0000, 0x0000, 0x0000, 0x0000, 0x0000, 0x0001, 0x0804, 0x0001,
    0x0000, 0x0000, 0x0000, 0x0000, 0x0000, 0x0000, 0x0000, 0x0000, 0x0000, 0x0000, 0x0000, 0x0000, 0x0000, 0x0000, 0x0000, 0x0000,
    0x0000, 0x0000, 0x0000, 0x0000, 0x0001, 0x200A, 0x1004, 0x0000, 0x0000, 0x0000, 0x0000, 0x0000, 0x0000, 0x0000, 0x0000, 0x0000,
    0x0000, 0x0000, 0x0000, 0x0000, 0x0000, 0x0000, 0x0000, 0x0000, 0x0000, 0x0000, 0x0000, 0x0000, 0x0000, 0x0000, 0x0000, 0x0000,
    0x0000, 0x0000, 0x1045, 0x40F0, 0x0000, 0x0000, 0x0000, 0x0000, 0x0000, 0x0000, 0x0000, 0x0000, 0x0000, 0x0000, 0x0000, 0x0000,
    0x0000, 0x0000, 0x0000, 0x0000, 0x0000, 0x0001, 0x0001, 0x0001, 0x0001, 0x0002, 0x0802, 0x2067, 0x5A35, 0x2006, 0x2007, 0x2007,
    0x1806, 0x2007, 0x3009, 0x2809, 0x3009, 0x3009, 0x3009, 0x380A, 0x380A, 0x380A, 0x380A, 0x380A, 0x380A, 0x3008, 0x488E, 0x79D9,
    0x3009, 0x380A, 0x380A, 0x380A, 0x380B, 0x380B, 0x380B, 0x380A, 0x380A, 0x380A, 0x380A, 0x300A, 0x2809, 0x2007, 0x2007, 0x2809,
    0x2007, 0x39F1, 0x31CF, 0x0803, 0x0803, 0x0001, 0x0001, 0x0001, 0x0001, 0x0000, 0x0000, 0x0000, 0x0000, 0x0000, 0x0000, 0x0000,
    0x0000, 0x0000, 0x0000, 0x0000, 0x0000, 0x0000, 0x0000, 0x0000, 0x0000, 0x0000, 0x0000, 0x30CD, 0x2089, 0x0000, 0x0000, 0x0000,
    0x0000, 0x0000, 0x0000, 0x0000, 0x0000, 0x0000, 0x0000, 0x0000, 0x0000, 0x0000, 0x0000, 0x0000, 0x0000, 0x0000, 0x0000, 0x0000,
    0x0000, 0x0000, 0x0000, 0x0000, 0x0000, 0x0000, 0x0000, 0x0000, 0x0000, 0x1806, 0x1005, 0x0000, 0x0000, 0x0000, 0x0000, 0x0000,
    0x0000, 0x0000, 0x0000, 0x0000, 0x0000, 0x0000, 0x0000, 0x0000, 0x0000, 0x0000, 0x0000, 0x0000, 0x0000, 0x0000, 0x0000, 0x0000,
    0x0803, 0x0802, 0x0000, 0x0000, 0x0000, 0x0000, 0x0000, 0x0000, 0x0000, 0x0000, 0x0000, 0x0000, 0x0000, 0x0000, 0x0000, 0x0000,
    0x0000, 0x0000, 0x0000, 0x0000, 0x0000, 0x0000, 0x0000, 0x0000, 0x0000, 0x0000, 0x0000, 0x0000, 0x0002, 0x0001, 0x0000, 0x0000,
    0x0000, 0x0000, 0x0000, 0x0000, 0x0000, 0x0000, 0x0000, 0x0000, 0x0000, 0x0000, 0x0000, 0x0000, 0x0000, 0x0000, 0x0000, 0x0000,
    0x0000, 0x0000, 0x0000, 0x0000, 0x0000, 0x0000, 0x0000, 0x0001, 0x0802, 0x0803, 0x0001, 0x0000, 0x0000, 0x0000, 0x0000, 0x0000,
    0x2008, 0x2009, 0x2008, 0x1806, 0x1806, 0x1806, 0x1806, 0x1806, 0x2007, 0x2007, 0x2007, 0x1806, 0x1805, 0x1805, 0x1805, 0x1805,
    0x1005, 0x1805, 0x1805, 0x1805, 0x1805, 0x1805, 0x1004, 0x1004, 0x1004, 0x1004, 0x1004, 0x1004, 0x1004, 0x1003, 0x0803, 0x1003,
    0x1003, 0x0802, 0x1004, 0x1805, 0x1003, 0x1004, 0x1805, 0x1806, 0x1806, 0x1806, 0x1806, 0x1805, 0x1805, 0x1805, 0x1805, 0x1805,
    0x1806, 0x1805, 0x1004, 0x1005, 0x1005, 0x1004, 0x1004, 0x1004, 0x1005, 0x1805, 0x1806, 0x1805, 0x1805, 0x1005, 0x1806, 0x1805,
    0x1806, 0x1806, 0x1806, 0x1806, 0x1806, 0x1806, 0x1806, 0x1805, 0x1805, 0x1806, 0x1807, 0x2007, 0x2007, 0x2007, 0x2007, 0x2007,
    0x2007, 0x2007, 0x2007, 0x1807, 0x200A, 0x280B, 0x1826, 0x2007, 0x1807, 0x1827, 0x1827, 0x1827, 0x2047, 0x2047, 0x2068, 0x2068,
    0x2088, 0x2088, 0x2088, 0x2088, 0x2088, 0x2088, 0x2088, 0x2088, 0x2088, 0x20A8, 0x20A8, 0x20A8, 0x20A8, 0x20A8, 0x20A8, 0x20A9,
    0x20A8, 0x18A7, 0x310F, 0x30EE, 0x1888, 0x20A9, 0x2088, 0x18A8, 0x18A8, 0x20A8, 0x20C9, 0x20C9, 0x20C9, 0x20C9, 0x20C9, 0x20C9,
    0x20C9, 0x20CA, 0x20CA, 0x28CA, 0x28AB, 0x30AC, 0x30AC, 0x30CD, 0x30AD, 0x406D, 0x406C, 0x41B3, 0x5278, 0x586F, 0x6051, 0x6872,
    0x6073, 0x6852, 0x6830, 0x6810, 0x6811, 0x7031, 0x7832, 0x7832, 0x7831, 0x7831, 0x7831, 0x8032, 0x8033, 0x8012, 0x70B5, 0x79FA,
    0x7051, 0x7853, 0x7854, 0x7854, 0x7874, 0x7853, 0x7853, 0x7853, 0x7874, 0x7874, 0x7073, 0x6851, 0x60B3, 0x6052, 0x6072, 0x60B2,
    0x6030, 0x5913, 0x3A14, 0x480D, 0x402D, 0x386D, 0x290D, 0x290E, 0x30EC, 0x28CC, 0x28CB, 0x28CB, 0x20CA, 0x20CA, 0x20EA, 0x20C9,
    0x20C9, 0x20C9, 0x20C9, 0x20C9, 0x20A9, 0x20A9, 0x20A9, 0x20A9, 0x2089, 0x20A9, 0x20A9, 0x28CC, 0x4953, 0x20A9, 0x20A8, 0x2088,
    0x20A8, 0x20A8, 0x18A8, 0x18A8, 0x1888, 0x2088, 0x2088, 0x20A8, 0x20A8, 0x2088, 0x2088, 0x2088, 0x2088, 0x2088, 0x2068, 0x2068,
    0x1867, 0x1847, 0x1847, 0x2047, 0x1827, 0x1806, 0x1806, 0x1805, 0x1005, 0x1005, 0x2809, 0x2007, 0x1806, 0x1806, 0x1806, 0x1806,
    0x1805, 0x1805, 0x1005, 0x1004, 0x1003, 0x1003, 0x1004, 0x1004, 0x1003, 0x0803, 0x0803, 0x1003, 0x1004, 0x1003, 0x0803, 0x0802,
    0x0001, 0x0803, 0x0803, 0x1003, 0x1003, 0x1004, 0x1004, 0x1805, 0x1805, 0x1805, 0x1005, 0x1004, 0x1004, 0x1004, 0x1004, 0x1004,
    0x1004, 0x1004, 0x1004, 0x1003, 0x1004, 0x1004, 0x1004, 0x1003, 0x1004, 0x1004, 0x1003, 0x0802, 0x0803, 0x0802, 0x0001, 0x1004,
    0x1004, 0x1004, 0x1005, 0x1005, 0x1004, 0x1004, 0x1005, 0x1805, 0x1805, 0x1805, 0x1805, 0x1806, 0x1806, 0x1806, 0x1806, 0x1806,
    0x1806, 0x1806, 0x1806, 0x1806, 0x1806, 0x1806, 0x1806, 0x1806, 0x1806, 0x1807, 0x1806, 0x1805, 0x1807, 0x1806, 0x1806, 0x1806,
    0x0803, 0x0000, 0x0000, 0x0000, 0x0000, 0x0000, 0x0000, 0x0000, 0x0000, 0x0000, 0x0000, 0x0802, 0x0802, 0x0802, 0x0001, 0x0802,
    0x0802, 0x0001, 0x0000, 0x0000, 0x0000, 0x0001, 0x0802, 0x0803, 0x0802, 0x0000, 0x0000, 0x0000, 0x0000, 0x0001, 0x0803, 0x0000,
    0x0802, 0x0802, 0x0001, 0x0000, 0x0802, 0x0001, 0x0000, 0x0000, 0x0000, 0x0000, 0x0000, 0x0000, 0x0000, 0x0000, 0x0000, 0x0000,
    0x0000, 0x0001, 0x0001, 0x0000, 0x0000, 0x0000, 0x0000, 0x0000, 0x0000, 0x0000, 0x0801, 0x1004, 0x0803, 0x0000, 0x0000, 0x0001,
    0x0000, 0x0000, 0x0000, 0x0000, 0x0000, 0x0000, 0x0001, 0x0001, 0x0001, 0x0001, 0x0001, 0x0001, 0x0001, 0x0001, 0x0001, 0x0001,
    0x0001, 0x0801, 0x0802, 0x280A, 0x1005, 0x0001, 0x0802, 0x0802, 0x0802, 0x0802, 0x0802, 0x0802, 0x0802, 0x0802, 0x0802, 0x0822,
    0x0822, 0x0822, 0x0822, 0x0822, 0x0822, 0x0822, 0x0822, 0x0822, 0x0822, 0x0822, 0x0822, 0x0822, 0x0822, 0x0822, 0x0822, 0x0843,
    0x0822, 0x18A8, 0x312D, 0x0021, 0x0823, 0x0822, 0x0822, 0x0822, 0x0822, 0x0822, 0x0822, 0x0843, 0x0843, 0x0843, 0x0843, 0x0843,
    0x0843, 0x0843, 0x0843, 0x0843, 0x1024, 0x1024, 0x1025, 0x1846, 0x2027, 0x2027, 0x2005, 0x31D1, 0x296F, 0x2828, 0x302A, 0x302A,
    0x302A, 0x2828, 0x2006, 0x2807, 0x2808, 0x3008, 0x3009, 0x3009, 0x3009, 0x3809, 0x380A, 0x400B, 0x400B, 0x3809, 0x408D, 0x69B7,
    0x3008, 0x382A, 0x402C, 0x382B, 0x382A, 0x3029, 0x3029, 0x382A, 0x3029, 0x2829, 0x3029, 0x3029, 0x284A, 0x302A, 0x302A, 0x2829,
    0x2807, 0x2068, 0x22D5, 0x2028, 0x2007, 0x1848, 0x1867, 0x1066, 0x1044, 0x0844, 0x0824, 0x0844, 0x0843, 0x0843, 0x0843, 0x0843,
    0x0843, 0x0843, 0x0843, 0x0843, 0x0843, 0x0823, 0x0823, 0x0823, 0x0823, 0x0823, 0x0823, 0x0822, 0x28CC, 0x28EC, 0x0822, 0x0823,
    0x0822, 0x0822, 0x0822, 0x0822, 0x0822, 0x0822, 0x0822, 0x0822, 0x0822, 0x0822, 0x0822, 0x0822, 0x0822, 0x0822, 0x0822, 0x0822,
    0x0822, 0x0802, 0x0802, 0x0802, 0x0802, 0x0802, 0x0802, 0x0001, 0x0001, 0x0001, 0x0000, 0x2007, 0x1807, 0x0001, 0x0001, 0x0001,
    0x0001, 0x0001, 0x0001, 0x0801, 0x0802, 0x0802, 0x0802, 0x0801, 0x1003, 0x1003, 0x0001, 0x0000, 0x0000, 0x0000, 0x0000, 0x0001,
    0x0803, 0x0000, 0x0000, 0x0802, 0x0803, 0x0000, 0x0000, 0x0000, 0x0000, 0x0000, 0x0000, 0x0000, 0x0000, 0x0000, 0x0000, 0x0000,
    0x0000, 0x0000, 0x0802, 0x0802, 0x0000, 0x0000, 0x0802, 0x0802, 0x0000, 0x0000, 0x0000, 0x0000, 0x0000, 0x0000, 0x0000, 0x0001,
    0x0801, 0x0803, 0x0000, 0x0000, 0x0802, 0x0802, 0x0000, 0x0000, 0x0000, 0x0000, 0x0000, 0x0000, 0x0000, 0x0000, 0x0000, 0x0000,
    0x0000, 0x0000, 0x0000, 0x0000, 0x0000, 0x0000, 0x0000, 0x0000, 0x0000, 0x0000, 0x0000, 0x0001, 0x1004, 0x1005, 0x1004, 0x0001,
    0x0000, 0x0000, 0x0000, 0x0000, 0x0000, 0x0000, 0x0000, 0x0000, 0x0000, 0x0000, 0x0000, 0x300B, 0x5834, 0x4830, 0x1004, 0x400D,
    0x4811, 0x1004, 0x402E, 0x0801, 0x404E, 0x2829, 0x5833, 0x402E, 0x280A, 0x0000, 0x0000, 0x0000, 0x0802, 0x402D, 0x5032, 0x2809,
    0x1825, 0x6034, 0x1806, 0x1806, 0x4811, 0x400F, 0x0802, 0x0000, 0x0801, 0x0000, 0x0000, 0x0000, 0x0000, 0x0000, 0x0000, 0x0000,
    0x0001, 0x5032, 0x1805, 0x0000, 0x0000, 0x0802, 0x300B, 0x0000, 0x0000, 0x4830, 0x2007, 0x0002, 0x0000, 0x0000, 0x0000, 0x0000,
    0x0000, 0x0000, 0x0000, 0x0000, 0x0000, 0x0000, 0x0000, 0x0000, 0x0000, 0x0000, 0x0000, 0x0000, 0x0000, 0x0000, 0x0000, 0x0000,
    0x0000, 0x0000, 0x2008, 0x1806, 0x0000, 0x0000, 0x0000, 0x0000, 0x0000, 0x0000, 0x0000, 0x0000, 0x0000, 0x0000, 0x0000, 0x0000,
    0x0000, 0x0000, 0x0000, 0x0000, 0x0000, 0x0000, 0x0000, 0x0000, 0x0000, 0x0000, 0x0000, 0x0000, 0x0000, 0x0000, 0x0000, 0x0000,
    0x0000, 0x312F, 0x1064, 0x0000, 0x0000, 0x0000, 0x0000, 0x0000, 0x0000, 0x0000, 0x0000, 0x0000, 0x0000, 0x0000, 0x0000, 0x0000,
    0x0000, 0x0000, 0x0000, 0x0000, 0x0000, 0x0000, 0x0001, 0x0802, 0x1004, 0x1004, 0x1024, 0x3294, 0x1888, 0x1805, 0x1806, 0x2006,
    0x2807, 0x2807, 0x3009, 0x3008, 0x3008, 0x2808, 0x2808, 0x3008, 0x3009, 0x3009, 0x3809, 0x3809, 0x3009, 0x2807, 0x404C, 0x6978,
    0x2807, 0x3009, 0x380A, 0x380A, 0x3809, 0x3009, 0x3009, 0x3009, 0x3008, 0x3008, 0x3009, 0x380A, 0x380A, 0x3009, 0x2808, 0x2807,
    0x2006, 0x1804, 0x1AB2, 0x1109, 0x1003, 0x1005, 0x0803, 0x0802, 0x0001, 0x0001, 0x0000, 0x0000, 0x0000, 0x0000, 0x0000, 0x0000,
    0x0000, 0x0000, 0x0000, 0x0000, 0x0000, 0x0000, 0x0000, 0x0000, 0x0000, 0x0000, 0x0000, 0x0000, 0x0021, 0x312E, 0x0001, 0x0000,
    0x0000, 0x0000, 0x0000, 0x0000, 0x0000, 0x0000, 0x0000, 0x0000, 0x0000, 0x0000, 0x0000, 0x0000, 0x0000, 0x0000, 0x0000, 0x0000,
    0x0000, 0x0000, 0x0000, 0x0000, 0x0000, 0x0000, 0x0000, 0x0000, 0x0000, 0x0000, 0x0000, 0x0000, 0x1807, 0x1005, 0x0000, 0x0000,
    0x0000, 0x0000, 0x0000, 0x1005, 0x480F, 0x5032, 0x200A, 0x300B, 0x5032, 0x4830, 0x1807, 0x302C, 0x0802, 0x304B, 0x2028, 0x4830,
    0x4810, 0x302B, 0x0803, 0x382C, 0x4831, 0x1807, 0x0000, 0x0801, 0x0000, 0x0000, 0x0000, 0x0000, 0x0000, 0x0000, 0x1826, 0x4870,
    0x0000, 0x0802, 0x402E, 0x4830, 0x1005, 0x1003, 0x404E, 0x404E, 0x1004, 0x0000, 0x0000, 0x0000, 0x0000, 0x0000, 0x0000, 0x0802,
    0x5011, 0x402F, 0x2007, 0x1805, 0x5031, 0x482F, 0x1806, 0x384D, 0x1826, 0x2027, 0x302B, 0x0000, 0x0000, 0x0000, 0x0000, 0x0000,
    0x0000, 0x0000, 0x0000, 0x0000, 0x0000, 0x0000, 0x0000, 0x0000, 0x0000, 0x0000, 0x0000, 0x0000, 0x0000, 0x0000, 0x1004, 0x1004,
    0x0000, 0x0000, 0x0000, 0x0000, 0x0000, 0x0000, 0x0000, 0x0000, 0x0000, 0x0000, 0x0000, 0x0000, 0x4830, 0x2027, 0x0000, 0x2007,
    0x380B, 0x0001, 0x6836, 0x5854, 0x6035, 0x302B, 0x4830, 0x0802, 0x0001, 0x0000, 0x0000, 0x0000, 0x2008, 0x5030, 0x0823, 0x2007,
    0x0000, 0x480F, 0x0000, 0x4811, 0x1003, 0x1003, 0x0802, 0x1805, 0x300B, 0x0000, 0x0000, 0x0000, 0x0000, 0x0000, 0x0000, 0x0000,
    0x2849, 0x4850, 0x1805, 0x0000, 0x0000, 0x382C, 0x1806, 0x0000, 0x306B, 0x4870, 0x1806, 0x0000, 0x0000, 0x0000, 0x0000, 0x0000,
    0x0000, 0x0000, 0x0000, 0x0000, 0x0000, 0x0000, 0x0000, 0x0000, 0x0000, 0x0000, 0x0000, 0x0000, 0x0000, 0x0000, 0x0000, 0x0000,
    0x0000, 0x2008, 0x1806, 0x0000, 0x0000, 0x0000, 0x0000, 0x0000, 0x0000, 0x0000, 0x0000, 0x0000, 0x0000, 0x0000, 0x0000, 0x0000,
    0x0000, 0x0000, 0x0000, 0x0000, 0x0000, 0x0000, 0x0000, 0x0000, 0x0000, 0x0000, 0x0000, 0x0000, 0x0000, 0x0000, 0x0000, 0x0000,
    0x18C9, 0x290C, 0x0000, 0x0000, 0x0000, 0x0000, 0x0000, 0x0000, 0x0000, 0x0000, 0x0000, 0x0000, 0x0000, 0x0000, 0x0000, 0x0000,
    0x0000, 0x0000, 0x0000, 0x0000, 0x0001, 0x0001, 0x0802, 0x0802, 0x1004, 0x1005, 0x1847, 0x2B16, 0x1825, 0x1805, 0x1806, 0x2006,
    0x2006, 0x2807, 0x3008, 0x3008, 0x3008, 0x3008, 0x3008, 0x3009, 0x3009, 0x3809, 0x3809, 0x3009, 0x3009, 0x2807, 0x386C, 0x61F9,
    0x3008, 0x380A, 0x380A, 0x380A, 0x380A, 0x380A, 0x3009, 0x3009, 0x3009, 0x3009, 0x3009, 0x3008, 0x3008, 0x2808, 0x2007, 0x2007,
    0x2007, 0x1804, 0x124F, 0x19CE, 0x1804, 0x1005, 0x0803, 0x0803, 0x0002, 0x0001, 0x0001, 0x0000, 0x0000, 0x0000, 0x0000, 0x0000,
    0x0000, 0x0000, 0x0000, 0x0000, 0x0000, 0x0000, 0x0000, 0x0000, 0x0000, 0x0000, 0x0000, 0x0000, 0x0000, 0x20C9, 0x28EB, 0x0000,
    0x0000, 0x0000, 0x0000, 0x0000, 0x0000, 0x0000, 0x0000, 0x0000, 0x0000, 0x0000, 0x0000, 0x0000, 0x0000, 0x0000, 0x0000, 0x0000,
    0x0000, 0x0000, 0x0000, 0x0000, 0x0000, 0x0000, 0x0000, 0x0000, 0x0000, 0x0000, 0x0000, 0x0000, 0x0000, 0x1807, 0x1005, 0x0000,
    0x0000, 0x0000, 0x0000, 0x0000, 0x1806, 0x400F, 0x0000, 0x400F, 0x302B, 0x0802, 0x0000, 0x5032, 0x6056, 0x6877, 0x282A, 0x4051,
    0x0001, 0x4832, 0x280B, 0x380D, 0x0000, 0x5012, 0x0000, 0x380C, 0x0802, 0x0000, 0x0000, 0x0000, 0x0000, 0x0000, 0x2048, 0x5071,
    0x0000, 0x0803, 0x0803, 0x1004, 0x4830, 0x302B, 0x2829, 0x280A, 0x380C, 0x0000, 0x0000, 0x0000, 0x0000, 0x0000, 0x0000, 0x0803,
    0x4812, 0x1004, 0x402F, 0x2809, 0x380C, 0x1005, 0x4812, 0x402F, 0x6858, 0x6878, 0x382D, 0x0000, 0x0000, 0x0000, 0x0000, 0x0000,
    0x0000, 0x0000, 0x0000, 0x0000, 0x0000, 0x0000, 0x0000, 0x0000, 0x0000, 0x0000, 0x0000, 0x0000, 0x0000, 0x0000, 0x0000, 0x0000,
    0x0000, 0x0000, 0x0000, 0x0000, 0x0000, 0x0000, 0x0000, 0x0000, 0x0000, 0x0000, 0x0000, 0x0000, 0x402E, 0x1826, 0x0000, 0x2007,
    0x382B, 0x0803, 0x4832, 0x284A, 0x402E, 0x2829, 0x5893, 0x4850, 0x1003, 0x0000, 0x0001, 0x0001, 0x0000, 0x2829, 0x4851, 0x1806,
    0x0000, 0x5030, 0x0000, 0x380E, 0x1024, 0x4870, 0x2007, 0x0000, 0x0000, 0x0000, 0x0000, 0x0000, 0x0000, 0x0000, 0x0000, 0x302B,
    0x4830, 0x402F, 0x302B, 0x0000, 0x2027, 0x3029, 0x0000, 0x404E, 0x4870, 0x482F, 0x384B, 0x0000, 0x0000, 0x0000, 0x0000, 0x0000,
    0x0000, 0x0000, 0x0000, 0x0000, 0x0000, 0x0000, 0x0000, 0x0000, 0x0000, 0x0000, 0x0000, 0x0000, 0x0000, 0x0000, 0x0000, 0x0000,
    0x1807, 0x1807, 0x0000, 0x0000, 0x0000, 0x0000, 0x0000, 0x0000, 0x0000, 0x0000, 0x0000, 0x0000, 0x0000, 0x0000, 0x0000, 0x0000,
    0x0000, 0x0000, 0x0000, 0x0000, 0x0000, 0x0000, 0x0000, 0x0000, 0x0000, 0x0000, 0x0000, 0x0000, 0x0000, 0x0000, 0x0000, 0x0021,
    0x2990, 0x0842, 0x0000, 0x0000, 0x0000, 0x0000, 0x0000, 0x0000, 0x0000, 0x0000, 0x0000, 0x0000, 0x0000, 0x0000, 0x0000, 0x0000,
    0x0000, 0x0000, 0x0000, 0x0000, 0x0001, 0x0002, 0x0802, 0x0802, 0x1004, 0x1804, 0x19AC, 0x12D1, 0x1804, 0x1005, 0x1805, 0x1805,
    0x2006, 0x2807, 0x3008, 0x3008, 0x3008, 0x3009, 0x3009, 0x3009, 0x3809, 0x3809, 0x3809, 0x3009, 0x3009, 0x3007, 0x38ED, 0x4B38,
    0x380A, 0x380A, 0x3009, 0x3009, 0x380A, 0x380A, 0x3809, 0x3009, 0x3009, 0x3009, 0x3009, 0x2808, 0x2808, 0x2807, 0x2006, 0x1806,
    0x1806, 0x1804, 0x11AC, 0x1333, 0x1804, 0x1005, 0x0803, 0x0802, 0x0002, 0x0002, 0x0001, 0x0000, 0x0000, 0x0000, 0x0000, 0x0000,
    0x0000, 0x0000, 0x0000, 0x0000, 0x0000, 0x0000, 0x0000, 0x0000, 0x0000, 0x0000, 0x0000, 0x0000, 0x0000, 0x0000, 0x314F, 0x0843,
    0x0000, 0x0000, 0x0000, 0x0000, 0x0000, 0x0000, 0x0000, 0x0000, 0x0000, 0x0000, 0x0000, 0x0000, 0x0000, 0x0000, 0x0000, 0x0000,
    0x0000, 0x0000, 0x0000, 0x0000, 0x0000, 0x0000, 0x0000, 0x0000, 0x0000, 0x0000, 0x0000, 0x0000, 0x0000, 0x0000, 0x1807, 0x1004,
    0x0000, 0x0000, 0x0000, 0x0000, 0x1826, 0x402E, 0x0000, 0x382D, 0x5873, 0x302C, 0x0000, 0x402F, 0x304B, 0x402E, 0x2029, 0x5053,
    0x5013, 0x2009, 0x1806, 0x380C, 0x0000, 0x5012, 0x0001, 0x0020, 0x0000, 0x0000, 0x0000, 0x0000, 0x0000, 0x0000, 0x0000, 0x484F,
    0x0000, 0x0000, 0x0802, 0x4851, 0x1825, 0x1004, 0x4831, 0x4851, 0x1825, 0x0000, 0x0000, 0x0000, 0x0000, 0x0000, 0x0000, 0x0802,
    0x5033, 0x4831, 0x302B, 0x2027, 0x5835, 0x4030, 0x1005, 0x382D, 0x382D, 0x384E, 0x302B, 0x0000, 0x0000, 0x0000, 0x0000, 0x0000,
    0x0000, 0x0000, 0x0000, 0x0000, 0x0000, 0x0000, 0x0000, 0x0000, 0x0000, 0x0000, 0x0000, 0x0000, 0x0000, 0x0000, 0x0000, 0x0000,
    0x0000, 0x0000, 0x0000, 0x0000, 0x0000, 0x0000, 0x0000, 0x0000, 0x0000, 0x0000, 0x0000, 0x0000, 0x482F, 0x1805, 0x0000, 0x2829,
    0x402E, 0x1004, 0x4811, 0x0000, 0x400E, 0x302A, 0x402E, 0x0802, 0x1023, 0x0801, 0x0000, 0x0000, 0x0803, 0x1806, 0x1005, 0x4810,
    0x0802, 0x5011, 0x0001, 0x380E, 0x1005, 0x4850, 0x302A, 0x1004, 0x300A, 0x0000, 0x0000, 0x0000, 0x0000, 0x0000, 0x0000, 0x1805,
    0x302B, 0x5033, 0x382D, 0x0803, 0x400E, 0x0001, 0x0001, 0x2028, 0x302C, 0x5875, 0x404D, 0x0000, 0x0000, 0x0000, 0x0000, 0x0000,
    0x0000, 0x0000, 0x0000, 0x0000, 0x0000, 0x0000, 0x0000, 0x0000, 0x0000, 0x0000, 0x0000, 0x0000, 0x0000, 0x0000, 0x0000, 0x1807,
    0x1807, 0x0000, 0x0000, 0x0000, 0x0000, 0x0000, 0x0000, 0x0000, 0x0000, 0x0000, 0x0000, 0x0000, 0x0000, 0x0000, 0x0000, 0x0000,
    0x0000, 0x0000, 0x0000, 0x0000, 0x0000, 0x0000, 0x0000, 0x0000, 0x0000, 0x0000, 0x0000, 0x0000, 0x0000, 0x0000, 0x0000, 0x210A,
    0x212B, 0x0000, 0x0000, 0x0000, 0x0000, 0x0000, 0x0000, 0x0000, 0x0000, 0x0000, 0x0000, 0x0000, 0x0000, 0x0000, 0x0000, 0x0000,
    0x0000, 0x0000, 0x0000, 0x0000, 0x0000, 0x0000, 0x0001, 0x0001, 0x0802, 0x0801, 0x0A0C, 0x0AB0, 0x0801, 0x0803, 0x0803, 0x1003,
    0x1003, 0x1004, 0x1004, 0x1805, 0x1005, 0x1806, 0x2006, 0x2006, 0x2006, 0x2006, 0x2006, 0x2006, 0x1806, 0x1804, 0x212B, 0x2C18,
    0x2007, 0x2007, 0x2006, 0x2006, 0x2006, 0x2006, 0x2007, 0x2007, 0x2007, 0x2006, 0x1805, 0x1004, 0x1004, 0x1004, 0x1003, 0x1003,
    0x1004, 0x1004, 0x10A7, 0x0C36, 0x0823, 0x0803, 0x0002, 0x0001, 0x0001, 0x0001, 0x0000, 0x0000, 0x0000, 0x0000, 0x0000, 0x0000,
    0x0000, 0x0000, 0x0000, 0x0000, 0x0000, 0x0000, 0x0000, 0x0000, 0x0000, 0x0000, 0x0000, 0x0000, 0x0000, 0x0000, 0x10A7, 0x294D,
    0x0000, 0x0000, 0x0000, 0x0000, 0x0000, 0x0000, 0x0000, 0x0000, 0x0000, 0x0000, 0x0000, 0x0000, 0x0000, 0x0000, 0x0000, 0x0000,
    0x0000, 0x0000, 0x0000, 0x0000, 0x0000, 0x0000, 0x0000, 0x0000, 0x0000, 0x0000, 0x0000, 0x0000, 0x0000, 0x0000, 0x0000, 0x1807,
    0x1005, 0x0000, 0x0000, 0x0000, 0x2007, 0x402E, 0x0000, 0x382D, 0x2828, 0x0802, 0x0801, 0x5012, 0x0000, 0x300A, 0x302C, 0x4850,
    0x0801, 0x0000, 0x1806, 0x402E, 0x1003, 0x4831, 0x0001, 0x382C, 0x0802, 0x0000, 0x0000, 0x0000, 0x0000, 0x0000, 0x0803, 0x5032,
    0x0001, 0x0803, 0x5033, 0x2027, 0x0000, 0x302C, 0x2008, 0x2808, 0x382C, 0x0000, 0x0000, 0x0000, 0x0000, 0x0000, 0x0000, 0x1004,
    0x4031, 0x0801, 0x4810, 0x282A, 0x402E, 0x0000, 0x0000, 0x400E, 0x1004, 0x1806, 0x382D, 0x0000, 0x0000, 0x0000, 0x0000, 0x0000,
    0x0000, 0x0000, 0x0000, 0x0000, 0x0000, 0x0000, 0x0000, 0x0000, 0x0000, 0x0000, 0x0000, 0x0000, 0x0000, 0x0000, 0x0000, 0x0000,
    0x0000, 0x0000, 0x0000, 0x0000, 0x0000, 0x0000, 0x0000, 0x0000, 0x0000, 0x0000, 0x0000, 0x0000, 0x300A, 0x1003, 0x0000, 0x400D,
    0x4810, 0x1004, 0x280A, 0x0000, 0x280A, 0x2007, 0x4850, 0x4830, 0x300C, 0x0000, 0x0000, 0x0000, 0x0001, 0x382C, 0x5030, 0x0803,
    0x1806, 0x4810, 0x1805, 0x0001, 0x400F, 0x380D, 0x0000, 0x0801, 0x0802, 0x0000, 0x0000, 0x0000, 0x0000, 0x0000, 0x0000, 0x0000,
    0x0000, 0x2007, 0x1003, 0x2006, 0x1005, 0x0001, 0x0001, 0x0000, 0x0000, 0x2028, 0x1004, 0x0000, 0x0000, 0x0000, 0x0000, 0x0000,
    0x0000, 0x0000, 0x0000, 0x0000, 0x0000, 0x0000, 0x0000, 0x0000, 0x0000, 0x0000, 0x0000, 0x0000, 0x0000, 0x0000, 0x1807, 0x1807,
    0x0000, 0x0000, 0x0000, 0x0000, 0x0000, 0x0000, 0x0000, 0x0000, 0x0000, 0x0000, 0x0000, 0x0000, 0x0000, 0x0000, 0x0000, 0x0000,
    0x0000, 0x0000, 0x0000, 0x0000, 0x0000, 0x0000, 0x0000, 0x0000, 0x0000, 0x0000, 0x0000, 0x0000, 0x0000, 0x0000, 0x0842, 0x31AF,
    0x0021, 0x0000, 0x0000, 0x0000, 0x0000, 0x0000, 0x0000, 0x0000, 0x0000, 0x0000, 0x0000, 0x0000, 0x0000, 0x0000, 0x0000, 0x0000,
    0x0000, 0x0000, 0x0000, 0x0000, 0x0000, 0x0000, 0x0001, 0x0002, 0x0002, 0x0000, 0x1331, 0x0927, 0x0802, 0x1004, 0x1004, 0x1004,
    0x1004, 0x1004, 0x1805, 0x1806, 0x2006, 0x2006, 0x2006, 0x2006, 0x2006, 0x2006, 0x1806, 0x1806, 0x1806, 0x2005, 0x214C, 0x1478,
    0x1806, 0x1806, 0x1806, 0x1806, 0x1806, 0x2006, 0x2007, 0x2007, 0x2006, 0x1806, 0x1805, 0x1805, 0x1805, 0x1004, 0x1004, 0x1004,
    0x1005, 0x1004, 0x1023, 0x03D3, 0x00C4, 0x0801, 0x0802, 0x0001, 0x0002, 0x0001, 0x0000, 0x0000, 0x0000, 0x0000, 0x0000, 0x0000,
    0x0000, 0x0000, 0x0000, 0x0000, 0x0000, 0x0000, 0x0000, 0x0000, 0x0000, 0x0000, 0x0000, 0x0000, 0x0000, 0x0000, 0x0000, 0x216D,
    0x0885, 0x0000, 0x0000, 0x0000, 0x0000, 0x0000, 0x0000, 0x0000, 0x0000, 0x0000, 0x0000, 0x0000, 0x0000, 0x0000, 0x0000, 0x0000,
    0x0000, 0x0000, 0x0000, 0x0000, 0x0000, 0x0000, 0x0000, 0x0000, 0x0000, 0x0000, 0x0000, 0x0000, 0x0000, 0x0000, 0x0000, 0x0000,
    0x1808, 0x1005, 0x0000, 0x0000, 0x1004, 0x302A, 0x0000, 0x2009, 0x4830, 0x4010, 0x1806, 0x280A, 0x0001, 0x2008, 0x2809, 0x302B,
    0x0000, 0x0000, 0x0000, 0x2829, 0x4870, 0x1024, 0x0000, 0x1003, 0x0000, 0x0000, 0x0000, 0x0000, 0x0000, 0x0000, 0x2809, 0x4831,
    0x2008, 0x1004, 0x4831, 0x402F, 0x280A, 0x0001, 0x400F, 0x400E, 0x0001, 0x0000, 0x0000, 0x0000, 0x0000, 0x0000, 0x0000, 0x0802,
    0x4030, 0x4010, 0x1004, 0x1805, 0x2809, 0x0000, 0x0000, 0x280A, 0x0803, 0x1005, 0x2008, 0x0000, 0x0000, 0x0000, 0x0000, 0x0000,
    0x0000, 0x0000, 0x0000, 0x0000, 0x0000, 0x0000, 0x0000, 0x0000, 0x0000, 0x0000, 0x0000, 0x0000, 0x0000, 0x0000, 0x0000, 0x0000,
    0x0000, 0x0000, 0x0000, 0x0000, 0x0000, 0x0000, 0x0000, 0x0000, 0x0000, 0x0000, 0x0000, 0x0000, 0x0000, 0x0000, 0x0000, 0x0000,
    0x0000, 0x0000, 0x0000, 0x0000, 0x0000, 0x0000, 0x0000, 0x0000, 0x0000, 0x0000, 0x0000, 0x0000, 0x0000, 0x0000, 0x0000, 0x0000,
    0x0000, 0x0000, 0x0000, 0x0000, 0x0000, 0x0000, 0x0000, 0x0000, 0x0000, 0x0000, 0x0000, 0x0000, 0x0000, 0x0000, 0x0000, 0x0000,
    0x0000, 0x0000, 0x0000, 0x0000, 0x0001, 0x0001, 0x0000, 0x0000, 0x0000, 0x0000, 0x0000, 0x0000, 0x0000, 0x0000, 0x0000, 0x0000,
    0x0000, 0x0000, 0x0000, 0x0000, 0x0000, 0x0000, 0x0000, 0x0000, 0x0000, 0x0000, 0x0000, 0x0000, 0x0000, 0x1005, 0x1807, 0x0000,
    0x0000, 0x0000, 0x0000, 0x0000, 0x0000, 0x0000, 0x0000, 0x0000, 0x0000, 0x0000, 0x0000, 0x0000, 0x0000, 0x0000, 0x0000, 0x0000,
    0x0000, 0x0000, 0x0000, 0x0000, 0x0000, 0x0000, 0x0000, 0x0000, 0x0000, 0x0000, 0x0000, 0x0000, 0x0000, 0x0000, 0x196B, 0x1908,
    0x0000, 0x0000, 0x0000, 0x0000, 0x0000, 0x0000, 0x0000, 0x0000, 0x0000, 0x0000, 0x0000, 0x0000, 0x0000, 0x0000, 0x0000, 0x0000,
    0x0000, 0x0000, 0x0000, 0x0000, 0x0000, 0x0001, 0x0001, 0x0002, 0x0802, 0x0042, 0x13F4, 0x0885, 0x0803, 0x1004, 0x1004, 0x1004,
    0x1004, 0x1805, 0x1806, 0x2006, 0x2006, 0x2006, 0x2006, 0x2006, 0x2006, 0x2006, 0x2006, 0x2006, 0x2007, 0x2006, 0x216C, 0x14F8,
    0x1805, 0x2006, 0x2006, 0x2006, 0x2006, 0x2007, 0x2007, 0x2007, 0x2006, 0x2006, 0x2006, 0x1806, 0x2006, 0x1805, 0x1004, 0x1004,
    0x1004, 0x0803, 0x0800, 0x030F, 0x09EA, 0x0801, 0x0803, 0x0802, 0x0002, 0x0001, 0x0000, 0x0000, 0x0000, 0x0000, 0x0000, 0x0000,
    0x0000, 0x0000, 0x0000, 0x0000, 0x0000, 0x0000, 0x0000, 0x0000, 0x0000, 0x0000, 0x0000, 0x0000, 0x0000, 0x0000, 0x0000, 0x0885,
    0x29AF, 0x0000, 0x0000, 0x0000, 0x0000, 0x0000, 0x0000, 0x0000, 0x0000, 0x0000, 0x0000, 0x0000, 0x0000, 0x0000, 0x0000, 0x0000,
    0x0000, 0x0000, 0x0000, 0x0000, 0x0000, 0x0000, 0x0000, 0x0000, 0x0000, 0x0000, 0x0000, 0x0000, 0x0000, 0x0000, 0x0000, 0x0000,
    0x0000, 0x1808, 0x0803, 0x0000, 0x0000, 0x0000, 0x0000, 0x0000, 0x0000, 0x0000, 0x0000, 0x0000, 0x0000, 0x0000, 0x0000, 0x0000,
    0x0000, 0x0000, 0x0000, 0x0000, 0x0000, 0x0000, 0x0000, 0x0000, 0x0000, 0x0000, 0x0001, 0x0000, 0x0000, 0x0000, 0x0000, 0x0000,
    0x0000, 0x0000, 0x0000, 0x0000, 0x0000, 0x0000, 0x0000, 0x0000, 0x0000, 0x0000, 0x0000, 0x0000, 0x0000, 0x0000, 0x0000, 0x0000,
    0x0000, 0x0000, 0x0000, 0x0000, 0x0000, 0x0000, 0x0000, 0x0000, 0x0000, 0x0000, 0x0000, 0x0000, 0x0000, 0x0000, 0x0000, 0x0000,
    0x0000, 0x0000, 0x0000, 0x0000, 0x0000, 0x0000, 0x0000, 0x0000, 0x0000, 0x0000, 0x0000, 0x0000, 0x0000, 0x0000, 0x0000, 0x0000,
    0x0000, 0x0000, 0x0000, 0x0000, 0x0000, 0x0000, 0x0000, 0x0000, 0x0000, 0x0000, 0x0000, 0x0000, 0x0000, 0x0000, 0x0000, 0x0000,
    0x0000, 0x0000, 0x0000, 0x0000, 0x0000, 0x0000, 0x0000, 0x0000, 0x0000, 0x0000, 0x0000, 0x0000, 0x0000, 0x0000, 0x0000, 0x0000,
    0x0000, 0x0000, 0x0000, 0x0000, 0x0000, 0x0000, 0x0000, 0x0000, 0x0000, 0x0000, 0x0000, 0x0000, 0x0000, 0x0000, 0x0000, 0x0000,
    0x0000, 0x0000, 0x0000, 0x0001, 0x0000, 0x0000, 0x0000, 0x0000, 0x0000, 0x0000, 0x0000, 0x0000, 0x0000, 0x0000, 0x0000, 0x0000,
    0x0000, 0x0000, 0x0000, 0x0000, 0x0000, 0x0000, 0x0000, 0x0000, 0x0000, 0x0000, 0x0000, 0x0000, 0x1005, 0x1807, 0x0000, 0x0000,
    0x0000, 0x0000, 0x0000, 0x0000, 0x0000, 0x0000, 0x0000, 0x0000, 0x0000, 0x0000, 0x0000, 0x0000, 0x0000, 0x0000, 0x0000, 0x0000,
    0x0000, 0x0000, 0x0000, 0x0000, 0x0000, 0x0000, 0x0000, 0x0000, 0x0000, 0x0000, 0x0000, 0x0000, 0x0000, 0x0063, 0x21EF, 0x0021,
    0x0000, 0x0000, 0x0000, 0x0000, 0x0000, 0x0000, 0x0000, 0x0000, 0x0000, 0x0000, 0x0000, 0x0000, 0x0000, 0x0000, 0x0000, 0x0000,
    0x0000, 0x0000, 0x0000, 0x0000, 0x0000, 0x0001, 0x0001, 0x0002, 0x0801, 0x0127, 0x0BB3, 0x0823, 0x0804, 0x0803, 0x0803, 0x1004,
    0x1004, 0x1004, 0x1805, 0x1805, 0x1806, 0x1806, 0x1806, 0x2006, 0x1806, 0x2006, 0x2006, 0x2006, 0x2027, 0x2005, 0x198B, 0x0D38,
    0x1804, 0x1806, 0x2006, 0x2006, 0x2007, 0x2007, 0x2006, 0x2006, 0x1806, 0x1806, 0x1806, 0x1806, 0x1806, 0x1805, 0x1004, 0x0803,
    0x0803, 0x0824, 0x0801, 0x028E, 0x0B92, 0x0801, 0x0823, 0x0002, 0x0001, 0x0001, 0x0000, 0x0000, 0x0000, 0x0000, 0x0000, 0x0000,
    0x0000, 0x0000, 0x0000, 0x0000, 0x0000, 0x0000, 0x0000, 0x0000, 0x0000, 0x0000, 0x0000, 0x0000, 0x0000, 0x0000, 0x0000, 0x0000,
    0x218D, 0x10E7, 0x0000, 0x0000, 0x0000, 0x0000, 0x0000, 0x0000, 0x0000, 0x0000, 0x0000, 0x0000, 0x0000, 0x0000, 0x0000, 0x0000,
    0x0000, 0x0000, 0x0000, 0x0000, 0x0000, 0x0000, 0x0000, 0x0000, 0x0000, 0x0000, 0x0000, 0x0000, 0x0000, 0x0000, 0x0000, 0x0000,
    0x0000, 0x0000, 0x1006, 0x0001, 0x0000, 0x0000, 0x0000, 0x0000, 0x0000, 0x0000, 0x0000, 0x0000, 0x0000, 0x0000, 0x0000, 0x0000,
    0x0000, 0x0000, 0x0000, 0x0000, 0x0000, 0x0000, 0x0000, 0x0000, 0x0000, 0x0000, 0x0000, 0x0000, 0x0000, 0x0000, 0x0000, 0x0000,
    0x0000, 0x0000, 0x0000, 0x0000, 0x0000, 0x0000, 0x0000, 0x0000, 0x0000, 0x0000, 0x0000, 0x0000, 0x0000, 0x0000, 0x0000, 0x0000,
    0x0000, 0x0000, 0x0000, 0x0000, 0x0000, 0x0000, 0x0000, 0x0000, 0x0000, 0x0000, 0x0000, 0x0000, 0x0000, 0x0000, 0x0000, 0x0000,
    0x0000, 0x0000, 0x0000, 0x0000, 0x0000, 0x0000, 0x0000, 0x0000, 0x0000, 0x0000, 0x0000, 0x0000, 0x0000, 0x0000, 0x0000, 0x0000,
    0x0000, 0x0000, 0x0000, 0x0000, 0x0000, 0x0000, 0x0000, 0x0000, 0x1003, 0x2809, 0x2008, 0x2008, 0x2007, 0x2007, 0x2007, 0x2007,
    0x2008, 0x2008, 0x2007, 0x2007, 0x2007, 0x2007, 0x2008, 0x2008, 0x2008, 0x2008, 0x2007, 0x2007, 0x2007, 0x2007, 0x2007, 0x2007,
    0x2007, 0x2006, 0x1806, 0x2006, 0x2006, 0x1806, 0x1806, 0x1806, 0x1806, 0x1806, 0x1806, 0x1807, 0x1807, 0x1807, 0x2007, 0x2007,
    0x2007, 0x2007, 0x2007, 0x2007, 0x2007, 0x2007, 0x2007, 0x2007, 0x2007, 0x2007, 0x2007, 0x2007, 0x2007, 0x2007, 0x2007, 0x2007,
    0x2007, 0x2007, 0x2007, 0x2007, 0x2007, 0x2007, 0x2007, 0x2007, 0x2007, 0x2008, 0x1806, 0x0804, 0x1807, 0x0000, 0x0000, 0x0000,
    0x0000, 0x0000, 0x0000, 0x0000, 0x0000, 0x0000, 0x0000, 0x0000, 0x0000, 0x0000, 0x0000, 0x0000, 0x0000, 0x0000, 0x0000, 0x0000,
    0x0000, 0x0000, 0x0000, 0x0000, 0x0000, 0x0000, 0x0000, 0x0000, 0x0000, 0x0000, 0x0000, 0x0000, 0x0000, 0x19CC, 0x08C6, 0x0000,
    0x0000, 0x0000, 0x0000, 0x0000, 0x0000, 0x0000, 0x0000, 0x0000, 0x0000, 0x0000, 0x0000, 0x0000, 0x0000, 0x0000, 0x0000, 0x0000,
    0x0000, 0x0000, 0x0000, 0x0000, 0x0000, 0x0000, 0x0000, 0x0000, 0x0000, 0x026D, 0x0A6C, 0x0000, 0x0801, 0x0801, 0x1002, 0x1002,
    0x1002, 0x1003, 0x1003, 0x1003, 0x1803, 0x1803, 0x1003, 0x1803, 0x1803, 0x1804, 0x2004, 0x2005, 0x1804, 0x1001, 0x0968, 0x0D77,
    0x1803, 0x2005, 0x2005, 0x1805, 0x1805, 0x1805, 0x1804, 0x1804, 0x1804, 0x1804, 0x1804, 0x1804, 0x1804, 0x1003, 0x1002, 0x0802,
    0x0801, 0x0802, 0x0800, 0x00E5, 0x0434, 0x0800, 0x0000, 0x0000, 0x0000, 0x0000, 0x0000, 0x0000, 0x0000, 0x0000, 0x0000, 0x0000,
    0x0000, 0x0000, 0x0000, 0x0000, 0x0000, 0x0000, 0x0000, 0x0000, 0x0000, 0x0000, 0x0000, 0x0000, 0x0000, 0x0000, 0x0000, 0x0000,
    0x0021, 0x198C, 0x0000, 0x0000, 0x0000, 0x0000, 0x0000, 0x0000, 0x0000, 0x0000, 0x0000, 0x0000, 0x0000, 0x0000, 0x0000, 0x0000,
    0x0000, 0x0000, 0x0000, 0x0000, 0x0000, 0x0000, 0x0000, 0x0000, 0x0000, 0x0000, 0x0000, 0x0000, 0x1806, 0x1807, 0x1806, 0x1805,
    0x1805, 0x1805, 0x1806, 0x2007, 0x1805, 0x1806, 0x1805, 0x1805, 0x1805, 0x1805, 0x1805, 0x1805, 0x1805, 0x1005, 0x1005, 0x1004,
    0x1004, 0x1004, 0x1004, 0x1004, 0x1004, 0x1004, 0x1004, 0x1004, 0x1004, 0x1004, 0x1004, 0x1004, 0x1004, 0x1004, 0x1004, 0x1805,
    0x1805, 0x1805, 0x1805, 0x1805, 0x1805, 0x1805, 0x1805, 0x1805, 0x1805, 0x1805, 0x1805, 0x1805, 0x1805, 0x1805, 0x1805, 0x1805,
    0x1005, 0x1005, 0x1805, 0x1805, 0x1805, 0x1805, 0x1805, 0x1005, 0x1005, 0x1805, 0x1005, 0x1805, 0x1805, 0x1806, 0x1806, 0x1806,
    0x1806, 0x1806, 0x1806, 0x1806, 0x1806, 0x1806, 0x1806, 0x0000, 0x0000, 0x0000, 0x0000, 0x0000, 0x0000, 0x0000, 0x0000, 0x0000,
    0x1004, 0x1004, 0x1004, 0x1004, 0x1004, 0x1004, 0x1004, 0x0802, 0x300B, 0x1004, 0x0802, 0x0802, 0x0802, 0x0802, 0x0802, 0x0802,
    0x0802, 0x0001, 0x0802, 0x0802, 0x0802, 0x0802, 0x0802, 0x0802, 0x0802, 0x0802, 0x0802, 0x0802, 0x0802, 0x0802, 0x0802, 0x0802,
    0x0802, 0x0802, 0x0801, 0x0801, 0x0801, 0x0801, 0x0801, 0x0801, 0x0801, 0x0801, 0x0801, 0x0801, 0x0801, 0x0802, 0x0802, 0x0802,
    0x0802, 0x0802, 0x0802, 0x0802, 0x0802, 0x0802, 0x0802, 0x0802, 0x0802, 0x0802, 0x0802, 0x0802, 0x0802, 0x0802, 0x0802, 0x0802,
    0x0802, 0x0802, 0x0802, 0x0802, 0x0802, 0x0802, 0x0802, 0x0802, 0x0802, 0x0801, 0x2007, 0x280A, 0x1004, 0x1827, 0x1826, 0x1846,
    0x1846, 0x1866, 0x1867, 0x1887, 0x18A7, 0x18C7, 0x18C8, 0x18E8, 0x1908, 0x1128, 0x1128, 0x1148, 0x1168, 0x0968, 0x1169, 0x1189,
    0x1189, 0x1189, 0x1189, 0x1189, 0x1169, 0x0989, 0x09A9, 0x09A9, 0x09A9, 0x09A9, 0x09A9, 0x09A9, 0x09EA, 0x1AF1, 0x1189, 0x1168,
    0x1168, 0x1189, 0x0989, 0x09A9, 0x09A9, 0x09C9, 0x09C9, 0x09E9, 0x09EA, 0x09EA, 0x09EA, 0x09EA, 0x0A0A, 0x0A0A, 0x0A0A, 0x0A0A,
    0x0A0A, 0x0A2B, 0x026C, 0x026C, 0x028C, 0x02AC, 0x02AC, 0x026B, 0x024B, 0x0434, 0x03B2, 0x026C, 0x0AAD, 0x0AEE, 0x0ACE, 0x0AEE,
    0x0AED, 0x0AAD, 0x1A6E, 0x12EF, 0x0B0F, 0x12EF, 0x2AAF, 0x22CF, 0x12EF, 0x2AB0, 0x1AF0, 0x12F0, 0x22B0, 0x41F0, 0x3B32, 0x067A,
    0x12D0, 0x1AD1, 0x12F0, 0x2A90, 0x5151, 0x4971, 0x4991, 0x5171, 0x2A30, 0x1AB0, 0x228F, 0x128E, 0x0ACF, 0x130F, 0x0AAE, 0x0AAE,
    0x12AE, 0x0A8D, 0x0A4C, 0x02AE, 0x0496, 0x028D, 0x028C, 0x02AC, 0x02CD, 0x02AC, 0x028B, 0x028B, 0x026B, 0x024B, 0x0A4B, 0x120B,
    0x11EB, 0x11EA, 0x11CA, 0x11CA, 0x11AA, 0x1189, 0x1189, 0x11A9, 0x1189, 0x1189, 0x1189, 0x1189, 0x1189, 0x1169, 0x1169, 0x1169,
    0x1148, 0x1A2E, 0x11CC, 0x1168, 0x1189, 0x1189, 0x1189, 0x1189, 0x1189, 0x1169, 0x1169, 0x1149, 0x1148, 0x1148, 0x1148, 0x1148,
    0x1128, 0x10E8, 0x10E7, 0x18E8, 0x18C8, 0x18A7, 0x1887, 0x1867, 0x1866, 0x1867, 0x0823, 0x2007, 0x1807, 0x0803, 0x0803, 0x0802,
    0x0802, 0x0802, 0x0802, 0x0802, 0x0803, 0x0803, 0x0803, 0x0802, 0x0802, 0x0802, 0x0802, 0x0802, 0x0802, 0x0802, 0x0802, 0x0802,
    0x0802, 0x0802, 0x0802, 0x0802, 0x0802, 0x0802, 0x0802, 0x0802, 0x0802, 0x0802, 0x0802, 0x0802, 0x0802, 0x0802, 0x0802, 0x0802,
    0x0802, 0x0802, 0x0802, 0x0802, 0x0802, 0x0802, 0x0802, 0x0802, 0x0802, 0x0802, 0x0802, 0x0802, 0x0802, 0x0802, 0x0802, 0x0802,
    0x0802, 0x0802, 0x0802, 0x0802, 0x0802, 0x0802, 0x0802, 0x0802, 0x0802, 0x0802, 0x0802, 0x0802, 0x0802, 0x0802, 0x0803, 0x0803,
    0x0803, 0x0803, 0x0803, 0x0803, 0x0803, 0x0802, 0x2007, 0x1005, 0x0802, 0x1004, 0x1004, 0x1004, 0x1004, 0x1004, 0x1004, 0x1004,
    0x0802, 0x0802, 0x0802, 0x0802, 0x0802, 0x0802, 0x0802, 0x0802, 0x2007, 0x0000, 0x0000, 0x0000, 0x0000, 0x0000, 0x0000, 0x0000,
    0x0000, 0x1001, 0x0000, 0x0000, 0x0000, 0x0000, 0x0000, 0x0000, 0x0000, 0x0000, 0x0000, 0x0000, 0x0000, 0x0000, 0x0000, 0x0000,
    0x0000, 0x0000, 0x0000, 0x0000, 0x0000, 0x0000, 0x0000, 0x0000, 0x0000, 0x0000, 0x0000, 0x0000, 0x0000, 0x0000, 0x0000, 0x0000,
    0x0000, 0x0000, 0x0000, 0x0000, 0x0000, 0x0000, 0x0000, 0x0000, 0x0000, 0x0000, 0x0000, 0x0000, 0x0000, 0x0000, 0x0000, 0x0000,
    0x0000, 0x0000, 0x0000, 0x0000, 0x0000, 0x0000, 0x0000, 0x0000, 0x0000, 0x0000, 0x0803, 0x2008, 0x0001, 0x0803, 0x0802, 0x0802,
    0x0822, 0x0823, 0x0823, 0x0843, 0x0843, 0x0843, 0x0863, 0x0863, 0x0863, 0x0883, 0x0883, 0x0884, 0x00A4, 0x00A4, 0x00A4, 0x00A4,
    0x00A4, 0x00A4, 0x00A4, 0x00A4, 0x08A4, 0x00A4, 0x00C4, 0x00C4, 0x00C4, 0x00C4, 0x00C4, 0x00C4, 0x12D0, 0x0968, 0x00A3, 0x00A4,
    0x00A4, 0x00A4, 0x00C4, 0x00C4, 0x00C4, 0x00C4, 0x00C4, 0x00E4, 0x00E4, 0x00E4, 0x00E4, 0x00E4, 0x00E4, 0x00E4, 0x00E4, 0x00E4,
    0x00E4, 0x0105, 0x0105, 0x0105, 0x0125, 0x0126, 0x0126, 0x0106, 0x0147, 0x04D7, 0x01E9, 0x0927, 0x0147, 0x0967, 0x0947, 0x0947,
    0x0947, 0x0948, 0x1128, 0x1149, 0x0969, 0x1149, 0x1949, 0x1149, 0x0948, 0x1929, 0x1149, 0x0948, 0x1949, 0x28E9, 0x1A8E, 0x0659,
    0x0948, 0x0948, 0x0968, 0x1128, 0x28A9, 0x20A9, 0x28C9, 0x28A9, 0x1909, 0x114A, 0x1929, 0x1129, 0x0949, 0x0969, 0x0948, 0x0948,
    0x0948, 0x0928, 0x0928, 0x0906, 0x0413, 0x02EF, 0x0926, 0x0147, 0x0146, 0x0125, 0x0125, 0x0125, 0x0105, 0x0105, 0x0105, 0x08E5,
    0x08E5, 0x08E5, 0x00E4, 0x00C4, 0x00C4, 0x00A4, 0x00C4, 0x00C4, 0x00C4, 0x00A4, 0x00A4, 0x00A4, 0x00A4, 0x08A4, 0x08A4, 0x08A4,
    0x08A4, 0x08A4, 0x128F, 0x0926, 0x00C4, 0x00C4, 0x00A4, 0x00A4, 0x00A4, 0x08A4, 0x08A4, 0x08A4, 0x08A4, 0x0884, 0x0884, 0x0883,
    0x0883, 0x0863, 0x0863, 0x0863, 0x0843, 0x0843, 0x0843, 0x0823, 0x0823, 0x0823, 0x0001, 0x1004, 0x0000, 0x0000, 0x0000, 0x0000,
    0x0000, 0x0000, 0x0000, 0x0000, 0x0000, 0x0000, 0x0000, 0x0000, 0x0000, 0x0000, 0x0000, 0x0000, 0x0000, 0x0000, 0x0000, 0x0000,
    0x0000, 0x0000, 0x0000, 0x0000, 0x0000, 0x0000, 0x0000, 0x0000, 0x0000, 0x0000, 0x0000, 0x0000, 0x0000, 0x0000, 0x0000, 0x0000,
    0x0000, 0x0000, 0x0000, 0x0000, 0x0000, 0x0000, 0x0000, 0x0000, 0x0000, 0x0000, 0x0000, 0x0000, 0x0000, 0x0000, 0x0000, 0x0000,
    0x0000, 0x0000, 0x0000, 0x0000, 0x0000, 0x0000, 0x0000, 0x0000, 0x0000, 0x0000, 0x0000, 0x0000, 0x0000, 0x0000, 0x0000, 0x0000,
    0x0000, 0x0000, 0x0000, 0x0000, 0x0000, 0x0000, 0x0000, 0x1006, 0x0001, 0x0802, 0x0802, 0x0802, 0x0802, 0x0802, 0x0802, 0x0802,
    0x0000, 0x0000, 0x0000, 0x0000, 0x0000, 0x0000, 0x0000, 0x0001, 0x2008, 0x0000, 0x0000, 0x0000, 0x0000, 0x0000, 0x0000, 0x0000,
    0x4806, 0x900C, 0x0000, 0x0000, 0x0000, 0x0000, 0x0000, 0x0000, 0x0000, 0x0000, 0x0000, 0x0000, 0x0000, 0x0000, 0x0000, 0x0000,
    0x0000, 0x0000, 0x0000, 0x0000, 0x0000, 0x0000, 0x0000, 0x0000, 0x0000, 0x0000, 0x0000, 0x0000, 0x0000, 0x0000, 0x0000, 0x0000,
    0x0000, 0x0000, 0x0000, 0x0000, 0x0000, 0x0000, 0x0000, 0x0000, 0x0000, 0x0000, 0x0000, 0x0000, 0x0000, 0x0000, 0x0000, 0x0000,
    0x0000, 0x0000, 0x0000, 0x0000, 0x0000, 0x0000, 0x0000, 0x0000, 0x0000, 0x0000, 0x0803, 0x1807, 0x0000, 0x0000, 0x0000, 0x0000,
    0x0000, 0x0000, 0x0000, 0x0000, 0x0000, 0x0000, 0x0000, 0x0000, 0x0000, 0x0000, 0x0000, 0x0000, 0x0000, 0x0000, 0x0000, 0x0000,
    0x0000, 0x0000, 0x0000, 0x0000, 0x0000, 0x0000, 0x0000, 0x0000, 0x0000, 0x0000, 0x0000, 0x00E5, 0x0A4C, 0x0000, 0x0000, 0x0000,
    0x0000, 0x0000, 0x0000, 0x0000, 0x0000, 0x0000, 0x0000, 0x0000, 0x0000, 0x0000, 0x0000, 0x0000, 0x0000, 0x0000, 0x0000, 0x0000,
    0x0000, 0x0000, 0x0000, 0x0000, 0x0000, 0x0000, 0x0000, 0x0000, 0x00A4, 0x0474, 0x0001, 0x0001, 0x0001, 0x0000, 0x0001, 0x0801,
    0x0801, 0x0802, 0x0802, 0x0802, 0x0802, 0x0802, 0x0802, 0x0802, 0x0802, 0x0802, 0x0802, 0x0802, 0x0802, 0x0800, 0x0188, 0x05D7,
    0x0801, 0x0802, 0x0802, 0x0802, 0x0802, 0x0802, 0x0802, 0x0802, 0x0802, 0x1003, 0x1003, 0x1003, 0x1003, 0x0802, 0x0802, 0x0802,
    0x0801, 0x0801, 0x0802, 0x0800, 0x02CE, 0x02CE, 0x0800, 0x0001, 0x0000, 0x0000, 0x0000, 0x0000, 0x0000, 0x0000, 0x0000, 0x0000,
    0x0000, 0x0000, 0x0000, 0x0000, 0x0000, 0x0000, 0x0000, 0x0000, 0x0000, 0x0000, 0x0000, 0x0000, 0x0000, 0x0000, 0x0000, 0x0000,
    0x0000, 0x0000, 0x0168, 0x09EA, 0x0000, 0x0000, 0x0000, 0x0000, 0x0000, 0x0000, 0x0000, 0x0000, 0x0000, 0x0000, 0x0000, 0x0000,
    0x0000, 0x0000, 0x0000, 0x0000, 0x0000, 0x0000, 0x0000, 0x0000, 0x0000, 0x0000, 0x0000, 0x0802, 0x0000, 0x0000, 0x0000, 0x0000,
    0x0000, 0x0000, 0x0000, 0x0000, 0x0000, 0x0000, 0x0000, 0x0000, 0x0000, 0x0000, 0x0000, 0x0000, 0x0000, 0x0000, 0x0000, 0x0000,
    0x0000, 0x0000, 0x0000, 0x0000, 0x0000, 0x0000, 0x0000, 0x0000, 0x0000, 0x0000, 0x0000, 0x0000, 0x0000, 0x0000, 0x0000, 0x0000,
    0x0000, 0x0000, 0x0000, 0x0000, 0x0000, 0x0000, 0x0000, 0x0000, 0x0000, 0x0000, 0x0000, 0x0000, 0x0000, 0x0000, 0x0000, 0x0000,
    0x0000, 0x0000, 0x0000, 0x0000, 0x0000, 0x0000, 0x0000, 0x0000, 0x0000, 0x0000, 0x0000, 0x0000, 0x0000, 0x0000, 0x0000, 0x0000,
    0x0000, 0x0000, 0x0000, 0x0000, 0x0000, 0x0000, 0x0001, 0x1005, 0x0000, 0x0000, 0x0000, 0x0000, 0x0000, 0x0000, 0x0000, 0x0000,
    0x0000, 0x0000, 0x0000, 0x0000, 0x0000, 0x0000, 0x0000, 0x0801, 0x2008, 0x0000, 0x0000, 0x0000, 0x0000, 0x0000, 0x0000, 0x3805,
    0x6009, 0x780B, 0x0000, 0x0000, 0x0000, 0x0000, 0x0000, 0x0000, 0x0000, 0x0000, 0x0000, 0x0000, 0x0000, 0x0000, 0x0000, 0x0000,
    0x0000, 0x0000, 0x0000, 0x0000, 0x0000, 0x0000, 0x0000, 0x0000, 0x0000, 0x0000, 0x0000, 0x0000, 0x0000, 0x0000, 0x0000, 0x0000,
    0x0000, 0x0000, 0x0000, 0x0000, 0x0000, 0x0000, 0x0000, 0x0000, 0x0000, 0x0000, 0x0000, 0x0000, 0x0000, 0x0000, 0x0000, 0x0000,
    0x0000, 0x0000, 0x0000, 0x0000, 0x0000, 0x0000, 0x0000, 0x0000, 0x0000, 0x0000, 0x0802, 0x1807, 0x0000, 0x0000, 0x0000, 0x0000,
    0x0000, 0x0000, 0x0000, 0x0000, 0x0000, 0x0000, 0x0000, 0x0000, 0x0000, 0x0000, 0x0000, 0x0000, 0x0000, 0x0000, 0x0000, 0x0000,
    0x0000, 0x0000, 0x0000, 0x0000, 0x0000, 0x0000, 0x0000, 0x0000, 0x0000, 0x0000, 0x0000, 0x0A8E, 0x00C4, 0x0000, 0x0000, 0x0000,
    0x0000, 0x0000, 0x0000, 0x0000, 0x0000, 0x0000, 0x0000, 0x0000, 0x0000, 0x0000, 0x0000, 0x0000, 0x0000, 0x0000, 0x0000, 0x0000,
    0x0000, 0x0000, 0x0000, 0x0000, 0x0000, 0x0000, 0x0001, 0x0000, 0x022A, 0x036F, 0x0000, 0x0021, 0x0001, 0x0002, 0x0002, 0x0803,
    0x0803, 0x0803, 0x0804, 0x0803, 0x0803, 0x0803, 0x0803, 0x0803, 0x0803, 0x0803, 0x0803, 0x0803, 0x0804, 0x0801, 0x0187, 0x0576,
    0x0803, 0x1004, 0x0803, 0x0803, 0x0803, 0x0803, 0x0803, 0x0803, 0x0803, 0x0803, 0x0803, 0x0804, 0x0804, 0x1004, 0x0803, 0x0803,
    0x0802, 0x0002, 0x0002, 0x0000, 0x0106, 0x0434, 0x0000, 0x0002, 0x0001, 0x0000, 0x0000, 0x0000, 0x0000, 0x0000, 0x0000, 0x0000,
    0x0000, 0x0000, 0x0000, 0x0000, 0x0000, 0x0000, 0x0000, 0x0000, 0x0000, 0x0000, 0x0000, 0x0000, 0x0000, 0x0000, 0x0000, 0x0000,
    0x0000, 0x0000, 0x0021, 0x0A8F, 0x00C4, 0x0000, 0x0000, 0x0000, 0x0000, 0x0000, 0x0000, 0x0000, 0x0000, 0x0000, 0x0000, 0x0000,
    0x0000, 0x0000, 0x0000, 0x0000, 0x0000, 0x0000, 0x0000, 0x0000, 0x0000, 0x0000, 0x0000, 0x0802, 0x0000, 0x0000, 0x0000, 0x0000,
    0x0000, 0x0000, 0x0000, 0x0000, 0x0000, 0x0000, 0x0000, 0x0000, 0x0000, 0x0000, 0x0000, 0x0000, 0x0000, 0x0000, 0x0000, 0x0000,
    0x0000, 0x0000, 0x0000, 0x0000, 0x0000, 0x0000, 0x0000, 0x0000, 0x0000, 0x0000, 0x0000, 0x0000, 0x0000, 0x0000, 0x0000, 0x0000,
    0x0000, 0x0000, 0x0000, 0x0000, 0x0000, 0x0000, 0x0000, 0x0000, 0x0000, 0x0000, 0x0000, 0x0000, 0x0000, 0x0000, 0x0000, 0x0000,
    0x0000, 0x0000, 0x0000, 0x0000, 0x0000, 0x0000, 0x0000, 0x0000, 0x0000, 0x0000, 0x0000, 0x0000, 0x0000, 0x0000, 0x0000, 0x0000,
    0x0000, 0x0000, 0x0000, 0x0000, 0x0000, 0x0000, 0x0001, 0x1005, 0x0000, 0x0000, 0x0000, 0x0000, 0x0000, 0x0000, 0x0000, 0x0000,
    0x0000, 0x0000, 0x0000, 0x0000, 0x0000, 0x0000, 0x0000, 0x0001, 0x2007, 0x0000, 0x0000, 0x0000, 0x0000, 0x0000, 0x0000, 0x800B,
    0x800B, 0xA80F, 0x1802, 0x0000, 0x0000, 0x0000, 0x0000, 0x0000, 0x0000, 0x0000, 0x0000, 0x0000, 0x0000, 0x0000, 0x0000, 0x0000,
    0x0000, 0x0000, 0x0000, 0x0000, 0x0000, 0x0000, 0x0000, 0x0000, 0x0000, 0x0000, 0x0000, 0x0000, 0x0000, 0x0000, 0x0000, 0x0000,
    0x0000, 0x0000, 0x0000, 0x0000, 0x0000, 0x0000, 0x0000, 0x0000, 0x0000, 0x0000, 0x0000, 0x0000, 0x0000, 0x0000, 0x0000, 0x0000,
    0x0000, 0x0000, 0x0000, 0x0000, 0x0000, 0x0000, 0x0000, 0x0000, 0x0000, 0x0000, 0x0802, 0x1806, 0x0000, 0x0000, 0x0000, 0x0000,
    0x0000, 0x0000, 0x0000, 0x0000, 0x0000, 0x0000, 0x0000, 0x0000, 0x0000, 0x0000, 0x0000, 0x0000, 0x0000, 0x0000, 0x0000, 0x0000,
    0x0000, 0x0000, 0x0000, 0x0000, 0x0000, 0x0000, 0x0000, 0x0000, 0x0000, 0x0000, 0x0147, 0x022C, 0x0000, 0x0000, 0x0000, 0x0000,
    0x0000, 0x0000, 0x0000, 0x0000, 0x0000, 0x0000, 0x0000, 0x0000, 0x0000, 0x0000, 0x0000, 0x0000, 0x0000, 0x0000, 0x0000, 0x0000,
    0x0000, 0x0000, 0x0000, 0x0000, 0x0000, 0x0000, 0x0001, 0x0000, 0x02CD, 0x0209, 0x0000, 0x0001, 0x0001, 0x0001, 0x0001, 0x0001,
    0x0001, 0x0802, 0x0802, 0x0802, 0x0803, 0x0803, 0x0803, 0x0803, 0x0803, 0x0803, 0x0803, 0x0803, 0x0803, 0x0801, 0x0187, 0x05B6,
    0x0802, 0x1004, 0x0803, 0x0803, 0x0803, 0x0803, 0x0803, 0x0803, 0x0803, 0x0803, 0x0803, 0x0803, 0x0803, 0x0803, 0x0803, 0x0802,
    0x0002, 0x0001, 0x0001, 0x0000, 0x0083, 0x0391, 0x0042, 0x0001, 0x0001, 0x0000, 0x0000, 0x0000, 0x0000, 0x0000, 0x0000, 0x0000,
    0x0000, 0x0000, 0x0000, 0x0000, 0x0000, 0x0000, 0x0000, 0x0000, 0x0000, 0x0000, 0x0000, 0x0000, 0x0000, 0x0000, 0x0000, 0x0000,
    0x0000, 0x0000, 0x0000, 0x0106, 0x020B, 0x0000, 0x0000, 0x0000, 0x0000, 0x0000, 0x0000, 0x0000, 0x0000, 0x0000, 0x0000, 0x0000,
    0x0000, 0x0000, 0x0000, 0x0000, 0x0000, 0x0000, 0x0000, 0x0000, 0x0000, 0x0000, 0x0000, 0x0803, 0x0000, 0x0000, 0x0000, 0x0000,
    0x0000, 0x0000, 0x0000, 0x0000, 0x0000, 0x0000, 0x0000, 0x0000, 0x0000, 0x0000, 0x0000, 0x0000, 0x0000, 0x0000, 0x0000, 0x0000,
    0x0000, 0x0000, 0x0000, 0x0000, 0x0000, 0x0000, 0x0000, 0x0000, 0x0000, 0x0000, 0x0000, 0x0000, 0x0000, 0x0000, 0x0000, 0x0000,
    0x0000, 0x0000, 0x0000, 0x0000, 0x0000, 0x0000, 0x0000, 0x0000, 0x0000, 0x0000, 0x0000, 0x0000, 0x0000, 0x0000, 0x0000, 0x0000,
    0x0000, 0x0000, 0x0000, 0x0000, 0x0000, 0x0000, 0x0000, 0x0000, 0x0000, 0x0000, 0x0000, 0x0000, 0x0000, 0x0000, 0x0000, 0x0000,
    0x0000, 0x0000, 0x0000, 0x0000, 0x0000, 0x0000, 0x0001, 0x1005, 0x0000, 0x0000, 0x0000, 0x0000, 0x0000, 0x0000, 0x0000, 0x0000,
    0x0000, 0x0000, 0x0000, 0x0000, 0x0000, 0x0000, 0x0000, 0x0001, 0x2007, 0x0000, 0x0000, 0x0000, 0x0000, 0x0000, 0x0000, 0x0800,
    0x2803, 0x982C, 0x0800, 0x0000, 0x0000, 0x0000, 0x0000, 0x0000, 0x0000, 0x0000, 0x0000, 0x0000, 0x3805, 0x5807, 0x0000, 0x0000,
    0x0000, 0x0000, 0x0000, 0x0000, 0x0000, 0x0000, 0x0000, 0x2803, 0x6808, 0x1802, 0x0000, 0x0000, 0x0000, 0x0000, 0x0000, 0x0000,
    0x0000, 0x0000, 0x1001, 0x6808, 0x3804, 0x0000, 0x0000, 0x0000, 0x0000, 0x0000, 0x0000, 0x0000, 0x0000, 0x0000, 0x4806, 0x6007,
    0x0800, 0x0000, 0x0000, 0x0000, 0x0000, 0x0000, 0x0000, 0x0000, 0x0000, 0x0000, 0x0802, 0x1806, 0x0000, 0x0000, 0x0000, 0x0000,
    0x0000, 0x0000, 0x0000, 0x0000, 0x0000, 0x0000, 0x0000, 0x0000, 0x0000, 0x0000, 0x0000, 0x0000, 0x0000, 0x0000, 0x0000, 0x0000,
    0x0000, 0x0000, 0x0000, 0x0000, 0x0000, 0x0000, 0x0000, 0x0000, 0x0000, 0x0020, 0x0A8E, 0x0082, 0x0000, 0x0000, 0x0000, 0x0000,
    0x0000, 0x0000, 0x0000, 0x0000, 0x0000, 0x0000, 0x0000, 0x0000, 0x0000, 0x0000, 0x0000, 0x0000, 0x0000, 0x0000, 0x0000, 0x0000,
    0x0000, 0x0000, 0x0000, 0x0000, 0x0000, 0x0000, 0x0000, 0x0020, 0x03B0, 0x0105, 0x0000, 0x0001, 0x0000, 0x0000, 0x0001, 0x0001,
    0x0001, 0x0001, 0x0001, 0x0001, 0x0001, 0x0001, 0x0002, 0x0002, 0x0002, 0x0002, 0x0001, 0x0001, 0x0002, 0x0000, 0x01C7, 0x0638,
    0x0021, 0x0802, 0x0002, 0x0002, 0x0002, 0x0001, 0x0002, 0x0002, 0x0002, 0x0002, 0x0002, 0x0002, 0x0002, 0x0001, 0x0001, 0x0001,
    0x0001, 0x0001, 0x0000, 0x0001, 0x0000, 0x03D1, 0x0187, 0x0000, 0x0000, 0x0000, 0x0000, 0x0000, 0x0000, 0x0000, 0x0000, 0x0000,
    0x0000, 0x0000, 0x0000, 0x0000, 0x0000, 0x0000, 0x0000, 0x0000, 0x0000, 0x0000, 0x0000, 0x0000, 0x0000, 0x0000, 0x0000, 0x0000,
    0x0000, 0x0000, 0x0000, 0x0000, 0x022C, 0x00E5, 0x0000, 0x0000, 0x0000, 0x0000, 0x0000, 0x0000, 0x0000, 0x0000, 0x0000, 0x0000,
    0x0000, 0x0000, 0x0000, 0x0000, 0x0000, 0x0000, 0x0000, 0x0000, 0x0000, 0x0000, 0x0000, 0x0803, 0x0000, 0x0000, 0x0000, 0x0000,
    0x0000, 0x0000, 0x0000, 0x0000, 0x0000, 0x0000, 0x0000, 0x0000, 0x0000, 0x0000, 0x0000, 0x0000, 0x0000, 0x0000, 0x0000, 0x0000,
    0x0000, 0x0000, 0x0000, 0x0000, 0x0000, 0x0000, 0x0000, 0x0000, 0x0000, 0x0000, 0x0000, 0x0000, 0x0000, 0x0000, 0x0000, 0x0000,
    0x0000, 0x0000, 0x0000, 0x0000, 0x0000, 0x0000, 0x0000, 0x0000, 0x0000, 0x0000, 0x0000, 0x0000, 0x0000, 0x0000, 0x0000, 0x0000,
    0x0000, 0x0000, 0x0000, 0x0000, 0x0000, 0x0000, 0x0000, 0x0000, 0x0000, 0x0000, 0x0000, 0x0000, 0x0000, 0x0000, 0x0000, 0x0000,
    0x0000, 0x0000, 0x0000, 0x0000, 0x0000, 0x0000, 0x0001, 0x1005, 0x0000, 0x0000, 0x0000, 0x0000, 0x0000, 0x0000, 0x0000, 0x0000,
    0x0000, 0x0000, 0x0000, 0x0000, 0x0000, 0x0000, 0x0000, 0x0001, 0x2007, 0x0000, 0x0000, 0x0000, 0x0000, 0x0000, 0x0001, 0x0021,
    0x0021, 0x2825, 0x0021, 0x0000, 0x0000, 0x0000, 0x0000, 0x0000, 0x0000, 0x0000, 0x0000, 0x5807, 0xE012, 0xF013, 0x980C, 0x0800,
    0x0000, 0x0000, 0x0000, 0x0000, 0x0000, 0x0000, 0x3003, 0xD011, 0xF013, 0xB00E, 0x1001, 0x0000, 0x0000, 0x0000, 0x0000, 0x0000,
    0x0000, 0x1001, 0xA80D, 0xF033, 0xD811, 0x3804, 0x0000, 0x0000, 0x0000, 0x0000, 0x0000, 0x0000, 0x0000, 0x6027, 0xE833, 0xF014,
    0x900C, 0x0800, 0x0000, 0x0000, 0x0000, 0x0000, 0x0000, 0x0000, 0x0000, 0x0000, 0x0802, 0x1806, 0x0000, 0x0000, 0x0000, 0x0000,
    0x0000, 0x0000, 0x0000, 0x0000, 0x0000, 0x0000, 0x0000, 0x0000, 0x0000, 0x0000, 0x0000, 0x0000, 0x0000, 0x0000, 0x0000, 0x0000,
    0x0000, 0x0000, 0x0000, 0x0000, 0x0000, 0x0000, 0x0000, 0x0000, 0x0000, 0x0168, 0x020A, 0x0000, 0x0000, 0x0000, 0x0000, 0x0000,
    0x0000, 0x0000, 0x0000, 0x0000, 0x0000, 0x0000, 0x0000, 0x0000, 0x0000, 0x0000, 0x0000, 0x0000, 0x0000, 0x0000, 0x0000, 0x0000,
    0x0000, 0x0000, 0x0000, 0x0000, 0x0000, 0x0000, 0x0000, 0x0062, 0x0493, 0x0062, 0x0000, 0x0000, 0x0000, 0x0001, 0x0000, 0x0001,
    0x0001, 0x0001, 0x0001, 0x0001, 0x0001, 0x0001, 0x0002, 0x0002, 0x0001, 0x0001, 0x0001, 0x0001, 0x0002, 0x0000, 0x01C8, 0x0658,
    0x0021, 0x0802, 0x0002, 0x0002, 0x0001, 0x0002, 0x0002, 0x0002, 0x0002, 0x0002, 0x0002, 0x0002, 0x0002, 0x0001, 0x0001, 0x0001,
    0x0001, 0x0001, 0x0001, 0x0001, 0x0000, 0x030E, 0x02ED, 0x0000, 0x0000, 0x0000, 0x0000, 0x0000, 0x0000, 0x0000, 0x0000, 0x0000,
    0x0000, 0x0000, 0x0000, 0x0000, 0x0000, 0x0000, 0x0000, 0x0000, 0x0000, 0x0000, 0x0000, 0x0000, 0x0000, 0x0000, 0x0000, 0x0000,
    0x0000, 0x0000, 0x0000, 0x0000, 0x00C4, 0x024C, 0x0020, 0x0000, 0x0000, 0x0000, 0x0000, 0x0000, 0x0000, 0x0000, 0x0000, 0x0000,
    0x0000, 0x0000, 0x0000, 0x0000, 0x0000, 0x0000, 0x0000, 0x0000, 0x0000, 0x0000, 0x0000, 0x0803, 0x0000, 0x0000, 0x0000, 0x0000,
    0x0000, 0x0000, 0x0000, 0x0000, 0x0000, 0x0000, 0x0000, 0x0000, 0x0000, 0x0000, 0x0000, 0x0000, 0x0000, 0x0000, 0x0000, 0x0000,
    0x0000, 0x0000, 0x0000, 0x0000, 0x0000, 0x0000, 0x0000, 0x0000, 0x0000, 0x0000, 0x0000, 0x0000, 0x0000, 0x0000, 0x0000, 0x0000,
    0x0000, 0x0000, 0x0000, 0x0000, 0x0000, 0x0000, 0x0000, 0x0000, 0x0000, 0x0000, 0x0000, 0x0000, 0x0000, 0x0000, 0x0061, 0x0041,
    0x0000, 0x0000, 0x0000, 0x0000, 0x0000, 0x0000, 0x0000, 0x0000, 0x0000, 0x0000, 0x0000, 0x0000, 0x0000, 0x0000, 0x0000, 0x0000,
    0x0000, 0x0000, 0x0000, 0x0000, 0x0000, 0x0000, 0x0001, 0x1005, 0x0000, 0x0000, 0x0000, 0x0000, 0x0000, 0x0000, 0x0000, 0x0000,
    0x0000, 0x0000, 0x0000, 0x0000, 0x0000, 0x0000, 0x0000, 0x0001, 0x2008, 0x0000, 0x0000, 0x0000, 0x0000, 0x0000, 0x10A7, 0x190A,
    0x190A, 0x0909, 0x212C, 0x0843, 0x0000, 0x0000, 0x0000, 0x0000, 0x0000, 0x0000, 0x0000, 0xA00D, 0xF013, 0xD811, 0xE813, 0x2002,
    0x0000, 0x0000, 0x0000, 0x0000, 0x0000, 0x0000, 0x7009, 0xF013, 0xD010, 0xF013, 0x4005, 0x0000, 0x0000, 0x0000, 0x0000, 0x0000,
    0x0000, 0x2803, 0xE812, 0xD810, 0xF813, 0x880A, 0x0000, 0x0000, 0x0000, 0x0000, 0x0000, 0x0000, 0x0000, 0xA80E, 0xE812, 0xE011,
    0xE012, 0x1001, 0x0000, 0x0000, 0x0000, 0x0000, 0x0000, 0x0000, 0x0000, 0x0000, 0x0802, 0x1806, 0x0000, 0x0000, 0x0000, 0x0000,
    0x0000, 0x0000, 0x0000, 0x0000, 0x0000, 0x0000, 0x0000, 0x0000, 0x0000, 0x0000, 0x0000, 0x0000, 0x0000, 0x0000, 0x0000, 0x0000,
    0x0000, 0x0000, 0x0000, 0x0000, 0x0000, 0x0000, 0x0000, 0x0000, 0x0021, 0x028D, 0x0041, 0x0000, 0x0000, 0x0000, 0x0000, 0x0000,
    0x0000, 0x0000, 0x0000, 0x0000, 0x0000, 0x0000, 0x0000, 0x0000, 0x0000, 0x0000, 0x0000, 0x0000, 0x0000, 0x0000, 0x0000, 0x0000,
    0x0000, 0x0000, 0x0000, 0x0000, 0x0000, 0x0000, 0x0000, 0x01E8, 0x038F, 0x0000, 0x0000, 0x0000, 0x0000, 0x0000, 0x0000, 0x0000,
    0x0000, 0x0001, 0x0001, 0x0001, 0x0001, 0x0001, 0x0001, 0x0001, 0x0001, 0x0001, 0x0001, 0x0001, 0x0002, 0x0800, 0x01E8, 0x0637,
    0x0000, 0x0002, 0x0001, 0x0001, 0x0001, 0x0001, 0x0001, 0x0001, 0x0001, 0x0002, 0x0002, 0x0001, 0x0001, 0x0001, 0x0001, 0x0001,
    0x0001, 0x0000, 0x0000, 0x0001, 0x0000, 0x01A8, 0x03B1, 0x0000, 0x0000, 0x0000, 0x0000, 0x0000, 0x0000, 0x0000, 0x0000, 0x0000,
    0x0000, 0x0000, 0x0000, 0x0000, 0x0000, 0x0000, 0x0000, 0x0000, 0x0000, 0x0000, 0x0000, 0x0000, 0x0000, 0x0000, 0x0000, 0x0000,
    0x0000, 0x0000, 0x0000, 0x0000, 0x0000, 0x020B, 0x0126, 0x0000, 0x0000, 0x0000, 0x0000, 0x0000, 0x0000, 0x0000, 0x0000, 0x0000,
    0x0000, 0x0000, 0x0000, 0x0000, 0x0000, 0x0000, 0x0000, 0x0000, 0x0000, 0x0000, 0x0000, 0x0803, 0x0000, 0x0000, 0x0000, 0x0000,
    0x0000, 0x0000, 0x0000, 0x0000, 0x0000, 0x0000, 0x0000, 0x0000, 0x0000, 0x0000, 0x0000, 0x0000, 0x0000, 0x0000, 0x0000, 0x0000,
    0x0000, 0x0000, 0x0000, 0x0000, 0x0000, 0x0000, 0x0000, 0x0000, 0x0000, 0x0000, 0x0000, 0x0000, 0x0000, 0x0000, 0x0000, 0x0000,
    0x0000, 0x0000, 0x0000, 0x0000, 0x0000, 0x0000, 0x0000, 0x0000, 0x0000, 0x0000, 0x0000, 0x0000, 0x0000, 0x0061, 0x06B8, 0x03AE,
    0x0000, 0x0000, 0x0000, 0x0000, 0x0000, 0x0000, 0x0000, 0x0000, 0x0000, 0x0000, 0x0000, 0x0000, 0x0000, 0x0000, 0x0000, 0x0000,
    0x0000, 0x0000, 0x0000, 0x0000, 0x0000, 0x0000, 0x0001, 0x1005, 0x0000, 0x0000, 0x0000, 0x0000, 0x0000, 0x0000, 0x0000, 0x0000,
    0x0000, 0x0000, 0x0000, 0x0000, 0x0000, 0x0000, 0x0000, 0x0001, 0x2007, 0x0000, 0x0000, 0x0000, 0x0000, 0x0000, 0x0000, 0x0000,
    0x0000, 0x3004, 0x0000, 0x0000, 0x0000, 0x0000, 0x0000, 0x0000, 0x0000, 0x0000, 0x0000, 0x4005, 0xD011, 0xF013, 0x800B, 0x0000,
    0x0000, 0x0000, 0x0000, 0x0000, 0x0000, 0x0000, 0x2003, 0xC810, 0xF813, 0xA00D, 0x0801, 0x0000, 0x0000, 0x0000, 0x0000, 0x0000,
    0x0000, 0x0801, 0x980C, 0xF813, 0xD810, 0x2803, 0x0000, 0x0000, 0x0000, 0x0000, 0x0000, 0x0000, 0x0000, 0x4005, 0xD811, 0xF013,
    0x780A, 0x0000, 0x0000, 0x0000, 0x0000, 0x0000, 0x0000, 0x0000, 0x0000, 0x0000, 0x0802, 0x1806, 0x0000, 0x0000, 0x0000, 0x0000,
    0x0000, 0x0000, 0x0000, 0x0000, 0x0000, 0x0000, 0x0000, 0x0000, 0x0000, 0x0000, 0x0000, 0x0000, 0x0000, 0x0000, 0x0000, 0x0000,
    0x0000, 0x0000, 0x0000, 0x0000, 0x0000, 0x0000, 0x0000, 0x0000, 0x022A, 0x01A8, 0x0000, 0x0000, 0x0000, 0x0000, 0x0000, 0x0000,
    0x0000, 0x0000, 0x0000, 0x0000, 0x0000, 0x0000, 0x0000, 0x0000, 0x0000, 0x0000, 0x0000, 0x0000, 0x0000, 0x0000, 0x0000, 0x0000,
    0x0000, 0x0000, 0x0000, 0x0000, 0x0000, 0x0020, 0x0000, 0x02CC, 0x032D, 0x0000, 0x0020, 0x0000, 0x0000, 0x0000, 0x0000, 0x0000,
    0x0001, 0x0001, 0x0001, 0x0001, 0x0001, 0x0001, 0x0001, 0x0001, 0x0001, 0x0002, 0x0002, 0x0002, 0x0022, 0x0801, 0x01E8, 0x0616,
    0x0000, 0x0001, 0x0001, 0x0001, 0x0001, 0x0002, 0x0002, 0x0002, 0x0002, 0x0002, 0x0002, 0x0001, 0x0001, 0x0001, 0x0001, 0x0001,
    0x0001, 0x0001, 0x0001, 0x0000, 0x0000, 0x0105, 0x032F, 0x0041, 0x0000, 0x0000, 0x0000, 0x0000, 0x0000, 0x0000, 0x0000, 0x0000,
    0x0000, 0x0000, 0x0000, 0x0000, 0x0000, 0x0000, 0x0000, 0x0000, 0x0000, 0x0000, 0x0000, 0x0000, 0x0000, 0x0000, 0x0000, 0x0000,
    0x0000, 0x0000, 0x0000, 0x0000, 0x0000, 0x0082, 0x022B, 0x0021, 0x0000, 0x0000, 0x0000, 0x0000, 0x0000, 0x0000, 0x0000, 0x0000,
    0x0000, 0x0000, 0x0000, 0x0000, 0x0000, 0x0000, 0x0000, 0x0000, 0x0000, 0x0000, 0x0000, 0x0803, 0x0000, 0x0000, 0x0000, 0x0000,
    0x0000, 0x0000, 0x0000, 0x0000, 0x0000, 0x0000, 0x0000, 0x0000, 0x0000, 0x0000, 0x0000, 0x0000, 0x0000, 0x0000, 0x0000, 0x0000,
    0x0000, 0x0000, 0x0000, 0x0000, 0x0000, 0x0000, 0x0000, 0x0000, 0x0000, 0x0000, 0x0000, 0x1004, 0x5051, 0x0000, 0x0000, 0x0000,
    0x0000, 0x0000, 0x0000, 0x0000, 0x0000, 0x0000, 0x0000, 0x0000, 0x0000, 0x0000, 0x0000, 0x0000, 0x0000, 0x0081, 0x073A, 0x03EF,
    0x0000, 0x0000, 0x0000, 0x0000, 0x0000, 0x0000, 0x0000, 0x0000, 0x0000, 0x0000, 0x0000, 0x0000, 0x0000, 0x0000, 0x0000, 0x0000,
    0x0000, 0x0000, 0x0000, 0x0000, 0x0000, 0x0000, 0x0001, 0x1005, 0x0000, 0x0000, 0x0000, 0x0000, 0x0000, 0x0000, 0x0000, 0x0000,
    0x0000, 0x0000, 0x0000, 0x0000, 0x0000, 0x0000, 0x0000, 0x0801, 0x2007, 0x0000, 0x0000, 0x0000, 0x0000, 0x0000, 0x0000, 0x0000,
    0x6009, 0x980C, 0x0000, 0x0000, 0x0000, 0x0000, 0x0000, 0x0000, 0x0000, 0x0000, 0x0000, 0x0000, 0x2002, 0x4005, 0x0000, 0x0000,
    0x0000, 0x0000, 0x0000, 0x0000, 0x0000, 0x0000, 0x0000, 0x1802, 0x4005, 0x0800, 0x0000, 0x0000, 0x0000, 0x0000, 0x0000, 0x0000,
    0x0000, 0x0000, 0x0000, 0x4005, 0x2002, 0x0000, 0x0000, 0x0000, 0x0000, 0x0000, 0x0000, 0x0000, 0x0000, 0x0000, 0x3003, 0x3804,
    0x0000, 0x0000, 0x0000, 0x0000, 0x0000, 0x0000, 0x0000, 0x0000, 0x0000, 0x0000, 0x0802, 0x1806, 0x0000, 0x0000, 0x0000, 0x0000,
    0x0000, 0x0000, 0x0000, 0x0000, 0x0000, 0x0000, 0x0000, 0x0000, 0x0000, 0x0000, 0x0000, 0x0000, 0x0000, 0x0000, 0x0000, 0x0000,
    0x0000, 0x0000, 0x0000, 0x0000, 0x0000, 0x0000, 0x0000, 0x00A3, 0x02AD, 0x0000, 0x0000, 0x0000, 0x0000, 0x0000, 0x0000, 0x0000,
    0x0000, 0x0000, 0x0000, 0x0000, 0x0000, 0x0000, 0x0000, 0x0000, 0x0000, 0x0000, 0x0000, 0x0000, 0x0000, 0x0000, 0x0000, 0x0000,
    0x0000, 0x0000, 0x0000, 0x0000, 0x0000, 0x0000, 0x0000, 0x0390, 0x0104, 0x0000, 0x0000, 0x0000, 0x0000, 0x0000, 0x0000, 0x0000,
    0x0000, 0x0000, 0x0000, 0x0000, 0x0000, 0x0000, 0x0000, 0x0000, 0x0000, 0x0000, 0x0000, 0x0000, 0x0001, 0x0000, 0x0166, 0x0594,
    0x0000, 0x0000, 0x0000, 0x0000, 0x0000, 0x0000, 0x0000, 0x0000, 0x0000, 0x0000, 0x0000, 0x0000, 0x0000, 0x0000, 0x0000, 0x0000,
    0x0000, 0x0000, 0x0000, 0x0000, 0x0000, 0x0000, 0x0390, 0x00E4, 0x0000, 0x0000, 0x0000, 0x0000, 0x0000, 0x0000, 0x0000, 0x0000,
    0x0000, 0x0000, 0x0000, 0x0000, 0x0000, 0x0000, 0x0000, 0x0000, 0x0000, 0x0000, 0x0000, 0x0000, 0x0000, 0x0000, 0x0000, 0x0000,
    0x0000, 0x0000, 0x0000, 0x0000, 0x0000, 0x0000, 0x01A9, 0x01CA, 0x0000, 0x0000, 0x0000, 0x0000, 0x0000, 0x0000, 0x0000, 0x0000,
    0x0000, 0x0000, 0x0000, 0x0000, 0x0000, 0x0000, 0x0000, 0x0000, 0x0000, 0x0000, 0x0000, 0x0803, 0x0000, 0x0000, 0x0000, 0x0000,
    0x0000, 0x0000, 0x0000, 0x0000, 0x0000, 0x0000, 0x0000, 0x0000, 0x0000, 0x0000, 0x0000, 0x0000, 0x0000, 0x0000, 0x0000, 0x0000,
    0x0000, 0x0000, 0x0000, 0x0000, 0x1803, 0x7810, 0x0000, 0x0000, 0x0000, 0x0000, 0x0000, 0x1805, 0x6854, 0x0000, 0x0000, 0x0000,
    0x0000, 0x0000, 0x0000, 0x0000, 0x0000, 0x0000, 0x0000, 0x0002, 0x0000, 0x0000, 0x0000, 0x0000, 0x0000, 0x0061, 0x06F9, 0x03EF,
    0x0000, 0x0000, 0x0000, 0x0000, 0x0000, 0x0000, 0x0000, 0x0000, 0x01EA, 0x0126, 0x0000, 0x0000, 0x0000, 0x0000, 0x0000, 0x0000,
    0x0000, 0x0000, 0x0000, 0x0000, 0x0000, 0x0000, 0x0001, 0x1005, 0x0000, 0x0000, 0x0000, 0x0000, 0x0000, 0x0000, 0x0000, 0x0000,
    0x0001, 0x0001, 0x0001, 0x0001, 0x0001, 0x0001, 0x0001, 0x0802, 0x2007, 0x0000, 0x0000, 0x0000, 0x0000, 0x0000, 0x0000, 0x5809,
    0x600A, 0x780A, 0x0000, 0x0000, 0x0000, 0x0000, 0x0000, 0x0000, 0x0000, 0x0000, 0x0000, 0x0000, 0x0000, 0x0000, 0x0000, 0x0000,
    0x0000, 0x0000, 0x0000, 0x0000, 0x0000, 0x0000, 0x0000, 0x0000, 0x0000, 0x0000, 0x0000, 0x0000, 0x0000, 0x0000, 0x0000, 0x0000,
    0x0000, 0x0000, 0x0000, 0x0000, 0x0000, 0x0000, 0x0000, 0x0000, 0x0000, 0x0000, 0x0000, 0x0000, 0x0000, 0x0000, 0x0000, 0x0000,
    0x0000, 0x0000, 0x0000, 0x0000, 0x0000, 0x0000, 0x0000, 0x0000, 0x0000, 0x0000, 0x0802, 0x1807, 0x0083, 0x00E5, 0x00E5, 0x00E5,
    0x0105, 0x0125, 0x0126, 0x0146, 0x0166, 0x0166, 0x0166, 0x0186, 0x0187, 0x0187, 0x0187, 0x0187, 0x0186, 0x0186, 0x0186, 0x0186,
    0x0186, 0x0187, 0x01A7, 0x0187, 0x0186, 0x01A7, 0x0145, 0x028C, 0x028C, 0x0146, 0x0187, 0x0186, 0x0186, 0x0187, 0x0187, 0x0187,
    0x01A7, 0x01A7, 0x01A7, 0x01A7, 0x01A7, 0x01A7, 0x01A7, 0x01A7, 0x01A7, 0x01C7, 0x01A7, 0x01A7, 0x01C7, 0x01A7, 0x01A7, 0x01A7,
    0x01A7, 0x01A7, 0x01A7, 0x01A7, 0x0187, 0x0187, 0x0167, 0x0412, 0x01E9, 0x0167, 0x0187, 0x0187, 0x0188, 0x0188, 0x0188, 0x0188,
    0x0188, 0x01A8, 0x01A8, 0x01A8, 0x01A8, 0x01A8, 0x09A8, 0x09A8, 0x09A8, 0x09A8, 0x09A8, 0x09A8, 0x09A9, 0x0967, 0x02AB, 0x0575,
    0x01A8, 0x09C8, 0x01C8, 0x09C8, 0x09C9, 0x09C9, 0x09C9, 0x09C9, 0x09C9, 0x09C9, 0x09A8, 0x09A8, 0x09A8, 0x01A8, 0x01A8, 0x01A8,
    0x01A8, 0x0188, 0x0167, 0x0167, 0x0167, 0x0126, 0x0350, 0x026C, 0x0167, 0x01A8, 0x01A7, 0x01A7, 0x01A7, 0x01A7, 0x01A7, 0x01A7,
    0x01A7, 0x01A7, 0x01A7, 0x01A7, 0x01A7, 0x01A7, 0x01A7, 0x0187, 0x0187, 0x0187, 0x01A7, 0x01A7, 0x01A7, 0x01A7, 0x0187, 0x0187,
    0x0187, 0x0187, 0x0167, 0x0166, 0x0167, 0x0146, 0x01A8, 0x0351, 0x0146, 0x0146, 0x0166, 0x0166, 0x0167, 0x0167, 0x0166, 0x0166,
    0x0146, 0x0146, 0x0146, 0x0146, 0x0125, 0x0105, 0x0105, 0x00E5, 0x00C4, 0x00A4, 0x0041, 0x0803, 0x0000, 0x0000, 0x0000, 0x0000,
    0x680B, 0x780D, 0x0000, 0x0801, 0x9812, 0x2004, 0x0000, 0x600C, 0x700E, 0x0000, 0x4007, 0xA815, 0x0000, 0x1002, 0xA014, 0x1803,
    0x0000, 0x9014, 0x2806, 0x0000, 0x4029, 0x9815, 0x0000, 0x0000, 0x602F, 0x502D, 0x0000, 0x1805, 0x6874, 0x0001, 0x0000, 0x5850,
    0x382B, 0x0000, 0x0001, 0x5893, 0x2048, 0x0000, 0x0802, 0x5134, 0x1045, 0x0000, 0x0908, 0x1A51, 0x0000, 0x00A2, 0x07FC, 0x0471,
    0x0000, 0x0125, 0x0B31, 0x0000, 0x0020, 0x0BB2, 0x0187, 0x0000, 0x030F, 0x0370, 0x0000, 0x0041, 0x0371, 0x0146, 0x0000, 0x01A8,
    0x0AAE, 0x0000, 0x0000, 0x0000, 0x0000, 0x0000, 0x0001, 0x1005, 0x0001, 0x0803, 0x0803, 0x0804, 0x1004, 0x0803, 0x0802, 0x0802,
    0x0001, 0x0001, 0x0001, 0x0001, 0x0001, 0x0001, 0x0001, 0x0802, 0x2007, 0x0000, 0x0000, 0x0000, 0x0000, 0x0000, 0x0000, 0x6009,
    0x800B, 0xB830, 0x1001, 0x0000, 0x0000, 0x0000, 0x0000, 0x0000, 0x0000, 0x0000, 0x0000, 0x0000, 0x0000, 0x0000, 0x0000, 0x0000,
    0x0000, 0x0000, 0x0000, 0x0000, 0x0000, 0x0000, 0x0000, 0x0000, 0x0000, 0x0000, 0x0000, 0x0000, 0x0000, 0x0000, 0x0000, 0x0000,
    0x0000, 0x0000, 0x0000, 0x0000, 0x0000, 0x0000, 0x0000, 0x0000, 0x0000, 0x0000, 0x0000, 0x0000, 0x0000, 0x0000, 0x0000, 0x0000,
    0x0000, 0x0000, 0x0000, 0x0000, 0x0000, 0x0000, 0x0000, 0x0000, 0x0000, 0x0000, 0x0802, 0x1806, 0x00A3, 0x0106, 0x0105, 0x0106,
    0x0146, 0x0146, 0x0146, 0x0167, 0x0187, 0x01A7, 0x01A7, 0x01A7, 0x01C7, 0x01C7, 0x01C8, 0x01C8, 0x01C7, 0x01C7, 0x01C7, 0x01C7,
    0x01C7, 0x01C7, 0x01C7, 0x01C7, 0x01C8, 0x01C8, 0x026B, 0x02AD, 0x0146, 0x0187, 0x01A7, 0x01A7, 0x01A7, 0x01C7, 0x01C8, 0x01C8,
    0x01E8, 0x01E8, 0x01E8, 0x01E8, 0x01E8, 0x01E8, 0x01C8, 0x01E8, 0x01E8, 0x01E8, 0x01E8, 0x01E8, 0x01E8, 0x01E8, 0x01E8, 0x01E8,
    0x01E8, 0x01E8, 0x01E8, 0x01C8, 0x01C8, 0x01A7, 0x02CD, 0x03B0, 0x0167, 0x01A8, 0x01A8, 0x01C8, 0x01C8, 0x01C8, 0x01C8, 0x01C8,
    0x01C8, 0x01C9, 0x01C9, 0x01C9, 0x01C8, 0x01C8, 0x01C8, 0x01C8, 0x01C8, 0x01C8, 0x01C8, 0x01C8, 0x01C8, 0x0988, 0x02CC, 0x0596,
    0x01C8, 0x0209, 0x0209, 0x0209, 0x0209, 0x0209, 0x0209, 0x0209, 0x01E9, 0x01E9, 0x01E9, 0x01E8, 0x01C9, 0x01C9, 0x01C9, 0x01C9,
    0x01C8, 0x01A8, 0x0187, 0x0187, 0x0188, 0x0146, 0x02AD, 0x03D2, 0x0188, 0x01C8, 0x01C8, 0x01E8, 0x01E8, 0x01C8, 0x01C8, 0x01C8,
    0x01C8, 0x01C8, 0x01C8, 0x01C8, 0x01C8, 0x01E8, 0x01C8, 0x01C8, 0x01C8, 0x01C8, 0x01C8, 0x01C8, 0x01C8, 0x01C8, 0x01C8, 0x01A8,
    0x01C8, 0x01A7, 0x01A7, 0x01A7, 0x0187, 0x0187, 0x0146, 0x01EA, 0x02AD, 0x0166, 0x01A7, 0x0187, 0x0187, 0x0187, 0x0187, 0x0187,
    0x0187, 0x0187, 0x0167, 0x0167, 0x0146, 0x0126, 0x0126, 0x0105, 0x00E5, 0x00C5, 0x0042, 0x0802, 0x0000, 0x0000, 0x0000, 0x0000,
    0x680C, 0x800E, 0x0000, 0x0801, 0x9012, 0x2004, 0x0000, 0x600C, 0x700E, 0x0000, 0x3807, 0x9813, 0x0000, 0x1002, 0x8810, 0x1002,
    0x0000, 0x8813, 0x2805, 0x0000, 0x3007, 0x600D, 0x0000, 0x0000, 0x580E, 0x500D, 0x0000, 0x1824, 0x482F, 0x0001, 0x0000, 0x482E,
    0x3009, 0x0000, 0x0001, 0x5072, 0x2027, 0x0000, 0x0802, 0x48F2, 0x1044, 0x0000, 0x10E7, 0x21EF, 0x0000, 0x0062, 0x0532, 0x02CA,
    0x0000, 0x0105, 0x0AEF, 0x0000, 0x0000, 0x0B30, 0x0126, 0x0000, 0x01E9, 0x028B, 0x0000, 0x0041, 0x0B2F, 0x0126, 0x0000, 0x0988,
    0x0A6D, 0x0000, 0x0000, 0x0000, 0x0000, 0x0000, 0x0001, 0x1005, 0x0001, 0x0804, 0x0803, 0x0803, 0x1004, 0x1004, 0x0803, 0x0803,
    0x0000, 0x0000, 0x0000, 0x0000, 0x0000, 0x0000, 0x0000, 0x0801, 0x2007, 0x0000, 0x0000, 0x0000, 0x0000, 0x0000, 0x0000, 0x0000,
    0x0801, 0x702A, 0x0000, 0x0000, 0x0000, 0x0000, 0x0000, 0x0000, 0x0000, 0x0000, 0x0000, 0x0000, 0x0000, 0x0000, 0x0000, 0x0000,
    0x0000, 0x0000, 0x0000, 0x0000, 0x0000, 0x0000, 0x0000, 0x0000, 0x0000, 0x0000, 0x0000, 0x0000, 0x0000, 0x0000, 0x0000, 0x0000,
    0x0000, 0x0000, 0x0000, 0x0000, 0x0000, 0x0000, 0x0000, 0x0000, 0x0000, 0x0000, 0x0000, 0x0000, 0x0000, 0x0000, 0x0000, 0x0000,
    0x0000, 0x0000, 0x0000, 0x0000, 0x0000, 0x0000, 0x0000, 0x0000, 0x0000, 0x0000, 0x0802, 0x1806, 0x0000, 0x0000, 0x0000, 0x0000,
    0x0000, 0x0000, 0x0000, 0x0000, 0x0000, 0x0000, 0x0000, 0x0000, 0x0000, 0x0000, 0x0000, 0x0000, 0x0000, 0x0000, 0x0000, 0x0000,
    0x0000, 0x0000, 0x0000, 0x0000, 0x0000, 0x0000, 0x024B, 0x0105, 0x0000, 0x0000, 0x0000, 0x0000, 0x0000, 0x0000, 0x0000, 0x0000,
    0x0000, 0x0000, 0x0000, 0x0000, 0x0000, 0x0000, 0x0000, 0x0000, 0x0000, 0x0000, 0x0000, 0x0000, 0x0000, 0x0000, 0x0000, 0x0000,
    0x0000, 0x0000, 0x0000, 0x0000, 0x0000, 0x0000, 0x0187, 0x02ED, 0x0000, 0x0000, 0x0000, 0x0000, 0x0000, 0x0000, 0x0000, 0x0000,
    0x0000, 0x0000, 0x0000, 0x0000, 0x0000, 0x0000, 0x0000, 0x0000, 0x0000, 0x0000, 0x0000, 0x0000, 0x0000, 0x0000, 0x0125, 0x0535,
    0x0000, 0x0000, 0x0000, 0x0000, 0x0000, 0x0000, 0x0000, 0x0000, 0x0000, 0x0000, 0x0000, 0x0000, 0x0000, 0x0000, 0x0000, 0x0000,
    0x0000, 0x0000, 0x0000, 0x0000, 0x0000, 0x0000, 0x0125, 0x03B1, 0x0000, 0x0000, 0x0000, 0x0000, 0x0000, 0x0000, 0x0000, 0x0000,
    0x0000, 0x0000, 0x0000, 0x0000, 0x0000, 0x0000, 0x0000, 0x0000, 0x0000, 0x0000, 0x0000, 0x0000, 0x0000, 0x0000, 0x0000, 0x0000,
    0x0000, 0x0000, 0x0000, 0x0000, 0x0000, 0x0000, 0x0000, 0x0000, 0x024C, 0x0041, 0x0000, 0x0000, 0x0000, 0x0000, 0x0000, 0x0000,
    0x0000, 0x0000, 0x0000, 0x0000, 0x0000, 0x0000, 0x0000, 0x0000, 0x0000, 0x0000, 0x0000, 0x0803, 0x0000, 0x0000, 0x0000, 0x0000,
    0x0000, 0x0000, 0x0000, 0x0000, 0x0000, 0x0000, 0x0000, 0x0000, 0x0000, 0x0000, 0x0000, 0x0000, 0x0000, 0x0000, 0x0000, 0x0000,
    0x0000, 0x0000, 0x0000, 0x0000, 0x0000, 0x0000, 0x0000, 0x0000, 0x0000, 0x0000, 0x0000, 0x0000, 0x0000, 0x0000, 0x0000, 0x0000,
    0x0000, 0x0000, 0x0000, 0x0000, 0x0000, 0x0000, 0x0000, 0x0000, 0x0000, 0x0000, 0x0000, 0x0000, 0x0000, 0x0000, 0x0000, 0x0000,
    0x0000, 0x0000, 0x0000, 0x0000, 0x0000, 0x0000, 0x0000, 0x0000, 0x0000, 0x0000, 0x0000, 0x0000, 0x0000, 0x0000, 0x0000, 0x0000,
    0x0000, 0x0000, 0x0000, 0x0000, 0x0000, 0x0000, 0x0001, 0x1005, 0x0000, 0x0000, 0x0000, 0x0000, 0x0000, 0x0000, 0x0000, 0x0000,
    0x0000, 0x0000, 0x0000, 0x0000, 0x0000, 0x0000, 0x0000, 0x0802, 0x2008, 0x0000, 0x0000, 0x0000, 0x0000, 0x0000, 0x0000, 0x0000,
    0x0000, 0x0000, 0x0000, 0x0000, 0x0000, 0x0000, 0x0000, 0x0000, 0x0000, 0x0000, 0x0000, 0x0000, 0x0000, 0x0000, 0x0000, 0x0000,
    0x0000, 0x0000, 0x0000, 0x0000, 0x0000, 0x0000, 0x0000, 0x0000, 0x0000, 0x0000, 0x0000, 0x0000, 0x0000, 0x0000, 0x0000, 0x0000,
    0x0000, 0x0000, 0x0000, 0x0000, 0x0000, 0x0000, 0x0000, 0x0000, 0x0000, 0x0000, 0x0000, 0x0000, 0x0000, 0x0000, 0x0000, 0x0000,
    0x0000, 0x0000, 0x0000, 0x0000, 0x0000, 0x0000, 0x0000, 0x0000, 0x0000, 0x0000, 0x0802, 0x1807, 0x0000, 0x0000, 0x0000, 0x0000,
    0x0000, 0x0000, 0x0000, 0x0000, 0x0000, 0x0000, 0x0000, 0x0000, 0x0000, 0x0000, 0x0000, 0x0000, 0x0000, 0x0000, 0x0000, 0x0000,
    0x0000, 0x0000, 0x0000, 0x0000, 0x0000, 0x0125, 0x024B, 0x0000, 0x0000, 0x0000, 0x0000, 0x0000, 0x0000, 0x0000, 0x0000, 0x0000,
    0x0000, 0x0000, 0x0000, 0x0000, 0x0000, 0x0000, 0x0000, 0x0000, 0x0000, 0x0000, 0x0000, 0x0000, 0x0000, 0x0000, 0x0000, 0x0000,
    0x0000, 0x0000, 0x0000, 0x0000, 0x0000, 0x0000, 0x030E, 0x0209, 0x0000, 0x0020, 0x0000, 0x0000, 0x0000, 0x0000, 0x0000, 0x0000,
    0x0000, 0x0000, 0x0000, 0x0000, 0x0000, 0x0000, 0x0000, 0x0000, 0x0000, 0x0000, 0x0000, 0x0000, 0x0000, 0x0000, 0x0166, 0x04F4,
    0x0020, 0x0001, 0x0001, 0x0000, 0x0001, 0x0001, 0x0000, 0x0000, 0x0000, 0x0000, 0x0000, 0x0000, 0x0000, 0x0000, 0x0000, 0x0000,
    0x0000, 0x0000, 0x0000, 0x0000, 0x0000, 0x0000, 0x0062, 0x0413, 0x0082, 0x0000, 0x0000, 0x0000, 0x0000, 0x0000, 0x0000, 0x0000,
    0x0000, 0x0000, 0x0000, 0x0000, 0x0000, 0x0000, 0x0000, 0x0000, 0x0000, 0x0000, 0x0000, 0x0000, 0x0000, 0x0000, 0x0000, 0x0000,
    0x0000, 0x0000, 0x0000, 0x0000, 0x0000, 0x0000, 0x0000, 0x0000, 0x0146, 0x01EA, 0x0000, 0x0000, 0x0000, 0x0000, 0x0000, 0x0000,
    0x0000, 0x0000, 0x0000, 0x0000, 0x0000, 0x0000, 0x0000, 0x0000, 0x0000, 0x0000, 0x0000, 0x0803, 0x0000, 0x0000, 0x0000, 0x0000,
    0x0000, 0x0000, 0x0000, 0x0000, 0x0000, 0x0000, 0x0000, 0x0000, 0x0000, 0x0000, 0x0000, 0x0000, 0x0000, 0x0000, 0x0000, 0x0000,
    0x0000, 0x0000, 0x0000, 0x0000, 0x0000, 0x0000, 0x0000, 0x0000, 0x0000, 0x0000, 0x0000, 0x0000, 0x0000, 0x0000, 0x0000, 0x0000,
    0x0000, 0x0000, 0x0000, 0x0000, 0x0000, 0x0000, 0x0000, 0x0000, 0x0000, 0x0000, 0x0000, 0x0000, 0x0000, 0x0000, 0x0000, 0x0000,
    0x0000, 0x0000, 0x0000, 0x0000, 0x0000, 0x0000, 0x0000, 0x0000, 0x0000, 0x0000, 0x0000, 0x0000, 0x0000, 0x0000, 0x0000, 0x0000,
    0x0000, 0x0000, 0x0000, 0x0000, 0x0000, 0x0000, 0x0000, 0x1005, 0x0000, 0x0000, 0x0000, 0x0000, 0x0000, 0x0000, 0x0000, 0x0000,
    0x0000, 0x0000, 0x0000, 0x0000, 0x0000, 0x0000, 0x0000, 0x0000, 0x2809, 0x1805, 0x1003, 0x1004, 0x1004, 0x1003, 0x1003, 0x1003,
    0x1003, 0x0803, 0x1003, 0x1003, 0x1003, 0x1003, 0x1004, 0x1004, 0x1004, 0x1004, 0x1004, 0x1004, 0x1003, 0x1003, 0x1003, 0x1004,
    0x1004, 0x1004, 0x1003, 0x1003, 0x1003, 0x1003, 0x1003, 0x1004, 0x1004, 0x1003, 0x1003, 0x1003, 0x1003, 0x1003, 0x1003, 0x1003,
    0x1003, 0x1003, 0x1003, 0x1003, 0x1003, 0x1003, 0x1003, 0x1003, 0x1003, 0x1003, 0x1003, 0x1003, 0x1004, 0x1004, 0x1004, 0x1003,
    0x1003, 0x1003, 0x1004, 0x1004, 0x1003, 0x1003, 0x1003, 0x1003, 0x1003, 0x1003, 0x2007, 0x1004, 0x0000, 0x0000, 0x0000, 0x0000,
    0x0000, 0x0000, 0x0000, 0x0000, 0x0000, 0x0000, 0x0000, 0x0000, 0x0000, 0x0000, 0x0000, 0x0000, 0x0000, 0x0000, 0x0000, 0x0000,
    0x0000, 0x0000, 0x0000, 0x0000, 0x0020, 0x026B, 0x0082, 0x0000, 0x0000, 0x0000, 0x0000, 0x0000, 0x0000, 0x0000, 0x0000, 0x0000,
    0x0000, 0x0000, 0x0000, 0x0000, 0x0000, 0x0000, 0x0000, 0x0000, 0x0000, 0x0000, 0x0000, 0x0000, 0x0000, 0x0000, 0x0000, 0x0000,
    0x0000, 0x0000, 0x0000, 0x0000, 0x0000, 0x0020, 0x0370, 0x00C3, 0x0000, 0x0000, 0x0000, 0x0000, 0x0000, 0x0000, 0x0000, 0x0000,
    0x0000, 0x0000, 0x0000, 0x0000, 0x0000, 0x0000, 0x0000, 0x0000, 0x0000, 0x0000, 0x0000, 0x0000, 0x0000, 0x0000, 0x0146, 0x04B3,
    0x0000, 0x0000, 0x0000, 0x0000, 0x0000, 0x0000, 0x0000, 0x0000, 0x0000, 0x0000, 0x0000, 0x0000, 0x0000, 0x0000, 0x0000, 0x0000,
    0x0000, 0x0000, 0x0000, 0x0000, 0x0000, 0x0000, 0x0000, 0x030F, 0x0167, 0x0000, 0x0000, 0x0000, 0x0000, 0x0000, 0x0000, 0x0000,
    0x0000, 0x0000, 0x0000, 0x0000, 0x0000, 0x0000, 0x0000, 0x0000, 0x0000, 0x0000, 0x0000, 0x0000, 0x0000, 0x0000, 0x0000, 0x0000,
    0x0000, 0x0000, 0x0000, 0x0000, 0x0000, 0x0000, 0x0000, 0x0000, 0x0000, 0x022B, 0x00C4, 0x0000, 0x0000, 0x0000, 0x0000, 0x0000,
    0x0000, 0x0000, 0x0000, 0x0000, 0x0000, 0x0000, 0x0000, 0x0000, 0x0000, 0x0000, 0x0000, 0x0802, 0x0802, 0x0001, 0x0001, 0x0001,
    0x0001, 0x0001, 0x0001, 0x0001, 0x0001, 0x0001, 0x0001, 0x0001, 0x0001, 0x0001, 0x0001, 0x0001, 0x0001, 0x0001, 0x0001, 0x0001,
    0x0001, 0x0801, 0x0801, 0x0802, 0x0802, 0x0802, 0x0802, 0x0802, 0x0802, 0x0802, 0x0801, 0x0802, 0x0802, 0x0802, 0x0802, 0x0802,
    0x0802, 0x0802, 0x0802, 0x0802, 0x0802, 0x0802, 0x0802, 0x0802, 0x0802, 0x0802, 0x0802, 0x0802, 0x0802, 0x0802, 0x0802, 0x0802,
    0x0801, 0x0801, 0x0801, 0x0801, 0x0801, 0x0802, 0x0802, 0x0802, 0x0802, 0x0802, 0x0802, 0x0802, 0x0802, 0x0802, 0x0802, 0x0802,
    0x0802, 0x0802, 0x0802, 0x0802, 0x0802, 0x0802, 0x1004, 0x0803, 0x0000, 0x0000, 0x0000, 0x0000, 0x0000, 0x0000, 0x0000, 0x0000,
    0x0000, 0x0000, 0x0000, 0x0000, 0x0000, 0x0000, 0x0000, 0x0000, 0x0001, 0x1806, 0x1805, 0x1805, 0x1805, 0x1805, 0x1805, 0x1805,
    0x1805, 0x1805, 0x1805, 0x1805, 0x1805, 0x1805, 0x1805, 0x1805, 0x1806, 0x1805, 0x1806, 0x1806, 0x1805, 0x1805, 0x1805, 0x1806,
    0x1806, 0x1806, 0x1806, 0x1805, 0x1805, 0x1805, 0x1805, 0x1805, 0x1806, 0x1806, 0x1805, 0x1805, 0x1805, 0x1805, 0x1805, 0x1805,
    0x1806, 0x1806, 0x1805, 0x1805, 0x1805, 0x1805, 0x1805, 0x1805, 0x1805, 0x1805, 0x1805, 0x1805, 0x1806, 0x1806, 0x1806, 0x1805,
    0x1805, 0x1805, 0x1806, 0x1806, 0x1806, 0x1806, 0x1806, 0x1805, 0x1805, 0x1806, 0x1004, 0x0000, 0x0000, 0x0000, 0x0000, 0x0000,
    0x0000, 0x0000, 0x0000, 0x0000, 0x0000, 0x0000, 0x0000, 0x0000, 0x0000, 0x0000, 0x0000, 0x0000, 0x0000, 0x0000, 0x0000, 0x0000,
    0x0000, 0x0000, 0x0000, 0x0000, 0x0167, 0x020A, 0x0000, 0x0000, 0x0000, 0x0000, 0x0000, 0x0000, 0x0000, 0x0000, 0x0000, 0x0000,
    0x0000, 0x0000, 0x0000, 0x0000, 0x0000, 0x0000, 0x0000, 0x0000, 0x0000, 0x0000, 0x0000, 0x0000, 0x0000, 0x0000, 0x0000, 0x0000,
    0x0000, 0x0000, 0x0000, 0x0000, 0x0000, 0x00C3, 0x0370, 0x0000, 0x0000, 0x0000, 0x0000, 0x0000, 0x0000, 0x0000, 0x0000, 0x0000,
    0x0000, 0x0000, 0x0000, 0x0000, 0x0000, 0x0000, 0x0000, 0x0000, 0x0000, 0x0000, 0x0000, 0x0000, 0x0000, 0x0000, 0x0146, 0x0493,
    0x0000, 0x0000, 0x0000, 0x0000, 0x0000, 0x0000, 0x0000, 0x0000, 0x0000, 0x0000, 0x0000, 0x0000, 0x0000, 0x0000, 0x0000, 0x0000,
    0x0000, 0x0000, 0x0000, 0x0000, 0x0000, 0x0000, 0x0000, 0x026B, 0x0209, 0x0000, 0x0000, 0x0000, 0x0000, 0x0000, 0x0000, 0x0000,
    0x0000, 0x0000, 0x0000, 0x0000, 0x0000, 0x0000, 0x0000, 0x0000, 0x0000, 0x0000, 0x0000, 0x0000, 0x0000, 0x0000, 0x0000, 0x0000,
    0x0000, 0x0000, 0x0000, 0x0000, 0x0000, 0x0000, 0x0000, 0x0000, 0x0000, 0x0105, 0x020A, 0x0000, 0x0000, 0x0000, 0x0000, 0x0000,
    0x0000, 0x0000, 0x0000, 0x0000, 0x0000, 0x0000, 0x0000, 0x0000, 0x0000, 0x0000, 0x0000, 0x0000, 0x0802, 0x0802, 0x0802, 0x0802,
    0x0802, 0x0802, 0x0802, 0x0802, 0x0802, 0x0802, 0x0802, 0x0802, 0x0802, 0x0802, 0x0802, 0x0802, 0x0802, 0x0802, 0x0802, 0x0802,
    0x0802, 0x0802, 0x0803, 0x1003, 0x0803, 0x0803, 0x0803, 0x0803, 0x0803, 0x0803, 0x0803, 0x0803, 0x1003, 0x1003, 0x0803, 0x1003,
    0x1003, 0x1003, 0x1003, 0x0803, 0x0803, 0x0803, 0x0803, 0x0803, 0x0803, 0x0803, 0x0803, 0x0803, 0x0803, 0x0803, 0x0803, 0x0803,
    0x0803, 0x0803, 0x0803, 0x0803, 0x0803, 0x0803, 0x0803, 0x0803, 0x0803, 0x0803, 0x0803, 0x0803, 0x0803, 0x0803, 0x1003, 0x0803,
    0x0803, 0x0803, 0x0803, 0x0803, 0x0803, 0x1004, 0x0803, 0x0000, 0x0000, 0x0000, 0x0000, 0x0000, 0x0000, 0x0000, 0x0000, 0x0000,
    0x0000, 0x0000, 0x0000, 0x0000, 0x0000, 0x0000, 0x0000, 0x0000, 0x0000, 0x0000, 0x0000, 0x0000, 0x0000, 0x0000, 0x0000, 0x0000,
    0x0000, 0x0000, 0x0000, 0x0000, 0x0000, 0x0000, 0x0000, 0x0000, 0x0000, 0x0000, 0x0000, 0x0000, 0x0000, 0x0000, 0x0001, 0x0000,
    0x0000, 0x0000, 0x0000, 0x0000, 0x0000, 0x0000, 0x0000, 0x0000, 0x0000, 0x0000, 0x0000, 0x0000, 0x0000, 0x0000, 0x0000, 0x0000,
    0x0000, 0x0000, 0x0000, 0x0000, 0x0000, 0x0000, 0x0000, 0x0000, 0x0000, 0x0000, 0x0000, 0x0002, 0x0000, 0x0000, 0x0000, 0x0000,
    0x0000, 0x0000, 0x0000, 0x0000, 0x0000, 0x0000, 0x0000, 0x0000, 0x0000, 0x0000, 0x0000, 0x0000, 0x0000, 0x0000, 0x0000, 0x0000,
    0x0000, 0x0000, 0x0000, 0x0000, 0x0000, 0x0000, 0x0000, 0x0000, 0x0000, 0x0000, 0x0000, 0x0000, 0x0000, 0x0000, 0x0000, 0x0000,
    0x0000, 0x0000, 0x0000, 0x0041, 0x02AD, 0x0062, 0x0000, 0x0000, 0x0000, 0x0000, 0x0000, 0x0000, 0x0000, 0x0000, 0x0000, 0x0000,
    0x0000, 0x0000, 0x0000, 0x0000, 0x0000, 0x0000, 0x0000, 0x0000, 0x0000, 0x0000, 0x0000, 0x0000, 0x0000, 0x0000, 0x0000, 0x0000,
    0x0000, 0x0000, 0x0000, 0x0000, 0x0000, 0x01A8, 0x028C, 0x0000, 0x0000, 0x0000, 0x0000, 0x0000, 0x0000, 0x0000, 0x0000, 0x0000,
    0x0000, 0x0000, 0x0000, 0x0000, 0x0000, 0x0000, 0x0000, 0x0000, 0x0000, 0x0000, 0x0000, 0x0000, 0x0000, 0x0000, 0x0125, 0x0432,
    0x0000, 0x0000, 0x0000, 0x0000, 0x0000, 0x0000, 0x0000, 0x0000, 0x0000, 0x0000, 0x0000, 0x0000, 0x0000, 0x0000, 0x0000, 0x0000,
    0x0000, 0x0000, 0x0000, 0x0000, 0x0000, 0x0000, 0x0000, 0x0126, 0x034F, 0x0020, 0x0000, 0x0000, 0x0000, 0x0000, 0x0000, 0x0000,
    0x0000, 0x0000, 0x0000, 0x0000, 0x0000, 0x0000, 0x0000, 0x0000, 0x0000, 0x0000, 0x0000, 0x0000, 0x0000, 0x0000, 0x0000, 0x0000,
    0x0000, 0x0000, 0x0000, 0x0000, 0x0000, 0x0000, 0x0000, 0x0000, 0x0000, 0x0000, 0x022B, 0x0105, 0x0000, 0x0000, 0x0000, 0x0000,
    0x0000, 0x0000, 0x0000, 0x0000, 0x0000, 0x0000, 0x0000, 0x0000, 0x0000, 0x0000, 0x0000, 0x0000, 0x0000, 0x0000, 0x0000, 0x0000,
    0x0000, 0x0000, 0x0000, 0x0000, 0x0000, 0x0000, 0x0000, 0x0000, 0x0000, 0x0000, 0x0000, 0x0000, 0x0000, 0x0000, 0x0000, 0x0000,
    0x0000, 0x0000, 0x0000, 0x0001, 0x0001, 0x0000, 0x0000, 0x0000, 0x0000, 0x0000, 0x0000, 0x0000, 0x0000, 0x0000, 0x0000, 0x0000,
    0x0000, 0x0000, 0x0000, 0x0000, 0x0000, 0x0000, 0x0000, 0x0000, 0x0000, 0x0000, 0x0000, 0x0000, 0x0000, 0x0000, 0x0000, 0x0000,
    0x0000, 0x0000, 0x0000, 0x0000, 0x0000, 0x0000, 0x0000, 0x0000, 0x0000, 0x0000, 0x0000, 0x0000, 0x0000, 0x0000, 0x0000, 0x0000,
    0x0000, 0x0000, 0x0000, 0x0000, 0x0000, 0x0000, 0x0000, 0x0000, 0x0000, 0x0000, 0x0000, 0x0000, 0x0000, 0x0000, 0x0000, 0x0000,
    0x0000, 0x0000, 0x0000, 0x0000, 0x0000, 0x0000, 0x0000, 0x0000, 0x0000, 0x0000, 0x0000, 0x0000, 0x0000, 0x0000, 0x0000, 0x0000,
    0x0000, 0x0000, 0x0000, 0x0000, 0x0000, 0x0000, 0x0000, 0x0000, 0x0000, 0x0000, 0x0000, 0x0000, 0x0000, 0x0802, 0x0001, 0x0000,
    0x0000, 0x0000, 0x0000, 0x0000, 0x0000, 0x0000, 0x0000, 0x0000, 0x0000, 0x0000, 0x0000, 0x0000, 0x0000, 0x0000, 0x0000, 0x0000,
    0x0000, 0x0000, 0x0000, 0x0000, 0x0000, 0x0000, 0x0000, 0x0000, 0x0000, 0x0000, 0x0803, 0x0001, 0x0000, 0x0000, 0x0000, 0x0000,
    0x0000, 0x0000, 0x0000, 0x0000, 0x0000, 0x0000, 0x0000, 0x0000, 0x0000, 0x0000, 0x0000, 0x0000, 0x0000, 0x0000, 0x0000, 0x0000,
    0x0000, 0x0000, 0x0000, 0x0000, 0x0000, 0x0000, 0x0000, 0x0000, 0x0000, 0x0000, 0x0000, 0x0000, 0x0000, 0x0000, 0x0000, 0x0000,
    0x0000, 0x0000, 0x0000, 0x01A8, 0x01C8, 0x0000, 0x0000, 0x0000, 0x0000, 0x0000, 0x0000, 0x0000, 0x0000, 0x0000, 0x0000, 0x0000,
    0x0000, 0x0000, 0x0000, 0x0000, 0x0000, 0x0000, 0x0000, 0x0000, 0x0000, 0x0000, 0x0000, 0x0000, 0x0000, 0x0000, 0x0000, 0x0000,
    0x0000, 0x0000, 0x0000, 0x0000, 0x0000, 0x026C, 0x01A8, 0x0000, 0x0000, 0x0000, 0x0000, 0x0000, 0x0000, 0x0000, 0x0000, 0x0000,
    0x0000, 0x0000, 0x0000, 0x0000, 0x0000, 0x0000, 0x0000, 0x0000, 0x0000, 0x0000, 0x0000, 0x0000, 0x0000, 0x0000, 0x0125, 0x03B1,
    0x0000, 0x0000, 0x0000, 0x0000, 0x0000, 0x0000, 0x0000, 0x0000, 0x0000, 0x0000, 0x0000, 0x0000, 0x0000, 0x0000, 0x0000, 0x0000,
    0x0000, 0x0000, 0x0000, 0x0000, 0x0000, 0x0000, 0x0000, 0x0020, 0x02ED, 0x0041, 0x0000, 0x0000, 0x0000, 0x0000, 0x0000, 0x0000,
    0x0000, 0x0000, 0x0000, 0x0000, 0x0000, 0x0000, 0x0000, 0x0000, 0x0000, 0x0000, 0x0000, 0x0000, 0x0000, 0x0000, 0x0000, 0x0000,
    0x0000, 0x0000, 0x0000, 0x0000, 0x0000, 0x0000, 0x0000, 0x0000, 0x0000, 0x0000, 0x0082, 0x022B, 0x0000, 0x0000, 0x0000, 0x0000,
    0x0000, 0x0000, 0x0000, 0x0000, 0x0000, 0x0000, 0x0000, 0x0000, 0x0000, 0x0000, 0x0000, 0x0000, 0x0000, 0x0000, 0x0000, 0x0000,
    0x0000, 0x0000, 0x0000, 0x0000, 0x0000, 0x0000, 0x0000, 0x0000, 0x0000, 0x0000, 0x0000, 0x0000, 0x0000, 0x0000, 0x0000, 0x0000,
    0x0000, 0x0000, 0x0000, 0x0000, 0x0802, 0x0001, 0x0000, 0x0000, 0x0000, 0x0000, 0x0000, 0x0000, 0x0000, 0x0000, 0x0000, 0x0000,
    0x0000, 0x0000, 0x0000, 0x0000, 0x0000, 0x0000, 0x0000, 0x0000, 0x0000, 0x0000, 0x0000, 0x0000, 0x0000, 0x0000, 0x0000, 0x0001,
    0x0000, 0x0000, 0x0000, 0x0000, 0x0000, 0x0000, 0x0000, 0x0000, 0x0000, 0x0000, 0x0000, 0x0000, 0x0000, 0x0000, 0x0000, 0x0000,
    0x0000, 0x0000, 0x0000, 0x0000, 0x0000, 0x0000, 0x0000, 0x0000, 0x0000, 0x0000, 0x0000, 0x0000, 0x0000, 0x0000, 0x0000, 0x0000,
    0x0000, 0x0000, 0x0000, 0x0000, 0x0000, 0x0000, 0x0000, 0x0000, 0x0000, 0x0000, 0x0000, 0x0000, 0x0000, 0x0000, 0x0000, 0x0000,
    0x0000, 0x0000, 0x0000, 0x0000, 0x0000, 0x0000, 0x0000, 0x0000, 0x0000, 0x0000, 0x0000, 0x0000, 0x0002, 0x0000, 0x0000, 0x0000,
    0x0000, 0x0000, 0x0000, 0x0000, 0x0000, 0x0000, 0x0000, 0x0000, 0x0000, 0x0000, 0x0000, 0x0000, 0x0000, 0x0000, 0x0000, 0x0000,
    0x0000, 0x0000, 0x0000, 0x0000, 0x0000, 0x0000, 0x0000, 0x0000, 0x0000, 0x0803, 0x0001, 0x0000, 0x0000, 0x0000, 0x0000, 0x0000,
    0x0000, 0x0000, 0x0000, 0x0000, 0x0000, 0x0000, 0x0000, 0x0000, 0x0000, 0x0000, 0x0000, 0x0000, 0x0000, 0x0000, 0x0000, 0x0000,
    0x0000, 0x0000, 0x0000, 0x0000, 0x0000, 0x0000, 0x0000, 0x0000, 0x0000, 0x0000, 0x0000, 0x0000, 0x0000, 0x0000, 0x0000, 0x0000,
    0x0000, 0x0000, 0x0062, 0x024C, 0x0041, 0x0000, 0x0000, 0x0000, 0x0000, 0x0000, 0x0000, 0x0000, 0x0000, 0x0000, 0x0000, 0x0000,
    0x0000, 0x0000, 0x0000, 0x0000, 0x0000, 0x0000, 0x0000, 0x0000, 0x0000, 0x0000, 0x0000, 0x0000, 0x0000, 0x0000, 0x0000, 0x0000,
    0x0000, 0x0000, 0x0000, 0x0000, 0x0000, 0x034F, 0x00E4, 0x0000, 0x0000, 0x0000, 0x0000, 0x0000, 0x0000, 0x0000, 0x0000, 0x0000,
    0x0000, 0x0000, 0x0000, 0x0000, 0x0000, 0x0000, 0x0000, 0x0000, 0x0000, 0x0000, 0x0000, 0x0000, 0x0000, 0x0000, 0x0105, 0x03B1,
    0x0000, 0x0000, 0x0000, 0x0000, 0x0000, 0x0000, 0x0000, 0x0000, 0x0000, 0x0000, 0x0000, 0x0000, 0x0000, 0x0000, 0x0000, 0x0000,
    0x0000, 0x0000, 0x0000, 0x0000, 0x0000, 0x0000, 0x0000, 0x0000, 0x0370, 0x0125, 0x0000, 0x0000, 0x0000, 0x0000, 0x0000, 0x0000,
    0x0000, 0x0000, 0x0000, 0x0000, 0x0000, 0x0000, 0x0000, 0x0000, 0x0000, 0x0000, 0x0000, 0x0000, 0x0000, 0x0000, 0x0000, 0x0000,
    0x0000, 0x0000, 0x0000, 0x0000, 0x0000, 0x0000, 0x0000, 0x0000, 0x0000, 0x0000, 0x0000, 0x01C9, 0x0125, 0x0000, 0x0000, 0x0000,
    0x0000, 0x0000, 0x0000, 0x0000, 0x0000, 0x0000, 0x0000, 0x0000, 0x0000, 0x0000, 0x0000, 0x0000, 0x0000, 0x0000, 0x0000, 0x0000,
    0x0000, 0x0000, 0x0000, 0x0000, 0x0000, 0x0000, 0x0000, 0x0000, 0x0000, 0x0000, 0x0000, 0x0000, 0x0000, 0x0000, 0x0000, 0x0000,
    0x0000, 0x0000, 0x0000, 0x0000, 0x0000, 0x0802, 0x0001, 0x0000, 0x0000, 0x0000, 0x0000, 0x0000, 0x0000, 0x0000, 0x0000, 0x0000,
    0x0000, 0x0000, 0x0000, 0x0000, 0x0000, 0x0000, 0x0000, 0x0000, 0x0000, 0x0000, 0x0000, 0x0000, 0x0000, 0x0000, 0x0000, 0x0000,
    0x0001, 0x0000, 0x0000, 0x0000, 0x0000, 0x0000, 0x0000, 0x0000, 0x0000, 0x0000, 0x0000, 0x0000, 0x0000, 0x0000, 0x0000, 0x0000,
    0x0000, 0x0000, 0x0000, 0x0000, 0x0000, 0x0000, 0x0000, 0x0000, 0x0000, 0x0000, 0x0000, 0x0000, 0x0000, 0x0000, 0x0000, 0x0000,
    0x0000, 0x0000, 0x0000, 0x0000, 0x0000, 0x0000, 0x0000, 0x0000, 0x0000, 0x0000, 0x0000, 0x0000, 0x0000, 0x0000, 0x0000, 0x0000,
    0x0000, 0x0000, 0x0000, 0x0000, 0x0000, 0x0000, 0x0000, 0x0000, 0x0000, 0x0000, 0x0001, 0x0001, 0x0000, 0x0000, 0x0000, 0x0000,
    0x0000, 0x0000, 0x0000, 0x0000, 0x0000, 0x0000, 0x0000, 0x0000, 0x0000, 0x0000, 0x0000, 0x0000, 0x0000, 0x0000, 0x0000, 0x0000,
    0x0000, 0x0000, 0x0000, 0x0000, 0x0000, 0x0000, 0x0000, 0x0000, 0x0803, 0x0001, 0x0000, 0x0000, 0x0000, 0x0000, 0x0000, 0x0000,
    0x0000, 0x0000, 0x0000, 0x0000, 0x0000, 0x0000, 0x0000, 0x0000, 0x0000, 0x0000, 0x0000, 0x0000, 0x0000, 0x0000, 0x0000, 0x0000,
    0x0000, 0x0000, 0x0000, 0x0000, 0x0000, 0x0000, 0x0000, 0x0000, 0x0000, 0x0000, 0x0000, 0x0000, 0x0000, 0x0000, 0x0000, 0x0000,
    0x0000, 0x0000, 0x01C8, 0x0146, 0x0000, 0x0000, 0x0000, 0x0000, 0x0000, 0x0000, 0x0000, 0x0000, 0x0000, 0x0000, 0x0000, 0x0000,
    0x0000, 0x0000, 0x0000, 0x0000, 0x0000, 0x0000, 0x0000, 0x0000, 0x0000, 0x0000, 0x0000, 0x0000, 0x0000, 0x0000, 0x0000, 0x0000,
    0x0000, 0x0000, 0x0000, 0x0000, 0x0082, 0x032F, 0x0041, 0x0000, 0x0000, 0x0000, 0x0000, 0x0000, 0x0000, 0x0000, 0x0000, 0x0000,
    0x0000, 0x0000, 0x0000, 0x0000, 0x0000, 0x0000, 0x0000, 0x0000, 0x0000, 0x0000, 0x0000, 0x0000, 0x0000, 0x0000, 0x0105, 0x0390,
    0x0000, 0x0000, 0x0000, 0x0000, 0x0000, 0x0000, 0x0000, 0x0000, 0x0000, 0x0000, 0x0000, 0x0000, 0x0000, 0x0000, 0x0000, 0x0000,
    0x0000, 0x0000, 0x0000, 0x0000, 0x0000, 0x0000, 0x0000, 0x0000, 0x026B, 0x01C8, 0x0000, 0x0000, 0x0000, 0x0000, 0x0000, 0x0000,
    0x0000, 0x0000, 0x0000, 0x0000, 0x0000, 0x0000, 0x0000, 0x0000, 0x0000, 0x0000, 0x0000, 0x0000, 0x0000, 0x0000, 0x0000, 0x0000,
    0x0000, 0x0000, 0x0000, 0x0000, 0x0000, 0x0000, 0x0000, 0x0000, 0x0000, 0x0000, 0x0000, 0x0062, 0x022B, 0x0021, 0x0000, 0x0000,
    0x0000, 0x0000, 0x0000, 0x0000, 0x0000, 0x0000, 0x0000, 0x0000, 0x0000, 0x0000, 0x0000, 0x0000, 0x0000, 0x0000, 0x0000, 0x0000,
    0x0000, 0x0000, 0x0000, 0x0000, 0x0000, 0x0000, 0x0000, 0x0000, 0x0000, 0x0000, 0x0000, 0x0000, 0x0000, 0x0000, 0x0000, 0x0000,
    0x0000, 0x0000, 0x0000, 0x0000, 0x0000, 0x0000, 0x0802, 0x0001, 0x0000, 0x0000, 0x0000, 0x0000, 0x0000, 0x0000, 0x0000, 0x0000,
    0x0000, 0x0000, 0x0000, 0x0000, 0x0000, 0x0000, 0x0000, 0x0000, 0x0000, 0x0000, 0x0000, 0x0000, 0x0000, 0x0000, 0x0000, 0x0000,
    0x0000, 0x0000, 0x0000, 0x0000, 0x0000, 0x0000, 0x0000, 0x0000, 0x0000, 0x0000, 0x0000, 0x0000, 0x0000, 0x0000, 0x0000, 0x0000,
    0x0000, 0x0000, 0x0000, 0x0000, 0x0000, 0x0000, 0x0000, 0x0000, 0x0000, 0x0000, 0x0000, 0x0000, 0x0000, 0x0000, 0x0000, 0x0000,
    0x0000, 0x0000, 0x0000, 0x0000, 0x0000, 0x0000, 0x0000, 0x0000, 0x0000, 0x0000, 0x0000, 0x0000, 0x0000, 0x0000, 0x0000, 0x0000,
    0x0000, 0x0000, 0x0000, 0x0000, 0x0000, 0x0000, 0x0000, 0x0000, 0x0000, 0x0001, 0x0001, 0x0000, 0x0000, 0x0000, 0x0000, 0x0000,
    0x0000, 0x0000, 0x0000, 0x0000, 0x0000, 0x0000, 0x0000, 0x0000, 0x0000, 0x0000, 0x0000, 0x0000, 0x0000, 0x0000, 0x0000, 0x0000,
    0x0000, 0x0000, 0x0000, 0x0000, 0x0000, 0x0000, 0x0000, 0x0803, 0x0001, 0x0000, 0x0000, 0x0000, 0x0000, 0x0000, 0x0000, 0x0000,
    0x0000, 0x0000, 0x0000, 0x0000, 0x0000, 0x0000, 0x0000, 0x0000, 0x0000, 0x0000, 0x0000, 0x0000, 0x0000, 0x0000, 0x0000, 0x0000,
    0x0000, 0x0000, 0x0000, 0x0000, 0x0000, 0x0000, 0x0000, 0x0000, 0x0000, 0x0000, 0x0000, 0x0000, 0x0000, 0x0000, 0x0000, 0x0000,
    0x0000, 0x00A3, 0x024B, 0x0000, 0x0000, 0x0000, 0x0000, 0x0000, 0x0000, 0x0000, 0x0000, 0x0000, 0x0000, 0x0000, 0x0000, 0x0000,
    0x0000, 0x0000, 0x0000, 0x0000, 0x0000, 0x0000, 0x0000, 0x0000, 0x0000, 0x0000, 0x0000, 0x0000, 0x0000, 0x0000, 0x0000, 0x0000,
    0x0000, 0x0000, 0x0000, 0x0000, 0x0146, 0x02ED, 0x0000, 0x0000, 0x0000, 0x0000, 0x0000, 0x0000, 0x0000, 0x0000, 0x0000, 0x0000,
    0x0000, 0x0000, 0x0000, 0x0000, 0x0000, 0x0000, 0x0000, 0x0000, 0x0000, 0x0000, 0x0000, 0x0000, 0x0000, 0x0000, 0x0105, 0x0370,
    0x0000, 0x0000, 0x0000, 0x0000, 0x0000, 0x0000, 0x0000, 0x0000, 0x0000, 0x0000, 0x0000, 0x0000, 0x0000, 0x0000, 0x0000, 0x0000,
    0x0000, 0x0000, 0x0000, 0x0000, 0x0000, 0x0000, 0x0000, 0x0000, 0x0146, 0x028C, 0x0000, 0x0000, 0x0000, 0x0000, 0x0000, 0x0000,
    0x0000, 0x0000, 0x0000, 0x0000, 0x0000, 0x0000, 0x0000, 0x0000, 0x0000, 0x0000, 0x0000, 0x0000, 0x0000, 0x0000, 0x0000, 0x0000,
    0x0000, 0x0000, 0x0000, 0x0000, 0x0000, 0x0000, 0x0000, 0x0000, 0x0000, 0x0000, 0x0000, 0x0000, 0x0188, 0x0188, 0x0000, 0x0000,
    0x0000, 0x0000, 0x0000, 0x0000, 0x0000, 0x0000, 0x0000, 0x0000, 0x0000, 0x0000, 0x0000, 0x0000, 0x0000, 0x0000, 0x0000, 0x0000,
    0x0000, 0x0000, 0x0000, 0x0000, 0x0000, 0x0000, 0x0000, 0x0000, 0x0000, 0x0000, 0x0000, 0x0000, 0x0000, 0x0000, 0x0000, 0x0000,
    0x0000, 0x0000, 0x0000, 0x0000, 0x0000, 0x0000, 0x0000, 0x0802, 0x0000, 0x0000, 0x0000, 0x0000, 0x0000, 0x0000, 0x0000, 0x0000,
    0x0000, 0x0000, 0x0000, 0x0000, 0x0000, 0x0000, 0x0000, 0x0000, 0x0000, 0x0000, 0x0000, 0x0000, 0x0000, 0x0000, 0x0000, 0x0000,
    0x0000, 0x0000, 0x0000, 0x0000, 0x0000, 0x0000, 0x0000, 0x0000, 0x0000, 0x0000, 0x0000, 0x0000, 0x0000, 0x0000, 0x0000, 0x0000,
    0x0000, 0x0000, 0x0000, 0x0000, 0x0000, 0x0000, 0x0000, 0x0000, 0x0000, 0x0000, 0x0000, 0x0000, 0x0000, 0x0000, 0x0000, 0x0000,
    0x0000, 0x0000, 0x0000, 0x0000, 0x0000, 0x0000, 0x0000, 0x0000, 0x0000, 0x0000, 0x0000, 0x0000, 0x0000, 0x0000, 0x0000, 0x0000,
    0x0000, 0x0000, 0x0000, 0x0000, 0x0000, 0x0000, 0x0000, 0x0000, 0x0001, 0x0001, 0x0000, 0x0000, 0x0000, 0x0000, 0x0000, 0x0000,
    0x0000, 0x0000, 0x0000, 0x0000, 0x0000, 0x0000, 0x0000, 0x0000, 0x0000, 0x0000, 0x0000, 0x0000, 0x0000, 0x0000, 0x0000, 0x0000,
    0x0000, 0x0000, 0x0000, 0x0000, 0x0000, 0x0000, 0x0802, 0x0002, 0x0000, 0x0000, 0x0000, 0x0000, 0x0000, 0x0000, 0x0000, 0x0000,
    0x0000, 0x0000, 0x0000, 0x0000, 0x0000, 0x0000, 0x0000, 0x0000, 0x0000, 0x0000, 0x0000, 0x0000, 0x0000, 0x0000, 0x0000, 0x0000,
    0x0000, 0x0000, 0x0000, 0x0000, 0x0000, 0x0000, 0x0000, 0x0000, 0x0000, 0x0000, 0x0000, 0x0000, 0x0000, 0x0000, 0x0000, 0x0000,
    0x0000, 0x020A, 0x0105, 0x0000, 0x0000, 0x0000, 0x0000, 0x0000, 0x0000, 0x0000, 0x0000, 0x0000, 0x0000, 0x0000, 0x0000, 0x0000,
    0x0000, 0x0000, 0x0000, 0x0000, 0x0000, 0x0000, 0x0000, 0x0000, 0x0000, 0x0000, 0x0000, 0x0000, 0x0000, 0x0000, 0x0000, 0x0000,
    0x0000, 0x0000, 0x0000, 0x0000, 0x026B, 0x028C, 0x0000, 0x0000, 0x0000, 0x0000, 0x0000, 0x0000, 0x0000, 0x0000, 0x0000, 0x0000,
    0x0000, 0x0000, 0x0000, 0x0000, 0x0000, 0x0000, 0x0000, 0x0000, 0x0000, 0x0000, 0x0000, 0x0000, 0x0000, 0x0000, 0x00E4, 0x032F,
    0x0000, 0x0000, 0x0000, 0x0000, 0x0000, 0x0000, 0x0000, 0x0000, 0x0000, 0x0000, 0x0000, 0x0000, 0x0000, 0x0000, 0x0000, 0x0000,
    0x0000, 0x0000, 0x0000, 0x0000, 0x0000, 0x0000, 0x0000, 0x0000, 0x00C4, 0x032F, 0x0000, 0x0000, 0x0000, 0x0000, 0x0000, 0x0000,
    0x0000, 0x0000, 0x0000, 0x0000, 0x0000, 0x0000, 0x0000, 0x0000, 0x0000, 0x0000, 0x0000, 0x0000, 0x0000, 0x0000, 0x0000, 0x0000,
    0x0000, 0x0000, 0x0000, 0x0000, 0x0000, 0x0000, 0x0000, 0x0000, 0x0000, 0x0000, 0x0000, 0x0000, 0x0041, 0x022A, 0x0041, 0x0000,
    0x0000, 0x0000, 0x0000, 0x0000, 0x0000, 0x0000, 0x0000, 0x0000, 0x0000, 0x0000, 0x0000, 0x0000, 0x0000, 0x0000, 0x0000, 0x0000,
    0x0000, 0x0000, 0x0000, 0x0000, 0x0000, 0x0000, 0x0000, 0x0000, 0x0000, 0x0000, 0x0000, 0x0000, 0x0000, 0x0000, 0x0000, 0x0000,
    0x0000, 0x0000, 0x0000, 0x0000, 0x0000, 0x0000, 0x0000, 0x0000, 0x0002, 0x0000, 0x0000, 0x0000, 0x0000, 0x0000, 0x0000, 0x0000,
    0x0000, 0x0000, 0x0000, 0x0000, 0x0000, 0x0000, 0x0000, 0x0000, 0x0000, 0x0000, 0x0000, 0x0000, 0x0000, 0x0000, 0x0000, 0x0000,
    0x0000, 0x0000, 0x0000, 0x0000, 0x0000, 0x0000, 0x0000, 0x0000, 0x0000, 0x0000, 0x0000, 0x0000, 0x0000, 0x0000, 0x0000, 0x0000,
    0x0000, 0x0000, 0x0000, 0x0000, 0x0000, 0x0000, 0x0000, 0x0000, 0x0000, 0x0000, 0x0000, 0x0000, 0x0000, 0x0000, 0x0000, 0x0000,
    0x0000, 0x0000, 0x0000, 0x0000, 0x0000, 0x0000, 0x0000, 0x0000, 0x0000, 0x0000, 0x0000, 0x0000, 0x0000, 0x0000, 0x0000, 0x0000,
    0x0000, 0x0000, 0x0000, 0x0000, 0x0000, 0x0000, 0x0000, 0x0001, 0x0001, 0x0000, 0x0000, 0x0000, 0x0000, 0x0000, 0x0000, 0x0000,
    0x0000, 0x0000, 0x0000, 0x0000, 0x0000, 0x0000, 0x0000, 0x0000, 0x0000, 0x0000, 0x0000, 0x0000, 0x0000, 0x0000, 0x0000, 0x0000,
    0x0000, 0x0000, 0x0000, 0x0000, 0x0000, 0x0802, 0x0001, 0x0000, 0x0000, 0x0000, 0x0000, 0x0000, 0x0000, 0x0000, 0x0000, 0x0000,
    0x0000, 0x0000, 0x0000, 0x0000, 0x0000, 0x0000, 0x0000, 0x0000, 0x0000, 0x0000, 0x0000, 0x0000, 0x0000, 0x0000, 0x0000, 0x0000,
    0x0000, 0x0000, 0x0000, 0x0000, 0x0000, 0x0000, 0x0000, 0x0000, 0x0000, 0x0000, 0x0000, 0x0000, 0x0000, 0x0000, 0x0000, 0x0000,
    0x00C3, 0x022A, 0x0000, 0x0000, 0x0000, 0x0000, 0x0000, 0x0000, 0x0000, 0x0000, 0x0000, 0x0000, 0x0000, 0x0000, 0x0000, 0x0000,
    0x0000, 0x0000, 0x0000, 0x0000, 0x0000, 0x0000, 0x0000, 0x0000, 0x0000, 0x0000, 0x0000, 0x0000, 0x0000, 0x0000, 0x0000, 0x0000,
    0x0000, 0x0000, 0x0000, 0x0000, 0x026B, 0x0146, 0x0000, 0x0000, 0x0000, 0x0000, 0x0000, 0x0000, 0x0000, 0x0000, 0x0000, 0x0000,
    0x0000, 0x0000, 0x0000, 0x0000, 0x0000, 0x0000, 0x0000, 0x0000, 0x0000, 0x0000, 0x0000, 0x0000, 0x0000, 0x0000, 0x00E4, 0x032F,
    0x0000, 0x0000, 0x0000, 0x0000, 0x0000, 0x0000, 0x0000, 0x0000, 0x0000, 0x0000, 0x0000, 0x0000, 0x0000, 0x0000, 0x0000, 0x0000,
    0x0000, 0x0000, 0x0000, 0x0000, 0x0000, 0x0000, 0x0000, 0x0000, 0x0020, 0x026C, 0x0062, 0x0000, 0x0000, 0x0000, 0x0000, 0x0000,
    0x0000, 0x0000, 0x0000, 0x0000, 0x0000, 0x0000, 0x0000, 0x0000, 0x0000, 0x0000, 0x0000, 0x0000, 0x0000, 0x0000, 0x0000, 0x0000,
    0x0000, 0x0000, 0x0000, 0x0000, 0x0000, 0x0000, 0x0000, 0x0000, 0x0000, 0x0000, 0x0000, 0x0000, 0x0000, 0x0126, 0x0187, 0x0000,
    0x0000, 0x0000, 0x0000, 0x0000, 0x0000, 0x0000, 0x0000, 0x0000, 0x0000, 0x0000, 0x0000, 0x0000, 0x0000, 0x0000, 0x0000, 0x0000,
    0x0000, 0x0000, 0x0000, 0x0000, 0x0000, 0x0000, 0x0000, 0x0000, 0x0000, 0x0000, 0x0000, 0x0000, 0x0000, 0x0000, 0x0000, 0x0000,
    0x0000, 0x0000, 0x0000, 0x0000, 0x0000, 0x0000, 0x0000, 0x0000, 0x0000, 0x0002, 0x0000, 0x0000, 0x0000, 0x0000, 0x0000, 0x0000,
    0x0000, 0x0000, 0x0000, 0x0000, 0x0000, 0x0000, 0x0000, 0x0000, 0x0000, 0x0000, 0x0000, 0x0000, 0x0000, 0x0000, 0x0000, 0x0000,
    0x0000, 0x0000, 0x0000, 0x0000, 0x0000, 0x0000, 0x0000, 0x0000, 0x0000, 0x0000, 0x0000, 0x0000, 0x0000, 0x0000, 0x0000, 0x0000,
    0x0000, 0x0000, 0x0000, 0x0000, 0x0000, 0x0000, 0x0000, 0x0000, 0x0000, 0x0000, 0x0000, 0x0000, 0x0000, 0x0000, 0x0000, 0x0000,
    0x0000, 0x0000, 0x0000, 0x0000, 0x0000, 0x0000, 0x0000, 0x0000, 0x0000, 0x0000, 0x0000, 0x0000, 0x0000, 0x0000, 0x0000, 0x0000,
    0x0000, 0x0000, 0x0000, 0x0000, 0x0000, 0x0000, 0x0001, 0x0001, 0x0000, 0x0000, 0x0000, 0x0000, 0x0000, 0x0000, 0x0000, 0x0000,
    0x0000, 0x0000, 0x0000, 0x0000, 0x0000, 0x0000, 0x0000, 0x0000, 0x0000, 0x0000, 0x0000, 0x0000, 0x0000, 0x0000, 0x0000, 0x0000,
    0x0000, 0x0000, 0x0000, 0x0000, 0x0001, 0x0802, 0x0000, 0x0000, 0x0000, 0x0000, 0x0000, 0x0000, 0x0000, 0x0000, 0x0000, 0x0000,
    0x0000, 0x0000, 0x0000, 0x0000, 0x0000, 0x0000, 0x0000, 0x0000, 0x0000, 0x0000, 0x0000, 0x0000, 0x0000, 0x0000, 0x0000, 0x0000,
    0x0000, 0x0000, 0x0000, 0x0000, 0x0000, 0x0000, 0x0000, 0x0000, 0x0000, 0x0000, 0x0000, 0x0000, 0x0000, 0x0000, 0x0000, 0x0000,
    0x020B, 0x00C4, 0x0000, 0x0000, 0x0000, 0x0000, 0x0000, 0x0000, 0x0000, 0x0000, 0x0000, 0x0000, 0x0000, 0x0000, 0x0000, 0x0000,
    0x0000, 0x0000, 0x0000, 0x0000, 0x0000, 0x0000, 0x0000, 0x0000, 0x0000, 0x0000, 0x0000, 0x0000, 0x0000, 0x0000, 0x0000, 0x0000,
    0x0000, 0x0000, 0x0000, 0x0041, 0x02CE, 0x0082, 0x0000, 0x0000, 0x0000, 0x0000, 0x0000, 0x0000, 0x0000, 0x0000, 0x0000, 0x0000,
    0x0000, 0x0000, 0x0000, 0x0000, 0x0000, 0x0000, 0x0000, 0x0000, 0x0000, 0x0000, 0x0000, 0x0000, 0x0000, 0x0000, 0x0104, 0x032F,
    0x0000, 0x0000, 0x0000, 0x0000, 0x0000, 0x0000, 0x0000, 0x0000, 0x0000, 0x0000, 0x0000, 0x0000, 0x0000, 0x0000, 0x0000, 0x0000,
    0x0000, 0x0000, 0x0000, 0x0000, 0x0000, 0x0000, 0x0000, 0x0000, 0x0000, 0x020A, 0x0187, 0x0000, 0x0000, 0x0000, 0x0000, 0x0000,
    0x0000, 0x0000, 0x0000, 0x0000, 0x0000, 0x0000, 0x0000, 0x0000, 0x0000, 0x0000, 0x0000, 0x0000, 0x0000, 0x0000, 0x0000, 0x0000,
    0x0000, 0x0000, 0x0000, 0x0000, 0x0000, 0x0000, 0x0000, 0x0000, 0x0000, 0x0000, 0x0000, 0x0000, 0x0000, 0x0000, 0x020A, 0x0082,
    0x0000, 0x0000, 0x0000, 0x0000, 0x0000, 0x0000, 0x0000, 0x0000, 0x0000, 0x0000, 0x0000, 0x0000, 0x0000, 0x0000, 0x0000, 0x0000,
    0x0000, 0x0000, 0x0000, 0x0000, 0x0000, 0x0000, 0x0000, 0x0000, 0x0000, 0x0000, 0x0000, 0x0000, 0x0000, 0x0000, 0x0000, 0x0000,
    0x0000, 0x0000, 0x0000, 0x0000, 0x0000, 0x0000, 0x0000, 0x0000, 0x0000, 0x0000, 0x0002, 0x0000, 0x0000, 0x0000, 0x0000, 0x0000,
    0x0000, 0x0000, 0x0000, 0x0000, 0x0000, 0x0000, 0x0000, 0x0000, 0x0000, 0x0000, 0x0000, 0x0000, 0x0000, 0x0000, 0x0000, 0x0000,
    0x0000, 0x0000, 0x0000, 0x0000, 0x0000, 0x0000, 0x0000, 0x0000, 0x0000, 0x0000, 0x0000, 0x0000, 0x0000, 0x0000, 0x0000, 0x0000,
    0x0000, 0x0000, 0x0000, 0x0000, 0x0000, 0x0000, 0x0000, 0x0000, 0x0000, 0x0000, 0x0000, 0x0000, 0x0000, 0x0000, 0x0000, 0x0000,
};

} // namespace core::splash
